issue_id,label,system_component,affected_engines,affected_years,symptom,cause,fix,confidence,data_quality,source_videos,topic_id,topic_size,topic_top_terms,source,mention_count,distinct_channel_count,corroboration_count,engine_year_context,warning_signs,severity,merged_from_issue_ids,model_scope,trim_evidence,distinct_trim_count,dominant_trim,cross_trim_corroboration_count,trim_scope_warning,affected_years_evidence,affected_years_triangulated,video_type_category,affected_engines_original,_scope_notes,affected_engines_trim_original
water_pump_coolant_leak,water pump and thermostat housing leaks,cooling,"[""1.0_TSI"", ""1.2_TSI"", ""1.4_TSI"", ""1.5_TSI"", ""1.6_TDI"", ""1.8_TSI"", ""2.0_TDI"", ""2.0_TSI""]",early 2015 cars,"The water pump can fail at higher mileages, causing abnormal noises, vibrations, or erratic coolant temperatures.",Failing water pump or thermostat housing seal failure.,Replace water pump and/or thermostat housing assembly.,high,high,"[{""video_id"": ""Zskb3HeOWMA"", ""title"": ""Volkswagen Reliability... My Experience"", ""channel"": ""NewEnglandPete"", ""video_type_category"": ""organic"", ""trim"": ""base""}, {""video_id"": ""b3YzKwG7HxI"", ""title"": ""7 Things To Look For BEFORE Buying An MK7 VW!"", ""channel"": ""Diego Arias"", ""video_type_category"": ""organic"", ""trim"": ""base""}, {""video_id"": ""1PSOT7GacoA"", ""title"": ""Dead Misfire MK7 GTI, Another Shop Said Engine is TOAST"", ""channel"": ""HumbleMechanic"", ""video_type_category"": ""organic"", ""trim"": ""GTI""}, {""video_id"": ""P4nQsN7zNcA"", ""title"": ""This Golf R Has A HUGE LIST OF PROBLEMS!"", ""channel"": ""Calvin's Car Diary"", ""video_type_category"": ""organic"", ""trim"": ""R""}, {""video_id"": ""zoSbJVeqdnQ"", ""title"": ""Finding Problems on a Used MK7 | Inspection Video"", ""channel"": ""Deutsche Auto Parts"", ""video_type_category"": ""organic"", ""trim"": ""base""}, {""video_id"": ""2X5bj2gX5z4"", ""title"": ""Common Problems of VW MK7 GTI"", ""channel"": ""Lucas Huang"", ""video_type_category"": ""list_format"", ""trim"": ""GTI""}, {""video_id"": ""Lb2n9GpHgmk"", ""title"": ""How to Keep your GTI Running FOREVER - Reliability Mods & Tips!"", ""channel"": ""mk8Matt"", ""video_type_category"": ""organic"", ""trim"": ""GTI""}, {""video_id"": ""UaYN_JlMb48"", ""title"": ""MK7 Volkswagen GTI - Common Problems"", ""channel"": ""CashedOutCars"", ""video_type_category"": ""list_format"", ""trim"": ""GTI""}, {""video_id"": ""4f1aVIA801g"", ""title"": ""VW Golf MK7 Issues of the Petrol Engines 2012-2020"", ""channel"": ""different car review"", ""video_type_category"": ""organic"", ""trim"": ""base""}, {""video_id"": ""ce2WTs_uBos"", ""title"": ""VW Golf MK7 Issues of the Diesel Engines 2012-2020"", ""channel"": ""different car review"", ""video_type_category"": ""organic"", ""trim"": ""TDI""}, {""video_id"": ""5XND3jWg3sc"", ""title"": ""Golf GTI buyers guide MK7 & MK7.5 (2013-2020) Avoid buying broken VW GTI with common faults (2.0TSI)"", ""channel"": ""The Miles Driven"", ""video_type_category"": ""list_format"", ""trim"": ""GTI""}, {""video_id"": ""TgPQe12d_sw"", ""title"": ""VW 2.0 TDi (2012 on) EA288 Did They Avoid Those Common Problems & All You Need To Know"", ""channel"": ""TorqueCars"", ""video_type_category"": ""list_format"", ""trim"": ""TDI""}, {""video_id"": ""2JvUhYwgEGM"", ""title"": ""MK7 VW GOLF R BUYERS GUIDE : DO NOT BUY Without Watching This!"", ""channel"": ""Scottish Car Clan"", ""video_type_category"": ""list_format"", ""trim"": ""R""}]",11,7,"[""yeah"", ""car"", ""know"", ""got"", ""okay"", ""weve"", ""youre"", ""sure"", ""good"", ""make sure""]",youtube,13,12,13,"[{""engine"": ""1.4_TSI"", ""years"": ""2014-2017"", ""evidence_hits"": 4}, {""engine"": ""1.2_TSI"", ""years"": ""2014-2017"", ""evidence_hits"": 3}, {""engine"": ""2.0_TSI"", ""years"": ""2013-2020"", ""evidence_hits"": 1}, {""engine"": ""2.0_TDI"", ""years"": ""2012"", ""evidence_hits"": 1}]",[],low,"[""coolant_leak_thermostat_water_pump"", ""faulty_thermostat_housing_water_pump"", ""thermostat_water_pump_leak"", ""water_pump_coolant_leak"", ""water_pump_cover_stuck_closed"", ""water_pump_failure"", ""water_pump_leak"", ""water_pump_premature_failure""]","[""all_vw_golf_mk7""]","{""GTI"": 5, ""R"": 2, ""TDI"": 2, ""base"": 4}",4,mixed,8,False,"{""from_llm_year_phrase"": ""early 2015 cars"", ""from_llm_year_parsed"": [""2015""], ""from_transcript_context"": [""2013-2020""], ""from_source_video_titles"": [""2013-2020""], ""from_engine_production_windows"": [""2013-2020""], ""from_model_scope_window"": [""2013-2020""], ""window_source"": ""engine"", ""content_combine_rule"": ""intersect(llm_phrase, title)"", ""confidence"": ""high"", ""triangulated"": ""2015""}",2015,,,,
oil_consumption_clogged_scraper_rings,excessive oil consumption in TSI/TDI,engine,"[""1.2_TSI"", ""1.4_TSI"", ""2.0_TDI""]","mid-2014 (1.2/1.4 TSI), 2017 (1.2 TSI)","Excessive oil consumption requiring frequent top-ups, often appearing after 100,000-200,000 km.",Poorly designed oil scraper rings with small holes that clog with carbon; also faulty valve guides in some cylinder heads.,Engine rebuild with redesigned piston rings; valve guide replacement under warranty for some cases.,high,high,"[{""video_id"": ""ce2WTs_uBos"", ""title"": ""VW Golf MK7 Issues of the Diesel Engines 2012-2020"", ""channel"": ""different car review"", ""video_type_category"": ""organic"", ""trim"": ""TDI""}, {""video_id"": ""4f1aVIA801g"", ""title"": ""VW Golf MK7 Issues of the Petrol Engines 2012-2020"", ""channel"": ""different car review"", ""video_type_category"": ""organic"", ""trim"": ""base""}, {""video_id"": ""56T2XdwH4hU"", ""title"": ""Things I Wish I knew Before Buying a VW TDI"", ""channel"": ""Euro Driven"", ""video_type_category"": ""organic"", ""trim"": ""TDI""}, {""video_id"": ""TgPQe12d_sw"", ""title"": ""VW 2.0 TDi (2012 on) EA288 Did They Avoid Those Common Problems & All You Need To Know"", ""channel"": ""TorqueCars"", ""video_type_category"": ""list_format"", ""trim"": ""TDI""}, {""video_id"": ""ex_jlHto57E"", ""title"": ""Volkswagen’s 1.5 TSI engine: Common problems and advantages"", ""channel"": ""Dmitry Sapko"", ""video_type_category"": ""list_format"", ""trim"": ""base""}, {""video_id"": ""5XND3jWg3sc"", ""title"": ""Golf GTI buyers guide MK7 & MK7.5 (2013-2020) Avoid buying broken VW GTI with common faults (2.0TSI)"", ""channel"": ""The Miles Driven"", ""video_type_category"": ""list_format"", ""trim"": ""GTI""}, {""video_id"": ""igRBrdqctV4"", ""title"": ""Everything that goes WRONG with a USED Volkswagen Golf (MK7/7.5)"", ""channel"": ""ReDriven"", ""video_type_category"": ""organic"", ""trim"": ""base""}, {""video_id"": ""Lb2n9GpHgmk"", ""title"": ""How to Keep your GTI Running FOREVER - Reliability Mods & Tips!"", ""channel"": ""mk8Matt"", ""video_type_category"": ""organic"", ""trim"": ""GTI""}]",0,22,"[""engines"", ""tsi"", ""liter"", ""tdi"", ""issues"", ""consumption"", ""liter tsi"", ""oil consumption"", ""oil"", ""kilometers""]",youtube,8,7,8,"[{""engine"": ""1.4_TSI"", ""years"": ""2014-2017"", ""evidence_hits"": 4}, {""engine"": ""2.0_TDI"", ""years"": ""2012"", ""evidence_hits"": 1}, {""engine"": ""1.2_TSI"", ""years"": ""2014-2017"", ""evidence_hits"": 3}]",[],low,"[""clogged_oil_scraper_rings"", ""oil_consumption_clogged_scraper_rings""]","[""diesel_only""]","{""GTI"": 2, ""TDI"": 3, ""base"": 3}",3,mixed,5,False,"{""from_llm_year_phrase"": ""mid-2014 (1.2/1.4 TSI), 2017 (1.2 TSI)"", ""from_llm_year_parsed"": [""2014"", ""2017""], ""from_transcript_context"": [""2014-2017""], ""from_source_video_titles"": [""2013-2020""], ""from_engine_production_windows"": [""2013-2020""], ""from_model_scope_window"": [""2013-2020""], ""window_source"": ""engine"", ""content_combine_rule"": ""intersect(llm_phrase, title)"", ""confidence"": ""high"", ""triangulated"": ""2014-2017""}",2014-2017,,,,
sunroof_leak_squeak_crack,"sunroof leaks, squeaks, and cracks",body,[],,"Sunroofs on these cars are known to leak, squeak, squeal, and the roof can crack from the sunroof moving back and forth.",Design or manufacturing defect in the sunroof assembly or seals.,"Avoid sunroof-equipped models if possible; otherwise, inspect seals and mechanism for leaks and wear.",high,medium,"[{""video_id"": ""0mbw1oDtRC0"", ""title"": ""VW Golf Mk7 - Still a great car 10 years later?"", ""channel"": ""JJ on Cars"", ""video_type_category"": ""organic"", ""trim"": ""base""}, {""video_id"": ""ex_jlHto57E"", ""title"": ""Volkswagen’s 1.5 TSI engine: Common problems and advantages"", ""channel"": ""Dmitry Sapko"", ""video_type_category"": ""list_format"", ""trim"": ""base""}, {""video_id"": ""wIKS8wlgu9I"", ""title"": ""VW Golf GTD - hidden features and ONE that could get you out of trouble!"", ""channel"": ""Mike Reports"", ""video_type_category"": ""organic"", ""trim"": ""GTD""}, {""video_id"": ""0KBFyZcZ_Cc"", ""title"": ""VW Golf GTD Review - after 8 years is it still any good?"", ""channel"": ""Mike Reports"", ""video_type_category"": ""organic"", ""trim"": ""GTD""}, {""video_id"": ""5XND3jWg3sc"", ""title"": ""Golf GTI buyers guide MK7 & MK7.5 (2013-2020) Avoid buying broken VW GTI with common faults (2.0TSI)"", ""channel"": ""The Miles Driven"", ""video_type_category"": ""list_format"", ""trim"": ""GTI""}, {""video_id"": ""PwzmaKYijOc"", ""title"": ""Volkswagen MK7 Golf GTI Buyer's Guide - Models, Engines, & Options"", ""channel"": ""FCP Euro"", ""video_type_category"": ""list_format"", ""trim"": ""GTI""}, {""video_id"": ""2X5bj2gX5z4"", ""title"": ""Common Problems of VW MK7 GTI"", ""channel"": ""Lucas Huang"", ""video_type_category"": ""list_format"", ""trim"": ""GTI""}]",1000,8,"[""gti"", ""mark"", ""golf"", ""car"", ""really"", ""horsepower"", ""little"", ""performance"", ""cars"", ""models""]",youtube,7,6,7,,[],low,"[""sunroof_leak_squeak_crack"", ""sunroof_leaks_squeaks_cracks""]","[""all_vw_golf_mk7""]","{""GTI"": 3, ""GTD"": 2, ""base"": 2}",3,mixed,4,False,"{""from_llm_year_phrase"": null, ""from_llm_year_parsed"": [], ""from_transcript_context"": [], ""from_source_video_titles"": [""2013-2020""], ""from_engine_production_windows"": [], ""from_model_scope_window"": [""2013-2020""], ""window_source"": ""model_window"", ""content_combine_rule"": ""title_only"", ""confidence"": ""medium"", ""triangulated"": ""2013-2020""}",2013-2020,,,,
timing_belt_replacement_interval_confusion,confusing timing belt replacement intervals,engine,"[""1.0_TSI"", ""1.2_TSI"", ""1.4_TSI"", ""1.5_TSI"", ""1.6_TDI"", ""2.0_TDI""]",,"Owners face confusion and expense over recommended timing belt replacement intervals, which have changed over time.","Volkswagen issued conflicting service recommendations for timing belt replacement intervals, ranging from 5 years/75k miles to 'lifetime' claims.","Replace timing belt and water pump at conservative intervals (e.g., 5-6 years or 150k miles) for long-term reliability.",high,high,"[{""video_id"": ""4f1aVIA801g"", ""title"": ""VW Golf MK7 Issues of the Petrol Engines 2012-2020"", ""channel"": ""different car review"", ""video_type_category"": ""organic"", ""trim"": ""base""}, {""video_id"": ""ex_jlHto57E"", ""title"": ""Volkswagen’s 1.5 TSI engine: Common problems and advantages"", ""channel"": ""Dmitry Sapko"", ""video_type_category"": ""list_format"", ""trim"": ""base""}, {""video_id"": ""0KBFyZcZ_Cc"", ""title"": ""VW Golf GTD Review - after 8 years is it still any good?"", ""channel"": ""Mike Reports"", ""video_type_category"": ""organic"", ""trim"": ""GTD""}, {""video_id"": ""5XND3jWg3sc"", ""title"": ""Golf GTI buyers guide MK7 & MK7.5 (2013-2020) Avoid buying broken VW GTI with common faults (2.0TSI)"", ""channel"": ""The Miles Driven"", ""video_type_category"": ""list_format"", ""trim"": ""GTI""}]",1002,4,"[""belt"", ""kilometers"", ""timing"", ""chain"", ""replace"", ""200 000"", ""000 kilometers"", ""200"", ""000"", ""miles""]",youtube,4,4,4,"[{""engine"": ""1.2_TSI"", ""years"": ""2014-2017"", ""evidence_hits"": 3, ""pre_years"": [2014, 2017]}, {""engine"": ""1.4_TSI"", ""years"": ""2014-2017"", ""evidence_hits"": 4, ""pre_years"": [2014, 2017]}, {""engine"": ""1.5_TSI"", ""years"": ""2014-2024"", ""evidence_hits"": 6}]",,,,"[""all_vw_golf_mk7""]","{""GTI"": 1, ""GTD"": 1, ""base"": 2}",3,mixed,2,False,"{""from_llm_year_phrase"": null, ""from_llm_year_parsed"": [], ""from_transcript_context"": [""2013-2020""], ""from_source_video_titles"": [""2013-2020""], ""from_engine_production_windows"": [""2013-2020""], ""from_model_scope_window"": [""2013-2020""], ""window_source"": ""engine"", ""content_combine_rule"": ""intersect(regex_enrichment, title)"", ""confidence"": ""high"", ""triangulated"": ""2013-2020""}",2013-2020,,,,
timing_chain_stretch_tensioner_failure,timing chain stretch and tensioner failure,engine,"[""1.8_TSI"", ""2.0_TSI""]",,"Rattling noise at cold start, especially around 200,000 km, with potential for catastrophic engine failure if chain jumps timing.","Timing chain stretch and tensioner wear, allowing excessive slack; camshaft adjuster seals can leak oil, causing erratic timing adjustment.","Replace timing chain, tensioner, guides, and camshaft adjuster seals; check tensioner extension (if >5 rings visible, replace chain system).",high,high,"[{""video_id"": ""4f1aVIA801g"", ""title"": ""VW Golf MK7 Issues of the Petrol Engines 2012-2020"", ""channel"": ""different car review"", ""video_type_category"": ""organic"", ""trim"": ""base""}, {""video_id"": ""sWr0fpQVv20"", ""title"": ""Is this a New Common MK7 Engine Issue?"", ""channel"": ""Deutsche Auto Parts"", ""video_type_category"": ""organic"", ""trim"": ""base""}, {""video_id"": ""1PSOT7GacoA"", ""title"": ""Dead Misfire MK7 GTI, Another Shop Said Engine is TOAST"", ""channel"": ""HumbleMechanic"", ""video_type_category"": ""organic"", ""trim"": ""GTI""}, {""video_id"": ""Lb2n9GpHgmk"", ""title"": ""How to Keep your GTI Running FOREVER - Reliability Mods & Tips!"", ""channel"": ""mk8Matt"", ""video_type_category"": ""organic"", ""trim"": ""GTI""}]",2001,8,"[""timing chain"", ""chain stretch"", ""chain tensioner"", ""chain rattle"", ""chain guide""]",youtube,4,4,4,,,,,"[""all_vw_golf_mk7""]","{""GTI"": 2, ""base"": 2}",2,mixed,2,False,"{""from_llm_year_phrase"": null, ""from_llm_year_parsed"": [], ""from_transcript_context"": [], ""from_source_video_titles"": [""2013-2020""], ""from_engine_production_windows"": [""2013-2020""], ""from_model_scope_window"": [""2013-2020""], ""window_source"": ""engine"", ""content_combine_rule"": ""title_only"", ""confidence"": ""medium"", ""triangulated"": ""2013-2020""}",2013-2020,,,,
carbon_buildup_intake_valves,Carbon buildup on intake valves,engine,"[""1.0_TSI"", ""1.2_TSI"", ""1.4_TSI"", ""1.5_TSI"", ""2.0_TDI"", ""2.0_TSI""]",,"Carbon deposits accumulate on the intake valves due to direct injection and pollution control systems, potentially requiring cleaning.",,,low,,"[{""video_id"": ""4f1aVIA801g"", ""title"": ""VW Golf MK7 Issues of the Petrol Engines 2012-2020"", ""channel"": ""different car review"", ""video_type_category"": ""organic"", ""trim"": ""base""}, {""video_id"": ""5XND3jWg3sc"", ""title"": ""Golf GTI buyers guide MK7 & MK7.5 (2013-2020) Avoid buying broken VW GTI with common faults (2.0TSI)"", ""channel"": ""The Miles Driven"", ""video_type_category"": ""list_format"", ""trim"": ""GTI""}, {""video_id"": ""TgPQe12d_sw"", ""title"": ""VW 2.0 TDi (2012 on) EA288 Did They Avoid Those Common Problems & All You Need To Know"", ""channel"": ""TorqueCars"", ""video_type_category"": ""list_format"", ""trim"": ""TDI""}]",enum_augment,1,[],youtube,3,3,3,"[{""engine"": ""1.4_TSI"", ""years"": ""2014-2017"", ""evidence_hits"": 4}, {""engine"": ""2.0_TSI"", ""years"": ""2013-2020"", ""evidence_hits"": 1}, {""engine"": ""1.2_TSI"", ""years"": ""2014-2017"", ""evidence_hits"": 3}, {""engine"": ""2.0_TDI"", ""years"": ""2012"", ""evidence_hits"": 1}]",[],low,"[""carbon_buildup_intake_valves"", ""intake_carbon_buildup""]","[""all_vw_golf_mk7""]","{""GTI"": 1, ""TDI"": 1, ""base"": 1}",3,mixed,2,False,"{""from_llm_year_phrase"": null, ""from_llm_year_parsed"": [], ""from_transcript_context"": [""2013-2020""], ""from_source_video_titles"": [""2013-2020""], ""from_engine_production_windows"": [""2013-2020""], ""from_model_scope_window"": [""2013-2020""], ""window_source"": ""engine"", ""content_combine_rule"": ""intersect(regex_enrichment, title)"", ""confidence"": ""high"", ""triangulated"": ""2013-2020""}",2013-2020,organic,,,
carbon_buildup_valve_spring_failure,carbon buildup causing valve spring failure,engine,"[""1.8_TSI"", ""2.0_TSI""]",,"Flashing check engine light, rough idle, misfires, and poor running due to carbon buildup on intake valves and potential valve spring failure.","Carbon buildup on intake valves from direct injection and PCV system recirculation, leading to valve sticking and eventual valve spring breakage.",Remove intake manifold to manually clean carbon deposits every ~100k miles; replace broken valve springs and timing chains during major repairs.,high,high,"[{""video_id"": ""nQ13NQhis_E"", ""title"": ""Watch This Before Buying a Volkswagen Golf MK7 2015-2021"", ""channel"": ""AutoMotivate"", ""video_type_category"": ""organic"", ""trim"": ""base""}, {""video_id"": ""sWr0fpQVv20"", ""title"": ""Is this a New Common MK7 Engine Issue?"", ""channel"": ""Deutsche Auto Parts"", ""video_type_category"": ""organic"", ""trim"": ""base""}, {""video_id"": ""1PSOT7GacoA"", ""title"": ""Dead Misfire MK7 GTI, Another Shop Said Engine is TOAST"", ""channel"": ""HumbleMechanic"", ""video_type_category"": ""organic"", ""trim"": ""GTI""}]",34,3,"[""cylinder"", ""going"", ""value"", ""misfire"", ""cam"", ""valve"", ""im"", ""plug"", ""intake"", ""im going""]",youtube,3,3,3,,,,,"[""all_vw_golf_mk7""]","{""GTI"": 1, ""base"": 2}",2,base,1,False,"{""from_llm_year_phrase"": null, ""from_llm_year_parsed"": [], ""from_transcript_context"": [], ""from_source_video_titles"": [""2015-2020""], ""from_engine_production_windows"": [""2013-2020""], ""from_model_scope_window"": [""2013-2020""], ""window_source"": ""engine"", ""content_combine_rule"": ""title_only"", ""confidence"": ""medium"", ""triangulated"": ""2015-2020""}",2015-2020,,,,
dpf_egr_clogging_emissions,DPF/EGR clogging and emissions issues,exhaust,"[""1.6_TDI"", ""2.0_TDI""]",,"Warning lights, error codes, rough running, power problems, and DPF regeneration interruptions during short journeys.","EGR cooler clogging from exhaust gas recirculation, DPF soot accumulation from insufficient regeneration cycles, and complex emissions system design for regulations.","Strip down and clean EGR cooler system at high mileage, ensure proper DPF regeneration cycles through longer drives, and monitor for pending dieselgate-related investigations.",high,high,"[{""video_id"": ""56T2XdwH4hU"", ""title"": ""Things I Wish I knew Before Buying a VW TDI"", ""channel"": ""Euro Driven"", ""video_type_category"": ""organic"", ""trim"": ""TDI""}, {""video_id"": ""TtIKNOjBHDc"", ""title"": ""VW Golf MK7 (5G) How to tell if DPF regeneration is in progress?"", ""channel"": ""mr-fix"", ""video_type_category"": ""organic"", ""trim"": ""base""}, {""video_id"": ""TgPQe12d_sw"", ""title"": ""VW 2.0 TDi (2012 on) EA288 Did They Avoid Those Common Problems & All You Need To Know"", ""channel"": ""TorqueCars"", ""video_type_category"": ""list_format"", ""trim"": ""TDI""}]",2003,5,"[""dpf"", ""diesel particulate"", ""egr valve"", ""egr cooler"", ""adblue"", ""nox sensor""]",youtube,3,3,3,"[{""engine"": ""2.0_TDI"", ""years"": ""2012"", ""evidence_hits"": 1}]",,,,"[""all_vw_golf_mk7""]","{""TDI"": 2, ""base"": 1}",2,TDI,1,False,"{""from_llm_year_phrase"": null, ""from_llm_year_parsed"": [], ""from_transcript_context"": [], ""from_source_video_titles"": [], ""from_engine_production_windows"": [""2013-2020""], ""from_model_scope_window"": [""2013-2020""], ""window_source"": ""engine"", ""content_combine_rule"": ""no_content"", ""confidence"": ""low"", ""fallback_window"": ""2013-2020"", ""fallback_window_source"": ""engine""}",,,,,
ea288_diesel_high_mileage_failures,"DPF regeneration, water pump, timing belt issues",engine,"[""1.6_TDI"", ""2.0_TDI""]",,"Driver notices DPF regeneration symptoms (increased idle, start/stop disabled), potential power loss from injectors, abnormal noises from water pump/tensioner, and coolant leaks.","High mileage wear on DPF system, water pump failure, timing belt degradation, injector wear, and EGR cooler clogging.","Complete DPF regeneration cycles, replace timing belt and oil pump belt before 200,000 km, inspect/replace water pump and injectors, clean EGR cooler.",high,high,"[{""video_id"": ""ce2WTs_uBos"", ""title"": ""VW Golf MK7 Issues of the Diesel Engines 2012-2020"", ""channel"": ""different car review"", ""video_type_category"": ""organic"", ""trim"": ""TDI""}, {""video_id"": ""TtIKNOjBHDc"", ""title"": ""VW Golf MK7 (5G) How to tell if DPF regeneration is in progress?"", ""channel"": ""mr-fix"", ""video_type_category"": ""organic"", ""trim"": ""base""}, {""video_id"": ""TgPQe12d_sw"", ""title"": ""VW 2.0 TDi (2012 on) EA288 Did They Avoid Those Common Problems & All You Need To Know"", ""channel"": ""TorqueCars"", ""video_type_category"": ""list_format"", ""trim"": ""TDI""}]",36,3,"[""belt"", ""000 kilometers"", ""dpf"", ""kilometers"", ""timing belt"", ""000"", ""high"", ""pump"", ""water"", ""200 000""]",youtube,3,3,3,"[{""engine"": ""2.0_TDI"", ""years"": ""2012"", ""evidence_hits"": 1}]",,,,"[""diesel_only""]","{""TDI"": 2, ""base"": 1}",2,TDI,1,False,"{""from_llm_year_phrase"": null, ""from_llm_year_parsed"": [], ""from_transcript_context"": [], ""from_source_video_titles"": [""2013-2020""], ""from_engine_production_windows"": [""2013-2020""], ""from_model_scope_window"": [""2013-2020""], ""window_source"": ""engine"", ""content_combine_rule"": ""title_only"", ""confidence"": ""medium"", ""triangulated"": ""2013-2020""}",2013-2020,,,,
ea888_camshaft_phaser_failure,EA888 camshaft phaser failure and timing chain wear,engine,"[""1.8_TSI"", ""2.0_TSI""]",,"Rattling noise from upper timing cover, loss of drivability and performance, with timing hunting back and forth.","Camshaft adjuster (phaser) seal leakage causing inability to hold oil pressure, often due to low oil levels in 1.8T engines.","Replace camshaft and updated spool valve, requiring full timing chain service and cam cage resealing.",high,high,"[{""video_id"": ""sWr0fpQVv20"", ""title"": ""Is this a New Common MK7 Engine Issue?"", ""channel"": ""Deutsche Auto Parts"", ""video_type_category"": ""organic"", ""trim"": ""base""}, {""video_id"": ""1PSOT7GacoA"", ""title"": ""Dead Misfire MK7 GTI, Another Shop Said Engine is TOAST"", ""channel"": ""HumbleMechanic"", ""video_type_category"": ""organic"", ""trim"": ""GTI""}, {""video_id"": ""2JvUhYwgEGM"", ""title"": ""MK7 VW GOLF R BUYERS GUIDE : DO NOT BUY Without Watching This!"", ""channel"": ""Scottish Car Clan"", ""video_type_category"": ""list_format"", ""trim"": ""R""}]",14,6,"[""timing"", ""cam"", ""going"", ""valve"", ""spring"", ""chain"", ""camshaft"", ""time"", ""chains"", ""remove""]",youtube,3,3,3,,,,,"[""all_vw_golf_mk7""]","{""GTI"": 1, ""R"": 1, ""base"": 1}",3,mixed,2,False,"{""from_llm_year_phrase"": null, ""from_llm_year_parsed"": [], ""from_transcript_context"": [], ""from_source_video_titles"": [], ""from_engine_production_windows"": [""2013-2020""], ""from_model_scope_window"": [""2013-2020""], ""window_source"": ""engine"", ""content_combine_rule"": ""no_content"", ""confidence"": ""low"", ""fallback_window"": ""2013-2020"", ""fallback_window_source"": ""engine""}",,,,,
ea888_turbo_failure_pcv_rear_seal,EA888 turbo failure and PCV/seal issues,engine,"[""1.8_TSI"", ""2.0_TSI""]",2015 to 2017,"Turbocharger failure causing poor engine running, rough idle, and oil leaks from rear main seal.","Weak seal from turbo to manifold on 06K 145 702N turbo unit, combined with PCV failure leading to rear main seal oil leaks.",Replace turbo unit with improved seals and address PCV system to prevent rear main seal failure.,high,high,"[{""video_id"": ""ex_jlHto57E"", ""title"": ""Volkswagen’s 1.5 TSI engine: Common problems and advantages"", ""channel"": ""Dmitry Sapko"", ""video_type_category"": ""list_format"", ""trim"": ""base""}, {""video_id"": ""1PSOT7GacoA"", ""title"": ""Dead Misfire MK7 GTI, Another Shop Said Engine is TOAST"", ""channel"": ""HumbleMechanic"", ""video_type_category"": ""organic"", ""trim"": ""GTI""}, {""video_id"": ""5XND3jWg3sc"", ""title"": ""Golf GTI buyers guide MK7 & MK7.5 (2013-2020) Avoid buying broken VW GTI with common faults (2.0TSI)"", ""channel"": ""The Miles Driven"", ""video_type_category"": ""list_format"", ""trim"": ""GTI""}]",8,8,"[""failure"", ""help"", ""pedal"", ""common"", ""effect"", ""turbo"", ""unit"", ""models"", ""seal"", ""fitted""]",youtube,3,3,3,"[{""engine"": ""2.0_TSI"", ""years"": ""2013-2020"", ""evidence_hits"": 1}]",,,,"[""all_vw_golf_mk7""]","{""GTI"": 2, ""base"": 1}",2,GTI,1,False,"{""from_llm_year_phrase"": ""2015 to 2017"", ""from_llm_year_parsed"": [""2015-2017""], ""from_transcript_context"": [""2013-2020""], ""from_source_video_titles"": [""2013-2020""], ""from_engine_production_windows"": [""2013-2020""], ""from_model_scope_window"": [""2013-2020""], ""window_source"": ""engine"", ""content_combine_rule"": ""intersect(llm_phrase, title)"", ""confidence"": ""high"", ""triangulated"": ""2015-2017""}",2015-2017,,,,
manual_clutch_dmf_failure,Manual clutch and DMF failure on tuned cars,gearbox,[],Mark 5 through Mark 7,"Clutch chatter at idle and low speeds, reduced service life when tuning","Factory clutch at power limit, abusive driving without downshifting, DMF failure","Uprated clutch and upgraded DMF, replace slave cylinder when transmission is dropped",high,high,"[{""video_id"": ""56T2XdwH4hU"", ""title"": ""Things I Wish I knew Before Buying a VW TDI"", ""channel"": ""Euro Driven"", ""video_type_category"": ""organic"", ""trim"": ""TDI""}, {""video_id"": ""0KBFyZcZ_Cc"", ""title"": ""VW Golf GTD Review - after 8 years is it still any good?"", ""channel"": ""Mike Reports"", ""video_type_category"": ""organic"", ""trim"": ""GTD""}, {""video_id"": ""5XND3jWg3sc"", ""title"": ""Golf GTI buyers guide MK7 & MK7.5 (2013-2020) Avoid buying broken VW GTI with common faults (2.0TSI)"", ""channel"": ""The Miles Driven"", ""video_type_category"": ""list_format"", ""trim"": ""GTI""}]",35,3,"[""transmissions"", ""mark"", ""transmission"", ""flywheel"", ""mass"", ""mass flywheel"", ""automatic"", ""replace"", ""arent"", ""clutch""]",youtube,3,3,3,,,,,"[""all_vw_golf_mk7""]","{""GTI"": 1, ""GTD"": 1, ""TDI"": 1}",3,mixed,2,False,"{""from_llm_year_phrase"": ""Mark 5 through Mark 7"", ""from_llm_year_parsed"": [], ""from_transcript_context"": [], ""from_source_video_titles"": [""2013-2020""], ""from_engine_production_windows"": [], ""from_model_scope_window"": [""2013-2020""], ""window_source"": ""model_window"", ""content_combine_rule"": ""title_only"", ""confidence"": ""medium"", ""triangulated"": ""2013-2020""}",2013-2020,,,,
steering_angle_sensor_calibration_loss,Steering angle sensor calibration loss,electrical,[],,"Multiple warning lights appear (cruise control, stability control, parking systems) and steering wheel turns very easily after battery disconnect or voltage drop.",Steering wheel angle sensor loses basic settings when battery is disconnected or vehicle experiences voltage drop.,"Perform manual calibration by turning steering wheel fully left, then fully right, then back to center.",high,high,"[{""video_id"": ""KJhaL65HL9Q"", ""title"": ""VW Golf MK7 Climatronic calibration adaptation"", ""channel"": ""mr-fix"", ""video_type_category"": ""organic"", ""trim"": ""base""}, {""video_id"": ""9nlDKR5N9p4"", ""title"": ""VW Golf MK7 (5G) Steering Angle Sensor basic settings (ESC ACC TPMS error fix)"", ""channel"": ""mr-fix"", ""video_type_category"": ""organic"", ""trim"": ""base""}, {""video_id"": ""2JvUhYwgEGM"", ""title"": ""MK7 VW GOLF R BUYERS GUIDE : DO NOT BUY Without Watching This!"", ""channel"": ""Scottish Car Clan"", ""video_type_category"": ""list_format"", ""trim"": ""R""}]",20,5,"[""steering"", ""steering wheel"", ""wheel"", ""current"", ""right"", ""calibration"", ""seconds"", ""position"", ""vent"", ""knows""]",youtube,3,2,3,,,,,"[""all_vw_golf_mk7""]","{""R"": 1, ""base"": 2}",2,base,1,False,"{""from_llm_year_phrase"": null, ""from_llm_year_parsed"": [], ""from_transcript_context"": [], ""from_source_video_titles"": [], ""from_engine_production_windows"": [], ""from_model_scope_window"": [""2013-2020""], ""window_source"": ""model_window"", ""content_combine_rule"": ""no_content"", ""confidence"": ""low"", ""fallback_window"": ""2013-2020"", ""fallback_window_source"": ""model_window""}",,,,,
water_leakage_multiple_points,Multiple water ingress points causing leaks,body,[],,"Water leaks into cabin, boot, footwells, and electronics from various points including sunroof drains, door speakers, rear badge, and tail light seals.","Failed seals, clogged drainage tubes, and plastic trim cracking allowing water ingress.","Clean drainage tubes, replace seals, and repair cracked plastic trim; may require extensive diagnosis and repair.",high,high,"[{""video_id"": ""igRBrdqctV4"", ""title"": ""Everything that goes WRONG with a USED Volkswagen Golf (MK7/7.5)"", ""channel"": ""ReDriven"", ""video_type_category"": ""organic"", ""trim"": ""base""}, {""video_id"": ""nQ13NQhis_E"", ""title"": ""Watch This Before Buying a Volkswagen Golf MK7 2015-2021"", ""channel"": ""AutoMotivate"", ""video_type_category"": ""organic"", ""trim"": ""base""}, {""video_id"": ""udX3VU-Haus"", ""title"": ""VW Golf GTD MK7 - LONG TERM TEST REVIEW"", ""channel"": ""Our Tim"", ""video_type_category"": ""organic"", ""trim"": ""GTD""}]",33,3,"[""just"", ""golf"", ""water"", ""plastic"", ""volkswagen"", ""owners"", ""issues"", ""car"", ""driving"", ""far""]",youtube,3,3,3,,,,,"[""all_vw_golf_mk7""]","{""GTD"": 1, ""base"": 2}",2,base,1,False,"{""from_llm_year_phrase"": null, ""from_llm_year_parsed"": [], ""from_transcript_context"": [], ""from_source_video_titles"": [""2015-2020""], ""from_engine_production_windows"": [], ""from_model_scope_window"": [""2013-2020""], ""window_source"": ""model_window"", ""content_combine_rule"": ""title_only"", ""confidence"": ""medium"", ""triangulated"": ""2015-2020""}",2015-2020,,,,
bonnet_release_cable_failure,broken bonnet release cable,body,[],7th generation,"The bonnet release cable breaks, preventing the bonnet from opening.",,,medium,medium,"[{""video_id"": ""5XND3jWg3sc"", ""title"": ""Golf GTI buyers guide MK7 & MK7.5 (2013-2020) Avoid buying broken VW GTI with common faults (2.0TSI)"", ""channel"": ""The Miles Driven"", ""video_type_category"": ""list_format"", ""trim"": ""GTI""}, {""video_id"": ""2JvUhYwgEGM"", ""title"": ""MK7 VW GOLF R BUYERS GUIDE : DO NOT BUY Without Watching This!"", ""channel"": ""Scottish Car Clan"", ""video_type_category"": ""list_format"", ""trim"": ""R""}]",1003,4,"[""generation"", ""common"", ""issue"", ""common issue"", ""generation ea888"", ""ea888"", ""generation golf"", ""golf"", ""golf gti"", ""7th generation""]",youtube,2,2,2,"[{""engine"": ""2.0_TSI"", ""years"": ""2013-2020"", ""evidence_hits"": 1}]",,,,"[""all_vw_golf_mk7""]","{""GTI"": 1, ""R"": 1}",2,mixed,1,False,"{""from_llm_year_phrase"": ""7th generation"", ""from_llm_year_parsed"": [], ""from_transcript_context"": [""2013-2020""], ""from_source_video_titles"": [""2013-2020""], ""from_engine_production_windows"": [""2013-2020""], ""from_model_scope_window"": [""2013-2020""], ""window_source"": ""engine"", ""content_combine_rule"": ""intersect(regex_enrichment, title)"", ""confidence"": ""high"", ""triangulated"": ""2013-2020""}",2013-2020,,"[""2.0_TSI""]","[""system_component=body is not engine-scoped; cleared affected_engines (original preserved in affected_engines_original).""]",
egr_cooler_failure,EGR cooler failure warning lights,exhaust,"[""2.0_TDI""]",,Warning lights on the dashboard and error codes indicating the EGR cooler is starting to play up.,,,medium,low,"[{""video_id"": ""Zskb3HeOWMA"", ""title"": ""Volkswagen Reliability... My Experience"", ""channel"": ""NewEnglandPete"", ""video_type_category"": ""organic"", ""trim"": ""base""}, {""video_id"": ""TgPQe12d_sw"", ""title"": ""VW 2.0 TDi (2012 on) EA288 Did They Avoid Those Common Problems & All You Need To Know"", ""channel"": ""TorqueCars"", ""video_type_category"": ""list_format"", ""trim"": ""TDI""}]",1007,2,"[""uh"", ""um"", ""car"", ""yeah"", ""know"", ""issues"", ""like"", ""pretty"", ""really"", ""just""]",youtube,2,2,2,"[{""engine"": ""2.0_TDI"", ""years"": ""2012"", ""evidence_hits"": 1}]",,,,"[""all_vw_golf_mk7""]","{""TDI"": 1, ""base"": 1}",2,mixed,1,False,"{""from_llm_year_phrase"": null, ""from_llm_year_parsed"": [], ""from_transcript_context"": [], ""from_source_video_titles"": [], ""from_engine_production_windows"": [""2013-2020""], ""from_model_scope_window"": [""2013-2020""], ""window_source"": ""engine"", ""content_combine_rule"": ""no_content"", ""confidence"": ""low"", ""fallback_window"": ""2013-2020"", ""fallback_window_source"": ""engine""}",,,,,
exposed_acc_sensor_damage,Exposed ACC sensor easily damaged,electrical,[],,"The ACC sensor on the front is easily damaged by bird strikes or objects, leading to costly system failure.","Sensor placement is overly exposed for functional reasons, making it vulnerable to impacts.","Repair or replace the ACC sensor, costing around £400 ($495).",high,high,"[{""video_id"": ""wIKS8wlgu9I"", ""title"": ""VW Golf GTD - hidden features and ONE that could get you out of trouble!"", ""channel"": ""Mike Reports"", ""video_type_category"": ""organic"", ""trim"": ""GTD""}, {""video_id"": ""0KBFyZcZ_Cc"", ""title"": ""VW Golf GTD Review - after 8 years is it still any good?"", ""channel"": ""Mike Reports"", ""video_type_category"": ""organic"", ""trim"": ""GTD""}]",26,4,"[""vent"", ""acc"", ""sensor"", ""know know"", ""hitting"", ""costly"", ""dont like"", ""costing"", ""400"", ""turning""]",youtube,2,1,2,,,,,"[""all_vw_golf_mk7""]","{""GTD"": 2}",1,GTD,0,False,"{""from_llm_year_phrase"": null, ""from_llm_year_parsed"": [], ""from_transcript_context"": [], ""from_source_video_titles"": [], ""from_engine_production_windows"": [], ""from_model_scope_window"": [""2013-2020""], ""window_source"": ""model_window"", ""content_combine_rule"": ""no_content"", ""confidence"": ""low"", ""fallback_window"": ""2013-2020"", ""fallback_window_source"": ""model_window""}",,,,,
fuel_tank_suction_pump_recall,EVAP fuel tank pump recall (20Y6),fuel,"[""2.0_TSI""]",,Clogged charcoal canister indicating EVAP system pump failure.,,,low,,"[{""video_id"": ""2X5bj2gX5z4"", ""title"": ""Common Problems of VW MK7 GTI"", ""channel"": ""Lucas Huang"", ""video_type_category"": ""list_format"", ""trim"": ""GTI""}, {""video_id"": ""5XND3jWg3sc"", ""title"": ""Golf GTI buyers guide MK7 & MK7.5 (2013-2020) Avoid buying broken VW GTI with common faults (2.0TSI)"", ""channel"": ""The Miles Driven"", ""video_type_category"": ""list_format"", ""trim"": ""GTI""}]",enum_augment,1,[],youtube,2,2,2,"[{""engine"": ""2.0_TSI"", ""years"": ""2013-2020"", ""evidence_hits"": 1}]",[],low,"[""evap_fuel_tank_pump_recall"", ""fuel_tank_suction_pump_recall""]","[""golf_gti_mk7""]","{""GTI"": 2}",1,GTI,0,True,"{""from_llm_year_phrase"": null, ""from_llm_year_parsed"": [], ""from_transcript_context"": [""2013-2020""], ""from_source_video_titles"": [""2013-2020""], ""from_engine_production_windows"": [""2013-2020""], ""from_model_scope_window"": [""2013-2020""], ""window_source"": ""engine"", ""content_combine_rule"": ""intersect(regex_enrichment, title)"", ""confidence"": ""high"", ""triangulated"": ""2013-2020""}",2013-2020,list_format,,,
glow_plug_failure,glow plug replacement needed,engine,"[""1.6_TDI"", ""2.0_TDI""]",,Driver notices a glow plug failure requiring replacement.,Normal wear or failure of glow plug component.,Replace the faulty glow plug.,medium,low,"[{""video_id"": ""0KBFyZcZ_Cc"", ""title"": ""VW Golf GTD Review - after 8 years is it still any good?"", ""channel"": ""Mike Reports"", ""video_type_category"": ""organic"", ""trim"": ""GTD""}, {""video_id"": ""5XND3jWg3sc"", ""title"": ""Golf GTI buyers guide MK7 & MK7.5 (2013-2020) Avoid buying broken VW GTI with common faults (2.0TSI)"", ""channel"": ""The Miles Driven"", ""video_type_category"": ""list_format"", ""trim"": ""GTI""}]",1006,2,"[""reliability"", ""100"", ""big problem"", ""100 issue"", ""models worth"", ""bulletins recall"", ""check seal"", ""effected"", ""example"", ""effected models""]",youtube,2,2,2,,,,,"[""all_vw_golf_mk7""]","{""GTI"": 1, ""GTD"": 1}",2,mixed,1,False,"{""from_llm_year_phrase"": null, ""from_llm_year_parsed"": [], ""from_transcript_context"": [], ""from_source_video_titles"": [""2013-2020""], ""from_engine_production_windows"": [""2013-2020""], ""from_model_scope_window"": [""2013-2020""], ""window_source"": ""engine"", ""content_combine_rule"": ""title_only"", ""confidence"": ""medium"", ""triangulated"": ""2013-2020""}",2013-2020,,,,
ignition_coil_misfire_codes,Ignition coil pack failure causing misfires,engine,"[""1.0_TSI"", ""1.2_TSI"", ""1.4_TSI"", ""1.5_TSI"", ""1.8_TSI"", ""2.0_TSI""]",,Engine misfire detected with fault codes P0300-P0304 indicating cylinder-specific or multiple cylinder misfires.,Ignition coil pack failure,Replace faulty ignition coil(s) and potentially spark plugs,high,high,"[{""video_id"": ""5XND3jWg3sc"", ""title"": ""Golf GTI buyers guide MK7 & MK7.5 (2013-2020) Avoid buying broken VW GTI with common faults (2.0TSI)"", ""channel"": ""The Miles Driven"", ""video_type_category"": ""list_format"", ""trim"": ""GTI""}, {""video_id"": ""zoSbJVeqdnQ"", ""title"": ""Finding Problems on a Used MK7 | Inspection Video"", ""channel"": ""Deutsche Auto Parts"", ""video_type_category"": ""organic"", ""trim"": ""base""}]",23,4,"[""code"", ""cylinder"", ""number"", ""detected"", ""multiple"", ""ignition coil"", ""equipment"", ""codes"", ""signs"", ""zero""]",youtube,2,2,2,"[{""engine"": ""2.0_TSI"", ""years"": ""2013-2020"", ""evidence_hits"": 2}]",[],low,"[""ignition_coil_failure"", ""ignition_coil_misfire_codes"", ""ignition_coil_pack_failure""]","[""all_vw_golf_mk7""]","{""GTI"": 1, ""base"": 1}",2,mixed,1,False,"{""from_llm_year_phrase"": null, ""from_llm_year_parsed"": [], ""from_transcript_context"": [""2013-2020""], ""from_source_video_titles"": [""2013-2020""], ""from_engine_production_windows"": [""2013-2020""], ""from_model_scope_window"": [""2013-2020""], ""window_source"": ""engine"", ""content_combine_rule"": ""intersect(regex_enrichment, title)"", ""confidence"": ""high"", ""triangulated"": ""2013-2020""}",2013-2020,,,,
manual_clutch_slippage_dsg_selector_issue,manual clutch slippage and DSG selector problems,gearbox,[],,"Manual transmission clutch slips even with standard power, while DSG models show gear selector issues with dashboard warnings when shifting from park.",Manual clutch is a weak point prone to wear; DSG gear selector mechanism has inherent problems.,Thorough test drive to check for clutch slippage; verify DSG selector doesn't flash warnings when shifting from park.,high,high,"[{""video_id"": ""2JvUhYwgEGM"", ""title"": ""MK7 VW GOLF R BUYERS GUIDE : DO NOT BUY Without Watching This!"", ""channel"": ""Scottish Car Clan"", ""video_type_category"": ""list_format"", ""trim"": ""R""}, {""video_id"": ""5XND3jWg3sc"", ""title"": ""Golf GTI buyers guide MK7 & MK7.5 (2013-2020) Avoid buying broken VW GTI with common faults (2.0TSI)"", ""channel"": ""The Miles Driven"", ""video_type_category"": ""list_format"", ""trim"": ""GTI""}]",1005,3,"[""clutch"", ""test"", ""tends"", ""going"", ""youre"", ""problem"", ""make sure"", ""youre looking"", ""sure"", ""standard""]",youtube,2,2,2,,,,,"[""all_vw_golf_mk7""]","{""GTI"": 1, ""R"": 1}",2,mixed,1,False,"{""from_llm_year_phrase"": null, ""from_llm_year_parsed"": [], ""from_transcript_context"": [], ""from_source_video_titles"": [""2013-2020""], ""from_engine_production_windows"": [], ""from_model_scope_window"": [""2013-2020""], ""window_source"": ""model_window"", ""content_combine_rule"": ""title_only"", ""confidence"": ""medium"", ""triangulated"": ""2013-2020""}",2013-2020,,,,
parcel_shelf_clips_breaking,parcel shelf clips break or rattle,body,[],,"Parcel shelf clips are susceptible to breaking or becoming damaged, causing a rattle.",Stress from load carrying or general wear.,Replace broken clips or use aftermarket alternatives.,medium,low,"[{""video_id"": ""0KBFyZcZ_Cc"", ""title"": ""VW Golf GTD Review - after 8 years is it still any good?"", ""channel"": ""Mike Reports"", ""video_type_category"": ""organic"", ""trim"": ""GTD""}, {""video_id"": ""5XND3jWg3sc"", ""title"": ""Golf GTI buyers guide MK7 & MK7.5 (2013-2020) Avoid buying broken VW GTI with common faults (2.0TSI)"", ""channel"": ""The Miles Driven"", ""video_type_category"": ""list_format"", ""trim"": ""GTI""}]",28,4,"[""blasting"", ""brake pads"", ""need change"", ""types"", ""miles ill"", ""think ive"", ""walnut"", ""pads discs"", ""parcel"", ""know im""]",youtube,2,2,2,,,,,"[""all_vw_golf_mk7""]","{""GTI"": 1, ""GTD"": 1}",2,mixed,1,False,"{""from_llm_year_phrase"": null, ""from_llm_year_parsed"": [], ""from_transcript_context"": [], ""from_source_video_titles"": [""2013-2020""], ""from_engine_production_windows"": [], ""from_model_scope_window"": [""2013-2020""], ""window_source"": ""model_window"", ""content_combine_rule"": ""title_only"", ""confidence"": ""medium"", ""triangulated"": ""2013-2020""}",2013-2020,,,,
rear_main_seal_oil_leak,Rear main seal oil leak,engine,"[""1.4_TSI"", ""1.0_TSI"", ""2.0_TSI"", ""1.2_TSI"", ""1.5_TSI"", ""1.8_TSI""]",,"Oil leak from the rear of the engine, indicating a failing rear main seal.",,,,,"[{""video_id"": ""4f1aVIA801g"", ""title"": ""VW Golf MK7 Issues of the Petrol Engines 2012-2020"", ""channel"": ""different car review"", ""video_type_category"": ""organic"", ""trim"": ""base""}, {""video_id"": ""5XND3jWg3sc"", ""title"": ""Golf GTI buyers guide MK7 & MK7.5 (2013-2020) Avoid buying broken VW GTI with common faults (2.0TSI)"", ""channel"": ""The Miles Driven"", ""video_type_category"": ""list_format"", ""trim"": ""GTI""}]",enum_augment,1,[],youtube,2,2,2,"[{""engine"": ""1.4_TSI"", ""years"": ""2014-2017"", ""evidence_hits"": 4, ""pre_years"": [2014, 2017]}, {""engine"": ""2.0_TSI"", ""years"": ""2013-2020"", ""evidence_hits"": 1}, {""engine"": ""1.2_TSI"", ""years"": ""2014-2017"", ""evidence_hits"": 3, ""pre_years"": [2014, 2017]}]",,,,"[""all_vw_golf_mk7""]","{""GTI"": 1, ""base"": 1}",2,mixed,1,False,"{""from_llm_year_phrase"": null, ""from_llm_year_parsed"": [], ""from_transcript_context"": [""2013-2020""], ""from_source_video_titles"": [""2013-2020""], ""from_engine_production_windows"": [""2013-2020""], ""from_model_scope_window"": [""2013-2020""], ""window_source"": ""engine"", ""content_combine_rule"": ""intersect(regex_enrichment, title)"", ""confidence"": ""high"", ""triangulated"": ""2013-2020""}",2013-2020,organic,,,
washer_fluid_sensor_failure,Washer fluid sensor failure,electrical,[],,"The windshield washer fluid sensor fails, often when using certain types of fluid like orange Rain-X.",Susceptible sensor design and use of incorrect washer fluid.,Replace washer fluid sensor and use correct fluid.,medium,medium,"[{""video_id"": ""5XND3jWg3sc"", ""title"": ""Golf GTI buyers guide MK7 & MK7.5 (2013-2020) Avoid buying broken VW GTI with common faults (2.0TSI)"", ""channel"": ""The Miles Driven"", ""video_type_category"": ""list_format"", ""trim"": ""GTI""}, {""video_id"": ""UaYN_JlMb48"", ""title"": ""MK7 Volkswagen GTI - Common Problems"", ""channel"": ""CashedOutCars"", ""video_type_category"": ""list_format"", ""trim"": ""GTI""}]",9,8,"[""likely"", ""fluid"", ""washer fluid"", ""failed"", ""washer"", ""conditioning"", ""air conditioning"", ""fitted"", ""cause"", ""air""]",youtube,2,2,2,"[{""engine"": ""2.0_TSI"", ""years"": ""2013-2020"", ""evidence_hits"": 1}]",[],low,,"[""golf_gti_mk7""]","{""GTI"": 2}",1,GTI,0,True,"{""from_llm_year_phrase"": null, ""from_llm_year_parsed"": [], ""from_transcript_context"": [""2013-2020""], ""from_source_video_titles"": [""2013-2020""], ""from_engine_production_windows"": [""2013-2020""], ""from_model_scope_window"": [""2013-2020""], ""window_source"": ""engine"", ""content_combine_rule"": ""intersect(regex_enrichment, title)"", ""confidence"": ""high"", ""triangulated"": ""2013-2020""}",2013-2020,,"[""2.0_TSI""]","[""system_component=electrical is not engine-scoped; cleared affected_engines (original preserved in affected_engines_original).""]",
ac_drain_leak,Air conditioning drain leaks,cooling,[],,The air conditioning drain can leak into the cabin.,,,,,"[{""video_id"": ""igRBrdqctV4"", ""title"": ""Everything that goes WRONG with a USED Volkswagen Golf (MK7/7.5)"", ""channel"": ""ReDriven"", ""video_type_category"": ""organic"", ""trim"": ""base""}]",enum_augment,1,[],youtube,1,1,1,,,,,"[""all_vw_golf_mk7""]","{""base"": 1}",1,base,0,False,"{""from_llm_year_phrase"": null, ""from_llm_year_parsed"": [], ""from_transcript_context"": [], ""from_source_video_titles"": [], ""from_engine_production_windows"": [], ""from_model_scope_window"": [""2013-2020""], ""window_source"": ""model_window"", ""content_combine_rule"": ""no_content"", ""confidence"": ""low"", ""fallback_window"": ""2013-2020"", ""fallback_window_source"": ""model_window""}",,organic,,,
ac_solenoid_valve_failure,Air conditioning solenoid valve failure,cooling,"[""2.0_TSI""]",,Poor AC performance with noise from engine bay.,,,,,"[{""video_id"": ""5XND3jWg3sc"", ""title"": ""Golf GTI buyers guide MK7 & MK7.5 (2013-2020) Avoid buying broken VW GTI with common faults (2.0TSI)"", ""channel"": ""The Miles Driven"", ""video_type_category"": ""list_format"", ""trim"": ""GTI""}]",enum_augment,1,[],youtube,1,1,1,"[{""engine"": ""2.0_TSI"", ""years"": ""2013-2020"", ""evidence_hits"": 1}]",,,,"[""golf_gti_mk7""]","{""GTI"": 1}",1,GTI,0,True,"{""from_llm_year_phrase"": null, ""from_llm_year_parsed"": [], ""from_transcript_context"": [""2013-2020""], ""from_source_video_titles"": [""2013-2020""], ""from_engine_production_windows"": [""2013-2020""], ""from_model_scope_window"": [""2013-2020""], ""window_source"": ""engine"", ""content_combine_rule"": ""intersect(regex_enrichment, title)"", ""confidence"": ""high"", ""triangulated"": ""2013-2020""}",2013-2020,list_format,,,
badge_boot_release_failure,Integrated badge boot release fails,body,[],,The integrated Volkswagen badge boot release can completely fail.,,,,,"[{""video_id"": ""igRBrdqctV4"", ""title"": ""Everything that goes WRONG with a USED Volkswagen Golf (MK7/7.5)"", ""channel"": ""ReDriven"", ""video_type_category"": ""organic"", ""trim"": ""base""}]",enum_augment,1,[],youtube,1,1,1,,,,,"[""all_vw_golf_mk7""]","{""base"": 1}",1,base,0,False,"{""from_llm_year_phrase"": null, ""from_llm_year_parsed"": [], ""from_transcript_context"": [], ""from_source_video_titles"": [], ""from_engine_production_windows"": [], ""from_model_scope_window"": [""2013-2020""], ""window_source"": ""model_window"", ""content_combine_rule"": ""no_content"", ""confidence"": ""low"", ""fallback_window"": ""2013-2020"", ""fallback_window_source"": ""model_window""}",,organic,,,
blower_motor_failure,HVAC blower motor failure,electrical,[],,Poor heater performance or weak fan speed on all settings.,,,,,"[{""video_id"": ""5XND3jWg3sc"", ""title"": ""Golf GTI buyers guide MK7 & MK7.5 (2013-2020) Avoid buying broken VW GTI with common faults (2.0TSI)"", ""channel"": ""The Miles Driven"", ""video_type_category"": ""list_format"", ""trim"": ""GTI""}]",enum_augment,1,[],youtube,1,1,1,"[{""engine"": ""2.0_TSI"", ""years"": ""2013-2020"", ""evidence_hits"": 1}]",,,,"[""golf_gti_mk7""]","{""GTI"": 1}",1,GTI,0,True,"{""from_llm_year_phrase"": null, ""from_llm_year_parsed"": [], ""from_transcript_context"": [""2013-2020""], ""from_source_video_titles"": [""2013-2020""], ""from_engine_production_windows"": [""2013-2020""], ""from_model_scope_window"": [""2013-2020""], ""window_source"": ""engine"", ""content_combine_rule"": ""intersect(regex_enrichment, title)"", ""confidence"": ""high"", ""triangulated"": ""2013-2020""}",2013-2020,list_format,"[""2.0_TSI""]","[""system_component=electrical is not engine-scoped; cleared affected_engines (original preserved in affected_engines_original).""]",
boot_wiring_loom_leak,Boot lid wiring loom leaks,body,[],,The boot lid wiring loom tube connectors can leak.,,,,,"[{""video_id"": ""igRBrdqctV4"", ""title"": ""Everything that goes WRONG with a USED Volkswagen Golf (MK7/7.5)"", ""channel"": ""ReDriven"", ""video_type_category"": ""organic"", ""trim"": ""base""}]",enum_augment,1,[],youtube,1,1,1,,,,,"[""all_vw_golf_mk7""]","{""base"": 1}",1,base,0,False,"{""from_llm_year_phrase"": null, ""from_llm_year_parsed"": [], ""from_transcript_context"": [], ""from_source_video_titles"": [], ""from_engine_production_windows"": [], ""from_model_scope_window"": [""2013-2020""], ""window_source"": ""model_window"", ""content_combine_rule"": ""no_content"", ""confidence"": ""low"", ""fallback_window"": ""2013-2020"", ""fallback_window_source"": ""model_window""}",,organic,,,
cam_magnet_failure,Camshaft magnet failure,engine,"[""2.0_TSI""]",,Both cam magnets were not controlling the camshafts properly.,,,,,"[{""video_id"": ""P4nQsN7zNcA"", ""title"": ""This Golf R Has A HUGE LIST OF PROBLEMS!"", ""channel"": ""Calvin's Car Diary"", ""video_type_category"": ""organic"", ""trim"": ""R""}]",enum_augment,1,[],youtube,1,1,1,,,,,"[""golf_r_mk7""]","{""R"": 1}",1,R,0,True,"{""from_llm_year_phrase"": null, ""from_llm_year_parsed"": [], ""from_transcript_context"": [], ""from_source_video_titles"": [], ""from_engine_production_windows"": [""2013-2020""], ""from_model_scope_window"": [""2013-2020""], ""window_source"": ""engine"", ""content_combine_rule"": ""no_content"", ""confidence"": ""low"", ""fallback_window"": ""2013-2020"", ""fallback_window_source"": ""engine""}",,organic,,,
clutch_at_power_limit,Clutch at factory power limit,gearbox,"[""2.0_TSI""]",,"Clutch wear or failure, especially with tuning.",,,,,"[{""video_id"": ""5XND3jWg3sc"", ""title"": ""Golf GTI buyers guide MK7 & MK7.5 (2013-2020) Avoid buying broken VW GTI with common faults (2.0TSI)"", ""channel"": ""The Miles Driven"", ""video_type_category"": ""list_format"", ""trim"": ""GTI""}]",enum_augment,1,[],youtube,1,1,1,"[{""engine"": ""2.0_TSI"", ""years"": ""2013-2020"", ""evidence_hits"": 1}]",,,,"[""golf_gti_mk7""]","{""GTI"": 1}",1,GTI,0,True,"{""from_llm_year_phrase"": null, ""from_llm_year_parsed"": [], ""from_transcript_context"": [""2013-2020""], ""from_source_video_titles"": [""2013-2020""], ""from_engine_production_windows"": [""2013-2020""], ""from_model_scope_window"": [""2013-2020""], ""window_source"": ""engine"", ""content_combine_rule"": ""intersect(regex_enrichment, title)"", ""confidence"": ""high"", ""triangulated"": ""2013-2020""}",2013-2020,list_format,,,
clutch_failure_under_power,Weak clutch under increased power,gearbox,"[""2.0_TSI""]",,The clutch is a weak link and generally needs to be replaced if the car is modified to make more power.,,,,,"[{""video_id"": ""PwzmaKYijOc"", ""title"": ""Volkswagen MK7 Golf GTI Buyer's Guide - Models, Engines, & Options"", ""channel"": ""FCP Euro"", ""video_type_category"": ""list_format"", ""trim"": ""GTI""}]",enum_augment,1,[],youtube,1,1,1,,,,,"[""golf_gti_mk7""]","{""GTI"": 1}",1,GTI,0,True,"{""from_llm_year_phrase"": null, ""from_llm_year_parsed"": [], ""from_transcript_context"": [], ""from_source_video_titles"": [], ""from_engine_production_windows"": [""2013-2020""], ""from_model_scope_window"": [""2013-2020""], ""window_source"": ""engine"", ""content_combine_rule"": ""no_content"", ""confidence"": ""low"", ""fallback_window"": ""2013-2020"", ""fallback_window_source"": ""engine""}",,list_format,,,
coolant_degradation_clogging,Coolant degradation and clogging,cooling,"[""1.6_TDI"", ""2.0_TDI""]",,Overheating issues and clogged heater core from degraded coolant.,,,,,"[{""video_id"": ""ce2WTs_uBos"", ""title"": ""VW Golf MK7 Issues of the Diesel Engines 2012-2020"", ""channel"": ""different car review"", ""video_type_category"": ""organic"", ""trim"": ""TDI""}]",enum_augment,1,[],youtube,1,1,1,,,,,"[""all_vw_golf_mk7""]","{""TDI"": 1}",1,TDI,0,False,"{""from_llm_year_phrase"": null, ""from_llm_year_parsed"": [], ""from_transcript_context"": [], ""from_source_video_titles"": [""2013-2020""], ""from_engine_production_windows"": [""2013-2020""], ""from_model_scope_window"": [""2013-2020""], ""window_source"": ""engine"", ""content_combine_rule"": ""title_only"", ""confidence"": ""medium"", ""triangulated"": ""2013-2020""}",2013-2020,organic,,,
cracked_brake_discs,Cracked front brake discs,brakes,[],,Front brake discs are cracked all the way around.,,,,,"[{""video_id"": ""P4nQsN7zNcA"", ""title"": ""This Golf R Has A HUGE LIST OF PROBLEMS!"", ""channel"": ""Calvin's Car Diary"", ""video_type_category"": ""organic"", ""trim"": ""R""}]",enum_augment,1,[],youtube,1,1,1,,,,,"[""golf_r_mk7""]","{""R"": 1}",1,R,0,True,"{""from_llm_year_phrase"": null, ""from_llm_year_parsed"": [], ""from_transcript_context"": [], ""from_source_video_titles"": [], ""from_engine_production_windows"": [""2013-2020""], ""from_model_scope_window"": [""2013-2020""], ""window_source"": ""engine"", ""content_combine_rule"": ""no_content"", ""confidence"": ""low"", ""fallback_window"": ""2013-2020"", ""fallback_window_source"": ""engine""}",,organic,"[""2.0_TSI""]","[""system_component=brakes is not engine-scoped; cleared affected_engines (original preserved in affected_engines_original).""]",
crank_walk_1_8_tsi_manual,Crank walk in manual 1.8 TSI,engine,"[""1.8_TSI""]",,Potential catastrophic engine failure due to undersized thrust bearings allowing crankshaft movement.,,,,,"[{""video_id"": ""4f1aVIA801g"", ""title"": ""VW Golf MK7 Issues of the Petrol Engines 2012-2020"", ""channel"": ""different car review"", ""video_type_category"": ""organic"", ""trim"": ""base""}]",enum_augment,1,[],youtube,1,1,1,,,,,"[""all_vw_golf_mk7""]","{""base"": 1}",1,base,0,False,"{""from_llm_year_phrase"": null, ""from_llm_year_parsed"": [], ""from_transcript_context"": [], ""from_source_video_titles"": [""2013-2020""], ""from_engine_production_windows"": [""2013-2020""], ""from_model_scope_window"": [""2013-2020""], ""window_source"": ""engine"", ""content_combine_rule"": ""title_only"", ""confidence"": ""medium"", ""triangulated"": ""2013-2020""}",2013-2020,organic,,,
dashboard_dust_cover_scratches,Dashboard dust cover scratches easily,body,[],,Dashboard dust cover is extremely prone to scratching.,,,,,"[{""video_id"": ""2X5bj2gX5z4"", ""title"": ""Common Problems of VW MK7 GTI"", ""channel"": ""Lucas Huang"", ""video_type_category"": ""list_format"", ""trim"": ""GTI""}]",enum_augment,1,[],youtube,1,1,1,,,,,"[""golf_gti_mk7""]","{""GTI"": 1}",1,GTI,0,True,"{""from_llm_year_phrase"": null, ""from_llm_year_parsed"": [], ""from_transcript_context"": [], ""from_source_video_titles"": [], ""from_engine_production_windows"": [], ""from_model_scope_window"": [""2013-2020""], ""window_source"": ""model_window"", ""content_combine_rule"": ""no_content"", ""confidence"": ""low"", ""fallback_window"": ""2013-2020"", ""fallback_window_source"": ""model_window""}",,list_format,,,
dpf_clogging_risk,DPF clogging from short trips,exhaust,"[""2.0_TDI""]",,The diesel particulate filter can clog if the engine is not properly warmed up through regular longer drives.,,,,,"[{""video_id"": ""TgPQe12d_sw"", ""title"": ""VW 2.0 TDi (2012 on) EA288 Did They Avoid Those Common Problems & All You Need To Know"", ""channel"": ""TorqueCars"", ""video_type_category"": ""list_format"", ""trim"": ""TDI""}]",enum_augment,1,[],youtube,1,1,1,"[{""engine"": ""2.0_TDI"", ""years"": ""2012"", ""evidence_hits"": 1}]",,,,"[""diesel_only""]","{""TDI"": 1}",1,TDI,0,False,"{""from_llm_year_phrase"": null, ""from_llm_year_parsed"": [], ""from_transcript_context"": [], ""from_source_video_titles"": [], ""from_engine_production_windows"": [""2013-2020""], ""from_model_scope_window"": [""2013-2020""], ""window_source"": ""engine"", ""content_combine_rule"": ""no_content"", ""confidence"": ""low"", ""fallback_window"": ""2013-2020"", ""fallback_window_source"": ""engine""}",,list_format,,,
dsg_gear_selector_issue,DSG gear selector issue,gearbox,"[""2.0_TSI""]",,Gear selector fault flashes on dash when moving out of park.,,,,,"[{""video_id"": ""2JvUhYwgEGM"", ""title"": ""MK7 VW GOLF R BUYERS GUIDE : DO NOT BUY Without Watching This!"", ""channel"": ""Scottish Car Clan"", ""video_type_category"": ""list_format"", ""trim"": ""R""}]",enum_augment,1,[],youtube,1,1,1,,,,,"[""golf_r_mk7""]","{""R"": 1}",1,R,0,True,"{""from_llm_year_phrase"": null, ""from_llm_year_parsed"": [], ""from_transcript_context"": [], ""from_source_video_titles"": [], ""from_engine_production_windows"": [""2013-2020""], ""from_model_scope_window"": [""2013-2020""], ""window_source"": ""engine"", ""content_combine_rule"": ""no_content"", ""confidence"": ""low"", ""fallback_window"": ""2013-2020"", ""fallback_window_source"": ""engine""}",,list_format,,,
dsg_mechatronic_failure,DSG mechatronic unit failures,gearbox,"[""1.4_TSI"", ""2.0_TDI""]",,DSG transmissions can have clutch and mechatronics issues that are expensive to fix.,Mechatronic unit failure,Replace mechatronic unit and/or clutch pack,high,high,"[{""video_id"": ""igRBrdqctV4"", ""title"": ""Everything that goes WRONG with a USED Volkswagen Golf (MK7/7.5)"", ""channel"": ""ReDriven"", ""video_type_category"": ""organic"", ""trim"": ""base""}]",2002,1,"[""mechatronic"", ""mechatronics""]",youtube,1,1,1,,,,,"[""all_vw_golf_mk7""]","{""base"": 1}",1,base,0,False,"{""from_llm_year_phrase"": null, ""from_llm_year_parsed"": [], ""from_transcript_context"": [], ""from_source_video_titles"": [], ""from_engine_production_windows"": [""2013-2020""], ""from_model_scope_window"": [""2013-2020""], ""window_source"": ""engine"", ""content_combine_rule"": ""no_content"", ""confidence"": ""low"", ""fallback_window"": ""2013-2020"", ""fallback_window_source"": ""engine""}",,,,,
dual_mass_flywheel_failure,Dual mass flywheel failure,gearbox,"[""2.0_TDI""]",,"The dual mass flywheel can fail at very high mileage (200k+ miles), causing noises and vibration from the transmission.",,,,,"[{""video_id"": ""TgPQe12d_sw"", ""title"": ""VW 2.0 TDi (2012 on) EA288 Did They Avoid Those Common Problems & All You Need To Know"", ""channel"": ""TorqueCars"", ""video_type_category"": ""list_format"", ""trim"": ""TDI""}]",enum_augment,1,[],youtube,1,1,1,"[{""engine"": ""2.0_TDI"", ""years"": ""2012"", ""evidence_hits"": 1}]",,,,"[""all_vw_golf_mk7""]","{""TDI"": 1}",1,TDI,0,False,"{""from_llm_year_phrase"": null, ""from_llm_year_parsed"": [], ""from_transcript_context"": [], ""from_source_video_titles"": [], ""from_engine_production_windows"": [""2013-2020""], ""from_model_scope_window"": [""2013-2020""], ""window_source"": ""engine"", ""content_combine_rule"": ""no_content"", ""confidence"": ""low"", ""fallback_window"": ""2013-2020"", ""fallback_window_source"": ""engine""}",,list_format,,,
early_turbo_failure,Early turbo prone to blowing,engine,"[""2.0_TSI""]",early 2015 models,Turbocharger failure or blowing up.,,,,,"[{""video_id"": ""2X5bj2gX5z4"", ""title"": ""Common Problems of VW MK7 GTI"", ""channel"": ""Lucas Huang"", ""video_type_category"": ""list_format"", ""trim"": ""GTI""}]",enum_augment,1,[],youtube,1,1,1,,,,,"[""golf_gti_mk7""]","{""GTI"": 1}",1,GTI,0,True,"{""from_llm_year_phrase"": ""early 2015 models"", ""from_llm_year_parsed"": [""2015""], ""from_transcript_context"": [], ""from_source_video_titles"": [], ""from_engine_production_windows"": [""2013-2020""], ""from_model_scope_window"": [""2013-2020""], ""window_source"": ""engine"", ""content_combine_rule"": ""llm_phrase_only"", ""confidence"": ""medium"", ""triangulated"": ""2015""}",2015,list_format,,,
egr_cooler_clogging,EGR cooler clogging,exhaust,"[""2.0_TDI""]",,"The EGR cooler can clog up at high mileage, causing rough running, warning lights, and error codes.",,,,,"[{""video_id"": ""TgPQe12d_sw"", ""title"": ""VW 2.0 TDi (2012 on) EA288 Did They Avoid Those Common Problems & All You Need To Know"", ""channel"": ""TorqueCars"", ""video_type_category"": ""list_format"", ""trim"": ""TDI""}]",enum_augment,1,[],youtube,1,1,1,"[{""engine"": ""2.0_TDI"", ""years"": ""2012"", ""evidence_hits"": 1}]",,,,"[""all_vw_golf_mk7""]","{""TDI"": 1}",1,TDI,0,False,"{""from_llm_year_phrase"": null, ""from_llm_year_parsed"": [], ""from_transcript_context"": [], ""from_source_video_titles"": [], ""from_engine_production_windows"": [""2013-2020""], ""from_model_scope_window"": [""2013-2020""], ""window_source"": ""engine"", ""content_combine_rule"": ""no_content"", ""confidence"": ""low"", ""fallback_window"": ""2013-2020"", ""fallback_window_source"": ""engine""}",,list_format,,,
excessive_oil_consumption_1_2_1_4_tsi,Excessive oil consumption,engine,"[""1.2_TSI"", ""1.4_TSI""]",made to mid-2014 plus the weakest 1.2 liter TSI made to 2017,"Engine consumes excessive amounts of oil, typically appearing after 100,000 km or later.",,,,,"[{""video_id"": ""4f1aVIA801g"", ""title"": ""VW Golf MK7 Issues of the Petrol Engines 2012-2020"", ""channel"": ""different car review"", ""video_type_category"": ""organic"", ""trim"": ""base""}]",enum_augment,1,[],youtube,1,1,1,"[{""engine"": ""1.2_TSI"", ""years"": ""2014-2017"", ""evidence_hits"": 3, ""pre_years"": [2014, 2017]}, {""engine"": ""1.4_TSI"", ""years"": ""2014-2017"", ""evidence_hits"": 4, ""pre_years"": [2014, 2017]}]",,,,"[""all_vw_golf_mk7""]","{""base"": 1}",1,base,0,False,"{""from_llm_year_phrase"": ""made to mid-2014 plus the weakest 1.2 liter TSI made to 2017"", ""from_llm_year_parsed"": [""2013-2017""], ""from_transcript_context"": [""2013-2014""], ""from_source_video_titles"": [""2013-2020""], ""from_engine_production_windows"": [""2013-2020""], ""from_model_scope_window"": [""2013-2020""], ""window_source"": ""engine"", ""content_combine_rule"": ""intersect(llm_phrase, title)"", ""confidence"": ""high"", ""triangulated"": ""2013-2017""}",2013-2017,organic,,,
front_crankshaft_seal_leak,Front crankshaft seal oil leak,engine,"[""1.6_TDI"", ""2.0_TDI""]",,Oil leak from the front crankshaft seal on the timing belt side.,,,,,"[{""video_id"": ""ce2WTs_uBos"", ""title"": ""VW Golf MK7 Issues of the Diesel Engines 2012-2020"", ""channel"": ""different car review"", ""video_type_category"": ""organic"", ""trim"": ""TDI""}]",enum_augment,1,[],youtube,1,1,1,,,,,"[""all_vw_golf_mk7""]","{""TDI"": 1}",1,TDI,0,False,"{""from_llm_year_phrase"": null, ""from_llm_year_parsed"": [], ""from_transcript_context"": [], ""from_source_video_titles"": [""2013-2020""], ""from_engine_production_windows"": [""2013-2020""], ""from_model_scope_window"": [""2013-2020""], ""window_source"": ""engine"", ""content_combine_rule"": ""title_only"", ""confidence"": ""medium"", ""triangulated"": ""2013-2020""}",2013-2020,organic,,,
front_top_mount_wear,Front top mount wear,suspension,[],,Worn front top mounts or top mount bearings causing creaking or knocking noises.,,,,,"[{""video_id"": ""2JvUhYwgEGM"", ""title"": ""MK7 VW GOLF R BUYERS GUIDE : DO NOT BUY Without Watching This!"", ""channel"": ""Scottish Car Clan"", ""video_type_category"": ""list_format"", ""trim"": ""R""}]",enum_augment,1,[],youtube,1,1,1,,,,,"[""golf_r_mk7""]","{""R"": 1}",1,R,0,True,"{""from_llm_year_phrase"": null, ""from_llm_year_parsed"": [], ""from_transcript_context"": [], ""from_source_video_titles"": [], ""from_engine_production_windows"": [""2013-2020""], ""from_model_scope_window"": [""2013-2020""], ""window_source"": ""engine"", ""content_combine_rule"": ""no_content"", ""confidence"": ""low"", ""fallback_window"": ""2013-2020"", ""fallback_window_source"": ""engine""}",,list_format,"[""2.0_TSI""]","[""system_component=suspension is not engine-scoped; cleared affected_engines (original preserved in affected_engines_original).""]",
fuel_filler_cap_stuck,Fuel filler cap stuck closed,body,[],,"The fuel filler cap gets stuck closed, sometimes due to actuator issues or plastic binding.",,,,,"[{""video_id"": ""igRBrdqctV4"", ""title"": ""Everything that goes WRONG with a USED Volkswagen Golf (MK7/7.5)"", ""channel"": ""ReDriven"", ""video_type_category"": ""organic"", ""trim"": ""base""}]",enum_augment,1,[],youtube,1,1,1,,,,,"[""all_vw_golf_mk7""]","{""base"": 1}",1,base,0,False,"{""from_llm_year_phrase"": null, ""from_llm_year_parsed"": [], ""from_transcript_context"": [], ""from_source_video_titles"": [], ""from_engine_production_windows"": [], ""from_model_scope_window"": [""2013-2020""], ""window_source"": ""model_window"", ""content_combine_rule"": ""no_content"", ""confidence"": ""low"", ""fallback_window"": ""2013-2020"", ""fallback_window_source"": ""model_window""}",,organic,,,
fuel_flap_lock_sticky,Fuel flap lock sticky,body,[],,"Fuel flap lock is sticky and may not open correctly, requiring lubrication or new actuator.",,,,,"[{""video_id"": ""2JvUhYwgEGM"", ""title"": ""MK7 VW GOLF R BUYERS GUIDE : DO NOT BUY Without Watching This!"", ""channel"": ""Scottish Car Clan"", ""video_type_category"": ""list_format"", ""trim"": ""R""}]",enum_augment,1,[],youtube,1,1,1,,,,,"[""golf_r_mk7""]","{""R"": 1}",1,R,0,True,"{""from_llm_year_phrase"": null, ""from_llm_year_parsed"": [], ""from_transcript_context"": [], ""from_source_video_titles"": [], ""from_engine_production_windows"": [""2013-2020""], ""from_model_scope_window"": [""2013-2020""], ""window_source"": ""engine"", ""content_combine_rule"": ""no_content"", ""confidence"": ""low"", ""fallback_window"": ""2013-2020"", ""fallback_window_source"": ""engine""}",,list_format,"[""2.0_TSI""]","[""system_component=body is not engine-scoped; cleared affected_engines (original preserved in affected_engines_original).""]",
fuel_injector_deterioration,Aging high-pressure fuel injectors,fuel,"[""2.0_TDI""]",,"Injectors deteriorate with age and high mileage, leading to power loss or rough running.",,,,,"[{""video_id"": ""TgPQe12d_sw"", ""title"": ""VW 2.0 TDi (2012 on) EA288 Did They Avoid Those Common Problems & All You Need To Know"", ""channel"": ""TorqueCars"", ""video_type_category"": ""list_format"", ""trim"": ""TDI""}]",enum_augment,1,[],youtube,1,1,1,"[{""engine"": ""2.0_TDI"", ""years"": ""2012"", ""evidence_hits"": 1}]",,,,"[""all_vw_golf_mk7""]","{""TDI"": 1}",1,TDI,0,False,"{""from_llm_year_phrase"": null, ""from_llm_year_parsed"": [], ""from_transcript_context"": [], ""from_source_video_titles"": [], ""from_engine_production_windows"": [""2013-2020""], ""from_model_scope_window"": [""2013-2020""], ""window_source"": ""engine"", ""content_combine_rule"": ""no_content"", ""confidence"": ""low"", ""fallback_window"": ""2013-2020"", ""fallback_window_source"": ""engine""}",,list_format,,,
fuel_injector_stuck_open,Fuel injectors sticking open,fuel,"[""2.0_TSI""]",,"Fuel injectors can get stuck open, flooding the engine with fuel and leaving the car stranded.",,,,,"[{""video_id"": ""UaYN_JlMb48"", ""title"": ""MK7 Volkswagen GTI - Common Problems"", ""channel"": ""CashedOutCars"", ""video_type_category"": ""list_format"", ""trim"": ""GTI""}]",enum_augment,1,[],youtube,1,1,1,,,,,"[""golf_gti_mk7""]","{""GTI"": 1}",1,GTI,0,True,"{""from_llm_year_phrase"": null, ""from_llm_year_parsed"": [], ""from_transcript_context"": [], ""from_source_video_titles"": [], ""from_engine_production_windows"": [""2013-2020""], ""from_model_scope_window"": [""2013-2020""], ""window_source"": ""engine"", ""content_combine_rule"": ""no_content"", ""confidence"": ""low"", ""fallback_window"": ""2013-2020"", ""fallback_window_source"": ""engine""}",,list_format,,,
fuel_pump_failure_early_models,Fuel pump failure on early cars,fuel,"[""2.0_TSI""]",2015,"The fuel pump fails due to improper plating of components, causing the car to die.",,,,,"[{""video_id"": ""UaYN_JlMb48"", ""title"": ""MK7 Volkswagen GTI - Common Problems"", ""channel"": ""CashedOutCars"", ""video_type_category"": ""list_format"", ""trim"": ""GTI""}]",enum_augment,1,[],youtube,1,1,1,,,,,"[""golf_gti_mk7""]","{""GTI"": 1}",1,GTI,0,True,"{""from_llm_year_phrase"": ""2015"", ""from_llm_year_parsed"": [""2015""], ""from_transcript_context"": [], ""from_source_video_titles"": [], ""from_engine_production_windows"": [""2013-2020""], ""from_model_scope_window"": [""2013-2020""], ""window_source"": ""engine"", ""content_combine_rule"": ""llm_phrase_only"", ""confidence"": ""medium"", ""triangulated"": ""2015""}",2015,list_format,,,
general_electrical_gremlins,Renowned for electronic gremlins,electrical,[],,The cars are renowned for electronics doing weird things independently of water damage.,,,,,"[{""video_id"": ""igRBrdqctV4"", ""title"": ""Everything that goes WRONG with a USED Volkswagen Golf (MK7/7.5)"", ""channel"": ""ReDriven"", ""video_type_category"": ""organic"", ""trim"": ""base""}]",enum_augment,1,[],youtube,1,1,1,,,,,"[""all_vw_golf_mk7""]","{""base"": 1}",1,base,0,False,"{""from_llm_year_phrase"": null, ""from_llm_year_parsed"": [], ""from_transcript_context"": [], ""from_source_video_titles"": [], ""from_engine_production_windows"": [], ""from_model_scope_window"": [""2013-2020""], ""window_source"": ""model_window"", ""content_combine_rule"": ""no_content"", ""confidence"": ""low"", ""fallback_window"": ""2013-2020"", ""fallback_window_source"": ""model_window""}",,organic,,,
haldex_system_failure,Haldex system failure,other,[],,"Loss of rear-wheel drive, front wheels spin without rear assistance, especially in wet conditions.",,,,,"[{""video_id"": ""2JvUhYwgEGM"", ""title"": ""MK7 VW GOLF R BUYERS GUIDE : DO NOT BUY Without Watching This!"", ""channel"": ""Scottish Car Clan"", ""video_type_category"": ""list_format"", ""trim"": ""R""}]",enum_augment,1,[],youtube,1,1,1,,,,,"[""golf_r_mk7""]","{""R"": 1}",1,R,0,True,"{""from_llm_year_phrase"": null, ""from_llm_year_parsed"": [], ""from_transcript_context"": [], ""from_source_video_titles"": [], ""from_engine_production_windows"": [""2013-2020""], ""from_model_scope_window"": [""2013-2020""], ""window_source"": ""engine"", ""content_combine_rule"": ""no_content"", ""confidence"": ""low"", ""fallback_window"": ""2013-2020"", ""fallback_window_source"": ""engine""}",,list_format,"[""2.0_TSI""]","[""system_component=other is not engine-scoped; cleared affected_engines (original preserved in affected_engines_original).""]",
high_mileage_oil_consumption,High mileage oil consumption,engine,"[""1.5_TSI""]",,"Engine consumes oil after hitting approximately 100,000 miles or 150,000 kilometers.",,,,,"[{""video_id"": ""ex_jlHto57E"", ""title"": ""Volkswagen’s 1.5 TSI engine: Common problems and advantages"", ""channel"": ""Dmitry Sapko"", ""video_type_category"": ""list_format"", ""trim"": ""base""}]",enum_augment,1,[],youtube,1,1,1,"[{""engine"": ""1.5_TSI"", ""years"": ""2014-2024"", ""evidence_hits"": 6}]",,,,"[""all_vw_golf_mk7""]","{""base"": 1}",1,base,0,False,"{""from_llm_year_phrase"": null, ""from_llm_year_parsed"": [], ""from_transcript_context"": [""2014-2020""], ""from_source_video_titles"": [], ""from_engine_production_windows"": [""2017-2020""], ""from_model_scope_window"": [""2017-2020""], ""window_source"": ""engine"", ""content_combine_rule"": ""regex_enrichment_only"", ""confidence"": ""medium"", ""triangulated"": ""2017-2020""}",2017-2020,list_format,,,
kangaroo_effect,Kangaroo effect on manual gearbox,engine,"[""1.5_TSI""]",from the very beginning of its life and up to model year 2024,Engine may suddenly lower RPMs and nearly stall when starting in first gear with a manual transmission.,,,,,"[{""video_id"": ""ex_jlHto57E"", ""title"": ""Volkswagen’s 1.5 TSI engine: Common problems and advantages"", ""channel"": ""Dmitry Sapko"", ""video_type_category"": ""list_format"", ""trim"": ""base""}]",enum_augment,1,[],youtube,1,1,1,"[{""engine"": ""1.5_TSI"", ""years"": ""2014-2024"", ""evidence_hits"": 6}]",,,,"[""all_vw_golf_mk7""]","{""base"": 1}",1,base,0,False,"{""from_llm_year_phrase"": ""from the very beginning of its life and up to model year 2024"", ""from_llm_year_parsed"": [], ""from_transcript_context"": [""2014-2020""], ""from_source_video_titles"": [], ""from_engine_production_windows"": [""2017-2020""], ""from_model_scope_window"": [""2017-2020""], ""window_source"": ""engine"", ""content_combine_rule"": ""regex_enrichment_only"", ""confidence"": ""medium"", ""triangulated"": ""2017-2020""}",2017-2020,list_format,,,
key_fob_battery_depletion,"Key fob battery dead, car won't open/start",electrical,[],,"The car won't open or start due to a dead key fob battery, often after ignoring a low battery warning.",Battery depletion in the key fob over time.,Replace key fob battery or use manual key slot in door handle and hold fob near start button to start car.,high,high,"[{""video_id"": ""wIKS8wlgu9I"", ""title"": ""VW Golf GTD - hidden features and ONE that could get you out of trouble!"", ""channel"": ""Mike Reports"", ""video_type_category"": ""organic"", ""trim"": ""GTD""}]",6,9,"[""key"", ""open"", ""key fob"", ""windows"", ""fob"", ""pad"", ""close"", ""open close"", ""hold"", ""start""]",youtube,1,1,1,,[],low,"[""key_fob_battery_depletion"", ""key_fob_battery_failure""]","[""all_vw_golf_mk7""]","{""GTD"": 1}",1,GTD,0,False,"{""from_llm_year_phrase"": null, ""from_llm_year_parsed"": [], ""from_transcript_context"": [], ""from_source_video_titles"": [], ""from_engine_production_windows"": [], ""from_model_scope_window"": [""2013-2020""], ""window_source"": ""model_window"", ""content_combine_rule"": ""no_content"", ""confidence"": ""low"", ""fallback_window"": ""2013-2020"", ""fallback_window_source"": ""model_window""}",,,,,
low_octane_fuel_knocking,Knocking with low octane fuel,fuel,"[""1.5_TSI""]",,Using fuel with an octane rating lower than 95 may cause slight knocking and loss of power.,,,,,"[{""video_id"": ""ex_jlHto57E"", ""title"": ""Volkswagen’s 1.5 TSI engine: Common problems and advantages"", ""channel"": ""Dmitry Sapko"", ""video_type_category"": ""list_format"", ""trim"": ""base""}]",enum_augment,1,[],youtube,1,1,1,"[{""engine"": ""1.5_TSI"", ""years"": ""2014-2024"", ""evidence_hits"": 6}]",,,,"[""all_vw_golf_mk7""]","{""base"": 1}",1,base,0,False,"{""from_llm_year_phrase"": null, ""from_llm_year_parsed"": [], ""from_transcript_context"": [""2014-2020""], ""from_source_video_titles"": [], ""from_engine_production_windows"": [""2017-2020""], ""from_model_scope_window"": [""2017-2020""], ""window_source"": ""engine"", ""content_combine_rule"": ""regex_enrichment_only"", ""confidence"": ""medium"", ""triangulated"": ""2017-2020""}",2017-2020,list_format,,,
low_profile_tyre_pothole_impact,low profile tyre pothole impact,suspension,[],,Drivers experience a harsh 'bang' and discomfort when hitting potholes with low-profile tyres on standard 18” Nogaro alloys.,"Low-profile tyres on large alloy wheels reduce sidewall flexibility, transmitting more impact force from road imperfections.",Switch to tyres with higher sidewalls or smaller wheels to improve ride comfort and reduce impact damage risk.,high,high,"[{""video_id"": ""0KBFyZcZ_Cc"", ""title"": ""VW Golf GTD Review - after 8 years is it still any good?"", ""channel"": ""Mike Reports"", ""video_type_category"": ""organic"", ""trim"": ""GTD""}]",18,5,"[""tyre"", ""pothole"", ""wear"", ""hit"", ""wheels"", ""ive"", ""70000 miles"", ""nogaro alloys"", ""road noise"", ""nogaro""]",youtube,1,1,1,,,,,"[""all_vw_golf_mk7""]","{""GTD"": 1}",1,GTD,0,False,"{""from_llm_year_phrase"": null, ""from_llm_year_parsed"": [], ""from_transcript_context"": [], ""from_source_video_titles"": [], ""from_engine_production_windows"": [], ""from_model_scope_window"": [""2013-2020""], ""window_source"": ""model_window"", ""content_combine_rule"": ""no_content"", ""confidence"": ""low"", ""fallback_window"": ""2013-2020"", ""fallback_window_source"": ""model_window""}",,,,,
manual_clutch_slip,Manual clutch slip/failure,gearbox,"[""2.0_TSI""]",,"Clutch slips or shreds, even with standard power, requiring replacement.",,,,,"[{""video_id"": ""2JvUhYwgEGM"", ""title"": ""MK7 VW GOLF R BUYERS GUIDE : DO NOT BUY Without Watching This!"", ""channel"": ""Scottish Car Clan"", ""video_type_category"": ""list_format"", ""trim"": ""R""}]",enum_augment,1,[],youtube,1,1,1,,,,,"[""golf_r_mk7""]","{""R"": 1}",1,R,0,True,"{""from_llm_year_phrase"": null, ""from_llm_year_parsed"": [], ""from_transcript_context"": [], ""from_source_video_titles"": [], ""from_engine_production_windows"": [""2013-2020""], ""from_model_scope_window"": [""2013-2020""], ""window_source"": ""engine"", ""content_combine_rule"": ""no_content"", ""confidence"": ""low"", ""fallback_window"": ""2013-2020"", ""fallback_window_source"": ""engine""}",,list_format,,,
mirror_glass_detachment,Side mirror glass falls out,body,[],,"The glass of the side mirror can come loose, vibrate, and eventually fall out.",,,,,"[{""video_id"": ""igRBrdqctV4"", ""title"": ""Everything that goes WRONG with a USED Volkswagen Golf (MK7/7.5)"", ""channel"": ""ReDriven"", ""video_type_category"": ""organic"", ""trim"": ""base""}]",enum_augment,1,[],youtube,1,1,1,,,,,"[""all_vw_golf_mk7""]","{""base"": 1}",1,base,0,False,"{""from_llm_year_phrase"": null, ""from_llm_year_parsed"": [], ""from_transcript_context"": [], ""from_source_video_titles"": [], ""from_engine_production_windows"": [], ""from_model_scope_window"": [""2013-2020""], ""window_source"": ""model_window"", ""content_combine_rule"": ""no_content"", ""confidence"": ""low"", ""fallback_window"": ""2013-2020"", ""fallback_window_source"": ""model_window""}",,organic,,,
mk7_paint_durability,Mark 7 paint less resilient,body,[],,The paint on the Mark 7 is reportedly nowhere near as resilient as the paint on the Mark 6.,,,,,"[{""video_id"": ""igRBrdqctV4"", ""title"": ""Everything that goes WRONG with a USED Volkswagen Golf (MK7/7.5)"", ""channel"": ""ReDriven"", ""video_type_category"": ""organic"", ""trim"": ""base""}]",enum_augment,1,[],youtube,1,1,1,,,,,"[""all_vw_golf_mk7""]","{""base"": 1}",1,base,0,False,"{""from_llm_year_phrase"": null, ""from_llm_year_parsed"": [], ""from_transcript_context"": [], ""from_source_video_titles"": [], ""from_engine_production_windows"": [], ""from_model_scope_window"": [""2013-2020""], ""window_source"": ""model_window"", ""content_combine_rule"": ""no_content"", ""confidence"": ""low"", ""fallback_window"": ""2013-2020"", ""fallback_window_source"": ""model_window""}",,organic,,,
oil_cap_seal_leak,Oil cap seal leak,engine,"[""1.8_TSI"", ""2.0_TSI""]",,"Oil mist or residue around the oil cap, indicating a poor seal that can spray oil under certain conditions.",,,,,"[{""video_id"": ""zoSbJVeqdnQ"", ""title"": ""Finding Problems on a Used MK7 | Inspection Video"", ""channel"": ""Deutsche Auto Parts"", ""video_type_category"": ""organic"", ""trim"": ""base""}]",enum_augment,1,[],youtube,1,1,1,,,,,"[""all_vw_golf_mk7""]","{""base"": 1}",1,base,0,False,"{""from_llm_year_phrase"": null, ""from_llm_year_parsed"": [], ""from_transcript_context"": [], ""from_source_video_titles"": [], ""from_engine_production_windows"": [""2013-2020""], ""from_model_scope_window"": [""2013-2020""], ""window_source"": ""engine"", ""content_combine_rule"": ""no_content"", ""confidence"": ""low"", ""fallback_window"": ""2013-2020"", ""fallback_window_source"": ""engine""}",,organic,,,
oil_pump_belt_disintegration,Oil pump belt disintegration,engine,"[""1.6_TDI"", ""2.0_TDI""]",,Lower oil pressure due to belt particles clogging the oil strainer.,,,,,"[{""video_id"": ""ce2WTs_uBos"", ""title"": ""VW Golf MK7 Issues of the Diesel Engines 2012-2020"", ""channel"": ""different car review"", ""video_type_category"": ""organic"", ""trim"": ""TDI""}]",enum_augment,1,[],youtube,1,1,1,,,,,"[""all_vw_golf_mk7""]","{""TDI"": 1}",1,TDI,0,False,"{""from_llm_year_phrase"": null, ""from_llm_year_parsed"": [], ""from_transcript_context"": [], ""from_source_video_titles"": [""2013-2020""], ""from_engine_production_windows"": [""2013-2020""], ""from_model_scope_window"": [""2013-2020""], ""window_source"": ""engine"", ""content_combine_rule"": ""title_only"", ""confidence"": ""medium"", ""triangulated"": ""2013-2020""}",2013-2020,organic,,,
plastic_oil_pan_concern_1_8_tsi,Plastic oil pan aging concern,engine,"[""1.8_TSI""]",,Potential for future oil leaks as the plastic oil pan ages and becomes brittle.,,,,,"[{""video_id"": ""4f1aVIA801g"", ""title"": ""VW Golf MK7 Issues of the Petrol Engines 2012-2020"", ""channel"": ""different car review"", ""video_type_category"": ""organic"", ""trim"": ""base""}]",enum_augment,1,[],youtube,1,1,1,,,,,"[""all_vw_golf_mk7""]","{""base"": 1}",1,base,0,False,"{""from_llm_year_phrase"": null, ""from_llm_year_parsed"": [], ""from_transcript_context"": [], ""from_source_video_titles"": [""2013-2020""], ""from_engine_production_windows"": [""2013-2020""], ""from_model_scope_window"": [""2013-2020""], ""window_source"": ""engine"", ""content_combine_rule"": ""title_only"", ""confidence"": ""medium"", ""triangulated"": ""2013-2020""}",2013-2020,organic,,,
plastic_oil_pan_cracking,Plastic oil pan cracking,engine,"[""2.0_TSI""]",,"Oil pan cracks easily, leading to oil leaks.",,,,,"[{""video_id"": ""2X5bj2gX5z4"", ""title"": ""Common Problems of VW MK7 GTI"", ""channel"": ""Lucas Huang"", ""video_type_category"": ""list_format"", ""trim"": ""GTI""}]",enum_augment,1,[],youtube,1,1,1,,,,,"[""golf_gti_mk7""]","{""GTI"": 1}",1,GTI,0,True,"{""from_llm_year_phrase"": null, ""from_llm_year_parsed"": [], ""from_transcript_context"": [], ""from_source_video_titles"": [], ""from_engine_production_windows"": [""2013-2020""], ""from_model_scope_window"": [""2013-2020""], ""window_source"": ""engine"", ""content_combine_rule"": ""no_content"", ""confidence"": ""low"", ""fallback_window"": ""2013-2020"", ""fallback_window_source"": ""engine""}",,list_format,,,
plastic_oil_pan_plug_leak,Plastic oil pan/drain plug leak,engine,"[""2.0_TSI""]",,"Oil leaks from the oil pan area, potentially requiring pan replacement.",Plastic oil pan and drain plug deteriorate with heat cycling; plastic plug must not be reused.,Replace plastic drain plug after every oil change; replace oil pan if leaking.,medium,medium,"[{""video_id"": ""5XND3jWg3sc"", ""title"": ""Golf GTI buyers guide MK7 & MK7.5 (2013-2020) Avoid buying broken VW GTI with common faults (2.0TSI)"", ""channel"": ""The Miles Driven"", ""video_type_category"": ""list_format"", ""trim"": ""GTI""}]",22,4,"[""plastic"", ""reused"", ""pan"", ""plug"", ""oil"", ""owners"", ""pans"", ""oil pans"", ""edge"", ""report need""]",youtube,1,1,1,"[{""engine"": ""2.0_TSI"", ""years"": ""2013-2020"", ""evidence_hits"": 1}]",[],low,,"[""golf_gti_mk7""]","{""GTI"": 1}",1,GTI,0,True,"{""from_llm_year_phrase"": null, ""from_llm_year_parsed"": [], ""from_transcript_context"": [""2013-2020""], ""from_source_video_titles"": [""2013-2020""], ""from_engine_production_windows"": [""2013-2020""], ""from_model_scope_window"": [""2013-2020""], ""window_source"": ""engine"", ""content_combine_rule"": ""intersect(regex_enrichment, title)"", ""confidence"": ""high"", ""triangulated"": ""2013-2020""}",2013-2020,,,,"[""1.0_TSI"", ""1.2_TSI"", ""1.4_TSI"", ""1.5_TSI"", ""1.6_TDI"", ""2.0_TDI"", ""2.0_TSI""]"
prets_wheel_cracking,Prets wheel cracking/buckling,body,[],,Standard 19-inch Prets wheels are susceptible to cracking or buckling.,,,,,"[{""video_id"": ""2JvUhYwgEGM"", ""title"": ""MK7 VW GOLF R BUYERS GUIDE : DO NOT BUY Without Watching This!"", ""channel"": ""Scottish Car Clan"", ""video_type_category"": ""list_format"", ""trim"": ""R""}]",enum_augment,1,[],youtube,1,1,1,,,,,"[""golf_r_mk7""]","{""R"": 1}",1,R,0,True,"{""from_llm_year_phrase"": null, ""from_llm_year_parsed"": [], ""from_transcript_context"": [], ""from_source_video_titles"": [], ""from_engine_production_windows"": [""2013-2020""], ""from_model_scope_window"": [""2013-2020""], ""window_source"": ""engine"", ""content_combine_rule"": ""no_content"", ""confidence"": ""low"", ""fallback_window"": ""2013-2020"", ""fallback_window_source"": ""engine""}",,list_format,"[""2.0_TSI""]","[""system_component=body is not engine-scoped; cleared affected_engines (original preserved in affected_engines_original).""]",
rain_x_sensor_fouling,Rain-X fouls washer fluid sensor,electrical,[],,Windshield washer fluid sensor gives false low-level readings.,,,,,"[{""video_id"": ""2X5bj2gX5z4"", ""title"": ""Common Problems of VW MK7 GTI"", ""channel"": ""Lucas Huang"", ""video_type_category"": ""list_format"", ""trim"": ""GTI""}]",enum_augment,1,[],youtube,1,1,1,,,,,"[""golf_gti_mk7""]","{""GTI"": 1}",1,GTI,0,True,"{""from_llm_year_phrase"": null, ""from_llm_year_parsed"": [], ""from_transcript_context"": [], ""from_source_video_titles"": [], ""from_engine_production_windows"": [], ""from_model_scope_window"": [""2013-2020""], ""window_source"": ""model_window"", ""content_combine_rule"": ""no_content"", ""confidence"": ""low"", ""fallback_window"": ""2013-2020"", ""fallback_window_source"": ""model_window""}",,list_format,,,
rear_badge_drain_tube_disconnect,Rear badge drain tube dislodges,body,[],,"The rear badge drain tube can dislodge, causing water leaks into the boot.",,,,,"[{""video_id"": ""igRBrdqctV4"", ""title"": ""Everything that goes WRONG with a USED Volkswagen Golf (MK7/7.5)"", ""channel"": ""ReDriven"", ""video_type_category"": ""organic"", ""trim"": ""base""}]",enum_augment,1,[],youtube,1,1,1,,,,,"[""all_vw_golf_mk7""]","{""base"": 1}",1,base,0,False,"{""from_llm_year_phrase"": null, ""from_llm_year_parsed"": [], ""from_transcript_context"": [], ""from_source_video_titles"": [], ""from_engine_production_windows"": [], ""from_model_scope_window"": [""2013-2020""], ""window_source"": ""model_window"", ""content_combine_rule"": ""no_content"", ""confidence"": ""low"", ""fallback_window"": ""2013-2020"", ""fallback_window_source"": ""model_window""}",,organic,,,
rear_bumper_fence_leak,Rear bumper plastic fence leaks,body,[],,The rear side plastic fence behind the bumper can leak into the boot and spare tire area.,,,,,"[{""video_id"": ""igRBrdqctV4"", ""title"": ""Everything that goes WRONG with a USED Volkswagen Golf (MK7/7.5)"", ""channel"": ""ReDriven"", ""video_type_category"": ""organic"", ""trim"": ""base""}]",enum_augment,1,[],youtube,1,1,1,,,,,"[""all_vw_golf_mk7""]","{""base"": 1}",1,base,0,False,"{""from_llm_year_phrase"": null, ""from_llm_year_parsed"": [], ""from_transcript_context"": [], ""from_source_video_titles"": [], ""from_engine_production_windows"": [], ""from_model_scope_window"": [""2013-2020""], ""window_source"": ""model_window"", ""content_combine_rule"": ""no_content"", ""confidence"": ""low"", ""fallback_window"": ""2013-2020"", ""fallback_window_source"": ""model_window""}",,organic,,,
rear_damper_leak,Rear damper fluid leak,suspension,[],,Near side rear damper had no fluid left due to a leak.,,,,,"[{""video_id"": ""P4nQsN7zNcA"", ""title"": ""This Golf R Has A HUGE LIST OF PROBLEMS!"", ""channel"": ""Calvin's Car Diary"", ""video_type_category"": ""organic"", ""trim"": ""R""}]",enum_augment,1,[],youtube,1,1,1,,,,,"[""golf_r_mk7""]","{""R"": 1}",1,R,0,True,"{""from_llm_year_phrase"": null, ""from_llm_year_parsed"": [], ""from_transcript_context"": [], ""from_source_video_titles"": [], ""from_engine_production_windows"": [""2013-2020""], ""from_model_scope_window"": [""2013-2020""], ""window_source"": ""engine"", ""content_combine_rule"": ""no_content"", ""confidence"": ""low"", ""fallback_window"": ""2013-2020"", ""fallback_window_source"": ""engine""}",,organic,"[""2.0_TSI""]","[""system_component=suspension is not engine-scoped; cleared affected_engines (original preserved in affected_engines_original).""]",
rear_door_seal_detachment,Lower rear door seal comes loose,body,[],,The seal on the front part of the lower rear door can come loose.,,,,,"[{""video_id"": ""igRBrdqctV4"", ""title"": ""Everything that goes WRONG with a USED Volkswagen Golf (MK7/7.5)"", ""channel"": ""ReDriven"", ""video_type_category"": ""organic"", ""trim"": ""base""}]",enum_augment,1,[],youtube,1,1,1,,,,,"[""all_vw_golf_mk7""]","{""base"": 1}",1,base,0,False,"{""from_llm_year_phrase"": null, ""from_llm_year_parsed"": [], ""from_transcript_context"": [], ""from_source_video_titles"": [], ""from_engine_production_windows"": [], ""from_model_scope_window"": [""2013-2020""], ""window_source"": ""model_window"", ""content_combine_rule"": ""no_content"", ""confidence"": ""low"", ""fallback_window"": ""2013-2020"", ""fallback_window_source"": ""model_window""}",,organic,,,
rear_footwell_water_ingress,Rear footwell water ingress,body,[],,Damp or wet rear passenger footwells due to failing speaker seals.,,,,,"[{""video_id"": ""2JvUhYwgEGM"", ""title"": ""MK7 VW GOLF R BUYERS GUIDE : DO NOT BUY Without Watching This!"", ""channel"": ""Scottish Car Clan"", ""video_type_category"": ""list_format"", ""trim"": ""R""}]",enum_augment,1,[],youtube,1,1,1,,,,,"[""golf_r_mk7""]","{""R"": 1}",1,R,0,True,"{""from_llm_year_phrase"": null, ""from_llm_year_parsed"": [], ""from_transcript_context"": [], ""from_source_video_titles"": [], ""from_engine_production_windows"": [""2013-2020""], ""from_model_scope_window"": [""2013-2020""], ""window_source"": ""engine"", ""content_combine_rule"": ""no_content"", ""confidence"": ""low"", ""fallback_window"": ""2013-2020"", ""fallback_window_source"": ""engine""}",,list_format,"[""2.0_TSI""]","[""system_component=body is not engine-scoped; cleared affected_engines (original preserved in affected_engines_original).""]",
rear_speaker_housing_leak,Front door speaker housing leaks,body,[],,"The plastic speaker housing seals in the rear doors fail, leaking water into the door jam and rear foot wells.",,,low,,"[{""video_id"": ""igRBrdqctV4"", ""title"": ""Everything that goes WRONG with a USED Volkswagen Golf (MK7/7.5)"", ""channel"": ""ReDriven"", ""video_type_category"": ""organic"", ""trim"": ""base""}]",enum_augment,1,[],youtube,1,1,1,,[],low,"[""front_speaker_housing_leak"", ""rear_speaker_housing_leak""]","[""all_vw_golf_mk7""]","{""base"": 1}",1,base,0,False,"{""from_llm_year_phrase"": null, ""from_llm_year_parsed"": [], ""from_transcript_context"": [], ""from_source_video_titles"": [], ""from_engine_production_windows"": [], ""from_model_scope_window"": [""2013-2020""], ""window_source"": ""model_window"", ""content_combine_rule"": ""no_content"", ""confidence"": ""low"", ""fallback_window"": ""2013-2020"", ""fallback_window_source"": ""model_window""}",,organic,,,
rear_washer_pipe_leak,Rear screen washer pipe leaks,body,[],,The rear screen washer pipe can leak into the front left foot well.,,,,,"[{""video_id"": ""igRBrdqctV4"", ""title"": ""Everything that goes WRONG with a USED Volkswagen Golf (MK7/7.5)"", ""channel"": ""ReDriven"", ""video_type_category"": ""organic"", ""trim"": ""base""}]",enum_augment,1,[],youtube,1,1,1,,,,,"[""all_vw_golf_mk7""]","{""base"": 1}",1,base,0,False,"{""from_llm_year_phrase"": null, ""from_llm_year_parsed"": [], ""from_transcript_context"": [], ""from_source_video_titles"": [], ""from_engine_production_windows"": [], ""from_model_scope_window"": [""2013-2020""], ""window_source"": ""model_window"", ""content_combine_rule"": ""no_content"", ""confidence"": ""low"", ""fallback_window"": ""2013-2020"", ""fallback_window_source"": ""model_window""}",,organic,,,
start_stop_button_flaking,Start/stop button finish flakes,electrical,[],,"The metal finish on the start/stop button peels off, which can be a visual or physical annoyance.",,,,,"[{""video_id"": ""UaYN_JlMb48"", ""title"": ""MK7 Volkswagen GTI - Common Problems"", ""channel"": ""CashedOutCars"", ""video_type_category"": ""list_format"", ""trim"": ""GTI""}]",enum_augment,1,[],youtube,1,1,1,,,,,"[""golf_gti_mk7""]","{""GTI"": 1}",1,GTI,0,True,"{""from_llm_year_phrase"": null, ""from_llm_year_parsed"": [], ""from_transcript_context"": [], ""from_source_video_titles"": [], ""from_engine_production_windows"": [""2013-2020""], ""from_model_scope_window"": [""2013-2020""], ""window_source"": ""engine"", ""content_combine_rule"": ""no_content"", ""confidence"": ""low"", ""fallback_window"": ""2013-2020"", ""fallback_window_source"": ""engine""}",,list_format,"[""2.0_TSI""]","[""system_component=electrical is not engine-scoped; cleared affected_engines (original preserved in affected_engines_original).""]",
stuck_ignition_coils,Ignition coils stuck in place,engine,"[""1.0_TSI"", ""1.2_TSI"", ""1.4_TSI"", ""1.5_TSI"", ""1.8_TSI"", ""2.0_TSI""]",,Ignition coils become seized and can break during removal for spark plug service.,,,,,"[{""video_id"": ""4f1aVIA801g"", ""title"": ""VW Golf MK7 Issues of the Petrol Engines 2012-2020"", ""channel"": ""different car review"", ""video_type_category"": ""organic"", ""trim"": ""base""}]",enum_augment,1,[],youtube,1,1,1,"[{""engine"": ""1.2_TSI"", ""years"": ""2014-2017"", ""evidence_hits"": 3, ""pre_years"": [2014, 2017]}, {""engine"": ""1.4_TSI"", ""years"": ""2014-2017"", ""evidence_hits"": 4, ""pre_years"": [2014, 2017]}]",,,,"[""all_vw_golf_mk7""]","{""base"": 1}",1,base,0,False,"{""from_llm_year_phrase"": null, ""from_llm_year_parsed"": [], ""from_transcript_context"": [""2013-2014""], ""from_source_video_titles"": [""2013-2020""], ""from_engine_production_windows"": [""2013-2020""], ""from_model_scope_window"": [""2013-2020""], ""window_source"": ""engine"", ""content_combine_rule"": ""intersect(regex_enrichment, title)"", ""confidence"": ""high"", ""triangulated"": ""2013-2014""}",2013-2014,organic,,,
subframe_bolt_failure,Front subframe bolt failure,suspension,[],,Clunking sound from front end not from dampers/bushings.,,,,,"[{""video_id"": ""5XND3jWg3sc"", ""title"": ""Golf GTI buyers guide MK7 & MK7.5 (2013-2020) Avoid buying broken VW GTI with common faults (2.0TSI)"", ""channel"": ""The Miles Driven"", ""video_type_category"": ""list_format"", ""trim"": ""GTI""}]",enum_augment,1,[],youtube,1,1,1,"[{""engine"": ""2.0_TSI"", ""years"": ""2013-2020"", ""evidence_hits"": 1}]",,,,"[""golf_gti_mk7""]","{""GTI"": 1}",1,GTI,0,True,"{""from_llm_year_phrase"": null, ""from_llm_year_parsed"": [], ""from_transcript_context"": [""2013-2020""], ""from_source_video_titles"": [""2013-2020""], ""from_engine_production_windows"": [""2013-2020""], ""from_model_scope_window"": [""2013-2020""], ""window_source"": ""engine"", ""content_combine_rule"": ""intersect(regex_enrichment, title)"", ""confidence"": ""high"", ""triangulated"": ""2013-2020""}",2013-2020,list_format,"[""2.0_TSI""]","[""system_component=suspension is not engine-scoped; cleared affected_engines (original preserved in affected_engines_original).""]",
sunroof_drain_tube_blockage,Sunroof drainage tubes block,body,[],,"The sunroof drainage tubes, especially the front ones on hatchbacks, have a habit of blocking easily.",,,,,"[{""video_id"": ""igRBrdqctV4"", ""title"": ""Everything that goes WRONG with a USED Volkswagen Golf (MK7/7.5)"", ""channel"": ""ReDriven"", ""video_type_category"": ""organic"", ""trim"": ""base""}]",enum_augment,1,[],youtube,1,1,1,,,,,"[""all_vw_golf_mk7""]","{""base"": 1}",1,base,0,False,"{""from_llm_year_phrase"": null, ""from_llm_year_parsed"": [], ""from_transcript_context"": [], ""from_source_video_titles"": [], ""from_engine_production_windows"": [], ""from_model_scope_window"": [""2013-2020""], ""window_source"": ""model_window"", ""content_combine_rule"": ""no_content"", ""confidence"": ""low"", ""fallback_window"": ""2013-2020"", ""fallback_window_source"": ""model_window""}",,organic,,,
sunroof_frame_cracking,Sunroof internal frame cracks,body,[],,"The internal plastic frame of the sunroof can crack and split, allowing water ingress.",,,,,"[{""video_id"": ""igRBrdqctV4"", ""title"": ""Everything that goes WRONG with a USED Volkswagen Golf (MK7/7.5)"", ""channel"": ""ReDriven"", ""video_type_category"": ""organic"", ""trim"": ""base""}]",enum_augment,1,[],youtube,1,1,1,,,,,"[""all_vw_golf_mk7""]","{""base"": 1}",1,base,0,False,"{""from_llm_year_phrase"": null, ""from_llm_year_parsed"": [], ""from_transcript_context"": [], ""from_source_video_titles"": [], ""from_engine_production_windows"": [], ""from_model_scope_window"": [""2013-2020""], ""window_source"": ""model_window"", ""content_combine_rule"": ""no_content"", ""confidence"": ""low"", ""fallback_window"": ""2013-2020"", ""fallback_window_source"": ""model_window""}",,organic,,,
sunroof_rattles_and_leaks,Sunroof rattles and leaks,body,[],,"The sunroof rattles and makes noise while driving, and some cars experience water leaks into the cabin during rain.",,,,,"[{""video_id"": ""UaYN_JlMb48"", ""title"": ""MK7 Volkswagen GTI - Common Problems"", ""channel"": ""CashedOutCars"", ""video_type_category"": ""list_format"", ""trim"": ""GTI""}]",enum_augment,1,[],youtube,1,1,1,,,,,"[""golf_gti_mk7""]","{""GTI"": 1}",1,GTI,0,True,"{""from_llm_year_phrase"": null, ""from_llm_year_parsed"": [], ""from_transcript_context"": [], ""from_source_video_titles"": [], ""from_engine_production_windows"": [""2013-2020""], ""from_model_scope_window"": [""2013-2020""], ""window_source"": ""engine"", ""content_combine_rule"": ""no_content"", ""confidence"": ""low"", ""fallback_window"": ""2013-2020"", ""fallback_window_source"": ""engine""}",,list_format,"[""2.0_TSI""]","[""system_component=body is not engine-scoped; cleared affected_engines (original preserved in affected_engines_original).""]",
sunroof_seal_failure,Sunroof seal incorrectly fitted,body,[],,Potential water ingress due to faulty sunroof seal.,,,,,"[{""video_id"": ""5XND3jWg3sc"", ""title"": ""Golf GTI buyers guide MK7 & MK7.5 (2013-2020) Avoid buying broken VW GTI with common faults (2.0TSI)"", ""channel"": ""The Miles Driven"", ""video_type_category"": ""list_format"", ""trim"": ""GTI""}]",enum_augment,1,[],youtube,1,1,1,"[{""engine"": ""2.0_TSI"", ""years"": ""2013-2020"", ""evidence_hits"": 1}]",,,,"[""golf_gti_mk7""]","{""GTI"": 1}",1,GTI,0,True,"{""from_llm_year_phrase"": null, ""from_llm_year_parsed"": [], ""from_transcript_context"": [""2013-2020""], ""from_source_video_titles"": [""2013-2020""], ""from_engine_production_windows"": [""2013-2020""], ""from_model_scope_window"": [""2013-2020""], ""window_source"": ""engine"", ""content_combine_rule"": ""intersect(regex_enrichment, title)"", ""confidence"": ""high"", ""triangulated"": ""2013-2020""}",2013-2020,list_format,"[""2.0_TSI""]","[""system_component=body is not engine-scoped; cleared affected_engines (original preserved in affected_engines_original).""]",
sunroof_trim_cracking,Sunroof plastic trim cracks,body,[],,The plastic trim piece around the sunroof can crack at the front corners.,,,,,"[{""video_id"": ""igRBrdqctV4"", ""title"": ""Everything that goes WRONG with a USED Volkswagen Golf (MK7/7.5)"", ""channel"": ""ReDriven"", ""video_type_category"": ""organic"", ""trim"": ""base""}]",enum_augment,1,[],youtube,1,1,1,,,,,"[""all_vw_golf_mk7""]","{""base"": 1}",1,base,0,False,"{""from_llm_year_phrase"": null, ""from_llm_year_parsed"": [], ""from_transcript_context"": [], ""from_source_video_titles"": [], ""from_engine_production_windows"": [], ""from_model_scope_window"": [""2013-2020""], ""window_source"": ""model_window"", ""content_combine_rule"": ""no_content"", ""confidence"": ""low"", ""fallback_window"": ""2013-2020"", ""fallback_window_source"": ""model_window""}",,organic,,,
tail_light_seal_leak,Tail light seals leak,body,[],,The tail light seals can leak water.,,,,,"[{""video_id"": ""igRBrdqctV4"", ""title"": ""Everything that goes WRONG with a USED Volkswagen Golf (MK7/7.5)"", ""channel"": ""ReDriven"", ""video_type_category"": ""organic"", ""trim"": ""base""}]",enum_augment,1,[],youtube,1,1,1,,,,,"[""all_vw_golf_mk7""]","{""base"": 1}",1,base,0,False,"{""from_llm_year_phrase"": null, ""from_llm_year_parsed"": [], ""from_transcript_context"": [], ""from_source_video_titles"": [], ""from_engine_production_windows"": [], ""from_model_scope_window"": [""2013-2020""], ""window_source"": ""model_window"", ""content_combine_rule"": ""no_content"", ""confidence"": ""low"", ""fallback_window"": ""2013-2020"", ""fallback_window_source"": ""model_window""}",,organic,,,
thermostat_housing_coolant_leak,Thermostat housing deterioration and coolant leak,cooling,"[""2.0_TSI""]",,Coolant smell or loss from deteriorated plastic thermostat housing.,,,,,"[{""video_id"": ""5XND3jWg3sc"", ""title"": ""Golf GTI buyers guide MK7 & MK7.5 (2013-2020) Avoid buying broken VW GTI with common faults (2.0TSI)"", ""channel"": ""The Miles Driven"", ""video_type_category"": ""list_format"", ""trim"": ""GTI""}]",enum_augment,1,[],youtube,1,1,1,"[{""engine"": ""2.0_TSI"", ""years"": ""2013-2020"", ""evidence_hits"": 1}]",,,,"[""golf_gti_mk7""]","{""GTI"": 1}",1,GTI,0,True,"{""from_llm_year_phrase"": null, ""from_llm_year_parsed"": [], ""from_transcript_context"": [""2013-2020""], ""from_source_video_titles"": [""2013-2020""], ""from_engine_production_windows"": [""2013-2020""], ""from_model_scope_window"": [""2013-2020""], ""window_source"": ""engine"", ""content_combine_rule"": ""intersect(regex_enrichment, title)"", ""confidence"": ""high"", ""triangulated"": ""2013-2020""}",2013-2020,list_format,,,
third_brake_light_leak,Third brake light leaks,body,[],,The third brake light can leak water.,,,,,"[{""video_id"": ""igRBrdqctV4"", ""title"": ""Everything that goes WRONG with a USED Volkswagen Golf (MK7/7.5)"", ""channel"": ""ReDriven"", ""video_type_category"": ""organic"", ""trim"": ""base""}]",enum_augment,1,[],youtube,1,1,1,,,,,"[""all_vw_golf_mk7""]","{""base"": 1}",1,base,0,False,"{""from_llm_year_phrase"": null, ""from_llm_year_parsed"": [], ""from_transcript_context"": [], ""from_source_video_titles"": [], ""from_engine_production_windows"": [], ""from_model_scope_window"": [""2013-2020""], ""window_source"": ""model_window"", ""content_combine_rule"": ""no_content"", ""confidence"": ""low"", ""fallback_window"": ""2013-2020"", ""fallback_window_source"": ""model_window""}",,organic,,,
timing_belt_tensioner_failure,Premature timing belt tensioner failure,engine,"[""1.6_TDI"", ""2.0_TDI""]",,"Strange hissing, chirping, or squeaking noises from timing belt area after cold start.",,,,,"[{""video_id"": ""ce2WTs_uBos"", ""title"": ""VW Golf MK7 Issues of the Diesel Engines 2012-2020"", ""channel"": ""different car review"", ""video_type_category"": ""organic"", ""trim"": ""TDI""}]",enum_augment,1,[],youtube,1,1,1,,,,,"[""all_vw_golf_mk7""]","{""TDI"": 1}",1,TDI,0,False,"{""from_llm_year_phrase"": null, ""from_llm_year_parsed"": [], ""from_transcript_context"": [], ""from_source_video_titles"": [""2013-2020""], ""from_engine_production_windows"": [""2013-2020""], ""from_model_scope_window"": [""2013-2020""], ""window_source"": ""engine"", ""content_combine_rule"": ""title_only"", ""confidence"": ""medium"", ""triangulated"": ""2013-2020""}",2013-2020,organic,,,
timing_chain_tensioner_wear_1_8_tsi,Timing chain tensioner wear,engine,"[""1.8_TSI""]",,"Rattling noise at cold start, indicating potential excessive wear or extension of the timing chain tensioner.",,,,,"[{""video_id"": ""4f1aVIA801g"", ""title"": ""VW Golf MK7 Issues of the Petrol Engines 2012-2020"", ""channel"": ""different car review"", ""video_type_category"": ""organic"", ""trim"": ""base""}]",enum_augment,1,[],youtube,1,1,1,,,,,"[""all_vw_golf_mk7""]","{""base"": 1}",1,base,0,False,"{""from_llm_year_phrase"": null, ""from_llm_year_parsed"": [], ""from_transcript_context"": [], ""from_source_video_titles"": [""2013-2020""], ""from_engine_production_windows"": [""2013-2020""], ""from_model_scope_window"": [""2013-2020""], ""window_source"": ""engine"", ""content_combine_rule"": ""title_only"", ""confidence"": ""medium"", ""triangulated"": ""2013-2020""}",2013-2020,organic,,,
timing_cover_oil_leak_1_8_tsi,Oil leak from upper timing cover,engine,"[""1.8_TSI""]",,Oil leak originating from the upper timing chain cover.,,,,,"[{""video_id"": ""4f1aVIA801g"", ""title"": ""VW Golf MK7 Issues of the Petrol Engines 2012-2020"", ""channel"": ""different car review"", ""video_type_category"": ""organic"", ""trim"": ""base""}]",enum_augment,1,[],youtube,1,1,1,,,,,"[""all_vw_golf_mk7""]","{""base"": 1}",1,base,0,False,"{""from_llm_year_phrase"": null, ""from_llm_year_parsed"": [], ""from_transcript_context"": [], ""from_source_video_titles"": [""2013-2020""], ""from_engine_production_windows"": [""2013-2020""], ""from_model_scope_window"": [""2013-2020""], ""window_source"": ""engine"", ""content_combine_rule"": ""title_only"", ""confidence"": ""medium"", ""triangulated"": ""2013-2020""}",2013-2020,organic,,,
turbo_failure_early_models,Turbo failure on early cars,engine,"[""2.0_TSI""]",2015,"The turbocharger is known to go bad, which is a major part failure.",,,,,"[{""video_id"": ""UaYN_JlMb48"", ""title"": ""MK7 Volkswagen GTI - Common Problems"", ""channel"": ""CashedOutCars"", ""video_type_category"": ""list_format"", ""trim"": ""GTI""}]",enum_augment,1,[],youtube,1,1,1,,,,,"[""golf_gti_mk7""]","{""GTI"": 1}",1,GTI,0,True,"{""from_llm_year_phrase"": ""2015"", ""from_llm_year_parsed"": [""2015""], ""from_transcript_context"": [], ""from_source_video_titles"": [], ""from_engine_production_windows"": [""2013-2020""], ""from_model_scope_window"": [""2013-2020""], ""window_source"": ""engine"", ""content_combine_rule"": ""llm_phrase_only"", ""confidence"": ""medium"", ""triangulated"": ""2015""}",2015,list_format,,,
turbo_wastegate_actuator_failure,Turbo wastegate actuator failure,engine,"[""1.2_TSI"", ""1.4_TSI""]",,Loss of turbocharger boost pressure or related fault codes due to a failed wastegate actuator.,,,,,"[{""video_id"": ""4f1aVIA801g"", ""title"": ""VW Golf MK7 Issues of the Petrol Engines 2012-2020"", ""channel"": ""different car review"", ""video_type_category"": ""organic"", ""trim"": ""base""}]",enum_augment,1,[],youtube,1,1,1,"[{""engine"": ""1.2_TSI"", ""years"": ""2014-2017"", ""evidence_hits"": 3, ""pre_years"": [2014, 2017]}, {""engine"": ""1.4_TSI"", ""years"": ""2014-2017"", ""evidence_hits"": 4, ""pre_years"": [2014, 2017]}]",,,,"[""all_vw_golf_mk7""]","{""base"": 1}",1,base,0,False,"{""from_llm_year_phrase"": null, ""from_llm_year_parsed"": [], ""from_transcript_context"": [""2013-2014""], ""from_source_video_titles"": [""2013-2020""], ""from_engine_production_windows"": [""2013-2020""], ""from_model_scope_window"": [""2013-2020""], ""window_source"": ""engine"", ""content_combine_rule"": ""intersect(regex_enrichment, title)"", ""confidence"": ""high"", ""triangulated"": ""2013-2014""}",2013-2014,organic,,,
turbocharger_seal_failure_702n,Turbocharger seal failure (702N unit),engine,"[""2.0_TSI""]",2015 to 2017,Turbo failure due to seal weakness between turbo and manifold.,,,,,"[{""video_id"": ""5XND3jWg3sc"", ""title"": ""Golf GTI buyers guide MK7 & MK7.5 (2013-2020) Avoid buying broken VW GTI with common faults (2.0TSI)"", ""channel"": ""The Miles Driven"", ""video_type_category"": ""list_format"", ""trim"": ""GTI""}]",enum_augment,1,[],youtube,1,1,1,"[{""engine"": ""2.0_TSI"", ""years"": ""2013-2020"", ""evidence_hits"": 1}]",,,,"[""golf_gti_mk7""]","{""GTI"": 1}",1,GTI,0,True,"{""from_llm_year_phrase"": ""2015 to 2017"", ""from_llm_year_parsed"": [""2015-2017""], ""from_transcript_context"": [""2013-2020""], ""from_source_video_titles"": [""2013-2020""], ""from_engine_production_windows"": [""2013-2020""], ""from_model_scope_window"": [""2013-2020""], ""window_source"": ""engine"", ""content_combine_rule"": ""intersect(llm_phrase, title)"", ""confidence"": ""high"", ""triangulated"": ""2015-2017""}",2015-2017,list_format,,,
turbocharger_wear,Turbocharger wear at high mileage,engine,"[""2.0_TDI""]",,"The turbocharger typically shows wear and may need replacement around 150,000 miles.",,,,,"[{""video_id"": ""TgPQe12d_sw"", ""title"": ""VW 2.0 TDi (2012 on) EA288 Did They Avoid Those Common Problems & All You Need To Know"", ""channel"": ""TorqueCars"", ""video_type_category"": ""list_format"", ""trim"": ""TDI""}]",enum_augment,1,[],youtube,1,1,1,"[{""engine"": ""2.0_TDI"", ""years"": ""2012"", ""evidence_hits"": 1}]",,,,"[""all_vw_golf_mk7""]","{""TDI"": 1}",1,TDI,0,False,"{""from_llm_year_phrase"": null, ""from_llm_year_parsed"": [], ""from_transcript_context"": [], ""from_source_video_titles"": [], ""from_engine_production_windows"": [""2013-2020""], ""from_model_scope_window"": [""2013-2020""], ""window_source"": ""engine"", ""content_combine_rule"": ""no_content"", ""confidence"": ""low"", ""fallback_window"": ""2013-2020"", ""fallback_window_source"": ""engine""}",,list_format,,,
vacuum_leaks_aging_hoses_pcv,Vacuum leaks from aging hoses/PCV,engine,"[""1.0_TSI"", ""1.2_TSI"", ""1.4_TSI"", ""1.5_TSI"", ""1.8_TSI"", ""2.0_TSI""]",oldest or higher mileage cars,Unstable idle or performance issues due to cracked vacuum hoses or a faulty PCV valve.,,,,,"[{""video_id"": ""4f1aVIA801g"", ""title"": ""VW Golf MK7 Issues of the Petrol Engines 2012-2020"", ""channel"": ""different car review"", ""video_type_category"": ""organic"", ""trim"": ""base""}]",enum_augment,1,[],youtube,1,1,1,"[{""engine"": ""1.2_TSI"", ""years"": ""2014-2017"", ""evidence_hits"": 3, ""pre_years"": [2014, 2017]}, {""engine"": ""1.4_TSI"", ""years"": ""2014-2017"", ""evidence_hits"": 4, ""pre_years"": [2014, 2017]}]",,,,"[""all_vw_golf_mk7""]","{""base"": 1}",1,base,0,False,"{""from_llm_year_phrase"": ""oldest or higher mileage cars"", ""from_llm_year_parsed"": [], ""from_transcript_context"": [""2013-2014""], ""from_source_video_titles"": [""2013-2020""], ""from_engine_production_windows"": [""2013-2020""], ""from_model_scope_window"": [""2013-2020""], ""window_source"": ""engine"", ""content_combine_rule"": ""intersect(regex_enrichment, title)"", ""confidence"": ""high"", ""triangulated"": ""2013-2014""}",2013-2014,organic,,,
variable_geometry_turbo_failure,Variable geometry turbocharger failure,engine,"[""1.5_TSI""]",,The variable geometry turbocharger can fail and require replacement.,,,,,"[{""video_id"": ""ex_jlHto57E"", ""title"": ""Volkswagen’s 1.5 TSI engine: Common problems and advantages"", ""channel"": ""Dmitry Sapko"", ""video_type_category"": ""list_format"", ""trim"": ""base""}]",enum_augment,1,[],youtube,1,1,1,"[{""engine"": ""1.5_TSI"", ""years"": ""2014-2024"", ""evidence_hits"": 6}]",,,,"[""all_vw_golf_mk7""]","{""base"": 1}",1,base,0,False,"{""from_llm_year_phrase"": null, ""from_llm_year_parsed"": [], ""from_transcript_context"": [""2014-2020""], ""from_source_video_titles"": [], ""from_engine_production_windows"": [""2017-2020""], ""from_model_scope_window"": [""2017-2020""], ""window_source"": ""engine"", ""content_combine_rule"": ""regex_enrichment_only"", ""confidence"": ""medium"", ""triangulated"": ""2017-2020""}",2017-2020,list_format,,,
water_induced_electrical_faults,Water ingress causes electrical faults,electrical,[],,"Water leaks can find their way into the car's electronics, causing various electrical faults like power mirrors, windows, or lights malfunctioning.",,,,,"[{""video_id"": ""igRBrdqctV4"", ""title"": ""Everything that goes WRONG with a USED Volkswagen Golf (MK7/7.5)"", ""channel"": ""ReDriven"", ""video_type_category"": ""organic"", ""trim"": ""base""}]",enum_augment,1,[],youtube,1,1,1,,,,,"[""all_vw_golf_mk7""]","{""base"": 1}",1,base,0,False,"{""from_llm_year_phrase"": null, ""from_llm_year_parsed"": [], ""from_transcript_context"": [], ""from_source_video_titles"": [], ""from_engine_production_windows"": [], ""from_model_scope_window"": [""2013-2020""], ""window_source"": ""model_window"", ""content_combine_rule"": ""no_content"", ""confidence"": ""low"", ""fallback_window"": ""2013-2020"", ""fallback_window_source"": ""model_window""}",,organic,,,
water_ingress_speaker_bracket,Water ingress from door speaker bracket,body,[],,Damp or discolored carpet in passenger footwell.,,,,,"[{""video_id"": ""5XND3jWg3sc"", ""title"": ""Golf GTI buyers guide MK7 & MK7.5 (2013-2020) Avoid buying broken VW GTI with common faults (2.0TSI)"", ""channel"": ""The Miles Driven"", ""video_type_category"": ""list_format"", ""trim"": ""GTI""}]",enum_augment,1,[],youtube,1,1,1,"[{""engine"": ""2.0_TSI"", ""years"": ""2013-2020"", ""evidence_hits"": 1}]",,,,"[""golf_gti_mk7""]","{""GTI"": 1}",1,GTI,0,True,"{""from_llm_year_phrase"": null, ""from_llm_year_parsed"": [], ""from_transcript_context"": [""2013-2020""], ""from_source_video_titles"": [""2013-2020""], ""from_engine_production_windows"": [""2013-2020""], ""from_model_scope_window"": [""2013-2020""], ""window_source"": ""engine"", ""content_combine_rule"": ""intersect(regex_enrichment, title)"", ""confidence"": ""high"", ""triangulated"": ""2013-2020""}",2013-2020,list_format,"[""2.0_TSI""]","[""system_component=body is not engine-scoped; cleared affected_engines (original preserved in affected_engines_original).""]",
windshield_washer_drone_blockage,Windshield washer drones block,body,[],,"The windshield washer drones need to be cleared, otherwise water builds up and leaks into the cabin.",,,,,"[{""video_id"": ""igRBrdqctV4"", ""title"": ""Everything that goes WRONG with a USED Volkswagen Golf (MK7/7.5)"", ""channel"": ""ReDriven"", ""video_type_category"": ""organic"", ""trim"": ""base""}]",enum_augment,1,[],youtube,1,1,1,,,,,"[""all_vw_golf_mk7""]","{""base"": 1}",1,base,0,False,"{""from_llm_year_phrase"": null, ""from_llm_year_parsed"": [], ""from_transcript_context"": [], ""from_source_video_titles"": [], ""from_engine_production_windows"": [], ""from_model_scope_window"": [""2013-2020""], ""window_source"": ""model_window"", ""content_combine_rule"": ""no_content"", ""confidence"": ""low"", ""fallback_window"": ""2013-2020"", ""fallback_window_source"": ""model_window""}",,organic,,,
