doc_name,complaint_id,model_year,dominant_topic,topic_gamma,engine_spec,prod_year,component,mileage_miles,technical_bucket,chronic_score,gamma_vector
doc_00001,10606059,2000,19,1.0,unknown,2000,"ENGINE AND ENGINE COOLING,VEHICLE SPEED CONTROL",,medium,1,"[4.75754196525623e-308, 3.5110056338052486e-308, 1.1205843621053792e-307, 3.5352174502868466e-308, 2.4302042658451595e-308, 3.777274513041655e-308, 2.095428246318015e-308, 2.912071377734429e-308, 2.35744562199887e-308, 5.72786714368886e-308, 1.2054930467166985e-307, 1.4801639385289046e-308, 1.530653414098966e-308, 2.74811806643241e-308, 7.750936406648452e-308, 1.3676316911367047e-308, 2.985964939073292e-308, 1.3825157277400175e-308, 1.0]"
doc_00002,10459952,2000,2,1.0,unknown,2000,FUEL/PROPULSION SYSTEM,,medium,0,"[2.764813359372539e-308, 1.0, 5.142074011516106e-308, 3.4694225393273177e-308, 2.2781524781926353e-308, 2.6873426246479004e-308, 1.435941877908697e-308, 3.8303121200616473e-308, 1.6286119594105084e-308, 6.036141413511397e-308, 2.436988658912517e-308, 1.2191516251518784e-308, 1.342762877881357e-308, 1.8068162425008425e-308, 2.161156036340611e-308, 1.223663706342147e-308, 5.567581376384641e-308, 1.174193246877092e-308, 3.045729652097085e-308]"
doc_00003,10416272,2000,3,0.025800402088168122,unknown,2000,STRUCTURE,,low,0,"[0.008562738664814672, 0.019956610596555294, 0.025800402088168122, 0.007863297251724154, 0.005178355175088646, 0.008654534767945431, 0.004075821624043327, 0.010460020704720439, 0.0047001734517740585, 0.026886860241016698, 0.007680077957210613, 0.002663134190095052, 0.0028604760906717954, 0.005290666302997788, 0.00626526275158166, 0.002559771835412656, 0.009818503831284782, 0.0025187326086243056, 0.0100826735739682]"
doc_00004,10293090,2000,3,0.2988906181400742,unknown,2008,POWER TRAIN,,low,0,"[0.06337712028245039, 0.04658079682414342, 0.2988906181400742, 0.03178618346675795, 0.022507615260681617, 0.048011281979191966, 0.02183682738144347, 0.04094470216043632, 0.02583826338195706, 0.07557945097143402, 0.06800002431313786, 0.014932935825023615, 0.015223720127296227, 0.028912471864037587, 0.046767420647646066, 0.01356558743902621, 0.03176230195631401, 0.013814877838529352, 0.09166780014041852]"
doc_00005,10283481,2000,5,0.3996538261998466,unknown,2000,ENGINE AND ENGINE COOLING,,high,0,"[0.020142532840632905, 0.025734931350568205, 0.028263639108268797, 0.0467831971456791, 0.3996538261998466, 0.016961317754997266, 0.011736154904677899, 0.01731461653254738, 0.012808166694328828, 0.04436846860780233, 0.01896562306384535, 0.012832197233411823, 0.016752902502347792, 0.01470868665117531, 0.018845907839146123, 0.015646406064651626, 0.02792983437799621, 0.013187485461725088, 0.02453161047904886]"
doc_00006,10278059,2000,1,1.0,unknown,2000,"SERVICE BRAKES, HYDRAULIC",,high,1,"[1.0, 2.450284751822302e-308, 4.555711072024289e-308, 1.940800662769111e-308, 1.853128485328638e-308, 6.796095921065095e-308, 3.5286149368550945e-308, 3.841993393613259e-308, 4.844210238488637e-308, 3.8823114177878083e-308, 3.5262790088433483e-308, 2.162148722757726e-308, 1.912418614690178e-308, 5.537411276046086e-308, 2.710432166138223e-308, 1.6376506981660147e-308, 1.9090864580675723e-308, 1.834060404286838e-308, 4.118905590731161e-308]"
doc_00007,10261520,2000,10,0.17429411936623232,unknown,2000,"FUEL SYSTEM, GASOLINE",,low,0,"[0.03315061615433599, 0.05114002177997694, 0.06179511755932989, 0.056299848184245466, 0.040038604614393736, 0.026118763386068097, 0.01447678351593542, 0.027866005637053475, 0.01644364337064292, 0.17429411936623232, 0.02970915464539337, 0.012042417898427204, 0.014158663616673513, 0.018997076369840042, 0.027820594687864495, 0.01280326948835511, 0.04538708882094771, 0.011807120049046011, 0.04385756367580053]"
doc_00008,10245694,2000,3,0.05663405691455337,unknown,2000,ENGINE AND ENGINE COOLING,,medium,0,"[0.028147171351121117, 0.019788142748401735, 0.05663405691455337, 0.010494241039108707, 0.008112503216558285, 0.03284119662902482, 0.009890906350992034, 0.036442593680820326, 0.012121584361181525, 0.03065865687435818, 0.015249010452212006, 0.005880693905032038, 0.005859417035732645, 0.01383973239035288, 0.0117644839869277, 0.005168466050415308, 0.012114311313133253, 0.00535208135260154, 0.0182615772237737]"
doc_00009,10240958,2000,2,1.0,unknown,2000,"FUEL SYSTEM, GASOLINE",,low,0,"[2.687781630621262e-308, 1.0, 4.920164248655249e-308, 4.1820119730579793e-308, 2.3697267979671965e-308, 2.554009547493252e-308, 1.4017287923026334e-308, 3.3046786274472136e-308, 1.5797902900062183e-308, 6.046831354282843e-308, 2.6000454300381524e-308, 1.186408379249832e-308, 1.3102584988187135e-308, 1.7539105484477303e-308, 2.3372963121764837e-308, 1.1980289676530867e-308, 7.223869507671812e-308, 1.146019601588851e-308, 3.3398319294336234e-308]"
doc_00010,10237277,2000,12,0.019000437087496186,unknown,2000,LATCHES/LOCKS/LINKAGES,,low,0,"[0.05961872679928775, 0.014299363010982696, 0.021808105856741408, 0.012200833296506274, 0.011939712735640859, 0.037815663976553344, 0.03940120828492386, 0.023283339396098706, 0.06573151911474114, 0.020577924457228364, 0.01871120059459499, 0.019000437087496186, 0.01427660616670602, 0.08138183546850546, 0.015280416296196978, 0.012112722693806687, 0.012062764769345452, 0.014742413725591956, 0.020673045731693766]"
doc_00011,10234408,2000,9,1.0,unknown,2007,AIR BAGS,,low,1,"[4.0443862549570046e-308, 1.5709776977138134e-308, 2.216794890853595e-308, 1.328993257908686e-308, 1.273827675192776e-308, 4.1667732331553525e-308, 1.3913782804015904e-307, 2.552171455839938e-308, 1.0, 1.9924411964508837e-308, 2.1200007325512195e-308, 2.2093220003839166e-308, 1.575999879773433e-308, 8.029828395567986e-308, 1.7865785298177355e-308, 1.3933884754241576e-308, 1.3430867424220336e-308, 1.7311610164069366e-308, 2.1294040939290993e-308]"
doc_00012,10228339,2000,6,0.20517795056301993,unknown,2000,TIRES,,low,0,"[0.05598856447164233, 0.023889048004419704, 0.03907620637089716, 0.01733229189079627, 0.015623505365421491, 0.20517795056301993, 0.030971854723305093, 0.04697555732760702, 0.03711734296158165, 0.03316290061750425, 0.02837664647044997, 0.017860264579056085, 0.015900542484222048, 0.04121235482779694, 0.02174689158300319, 0.013869423194096384, 0.01886034383245096, 0.015457525499385585, 0.03228943922624903]"
doc_00013,10213327,2000,2,0.11833905771179148,unknown,2007,ELECTRICAL SYSTEM,,high,1,"[0.023909498458080426, 0.11833905771179148, 0.052115657575776034, 0.034184292633072204, 0.019574100869372967, 0.024820566843950873, 0.012441057339732917, 0.029546614111495895, 0.014087342852073423, 0.06331113177349827, 0.025409230567311075, 0.009947860530850764, 0.010890762613604806, 0.015919880635198867, 0.02190898684709495, 0.00985687539139244, 0.05011994305736975, 0.009534556616844304, 0.03533619103876487]"
doc_00014,10208089,2000,6,0.19022459998136731,unknown,2000,TIRES,,low,0,"[0.05771861506318615, 0.02385677185161971, 0.03801459289308103, 0.017594820090214333, 0.016056836537503626, 0.19022459998136731, 0.033867120812558674, 0.046432477896792834, 0.040309525998792915, 0.03296765154345589, 0.028651581584452235, 0.01917278217613265, 0.016819026868761532, 0.04446126372199247, 0.02210455415655436, 0.014644766499170006, 0.019053965757633465, 0.016476266321033793, 0.03246143423860216]"
doc_00015,10186120,2000,9,1.0,unknown,2000,AIR BAGS,,low,0,"[4.2119934273749245e-308, 1.601203792599386e-308, 2.28109090421669e-308, 1.348693599505437e-308, 1.288042051553305e-308, 4.3475950728748947e-308, 1.1794239377821282e-307, 2.631830322917902e-308, 1.0, 2.036952186898676e-308, 2.16205245702808e-308, 2.183305443269529e-308, 1.5750845871954443e-308, 8.553373555865689e-308, 1.815823493485565e-308, 1.391563615035925e-308, 1.363342813224898e-308, 1.717271537454699e-308, 2.1711955783412596e-308]"
doc_00016,10183346,2000,9,1.0,unknown,2000,AIR BAGS,,low,1,"[4.2816405476196853e-308, 1.6074217003483787e-308, 2.2944632884799897e-308, 1.354245430247205e-308, 1.2963052354329086e-308, 4.3912802776809527e-308, 1.1599060981053067e-307, 2.646399516261825e-308, 1.0, 2.0514215193363395e-308, 2.168404055999898e-308, 2.207454592483865e-308, 1.5894122443018396e-308, 8.838813272457077e-308, 1.8194444308461606e-308, 1.4026854468076636e-308, 1.368215249650671e-308, 1.732660132590468e-308, 2.1827477700766717e-308]"
doc_00017,10182404,2000,13,1.0,unknown,2000,UNKNOWN OR OTHER,,low,0,"[1.8100936004302374e-308, 1.3688713086916064e-308, 1.571689463971325e-308, 1.308295940302312e-308, 1.8939896614076913e-308, 1.658480704462947e-308, 1.5223937839420376e-308, 1.502979115615993e-308, 1.6141854193945123e-308, 1.8026169733459487e-308, 1.2998912444386344e-308, 3.4963986761603175e-308, 1.0, 1.7010598730708083e-308, 1.203358259505582e-308, 2.050251587544482e-307, 1.2393123323307447e-308, 5.315234573474319e-308, 1.514495093544759e-308]"
doc_00018,10173916,2000,3,1.0,unknown,2000,ELECTRICAL SYSTEM,,low,0,"[7.090104196882815e-308, 4.143707561140913e-308, 1.0, 3.584094009697819e-308, 2.8514566125313956e-308, 3.646019088457808e-308, 1.925003432487203e-308, 3.399107685470612e-308, 2.2971756242456033e-308, 8.510056288843626e-308, 5.057300525647012e-308, 1.5068459438816585e-308, 1.6194609668486993e-308, 2.679074570723153e-308, 4.331349339347792e-308, 1.4397316187927374e-308, 3.090007796528213e-308, 1.41282748147149e-308, 7.43935815686792e-308]"
doc_00019,10169318,2000,9,0.15867898101167432,unknown,2005,SEAT BELTS,,low,3,"[0.03455053424146311, 0.013236863800257575, 0.0185203226614115, 0.010961371340307214, 0.010649521210461328, 0.037749544266496994, 0.08484537795538226, 0.02251978766249987, 0.15867898101167432, 0.017084401630643564, 0.016409339627404318, 0.02026217875235306, 0.01382418097761271, 0.06011769277559412, 0.013790910395198945, 0.012053690182527133, 0.011224807124720465, 0.015370568179150033, 0.01713552022828401]"
doc_00020,10168962,2000,1,0.7324019953711574,unknown,2000,EXTERIOR LIGHTING,,medium,1,"[0.7324019953711574, 0.013250543685504292, 0.03319858490295764, 0.010155288905995803, 0.009113542372257488, 0.022668707051974313, 0.012653864702077152, 0.017658696720445677, 0.016893610855734754, 0.02037891779422291, 0.018392824810298806, 0.008353514272503328, 0.00786160965089429, 0.018152364910087804, 0.014396431198514834, 0.00690453729893704, 0.009802250466012196, 0.007346506526565028, 0.020416208503859376]"
doc_00021,10168785,2000,6,0.013215033835756836,unknown,2000,STRUCTURE,,low,0,"[0.013818150043630163, 0.005879818751942756, 0.007821606127410641, 0.005108827382186354, 0.005671235664056646, 0.013215033835756836, 0.01921374747885745, 0.00895078695408579, 0.02082999554988536, 0.007778619876437713, 0.007089472183656945, 0.014889379105221033, 0.008218523487032095, 0.017010263345202788, 0.006047294242223303, 0.006934772007763222, 0.005155918248499035, 0.009912386652301099, 0.007747688997756796]"
doc_00022,10168186,2000,1,1.0,unknown,2000,EXTERIOR LIGHTING,,low,0,"[1.0, 2.5412683704044013e-308, 6.259440211794241e-308, 1.993702823048717e-308, 1.922537428247942e-308, 3.2916298613297333e-308, 2.0402086920962935e-308, 3.1393627241624193e-308, 2.622542035808162e-308, 3.8099482970561757e-308, 2.867487293169386e-308, 1.628324887422573e-308, 1.600850717234277e-308, 2.832956614502498e-308, 2.418287089752947e-308, 1.415381437561253e-308, 1.907587317371624e-308, 1.459099024258626e-308, 3.209496664838025e-308]"
doc_00023,10166687,2000,9,1.0,unknown,2000,AIR BAGS,,low,0,"[4.1654591312839506e-308, 1.584070268176732e-308, 2.246783284636422e-308, 1.3474970820957746e-308, 1.298729297192286e-308, 4.344731113808249e-308, 1.1213052836066092e-307, 2.5884698990147205e-308, 1.0, 2.024304643966998e-308, 2.144554685987237e-308, 2.2721566287019554e-308, 1.6107813078343016e-308, 1.0040359445447626e-307, 1.8032145204675885e-308, 1.420860533623686e-308, 1.3576038855480216e-308, 1.768588759667445e-308, 2.163837534450512e-308]"
doc_00024,10164879,2000,1,1.0,unknown,2004,"SERVICE BRAKES, HYDRAULIC",,medium,0,"[1.0, 2.4943594810940353e-308, 4.682809537438822e-308, 1.963175438332524e-308, 1.863105747307723e-308, 7.451967172485068e-308, 3.481269331510831e-308, 4.023601742822158e-308, 4.873202739882045e-308, 3.974284607848501e-308, 3.5646361324406476e-308, 2.141308763755969e-308, 1.898948557880623e-308, 5.875988229480562e-308, 2.730267735275788e-308, 1.627515604996368e-308, 1.9391416097065816e-308, 1.8184436194397316e-308, 4.173488274698863e-308]"
doc_00025,10157019,2000,7,0.6411752237151337,unknown,2000,AIR BAGS,,low,0,"[0.02514513062768064, 0.010881109514311359, 0.014663601581745055, 0.009428886124761924, 0.009357900791087205, 0.02536298754437998, 0.6411752237151337, 0.01633493534211704, 0.06462000965497902, 0.013637621665390787, 0.014944515270546103, 0.017461948758469736, 0.012198436123777008, 0.03522480218846708, 0.012697129192707027, 0.010825926006063812, 0.00952587749013227, 0.013768530030632282, 0.015082383619862751]"
doc_00026,10156196,2000,9,0.26396810871904036,unknown,2000,AIR BAGS,,low,0,"[0.040366032369286126, 0.015971604272648918, 0.022404273136119656, 0.014000824582478266, 0.013573392237366767, 0.039388827759204735, 0.09517518407526047, 0.02481737624398181, 0.26396810871904036, 0.020367005483810496, 0.02239999694314222, 0.024111421982176376, 0.016847083866616833, 0.12024876651048091, 0.019054783303990856, 0.0149257520048665, 0.013888190553721593, 0.01864708293730567, 0.02237645705037349]"
doc_00027,10148614,2000,3,0.35473507863451464,unknown,2000,"STEERING,SUSPENSION,SERVICE BRAKES, HYDRAULIC,POWER TRAIN,ELECTRICAL SYSTEM,SEATS",,medium,0,"[0.06352629004784836, 0.044987952146996364, 0.35473507863451464, 0.029007541165554925, 0.02079970684106378, 0.04646290708441619, 0.020659226112344373, 0.0414355423720305, 0.024775878399824848, 0.0692110315720624, 0.0584607556616218, 0.014053899391752925, 0.014252767501393503, 0.027709696821051663, 0.041377515095223194, 0.012705366658789064, 0.02953585193914105, 0.012960878209367668, 0.07334211434500275]"
doc_00028,10145477,2000,9,0.5664595998087606,TDI_unknown,2000,AIR BAGS,,low,0,"[0.028352591816139857, 0.009817759973760713, 0.014163430382656127, 0.008417390282342306, 0.008160158187255333, 0.027319485410786184, 0.06292253206390547, 0.015914791744672585, 0.5664595998087606, 0.012824001178181943, 0.013615518699490566, 0.014213816457191487, 0.010120342430458753, 0.07635691433325638, 0.011340134895736527, 0.008873955192441805, 0.008421507457184537, 0.01103191542417521, 0.013858537883311916]"
doc_00029,10141045,2000,3,0.35657344677572156,unknown,2000,"STEERING,SUSPENSION,SERVICE BRAKES, HYDRAULIC,POWER TRAIN,SEATS",,medium,0,"[0.06486332331311048, 0.04452268913195086, 0.35657344677572156, 0.028516925744415753, 0.020658488017502766, 0.047474046025296465, 0.020837751915323093, 0.04224810704616872, 0.025078120962367986, 0.06878481958352786, 0.0571973226269562, 0.014125137700771721, 0.014292038656730536, 0.028048955556988085, 0.04059155602396478, 0.012731126779074705, 0.029135024784214217, 0.0130074061508074, 0.07131371320510682]"
doc_00030,10133956,2000,2,0.5552571617801645,2.0_TSI,2000,"FUEL SYSTEM, GASOLINE",,low,0,"[0.023799121217687222, 0.5552571617801645, 0.04238092695899531, 0.03364945724758908, 0.020753257084385246, 0.023734835987025242, 0.012966045116616615, 0.03266174450218419, 0.014602057217580712, 0.048984663788849185, 0.022331594460576573, 0.011002549093034723, 0.012103781219528641, 0.016186638480492656, 0.01999580843236979, 0.011075736676105312, 0.05994643070031657, 0.010618271408501011, 0.027949918627997415]"
doc_00031,10128168,2000,10,1.0,unknown,2000,"ENGINE AND ENGINE COOLING,EQUIPMENT",,high,1,"[3.901986131807971e-308, 7.171794968780534e-308, 6.750359695088674e-308, 5.340767463532433e-308, 4.1108138889249293e-308, 3.345078200570709e-308, 1.747699335079223e-308, 3.733047750690222e-308, 1.990340375221488e-308, 1.0, 3.336827826522852e-308, 1.4430489672323555e-308, 1.693272243925501e-308, 2.292765676582573e-308, 3.025166382621296e-308, 1.5202602700328443e-308, 5.380696214397503e-308, 1.410998843024029e-308, 4.845534480066571e-308]"
doc_00032,10125302,2000,11,0.2044317561006074,TDI_unknown,2000,"POWER TRAIN,ELECTRICAL SYSTEM",,low,0,"[0.05127161006509494, 0.03149416695061606, 0.11275586920394134, 0.02887207659934175, 0.018849750008175608, 0.03205893613886314, 0.019136258176734637, 0.026272194726002954, 0.021950505708522996, 0.040919242115240735, 0.2044317561006074, 0.012336207002794688, 0.012331835004022974, 0.024240437001821196, 0.08781325305227382, 0.011144704921112945, 0.02525823216194714, 0.011410688892577356, 0.10375356279735631]"
doc_00033,10125004,2000,2,1.0,TDI_unknown,2000,ENGINE AND ENGINE COOLING,,high,1,"[2.775038387751665e-308, 1.0, 5.172155371516641e-308, 3.9890357523486695e-308, 2.390392169319918e-308, 2.62554741748032e-308, 1.4229829886140577e-308, 3.475264317935391e-308, 1.608241144869131e-308, 6.343240440044559e-308, 2.583133820802057e-308, 1.2075857923678684e-308, 1.3357017122162236e-308, 1.7861478960923873e-308, 2.3073810375545775e-308, 1.2187187092238163e-308, 6.575097295956583e-308, 1.1657089972104265e-308, 3.307834238572662e-308]"
doc_00034,10122614,2000,8,0.05004193672543787,unknown,2000,EXTERIOR LIGHTING,,low,0,"[0.025462890910356868, 0.022755985466176715, 0.05699032913492188, 0.010787834641290683, 0.008494517629244901, 0.02654265104332825, 0.009438083552427385, 0.05004193672543787, 0.011653118966165813, 0.032786854373588685, 0.013980372289966174, 0.0059223265254825025, 0.006004141153616396, 0.013273119686658974, 0.011267145896285562, 0.005315684541466597, 0.012633925431646896, 0.005432305097774614, 0.01649930657705035]"
doc_00035,10120308,2000,6,0.3506478145720219,unknown,2000,SUSPENSION,,low,0,"[0.05250035148077148, 0.023383438326837, 0.03576548912691151, 0.01733810373674874, 0.016167831381708762, 0.3506478145720219, 0.034933944739696444, 0.053260879596993445, 0.0472381581837663, 0.03056023998100534, 0.02638186343225255, 0.020717623571812793, 0.01751754666413105, 0.07025730327663973, 0.02116643781784011, 0.015319084223472581, 0.018704476834217047, 0.01748759326772925, 0.02875044707725077]"
doc_00036,10118318,2000,6,0.3860238510313052,unknown,2000,ENGINE AND ENGINE COOLING,,medium,0,"[0.04496593516169201, 0.018829879320775338, 0.02999252862964623, 0.013951606104224544, 0.012897436858635038, 0.3860238510313052, 0.02639486673685562, 0.0423732457561001, 0.03539737847160699, 0.02536634873040169, 0.021762085776108157, 0.015785396431277982, 0.013597572522286015, 0.05221063851178145, 0.017196167789661133, 0.011863849414586052, 0.015014194661513448, 0.013420491812911203, 0.024050882918799987]"
doc_00037,10114006,2000,1,1.0,unknown,2000,"SERVICE BRAKES, HYDRAULIC",,low,0,"[1.0, 2.460465417295318e-308, 4.641963798263609e-308, 1.958689604505718e-308, 1.8633325433505615e-308, 6.814189635754231e-308, 3.4916576664568157e-308, 3.8243389239850257e-308, 4.805878600215677e-308, 3.905820926747559e-308, 3.605131027502827e-308, 2.1454738538967617e-308, 1.902269333466376e-308, 5.617336460824676e-308, 2.758005709901857e-308, 1.6304979214240238e-308, 1.9199111073014727e-308, 1.8224829622067504e-308, 4.2131702506598365e-308]"
doc_00038,10112374,2000,10,0.46925432327983274,unknown,2000,ENGINE AND ENGINE COOLING,,medium,0,"[0.03147040679851582, 0.04993658384916651, 0.05810347032767591, 0.04142299491082791, 0.032482189588563824, 0.025871798737925736, 0.013615667270969226, 0.028149623685549664, 0.015548491398090935, 0.46925432327983274, 0.026729304944299214, 0.011220536099806862, 0.013146223868178248, 0.01793727410105524, 0.024260748297014596, 0.011789942332166674, 0.039333725933531266, 0.010958023375982267, 0.03938713628497945]"
doc_00039,10110032,2000,1,1.0,unknown,2000,ELECTRICAL SYSTEM,,medium,0,"[1.0, 2.464738245189668e-308, 4.6473073527335395e-308, 1.9560412983935107e-308, 1.864016469099397e-308, 6.761267892293897e-308, 3.4787531050016466e-308, 3.835006033736648e-308, 4.777599374096861e-308, 3.919187013761527e-308, 3.5740881937750374e-308, 2.1462195861854197e-308, 1.9055305992726845e-308, 5.518327698430253e-308, 2.741042046403378e-308, 1.632819891889695e-308, 1.919269383529641e-308, 1.823819589957275e-308, 4.1817241529742086e-308]"
doc_00040,10108483,2000,10,1.0,unknown,2000,ENGINE AND ENGINE COOLING,,medium,0,"[3.7659479716855627e-308, 5.627533027974619e-308, 6.123014591342556e-308, 4.564845793043595e-308, 4.627818556570908e-308, 3.4352298251688987e-308, 1.813958804632474e-308, 3.619970860092595e-308, 2.0507688503890644e-308, 1.0, 3.198966353776252e-308, 1.5729072707733386e-308, 1.909185717827669e-308, 2.3816790046915834e-308, 2.8840527949243744e-308, 1.69489034610106e-308, 4.3708533511656703e-308, 1.550035134952461e-308, 4.6340075249161e-308]"
doc_00041,10104694,2000,12,0.48180795320907793,unknown,2000,VISIBILITY,,low,0,"[0.022935616408163065, 0.01351982842657702, 0.01621302789589464, 0.012248790583093087, 0.015219210720940466, 0.021476744542759545, 0.024510113604377926, 0.017623813856204117, 0.02528149773008144, 0.01709220499141832, 0.014674658196957275, 0.48180795320907793, 0.04194276769425429, 0.024530888088335437, 0.013151266493595779, 0.033594105625952914, 0.012192116753165151, 0.08985850271051363, 0.016366842572851658]"
doc_00042,10102299,2000,5,0.16103588198220417,unknown,2000,ENGINE AND ENGINE COOLING,,low,0,"[0.015330393164866958, 0.01782616773022562, 0.021439218347657323, 0.02621049207455438, 0.16103588198220417, 0.013357029105156506, 0.009304218454059123, 0.013139807859527383, 0.010185623276150036, 0.03346086405958432, 0.014449428789935463, 0.010550843104327792, 0.01418928015103571, 0.011844010524852315, 0.014182902918396648, 0.013107143719896307, 0.018527519614865755, 0.010906013584282413, 0.018882120966316626]"
doc_00043,10101164,2000,2,0.0698709016771076,unknown,2000,ELECTRICAL SYSTEM,,low,0,"[0.02579101052429514, 0.0698709016771076, 0.05017696281482778, 0.04053679544326886, 0.022381023265070694, 0.027591339297480533, 0.013846244255583538, 0.029197333837206668, 0.01555984776722464, 0.066508112100452, 0.030564546691459433, 0.011124215357905197, 0.012193582876976543, 0.01786074015897597, 0.026323637049111146, 0.01101855846733172, 0.05272338313811019, 0.01066919386958738, 0.04731617887530129]"
doc_00044,10096100,2000,9,0.2758117062461406,unknown,2000,AIR BAGS,,medium,0,"[0.02988245618096682, 0.011437652626728148, 0.016051498586381305, 0.0097765049711958, 0.009262234873230558, 0.03027835971992943, 0.1388635994607749, 0.01829409585184071, 0.2758117062461406, 0.014627133477853712, 0.015582892041920801, 0.01639076411620208, 0.011455917285460063, 0.061655998852921015, 0.013109531332361831, 0.010097201916659995, 0.009854424853714069, 0.01270353606797496, 0.01577187136419065]"
doc_00045,10093941,2000,12,0.34555639664405374,unknown,2000,VISIBILITY,,low,0,"[0.009771029101441913, 0.005619144915613873, 0.0069355869716503805, 0.005146722814488412, 0.006463160244136432, 0.008789434034432962, 0.010032565704973307, 0.007280173994924339, 0.010626865056980612, 0.0071694459484770365, 0.006176237532948958, 0.34555639664405374, 0.017764607883757527, 0.010588356737123307, 0.005555879324715111, 0.014232912703655235, 0.005055645008539222, 0.03367712479418892, 0.006873897908551884]"
doc_00046,10094291,2000,1,1.0,unknown,2000,"SERVICE BRAKES, HYDRAULIC",,high,1,"[1.0, 2.7642849060547463e-308, 5.640371791924478e-308, 2.0337671094164034e-308, 1.9023728585104293e-308, 6.895268747768542e-308, 3.034715470393474e-308, 4.4466848799667725e-308, 4.0613205761264e-308, 4.541285040105397e-308, 3.4556327099842726e-308, 1.9611079477455007e-308, 1.8204690395191447e-308, 4.378993823695876e-308, 2.6868800591722674e-308, 1.570340227787221e-308, 2.045589602143398e-308, 1.7052494815389744e-308, 4.103536936925139e-308]"
doc_00047,10086792,2000,5,0.2599828703093357,unknown,2000,ENGINE AND ENGINE COOLING,,medium,0,"[0.026695820300371664, 0.03563965464377239, 0.038286578849538594, 0.07082578775903613, 0.2599828703093357, 0.022435650311578383, 0.015283344834486037, 0.023055438125549166, 0.01669422403397328, 0.061594210669551425, 0.025503670874622738, 0.01635041039629901, 0.020964575057447855, 0.019189188103489956, 0.0253613039536764, 0.019533504703065026, 0.03970828894901726, 0.016705887372209884, 0.033357095565676495]"
doc_00048,10079891,2000,6,0.40563613323051256,unknown,2000,SUSPENSION,,medium,0,"[0.042160596039206216, 0.01736297952226315, 0.029109171607435435, 0.012394584263986395, 0.011389501115649152, 0.40563613323051256, 0.021633109068361158, 0.04256609052905164, 0.028885517489301408, 0.023960233119983534, 0.019181529161099727, 0.01324677153359058, 0.011685916080137165, 0.03916210982635877, 0.015055950897338343, 0.010179777074789053, 0.013462970163321009, 0.011368330463584719, 0.021612118231332286]"
doc_00049,10073067,2000,9,1.0,unknown,2000,AIR BAGS,,low,1,"[4.3538604323835435e-308, 1.6078925104639683e-308, 2.283444716891548e-308, 1.3615446481696667e-308, 1.323443748396828e-308, 4.543504370955672e-308, 1.2444065022809043e-307, 2.6504030551923916e-308, 1.0, 2.07346718965637e-308, 2.148193355125181e-308, 2.3818452018882926e-308, 1.67172074567648e-308, 9.638798818699082e-308, 1.798880719567525e-308, 1.4676367486405596e-308, 1.375806232160143e-308, 1.8403969142260204e-308, 2.192646424282387e-308]"
doc_00050,10072966,2000,6,0.36886191492320364,unknown,2000,"STRUCTURE,LATCHES/LOCKS/LINKAGES",,low,1,"[0.05352481570159932, 0.021531826467249698, 0.033428045590514203, 0.01617179697361908, 0.01517438893746306, 0.36886191492320364, 0.03450364108644973, 0.04753478115887028, 0.04783246073999726, 0.028669879864844316, 0.025078019330392456, 0.019877713975268774, 0.01664788672925606, 0.07342454969316263, 0.020010626889971204, 0.014514600305632213, 0.01727661586352696, 0.01667062623473304, 0.027364436826052742]"
doc_00051,10059554,2000,1,0.20118899135849055,unknown,2000,"SERVICE BRAKES, HYDRAULIC",,low,0,"[0.20118899135849055, 0.026816458674258675, 0.06489901071197182, 0.02183134569089001, 0.01973953815054378, 0.05536568539984469, 0.028699038409642157, 0.036024247251462374, 0.03838427866947024, 0.043378012858910166, 0.04393995101940883, 0.018594453100358784, 0.017325504682253284, 0.046853501096437156, 0.03294494103233034, 0.01506081055272561, 0.020680497121269497, 0.016227774091389053, 0.05124251470041142]"
doc_00052,10059305,2000,19,0.4693867052687075,unknown,2000,ENGINE AND ENGINE COOLING,,medium,1,"[0.024739880279600255, 0.019358919589305534, 0.051155372704166965, 0.02090484023263059, 0.013468423434370888, 0.020314217398343857, 0.01183198385679231, 0.015861146188308077, 0.0132727881609714, 0.027425161359207976, 0.10417976438863208, 0.008266123567009936, 0.00844858657764273, 0.01573060522475629, 0.06294016139713801, 0.007610877398704319, 0.017316341380242472, 0.007718773349249584, 0.4693867052687075]"
doc_00053,10049663,2000,3,0.4309820826340143,unknown,2000,"ENGINE AND ENGINE COOLING,EQUIPMENT",,high,4,"[0.05421866202504536, 0.03888765125824822, 0.4309820826340143, 0.02901650918310271, 0.020504000435867156, 0.03254403655617991, 0.016338274508008545, 0.03020423617504831, 0.019393317449955212, 0.07154589064640801, 0.050151043570825976, 0.011865190949447902, 0.012437955273493959, 0.021846651356841294, 0.038858942520741784, 0.011102732515002522, 0.02675428895404198, 0.011072082385160277, 0.07227645160256652]"
doc_00054,10025937,2000,11,1.0,unknown,2000,POWER TRAIN,,low,0,"[3.801502112828529e-308, 2.540797008822499e-308, 6.138810342000628e-308, 2.631109236881707e-308, 1.8665829086173124e-308, 2.991624267429288e-308, 1.9725002399335e-308, 2.2768757374630514e-308, 2.1916138004512346e-308, 3.350487241027915e-308, 1.0, 1.364591546000484e-308, 1.3419947145549085e-308, 2.513626152130234e-308, 1.1166267608737315e-307, 1.212445297648165e-308, 2.271597790312935e-308, 1.257202862220208e-308, 1.2203780266163958e-307]"
doc_00055,10025518,2000,1,1.0,TDI_unknown,2000,"SERVICE BRAKES, HYDRAULIC",,high,2,"[1.0, 2.8167803655177094e-308, 5.905278007659383e-308, 2.0503682583147934e-308, 1.9141311269927617e-308, 6.207642394442095e-308, 2.8780102144397953e-308, 4.3891321381924735e-308, 3.821407484164952e-308, 4.623293434227021e-308, 3.406136861101214e-308, 1.9054050227640347e-308, 1.789560611569922e-308, 4.0691890512745853e-308, 2.6757569528314197e-308, 1.548494942855561e-308, 2.058682987598615e-308, 1.666386385105231e-308, 4.029577351020947e-308]"
doc_00056,10018663,2000,17,1.0,unknown,2000,"FUEL SYSTEM, GASOLINE",,low,0,"[2.001924768390653e-308, 6.896312498912578e-308, 3.080870891951282e-308, 7.175607090514582e-308, 2.6043133369921923e-308, 1.9705077210040254e-308, 1.2104619963472387e-308, 2.2449735545155527e-308, 1.3321175923060596e-308, 4.501284451287845e-308, 2.276913043344746e-308, 1.1047935459000623e-308, 1.2504039064273815e-308, 1.4909192725616536e-308, 2.200257887054788e-308, 1.159563137452328e-308, 1.0, 1.0855097756752037e-308, 3.0467116699189127e-308]"
doc_00057,10018195,2000,19,1.0,unknown,2000,ENGINE AND ENGINE COOLING,,medium,0,"[4.1126108072702334e-308, 3.406979138960669e-308, 8.5325412326705e-308, 3.639651127859065e-308, 2.289442915540023e-308, 3.474792147214173e-308, 1.983623963677123e-308, 2.737163025224922e-308, 2.226450862869097e-308, 4.773914988594735e-308, 1.5996356476716762e-307, 1.3882033220221065e-308, 1.422894299741902e-308, 2.631770361960093e-308, 1.0019981492167025e-307, 1.282369031054362e-308, 3.048015817678357e-308, 1.298227161068893e-308, 1.0]"
doc_00058,10010718,2000,9,0.40450147013074844,unknown,2000,AIR BAGS,,low,0,"[0.025434154410652925, 0.009955224781088172, 0.014027574258872813, 0.0085619062437046, 0.008077145954691207, 0.025950323044244054, 0.0697333122567907, 0.015930856823160554, 0.40450147013074844, 0.012660247219661663, 0.013654293590083804, 0.013870918973953183, 0.009782626977976777, 0.06811900749417502, 0.011551636920140879, 0.008655548269777139, 0.00857937633429165, 0.010782757975032161, 0.013683435885068793]"
doc_00059,10003597,2000,6,0.22841118189524717,unknown,2000,WHEELS,,low,0,"[0.05456668834996669, 0.02264449193197506, 0.03755173828685278, 0.01640921305640863, 0.014809584046151575, 0.22841118189524717, 0.029036159591176045, 0.045213386072898806, 0.03518512081842944, 0.03170317135042646, 0.026876585344085407, 0.01686339773873281, 0.015030885871381626, 0.039828543165958186, 0.020559084781821616, 0.013100460637534396, 0.017826953308980542, 0.014589514231722302, 0.030682493513155593]"
doc_00060,10004136,2000,19,1.0,unknown,2000,ENGINE AND ENGINE COOLING,,medium,0,"[4.1843689688059687e-308, 3.580850355940025e-308, 8.870255148046802e-308, 3.823430949798492e-308, 2.464144812501206e-308, 3.6538887927788e-308, 1.984164939129711e-308, 2.890073293843138e-308, 2.256736279863104e-308, 5.407486927445836e-308, 1.0823629715549546e-307, 1.4337730890678174e-308, 1.4875547003825933e-308, 2.741060098971206e-308, 7.91930949742094e-308, 1.335327658858521e-308, 3.2016956495510785e-308, 1.3435009019155627e-308, 1.0]"
doc_00061,10002673,2000,10,0.10771033649604218,unknown,2000,"FUEL SYSTEM, OTHER,UNKNOWN OR OTHER",,low,0,"[0.03485858987798495, 0.0443406691462677, 0.06980012149863427, 0.04497587651768544, 0.035123816497791456, 0.0334819798558409, 0.017168467702308933, 0.03124526194119218, 0.019534637257138103, 0.10771033649604218, 0.03739646860149409, 0.013870364309142626, 0.015899707414378423, 0.02354882388900332, 0.033003770027975526, 0.014139281305318486, 0.03939464415244406, 0.013416492932340379, 0.06528020632876655]"
doc_00062,10001595,2000,8,0.05711908521875375,unknown,2000,SUSPENSION,,low,0,"[0.017261083595953044, 0.010286728294114398, 0.01727290787713557, 0.006254599690696909, 0.005741905370157318, 0.033359928042410524, 0.008230135211598735, 0.05711908521875375, 0.010468120033969174, 0.013253985322432878, 0.008314277129313478, 0.005842856388807085, 0.005494048078532219, 0.012337234467364334, 0.006679644833231858, 0.0048239310965128256, 0.007201469538105369, 0.005176107662433205, 0.009456973780336893]"
doc_00063,769393,2000,9,1.0,unknown,2000,AIR BAGS,,low,0,"[4.18732183585012e-308, 1.582492397869422e-308, 2.24656257443339e-308, 1.349160171751603e-308, 1.3030029122953615e-308, 4.3096178479182654e-308, 1.0792139776633941e-307, 2.578467305910334e-308, 1.0, 2.02643752659727e-308, 2.145944889738283e-308, 2.2887816321063437e-308, 1.618654808994541e-308, 1.0472323842625914e-307, 1.80508648593074e-308, 1.4271720693123177e-308, 1.356931409096235e-308, 1.7776144317495557e-308, 2.16676870685778e-308]"
doc_00064,8021464,2000,19,1.0,unknown,2000,ENGINE AND ENGINE COOLING,,medium,0,"[4.449082089881099e-308, 3.456431360270223e-308, 9.662764626659385e-308, 3.6344431222737774e-308, 2.491478396858788e-308, 3.763175084099331e-308, 2.068882145096913e-308, 2.8890362389334144e-308, 2.336448030436106e-308, 5.598546716200193e-308, 1.1231635384693452e-307, 1.4883640267376413e-308, 1.543867760886253e-308, 2.8111895667128083e-308, 7.724838935423926e-308, 1.3797127591894766e-308, 3.0312750184118983e-308, 1.3920054056885723e-308, 1.0]"
doc_00065,768420,2000,1,1.0,unknown,2000,ELECTRICAL SYSTEM,,medium,0,"[1.0, 2.7525893408815265e-308, 7.37118041815739e-308, 2.1599760565145163e-308, 1.8715728674014977e-308, 4.204455953786499e-308, 2.443619161799941e-308, 3.3488455440830227e-308, 3.1693477107197166e-308, 4.0998875627243454e-308, 4.2494598631132083e-308, 1.617593353978595e-308, 1.538559966311833e-308, 3.3860667006965656e-308, 3.266770221811549e-308, 1.361168629156112e-308, 2.0526416316259055e-308, 1.436478449958943e-308, 4.521757687524303e-308]"
doc_00066,767701,2000,17,1.0,unknown,2000,"FUEL SYSTEM, GASOLINE",,low,0,"[2.015829930364911e-308, 7.364888924015887e-308, 3.127189875891785e-308, 6.622980385908325e-308, 2.5905690786980964e-308, 2.0067134146963535e-308, 1.22245730837184e-308, 2.304797951871469e-308, 1.345631585038071e-308, 4.620850823621324e-308, 2.2735823673519385e-308, 1.1151289600433604e-308, 1.2617641139918956e-308, 1.5064785732999906e-308, 2.179734827875092e-308, 1.168789490139158e-308, 1.0, 1.094967954732488e-308, 3.0410766042645077e-308]"
doc_00067,767323,2000,12,1.0,unknown,2000,VISIBILITY,,medium,1,"[2.1340625450576996e-308, 1.233002617556352e-308, 1.4968664004471277e-308, 1.123050489320853e-308, 1.389666531486048e-308, 1.9758542786579816e-308, 2.3011462488747164e-308, 1.61603856202756e-308, 2.3980177278255395e-308, 1.562427426768854e-308, 1.3569207048489167e-308, 1.0, 3.6565673705950246e-308, 2.343243913634975e-308, 1.2172442659657495e-308, 2.97604782465312e-308, 1.1117050264724605e-308, 7.3750352232830865e-308, 1.505187527847926e-308]"
doc_00068,767323,2000,12,1.0,unknown,2000,VISIBILITY,,medium,1,"[2.1317822907756835e-308, 1.2375996194945765e-308, 1.4974769905653383e-308, 1.1260307324431774e-308, 1.395710545105355e-308, 1.9775911196506847e-308, 2.2902925412156024e-308, 1.6194385299127547e-308, 2.382608449556274e-308, 1.567599065639143e-308, 1.3572386396179046e-308, 1.0, 3.726381983038013e-308, 2.326008176642085e-308, 1.217431905855463e-308, 3.0194723162049975e-308, 1.115801433854023e-308, 7.676867042662337e-308, 1.5076390675138073e-308]"
doc_00069,767176,2000,1,0.3653040804869505,unknown,2000,"SERVICE BRAKES, HYDRAULIC,VISIBILITY",,medium,0,"[0.3653040804869505, 0.026622523577735705, 0.055805514865065936, 0.0190301464438175, 0.017944619736501716, 0.06096808354548097, 0.025781457824409985, 0.04299000091018617, 0.03374946304673394, 0.046105511836744446, 0.030376266785195463, 0.017577027643144096, 0.016762401156526774, 0.03700322550448872, 0.024048717036675334, 0.014413137915107574, 0.019308539654969266, 0.015435055763361558, 0.03715497078945178]"
doc_00070,767090,2000,1,0.32191346393764686,unknown,2000,"SERVICE BRAKES, HYDRAULIC",,medium,0,"[0.32191346393764686, 0.0252130293521218, 0.05608386212097704, 0.017648318760678145, 0.01624609468090472, 0.054881687282897496, 0.022487785969441055, 0.039948548661787486, 0.029215407355476546, 0.0438276549857555, 0.02848888069728217, 0.015138482089327245, 0.01456752219264298, 0.03191745442074104, 0.022380079184476476, 0.012595953705040856, 0.017972641722909383, 0.013389658372900777, 0.03480481201532555]"
doc_00071,767096,2000,12,1.0,unknown,2000,VISIBILITY,,low,0,"[2.120991223257853e-308, 1.2257088862275913e-308, 1.494307248731978e-308, 1.1193991378060355e-308, 1.3885307680743497e-308, 1.9487324099205237e-308, 2.2733722955386986e-308, 1.6000649661879453e-308, 2.373364834835396e-308, 1.5535326272710365e-308, 1.350943701869259e-308, 1.0, 3.675154007847808e-308, 2.32758649588627e-308, 1.2135636735946116e-308, 2.9959956724076017e-308, 1.1053805107911024e-308, 7.411386045201125e-308, 1.4974995846858047e-308]"
doc_00072,766666,2000,1,1.0,unknown,2000,"SERVICE BRAKES, HYDRAULIC",,medium,0,"[1.0, 2.787084364994492e-308, 5.762084268126551e-308, 2.044332094895854e-308, 1.9015132246448966e-308, 7.446847368106238e-308, 3.0650806266745365e-308, 4.582180211676472e-308, 4.122520725901966e-308, 4.587735095501767e-308, 3.505515855915445e-308, 1.9598181627590567e-308, 1.816000881630466e-308, 4.516018264645431e-308, 2.7093384068301e-308, 1.566600969816573e-308, 2.0634706050804374e-308, 1.7035249986301317e-308, 4.1703733931641713e-308]"
doc_00073,766508,2000,12,1.0,unknown,2000,VISIBILITY,,low,1,"[2.11874809646968e-308, 1.2310473748847537e-308, 1.4894062700869236e-308, 1.120218355425549e-308, 1.386522729033347e-308, 1.9682114246564283e-308, 2.28720325926823e-308, 1.6121442614209895e-308, 2.3795805749502093e-308, 1.557315191412671e-308, 1.3507940994285105e-308, 1.0, 3.670792241403076e-308, 2.3214685906532135e-308, 1.212109334083529e-308, 2.9882833540255824e-308, 1.110042270853452e-308, 7.568941902829701e-308, 1.4984987586703085e-308]"
doc_00074,766327,2000,8,0.6624468086823002,unknown,2000,"SERVICE BRAKES, HYDRAULIC",,low,0,"[0.02304544895998638, 0.017625663669286577, 0.026057712975345492, 0.00991413830615856, 0.00909813544437569, 0.033500261253743585, 0.011890473576816473, 0.6624468086823002, 0.01477761246332864, 0.020957252034836678, 0.012110021662430533, 0.008918503746675365, 0.008561990512295465, 0.016806265497975592, 0.00996276873907976, 0.007567198004056618, 0.011681445075615414, 0.007999795039833276, 0.013627570655191596]"
doc_00075,8016656,2000,12,1.0,unknown,2000,VISIBILITY,,low,0,"[2.137871413588381e-308, 1.240934020004417e-308, 1.500930223325907e-308, 1.128760072163803e-308, 1.3997215202377595e-308, 1.9832013692711353e-308, 2.2930540832768825e-308, 1.6235512783221946e-308, 2.3846996539144304e-308, 1.572594845405788e-308, 1.3603056486934127e-308, 1.0, 3.7500210469852686e-308, 2.327870259171997e-308, 1.2198725743901576e-308, 3.0318765245938787e-308, 1.1187394989927107e-308, 7.720623994033391e-308, 1.5120098558415153e-308]"
doc_00076,765215,2000,12,1.0,unknown,2000,VISIBILITY,,low,0,"[2.12797626412927e-308, 1.2270041640881255e-308, 1.5006143502941105e-308, 1.1212643628164937e-308, 1.3930231269694666e-308, 1.946405616528666e-308, 2.2657128358377833e-308, 1.600731804716752e-308, 2.3736571539458217e-308, 1.5569693716921826e-308, 1.352643689919949e-308, 1.0, 3.6955928684656453e-308, 2.3347038321532983e-308, 1.2154873453313128e-308, 3.007420654803074e-308, 1.1059219076575045e-308, 7.288123911861441e-308, 1.4995918819185293e-308]"
doc_00077,764883,2000,12,1.0,unknown,2000,VISIBILITY,,low,0,"[2.1110089884944276e-308, 1.2207555967865305e-308, 1.488979030925152e-308, 1.115326586837063e-308, 1.382770979811736e-308, 1.938734253022643e-308, 2.266785258894832e-308, 1.5932889443529203e-308, 2.3669523995864665e-308, 1.5460993255904827e-308, 1.346035643363104e-308, 1.0, 3.646569042574841e-308, 2.321109639986727e-308, 1.2096831772200363e-308, 2.9798027592610546e-308, 1.101003570627249e-308, 7.339939509781803e-308, 1.4907326851119375e-308]"
doc_00078,764627,2000,12,0.08077182660334743,unknown,2000,"VISIBILITY,AIR BAGS,VEHICLE SPEED CONTROL",,low,0,"[0.010111046595941878, 0.005554541353215612, 0.0068530293215362656, 0.005038287964180084, 0.00624176048762087, 0.009221235233030147, 0.01046273005526394, 0.007388774074654332, 0.011086073919438945, 0.007193126373319939, 0.006169295152703069, 0.08077182660334743, 0.01603113233703419, 0.010952528947436507, 0.0054860722939179376, 0.012615328295687516, 0.004985312028987098, 0.026372922175245544, 0.006918602795571919]"
doc_00079,763605,2000,12,1.0,unknown,2000,VISIBILITY,,low,0,"[2.1482421549391467e-308, 1.234204565735845e-308, 1.5087498186929044e-308, 1.128362023484226e-308, 1.401100542026303e-308, 1.9648768153585553e-308, 2.292399945939401e-308, 1.6099541977104404e-308, 2.3915210097634244e-308, 1.568815427069574e-308, 1.364156477159819e-308, 1.0, 3.7201278696537296e-308, 2.348336931623614e-308, 1.2244847071735597e-308, 3.01943633448092e-308, 1.113251903759807e-308, 7.410901115700731e-308, 1.51435433575004e-308]"
doc_00080,8012530,2000,12,0.5881428481576052,unknown,2000,VISIBILITY,,low,0,"[0.01769661430227639, 0.01031535767056217, 0.012417705913832998, 0.009355046327732972, 0.011582488975397688, 0.016539860883152943, 0.01905780024440984, 0.013513093270671926, 0.01970939323043663, 0.013062274182385064, 0.011267811298190412, 0.5881428481576052, 0.03111419536760626, 0.019132349889464523, 0.010091782746982064, 0.02505336798126213, 0.009300429192167132, 0.06434410123314796, 0.012543429236929398]"
doc_00081,762965,2000,1,0.4040803005269468,unknown,2000,"SERVICE BRAKES, HYDRAULIC",,medium,0,"[0.4040803005269468, 0.027682707855037805, 0.060922694925715906, 0.020845935721117082, 0.01898079272903248, 0.06309212983394354, 0.029407238757255233, 0.041059961164664566, 0.03943064288546138, 0.045183713168044044, 0.03802838177098842, 0.01855803537151231, 0.01728445384273132, 0.043422356405377165, 0.029105065684795792, 0.014979720756223577, 0.020504679439904628, 0.01618517402180942, 0.04474184557907396]"
doc_00082,762636,2000,12,1.0,unknown,2000,VISIBILITY,,low,0,"[2.104863660122962e-308, 1.2209420712326317e-308, 1.4853875874105795e-308, 1.1149744030572576e-308, 1.3823801922244916e-308, 1.9379036911485665e-308, 2.264194964896081e-308, 1.592515411618431e-308, 2.358606804421701e-308, 1.545116541309445e-308, 1.3445127224184405e-308, 1.0, 3.6627053496820796e-308, 2.309216398413717e-308, 1.208234734925624e-308, 2.992297182386185e-308, 1.1015240372901317e-308, 7.5342904716754e-308, 1.489595790296656e-308]"
doc_00083,761476,2000,12,0.5273574349524722,unknown,2000,VISIBILITY,,low,0,"[0.02073786327537179, 0.012166110867247313, 0.014612708440183295, 0.011028763592145862, 0.013668746934084652, 0.019418020952077095, 0.022312613532219163, 0.015898616432317738, 0.023017227428289575, 0.015383098013507884, 0.013251066468566977, 0.5273574349524722, 0.037082583369979806, 0.02231697247207668, 0.011872976213378092, 0.029838652979234017, 0.010972850727940981, 0.07854549694597446, 0.014758146507146097]"
doc_00084,758220,2000,6,0.21659175760261,unknown,2000,TIRES,,low,0,"[0.05492486545394192, 0.02360218306422832, 0.03916750957572985, 0.017007873048883734, 0.015287741683030395, 0.21659175760261, 0.029328321521133544, 0.04676981750982728, 0.0352860459910575, 0.03300103176168742, 0.02779442358066032, 0.017175454478279253, 0.015391765023211153, 0.03963432230782501, 0.02124467891440811, 0.013425026586936435, 0.018537085261594748, 0.014903824684052044, 0.031814925943807915]"
doc_00085,8002761,2000,7,0.38257603259890915,unknown,2000,"VISIBILITY,AIR BAGS,INTERIOR LIGHTING,EQUIPMENT",,low,0,"[0.029474737984143514, 0.01242922113402759, 0.0168354948146639, 0.010745446205926027, 0.010738963116971775, 0.029826710543999577, 0.38257603259890915, 0.018867980007292184, 0.07405776831669676, 0.015719104779112127, 0.016926521993112297, 0.020465621762354454, 0.014169061360008452, 0.04137895815070615, 0.014320921278527512, 0.01252175640080096, 0.010869662719800157, 0.01600213074288671, 0.017235391255921998]"
doc_00086,754303,2000,10,0.019691458660653742,unknown,2000,ENGINE AND ENGINE COOLING,,medium,0,"[0.007436804848000264, 0.008410939645208526, 0.010996865241277349, 0.008775863648479635, 0.009710621103570629, 0.007542108370808541, 0.0042526348481624725, 0.006871236541216525, 0.004808043595469996, 0.019691458660653742, 0.007163795633201105, 0.0036595551352132053, 0.004357128481958393, 0.0059800748926018875, 0.006457510151623666, 0.0038458679000199047, 0.008052929875995495, 0.0035834944191230327, 0.010949871946259213]"
doc_00087,750428,2000,12,0.0037461902324357997,unknown,2000,VISIBILITY,,low,0,"[0.0075441708385873265, 0.008354473863572928, 0.010894167600648916, 0.008712484855083202, 0.009727967067071783, 0.007653505461621607, 0.004333493908778874, 0.006925881658370672, 0.004900277268005375, 0.018885605332904083, 0.007222899160386067, 0.0037461902324357997, 0.004460896358019868, 0.0061132813355339035, 0.006506521337537988, 0.003934548015402869, 0.008007508181079237, 0.003668547231302778, 0.01095438523250033]"
doc_00088,748992,2000,9,0.22307540965285824,unknown,2000,AIR BAGS,,low,0,"[0.04300857376713604, 0.016872959497892633, 0.02364126599907974, 0.014918288003574661, 0.014512254327108353, 0.040887547367179, 0.09788947130174637, 0.025844346455396818, 0.22307540965285824, 0.02159384316471878, 0.023979119676946044, 0.025925960196103052, 0.018051771572461652, 0.13725164628707281, 0.0204023802334337, 0.015982988570744688, 0.014722161420834715, 0.020003911097948673, 0.023968265439636004]"
doc_00089,748857,2000,12,0.614816589913014,unknown,2000,VISIBILITY,,low,0,"[0.016289665985076064, 0.009482495380985438, 0.011420670665870648, 0.008600948606848641, 0.010643850323443898, 0.01521652736742184, 0.017562847487779677, 0.012429634822691413, 0.01817317138664077, 0.012008393007685353, 0.010365717898602569, 0.614816589913014, 0.028493640142451405, 0.017640837699566498, 0.009284106021274859, 0.022971920738233197, 0.008548779772327814, 0.05875595843130269, 0.011534194452996744]"
doc_00090,747736,2000,12,1.0,unknown,2000,VISIBILITY,,low,0,"[2.108897119453246e-308, 1.220481200047617e-308, 1.4889140108053655e-308, 1.1154144754147316e-308, 1.383812487855856e-308, 1.9354367793307223e-308, 2.260939633120425e-308, 1.591598527284307e-308, 2.361248912630278e-308, 1.5457295853917984e-308, 1.345412378763954e-308, 1.0, 3.660471428834563e-308, 2.3170867056131186e-308, 1.209365499082066e-308, 2.9897546196777106e-308, 1.1008187326264215e-308, 7.385256305398284e-308, 1.4902368102737597e-308]"
doc_00091,891269,2000,12,0.509640925327935,unknown,2000,VISIBILITY,,low,0,"[0.02177783256709875, 0.012765259849738591, 0.01533611284754687, 0.01156613433368197, 0.01432107951372006, 0.020415089905758844, 0.02347815635325042, 0.01669869687357187, 0.024201134126603845, 0.016141927848036988, 0.013906733346170414, 0.509640925327935, 0.03868569436244471, 0.023437261490213836, 0.012456048979465258, 0.03113707895356364, 0.011512771594845102, 0.08127390353425226, 0.01548810829631545]"
doc_00092,746783,2000,9,0.2293544096371715,unknown,2000,AIR BAGS,,low,0,"[0.042629843782524164, 0.016804241211850625, 0.023533138021649476, 0.014836389193351819, 0.014419014508629978, 0.040716498578347374, 0.0983514013230847, 0.02578214703299632, 0.2293544096371715, 0.021472884078199427, 0.023824617734713362, 0.02572925925716914, 0.0179245263427626, 0.13267907739349938, 0.02028258004561432, 0.015877981076846813, 0.014654619779127756, 0.019865185288662036, 0.023794349745671062]"
doc_00093,742882,2000,1,1.0,unknown,2000,"SERVICE BRAKES, HYDRAULIC,ELECTRICAL SYSTEM,UNKNOWN OR OTHER",,high,1,"[1.0, 2.763524519860708e-308, 5.644359130670502e-308, 2.033031820803568e-308, 1.8964865600512987e-308, 7.140719573404891e-308, 3.0686208932848604e-308, 4.486404915586469e-308, 4.1135391326569954e-308, 4.530219495897644e-308, 3.4801974449327714e-308, 1.9636636682451455e-308, 1.8183972444455315e-308, 4.446816781756852e-308, 2.6963150631917207e-308, 1.5685267791329436e-308, 2.048010299299322e-308, 1.706237732714311e-308, 4.1306218025331747e-308]"
doc_00094,742183,2000,3,0.05051927192060864,unknown,2000,VEHICLE SPEED CONTROL,,low,0,"[0.042180568187374756, 0.020530800062988103, 0.05051927192060864, 0.01875823943936883, 0.01447346795881634, 0.03236706681705665, 0.017536234487637282, 0.021503533861068326, 0.019911848318479253, 0.03393449681338796, 0.057615340041157634, 0.010392561866049518, 0.01024018819412911, 0.024002373302028434, 0.03519046467506049, 0.009025447791944604, 0.016858092616995595, 0.009457421362398893, 0.09583492012921394]"
doc_00095,741063,2000,3,1.0,unknown,2000,"ELECTRICAL SYSTEM,VISIBILITY,VEHICLE SPEED CONTROL",,high,1,"[6.919908701588381e-308, 4.133973430231888e-308, 1.0, 3.599733273927436e-308, 2.9065972504547225e-308, 3.7010841903469495e-308, 1.9355300915985765e-308, 3.4289574451344915e-308, 2.3100418485906296e-308, 8.871002766742317e-308, 5.019703529496477e-308, 1.525469151055725e-308, 1.6448139170505746e-308, 2.715363387302269e-308, 4.292206879662874e-308, 1.459858242751066e-308, 3.106043084002598e-308, 1.4310446773183517e-308, 7.490336016526383e-308]"
doc_00096,880535,2000,18,0.05536305333041688,unknown,2000,VISIBILITY,,low,0,"[0.006324151884003605, 0.004256531900223343, 0.005011429846236841, 0.003965292893469118, 0.005341003271675703, 0.005763476307801817, 0.005823712773439818, 0.00504503472181093, 0.00611293286285511, 0.005434105755607372, 0.004323623642755896, 0.020304854151321088, 0.031193201217980464, 0.006259918136437133, 0.003955477357880064, 0.020701372547570634, 0.003849834920707219, 0.05536305333041688, 0.004924235357750541]"
doc_00097,739586,2000,12,0.0037485263191873066,unknown,2000,AIR BAGS,,low,0,"[0.007545796611423005, 0.008352627176604704, 0.01089039720198856, 0.0087122457625113, 0.009731927084187445, 0.007654806818652083, 0.0043353825390061215, 0.006926103038488547, 0.004902304428732608, 0.018866191848521598, 0.007224090210472099, 0.0037485263191873066, 0.004463992347706089, 0.0061160791387795755, 0.006507855770035378, 0.0039372678219949655, 0.008006786853585992, 0.0036709623565550405, 0.010953461610411157]"
doc_00098,736297,2000,6,0.11526321042021809,unknown,2000,EQUIPMENT,,low,0,"[0.046689670548022214, 0.013589462391490342, 0.023685517715529233, 0.01025473181391862, 0.009386434297971485, 0.11526321042021809, 0.019075149456418757, 0.025823284944169415, 0.02465360124920652, 0.019901122704611154, 0.017747789282581423, 0.010884125750531132, 0.009590805955008906, 0.030466997284787613, 0.013365453141943867, 0.008317277928564567, 0.010771354199816544, 0.009327561808829805, 0.02027840337969317]"
doc_00099,873474,2000,6,0.12038459002165856,unknown,2000,"SUSPENSION,POWER TRAIN",,low,0,"[0.05078377984580948, 0.016787589005558243, 0.031148555757761664, 0.012409488110476688, 0.011046924389719406, 0.12038459002165856, 0.019471369513507537, 0.03050593678689605, 0.024774931789254145, 0.025032745245395158, 0.022067636788458387, 0.011655945922974524, 0.010596889297103762, 0.03031709414796171, 0.016273816798621957, 0.00922612495114177, 0.013069369712088486, 0.010150024499704521, 0.025692938303729183]"
doc_00100,870958,2000,7,0.4851131804332654,unknown,2000,AIR BAGS,,low,0,"[0.03790535586886729, 0.016293618906221788, 0.02198164462095564, 0.014119538457296812, 0.013999405516727677, 0.03805119044571949, 0.4851131804332654, 0.024371699337470274, 0.08924965737890755, 0.02048132953993415, 0.02248987478675814, 0.025823127310955585, 0.018188992726100903, 0.05164409347815916, 0.01904330829793103, 0.0161217133403404, 0.014266240462711785, 0.020436867432043457, 0.022756116901878162]"
doc_00101,553167,2000,6,0.012796380268917844,unknown,2000,STRUCTURE,,low,0,"[0.013566755841075417, 0.005933338646410462, 0.007829304212375729, 0.005200645897158497, 0.0058620571718619235, 0.012796380268917844, 0.017583545256170893, 0.008872106094941844, 0.01896244842224359, 0.007869236828161876, 0.00710606024549742, 0.017010083451416597, 0.008874428324961908, 0.016365671128740298, 0.006084435416765378, 0.0074263784501589665, 0.0052304923637287015, 0.01090475065603974, 0.00781540125727893]"
doc_00102,553167,2000,6,0.03292446110573024,unknown,2000,UNKNOWN OR OTHER,,low,0,"[0.031817823988552305, 0.012477311315683467, 0.01734121203281906, 0.010622147686194327, 0.009708950703552278, 0.03292446110573024, 0.11740279595547692, 0.019433551608176086, 0.07119472587531994, 0.016017361870426832, 0.01726732459820762, 0.015673085224212954, 0.011401949878779336, 0.045396897974012126, 0.014303053816840359, 0.010023059843641213, 0.010804223682461691, 0.012468267241033544, 0.017701430874850207]"
doc_00103,11413225,2001,9,1.0,unknown,2001,AIR BAGS,,low,0,"[4.474499704960652e-308, 1.648445906672312e-308, 2.377568048023872e-308, 1.3759545854636853e-308, 1.3058211077933367e-308, 4.611749951388926e-308, 1.0729285784938533e-307, 2.75224207182446e-308, 1.0, 2.1049066529596177e-308, 2.2232091980352724e-308, 2.1432253032929515e-308, 1.5735029069845613e-308, 8.448025570156283e-308, 1.8562850344154425e-308, 1.388683976341197e-308, 1.3943454030381596e-308, 1.6986438243541707e-308, 2.2341956087347766e-308]"
doc_00104,11376943,2001,12,0.02159805215333101,unknown,2001,STRUCTURE,,low,0,"[0.05410676522497699, 0.014547371262855643, 0.021680001160188415, 0.012567704429125073, 0.012536063656223966, 0.0372425344343078, 0.04110101271199398, 0.023186495808452518, 0.06447670249463161, 0.02086717096497217, 0.018888591632290456, 0.02159805215333101, 0.015713378355662246, 0.07775638233989991, 0.015535635260134352, 0.01324108338645464, 0.012408217319436244, 0.016441513697768386, 0.02102316316993658]"
doc_00105,10990734,2001,1,0.12193236313311238,unknown,2001,STEERING,,medium,0,"[0.12193236313311238, 0.025818426695953495, 0.053519736240710616, 0.022438348519350167, 0.020273069024132322, 0.05665949338448594, 0.03345821319530411, 0.035095367682130126, 0.04506457191950676, 0.03914348575285352, 0.048876421429680746, 0.020752234754975972, 0.01858559383785265, 0.06801580459276886, 0.03635618535215322, 0.016200669184063432, 0.02100048743153495, 0.017847127712134536, 0.053555826839684]"
doc_00106,10724343,2001,7,1.0,unknown,2001,AIR BAGS,,low,0,"[3.282168556139558e-308, 1.402100944052153e-308, 1.899359719835942e-308, 1.216179648821937e-308, 1.2093973758453407e-308, 3.331178386541359e-308, 1.0, 2.1287152645842336e-308, 1.0510474815667179e-307, 1.7589020165796896e-308, 1.924596936791815e-308, 2.2904540004956746e-308, 1.57976472474833e-308, 5.009326058125719e-308, 1.638187178772909e-308, 1.402256819110699e-308, 1.2262477785587463e-308, 1.788159026472097e-308, 1.9368000826408566e-308]"
doc_00107,10722890,2001,1,0.6208685598593591,unknown,2001,"ELECTRICAL SYSTEM,EXTERIOR LIGHTING,EQUIPMENT ADAPTIVE/MOBILITY",,low,0,"[0.6208685598593591, 0.01641235713008763, 0.04043960855391488, 0.012226936818671041, 0.011107753995045738, 0.029270281555307896, 0.015149021383414651, 0.023301366231588183, 0.020461467544162757, 0.0260527574946697, 0.0207388081902894, 0.0101715889497194, 0.009622917296979292, 0.022510272901592476, 0.0164821658437225, 0.008415400354948269, 0.01195333174329065, 0.008936585295363562, 0.023731582530951475]"
doc_00108,10629709,2001,9,0.19593680467082736,unknown,2001,AIR BAGS,,low,0,"[0.0444447967971797, 0.01678054161522059, 0.02374593032351669, 0.014872426989641325, 0.014491710453586673, 0.041331200956582236, 0.08778384724603508, 0.02572997480130476, 0.19593680467082736, 0.021686985636147862, 0.024081928975264268, 0.025516700299228517, 0.01791564597677002, 0.17350750763572403, 0.020372348447035067, 0.015813777273108072, 0.014631190949314053, 0.019709139885406186, 0.02417970509997939]"
doc_00109,10459203,2001,1,0.004011699890843555,unknown,2001,EXTERIOR LIGHTING,,low,0,"[0.004011699890843555, 0.0027078728621572116, 0.003192993702872421, 0.002522787763702136, 0.0034254676463478504, 0.003647459211005969, 0.0036236513076908956, 0.0031968386498963503, 0.0038221827673966223, 0.0034820671381937045, 0.0027318672502276357, 0.01606978814606465, 0.028738189728336163, 0.003936880532418381, 0.002498101665713931, 0.017374313070220783, 0.0024440393502540327, 0.03537109615064172, 0.003126347338818511]"
doc_00110,10366615,2001,6,0.047864994269922405,TDI_unknown,2001,SEATS,,low,0,"[0.03921291641335292, 0.014316892510569543, 0.020493442762294617, 0.011630832207029249, 0.01109803751897796, 0.047864994269922405, 0.07484795577443894, 0.02560919250705684, 0.1357235706099501, 0.018596678541951888, 0.017719786599293692, 0.019136365957943522, 0.01378227359699295, 0.06674875558011728, 0.014686076382520471, 0.012007683399059157, 0.012017810001773759, 0.014924607334230493, 0.01856772205596667]"
doc_00111,10356703,2001,2,0.08062519231250367,unknown,2001,"ELECTRICAL SYSTEM,VISIBILITY",,low,0,"[0.024762113485312334, 0.08062519231250367, 0.046861078124534654, 0.040797612524210575, 0.02213568103129274, 0.026723596359690256, 0.01359637972244674, 0.02955950318054394, 0.015222550924901334, 0.06304823259117123, 0.028411399814276563, 0.010997439375584466, 0.012090164731828215, 0.017367724682545455, 0.024769764111804957, 0.010958104409788838, 0.06103413542629332, 0.010574596313926736, 0.04171833834462027]"
doc_00112,10344990,2001,1,0.1446089276705561,unknown,2001,"ELECTRICAL SYSTEM,VISIBILITY,SERVICE BRAKES, ELECTRIC",,low,0,"[0.1446089276705561, 0.025295814177613066, 0.09483102018253282, 0.01815573742266207, 0.015492273145568195, 0.03048127442304286, 0.015791066626931704, 0.02914663549442339, 0.019933465656785457, 0.041150536167592115, 0.028914830330545985, 0.011349472116794594, 0.011391130847258223, 0.021918991225458657, 0.023044038037757317, 0.01008684250766113, 0.017555822551684273, 0.010303866884770013, 0.03373348019095066]"
doc_00113,10329002,2001,9,0.141371486114866,unknown,2001,SEATS,,medium,1,"[0.038669880191389984, 0.014090997224334777, 0.020088691931064013, 0.011504494346672353, 0.01106573530251216, 0.04511936220958906, 0.07527612462292917, 0.02490165418679888, 0.141371486114866, 0.018351038047040538, 0.017405276486576565, 0.019670466391411973, 0.013959357417805414, 0.06555650992618435, 0.014468393664977245, 0.012142618938911921, 0.011852272583618054, 0.015205099853952866, 0.018286134582807236]"
doc_00114,10319699,2001,11,0.1242069088715445,unknown,2001,POWER TRAIN,,low,0,"[0.0353976852261904, 0.020100993230502472, 0.07080886303752215, 0.017759484881520786, 0.012130058941719594, 0.02283669949929846, 0.013191186632980717, 0.017838777609169007, 0.015258948384139622, 0.027111720447773886, 0.1242069088715445, 0.008441856565954522, 0.008343970732689792, 0.016909112411594773, 0.0517628991574483, 0.00750955385186731, 0.01600054849059512, 0.007757082560592318, 0.07199205804375107]"
doc_00115,10300336,2001,12,1.0,unknown,2001,VISIBILITY,,low,1,"[2.1366482258940335e-308, 1.2328611559466815e-308, 1.5132825409987645e-308, 1.128021675397376e-308, 1.4089383240253664e-308, 1.939716767593129e-308, 2.2370940317583414e-308, 1.6018542521154064e-308, 2.3545836520897736e-308, 1.5674188035013744e-308, 1.356468930977506e-308, 1.0, 3.8131898742721073e-308, 2.330013688756292e-308, 1.219906396785442e-308, 3.08198543526176e-308, 1.110454385560169e-308, 7.440560695133798e-308, 1.5063527106689317e-308]"
doc_00116,10297722,2001,5,0.3615003013129317,unknown,2001,ENGINE AND ENGINE COOLING,,high,0,"[0.021995353059070286, 0.028283951251755507, 0.03083314912513744, 0.052976065839861794, 0.3615003013129317, 0.018537861967010825, 0.012860941957831353, 0.018934470726217817, 0.014023389376089155, 0.04763036342557228, 0.020893804275067727, 0.014014979321663228, 0.018228871522405068, 0.01609685122198122, 0.020832386445110405, 0.017058486268299283, 0.031105471526785427, 0.014399055137625, 0.02696175105228177]"
doc_00117,10287317,2001,17,0.03474569500878157,TDI_unknown,2001,ENGINE AND ENGINE COOLING,,medium,0,"[0.04074348093913682, 0.06478525981694036, 0.17841375980294652, 0.03298099201700737, 0.020377474724861566, 0.03038029069250033, 0.014847262379914163, 0.03328361719523185, 0.0172771273622492, 0.0801816884563602, 0.039861928398740254, 0.010448242396382626, 0.011202740907330335, 0.01929951118862418, 0.03295039568883286, 0.010080255185733352, 0.03474569500878157, 0.009894355861883046, 0.05213951585139133]"
doc_00118,10283969,2001,2,1.0,unknown,2001,"FUEL SYSTEM, GASOLINE",,low,0,"[2.6505922689061576e-308, 1.0, 4.771028480362534e-308, 3.473888954078807e-308, 2.2466896953612414e-308, 2.6010117078864354e-308, 1.4088823956758465e-308, 3.684248675418685e-308, 1.5924876894938537e-308, 5.539797052884545e-308, 2.3782661257801407e-308, 1.1993952449335804e-308, 1.321735932363587e-308, 1.764296321079505e-308, 2.121220949203501e-308, 1.207232807387328e-308, 5.803481295795836e-308, 1.1568785548491935e-308, 2.961885568632573e-308]"
doc_00119,10258182,2001,7,1.0,unknown,2001,AIR BAGS,,low,1,"[3.2043552305242882e-308, 1.398874328639924e-308, 1.884950959588525e-308, 1.208424570020367e-308, 1.1996805571500947e-308, 3.2876257946741185e-308, 1.0, 2.122536193178572e-308, 9.33676709899445e-308, 1.7469366764412984e-308, 1.9009987587597723e-308, 2.259660132240709e-308, 1.5670585673724895e-308, 4.623780002112598e-308, 1.6199591756898686e-308, 1.3925417530234826e-308, 1.2231103300421315e-308, 1.7750105997585293e-308, 1.914393340519658e-308]"
doc_00120,10246854,2001,3,1.0,unknown,2001,"ENGINE AND ENGINE COOLING,ELECTRICAL SYSTEM,AIR BAGS",,medium,0,"[5.676695953976508e-308, 5.740732828306295e-308, 1.0, 3.0885192789031436e-308, 2.2797575339649584e-308, 4.777809301914261e-308, 2.021641265345955e-308, 5.114622976300842e-308, 2.4287283956104944e-308, 1.0490741617887177e-307, 4.685689505174115e-308, 1.4562800666249415e-308, 1.512857402420291e-308, 2.752611083801743e-308, 3.620800393547784e-308, 1.3460070859396245e-308, 3.3363359238198077e-308, 1.353458628741092e-308, 6.0526836703476025e-308]"
doc_00121,10241011,2001,2,0.09671291381249103,TDI_unknown,2001,ELECTRICAL SYSTEM,,low,0,"[0.02456287840671209, 0.09671291381249103, 0.05397039906546651, 0.03872899876181632, 0.020574193206121916, 0.024401213622508203, 0.012511972967283364, 0.02746309859338479, 0.014155831843126134, 0.06861501436240418, 0.027653434056737317, 0.010005401420622465, 0.010978234676430557, 0.01602026701909762, 0.024030327851138775, 0.009945425563079568, 0.051057472091603225, 0.009602907319258924, 0.040263622827993305]"
doc_00122,10239825,2001,10,1.0,unknown,2001,ENGINE AND ENGINE COOLING,,medium,0,"[4.563707919802513e-308, 6.519344762789374e-308, 9.26324371309287e-308, 4.181620833401947e-308, 3.479412403916987e-308, 4.12928335114569e-308, 1.964525845464983e-308, 4.43559582240612e-308, 2.266343132030357e-308, 1.0, 3.6815318260656623e-308, 1.564935499743867e-308, 1.787345599121029e-308, 2.6268640816395684e-308, 3.1657079832248405e-308, 1.5799697721189157e-308, 4.3809122006082984e-308, 1.5051418358346383e-308, 5.435767645757115e-308]"
doc_00123,10211348,2001,7,0.26227442511315113,unknown,2001,AIR BAGS,,low,0,"[0.03054131653220011, 0.01259187336442788, 0.01736555069421727, 0.010767917197811108, 0.010641451469728641, 0.0315619561907933, 0.26227442511315113, 0.019825378241507145, 0.18631788264004767, 0.015822031109662092, 0.017075704354977256, 0.01950559918178569, 0.013643204937159719, 0.05057092455427712, 0.014488468542355836, 0.012099766349426102, 0.010887350682862038, 0.015222275489186953, 0.0171257985297872]"
doc_00124,10196502,2001,2,1.0,unknown,2001,"FUEL SYSTEM, GASOLINE",,low,0,"[2.6095450145811243e-308, 1.0, 4.698481921544864e-308, 4.248788059393939e-308, 2.363564311469661e-308, 2.5167849521242724e-308, 1.388939125305922e-308, 3.2363931786360704e-308, 1.5611666716964346e-308, 5.858393411907595e-308, 2.570269982562227e-308, 1.178560737520904e-308, 1.302800180340528e-308, 1.733820053950804e-308, 2.318793609195334e-308, 1.1925550401172435e-308, 7.807562210838445e-308, 1.139634368252767e-308, 3.307193868602958e-308]"
doc_00125,10195387,2001,10,1.0,unknown,2005,ENGINE AND ENGINE COOLING,,medium,0,"[3.8674213054588244e-308, 7.855065252434878e-308, 6.688122212780651e-308, 5.102938777716839e-308, 3.918012267397013e-308, 3.4173079630043825e-308, 1.758665378869724e-308, 3.8948540614656626e-308, 2.0027126289930925e-308, 1.0, 3.289239919683899e-308, 1.4459860440483834e-308, 1.6907184019465405e-308, 2.304966545676584e-308, 2.9637295362576786e-308, 1.5168697741453437e-308, 5.472364996427641e-308, 1.41166743698625e-308, 4.725227435469178e-308]"
doc_00126,10193455,2001,10,0.14700347160405033,unknown,2001,ENGINE AND ENGINE COOLING,,high,1,"[0.03752528086843645, 0.04786251614275305, 0.0878740577093195, 0.04256490771532785, 0.030678978481158137, 0.03384011385733375, 0.016822477398498247, 0.03210009241195057, 0.019338089043054747, 0.14700347160405033, 0.03872355556503019, 0.01309735367760734, 0.014730925749123668, 0.022874276678110206, 0.033316330436301646, 0.013097237127032316, 0.03828867418399888, 0.012570828732920772, 0.06795245866066832]"
doc_00127,10193472,2001,8,0.17175069006549445,unknown,2001,EXTERIOR LIGHTING,,low,0,"[0.027507359564778608, 0.03172943086498005, 0.04341958660809561, 0.014804993063723484, 0.013216508561619234, 0.03299145576336351, 0.01326493227358088, 0.17175069006549445, 0.015954628754949896, 0.03759428286055226, 0.01615147832936323, 0.010796488975669394, 0.011029434995143748, 0.018118873466544096, 0.01340943390206899, 0.009779177830044672, 0.018208468178276652, 0.009951456392513835, 0.01885824989275589]"
doc_00128,10190346,2001,10,0.2342771722120199,unknown,2001,"ENGINE AND ENGINE COOLING,ELECTRICAL SYSTEM,VEHICLE SPEED CONTROL",,high,0,"[0.033185871717312077, 0.06940317646278907, 0.061631444868148234, 0.05450919548096299, 0.03272503306226285, 0.027217599197171687, 0.01456374426081002, 0.030120296790680345, 0.01657179827231222, 0.2342771722120199, 0.030697030130505756, 0.01164314300677945, 0.013388103878946534, 0.01892974447581154, 0.028239136125069696, 0.012116148921359787, 0.05375870588614455, 0.011346380494218778, 0.04517970346440167]"
doc_00129,10185641,2001,9,0.5558484299433657,unknown,2001,"AIR BAGS,SEAT BELTS",,low,0,"[0.033231312266311826, 0.011919002728387928, 0.01724118419224499, 0.009868667373474317, 0.009442271865756203, 0.03553817680247779, 0.07437150361244742, 0.02038663715147207, 0.5558484299433657, 0.015340735538553661, 0.01570461273514122, 0.015787255144803978, 0.011532328179289604, 0.06157840476950588, 0.013061872416893914, 0.010134686740189958, 0.010047684155622056, 0.012449440247551556, 0.015984418207505107]"
doc_00130,10173821,2001,19,1.0,unknown,2001,"ENGINE AND ENGINE COOLING,POWER TRAIN,ELECTRICAL SYSTEM",,medium,0,"[3.9414080162176355e-308, 3.7860530807886683e-308, 8.488553796886065e-308, 4.119671388427813e-308, 2.4659242409311293e-308, 3.4842507032678053e-308, 1.911835276216349e-308, 2.847840862197805e-308, 2.150324649892999e-308, 5.421152424054648e-308, 1.0746228479971728e-307, 1.3844744070771663e-308, 1.447116357375668e-308, 2.55029424584609e-308, 8.112712237898127e-308, 1.3037318877483135e-308, 3.43426473891925e-308, 1.304450331244111e-308, 1.0]"
doc_00131,10171865,2001,1,1.0,unknown,2001,"POWER TRAIN,EXTERIOR LIGHTING",,low,0,"[1.0, 2.740523756565979e-308, 7.236390359485321e-308, 2.12331474290409e-308, 1.867722562267194e-308, 4.1339306236003935e-308, 2.4158122087111163e-308, 3.409328402244895e-308, 3.1505346705177894e-308, 4.0849343793281747e-308, 3.92947597120962e-308, 1.6263501858823035e-308, 1.548721781863689e-308, 3.3510261956262704e-308, 3.0888116421591986e-308, 1.3694407236345325e-308, 2.0295071922289116e-308, 1.443146704871406e-308, 4.2169306196243475e-308]"
doc_00132,10170980,2001,7,1.0,unknown,2001,AIR BAGS,,low,0,"[3.2543499102100465e-308, 1.4041163239126244e-308, 1.895598704102167e-308, 1.2168092582589345e-308, 1.209140338197459e-308, 3.3042423551261094e-308, 1.0, 2.122064224412728e-308, 9.36311561889448e-308, 1.7590583502700876e-308, 1.9234879024037333e-308, 2.280032421724745e-308, 1.579789112894797e-308, 4.755582878226309e-308, 1.636823770147305e-308, 1.402543571757494e-308, 1.22870766912889e-308, 1.7880187422707323e-308, 1.9381552324891804e-308]"
doc_00133,10169924,2001,9,1.0,unknown,2005,"AIR BAGS,EQUIPMENT",,low,0,"[4.618691602004056e-308, 1.6252217574368725e-308, 2.335214159534548e-308, 1.38383191064687e-308, 1.3452293759519907e-308, 4.521808937704664e-308, 1.071346375262043e-307, 2.6589062513436275e-308, 1.0, 2.115116468143189e-308, 2.2084912879351574e-308, 2.377250210286221e-308, 1.6824062486523146e-308, 1.1333865780720954e-307, 1.8446704855958045e-308, 1.4751179312954742e-308, 1.3894601327839683e-308, 1.83904411393286e-308, 2.2527963278926395e-308]"
doc_00134,10168878,2001,12,0.031253224082383846,unknown,2001,LATCHES/LOCKS/LINKAGES,,low,0,"[0.00553091528743146, 0.0031665551355229806, 0.0038762999782862672, 0.00286042245602282, 0.0036713637019567683, 0.004975345171270978, 0.00519021887422538, 0.004090555855754198, 0.005534774149744664, 0.004131505209176016, 0.0033929682301571517, 0.031253224082383846, 0.014166051012856775, 0.0055885318372308765, 0.0030249351388040068, 0.010329403764650668, 0.0028300424929258083, 0.021826705367249725, 0.0038776851269887703]"
doc_00135,10168618,2001,6,0.006656308649317939,unknown,2001,ENGINE AND ENGINE COOLING,,low,0,"[0.007585440518999895, 0.01667782163389805, 0.01289332215415633, 0.05311443318189378, 0.009832117636045475, 0.006656308649317939, 0.00411246296021004, 0.007078378965646208, 0.004560482918926131, 0.019323091827971595, 0.008858845204098265, 0.003133353433185657, 0.003593107792442973, 0.005151188636899875, 0.008765763382630654, 0.0033127503069896786, 0.028321798830068027, 0.003082598047057055, 0.012706673301103739]"
doc_00136,10164416,2001,10,1.0,unknown,2006,ELECTRICAL SYSTEM,,low,1,"[5.185987632262974e-308, 6.806517143767456e-308, 1.4796349907991363e-307, 3.743138801947506e-308, 3.018219050966889e-308, 4.618272692706202e-308, 2.0603563383838717e-308, 5.174183667485999e-308, 2.414356629124338e-308, 1.0, 3.8010805154223817e-308, 1.568604365758113e-308, 1.7370525970987215e-308, 2.7822679806511784e-308, 3.165695237972141e-308, 1.533230814033797e-308, 4.06759357334188e-308, 1.4893231994753135e-308, 5.384095825377852e-308]"
doc_00137,10161528,2001,1,1.0,unknown,2001,"EXTERIOR LIGHTING,EQUIPMENT",,high,1,"[1.0, 2.701837748129892e-308, 6.788998419492602e-308, 2.0651098484280766e-308, 1.85840722404296e-308, 4.0856007541792383e-308, 2.4107952993749403e-308, 3.485562798554208e-308, 3.164712595262255e-308, 4.03315340074688e-308, 3.577137378979468e-308, 1.6536458781598823e-308, 1.573514081341125e-308, 3.3415317173359114e-308, 2.870706963165085e-308, 1.3891208522114935e-308, 1.9899662227979283e-308, 1.4640905618263895e-308, 3.884648158472401e-308]"
doc_00138,10152627,2001,3,0.5665577004069716,unknown,2001,ELECTRICAL SYSTEM,,low,0,"[0.03450567202263042, 0.039915278581343576, 0.5665577004069716, 0.019412073818094067, 0.014669348397488438, 0.029290020017391942, 0.012405660489504705, 0.03524593618225615, 0.01487306774372604, 0.07729510120231882, 0.02639219678619351, 0.009178535790566942, 0.009645276621939154, 0.016872771272008306, 0.021045687305298738, 0.008580495627582636, 0.02177292663348655, 0.008566803926909507, 0.0337754471742888]"
doc_00139,10151232,2001,1,1.0,unknown,2001,ELECTRICAL SYSTEM,,low,0,"[1.0, 2.718911711171616e-308, 6.957937809487906e-308, 2.080178269689665e-308, 1.8935211960302316e-308, 3.95950337888003e-308, 2.3350085072739205e-308, 3.490688219647417e-308, 3.0564864239466804e-308, 4.0875655884755986e-308, 3.447776293494087e-308, 1.65397616530451e-308, 1.5874889104540477e-308, 3.2661564754615905e-308, 2.807071285215631e-308, 1.4012768678770356e-308, 2.0005674850058515e-308, 1.468277096071893e-308, 3.791161763549056e-308]"
doc_00140,10151215,2001,19,0.40907861897743647,unknown,2001,"ENGINE AND ENGINE COOLING,ELECTRICAL SYSTEM",,low,0,"[0.032385718718243875, 0.030605007912956683, 0.0707006143876984, 0.03377558536000161, 0.02104595442287139, 0.028605305566562184, 0.015803349860161093, 0.02315901766087839, 0.017613065865147968, 0.04718110762738194, 0.08112547654999086, 0.011600485986026483, 0.012247285516672247, 0.02076074963003523, 0.06149484981776021, 0.010999800464833386, 0.02769406146288695, 0.01096312890137588, 0.40907861897743647]"
doc_00141,10149329,2001,9,1.0,unknown,2001,AIR BAGS,,medium,1,"[4.347035941594937e-308, 1.6136913176426367e-308, 2.314385067046168e-308, 1.3604881768356464e-308, 1.2997858902115314e-308, 4.3575029101968597e-308, 1.0642089566147557e-307, 2.651261895099563e-308, 1.0, 2.062202661158594e-308, 2.188373550903649e-308, 2.184930346769639e-308, 1.581983591387776e-308, 9.077973050149605e-308, 1.835897345188128e-308, 1.396559930261592e-308, 1.371601808825923e-308, 1.7181514890641697e-308, 2.1980143180129806e-308]"
doc_00142,10145760,2001,11,0.1663217716505887,unknown,2001,POWER TRAIN,,low,0,"[0.03017840945522838, 0.021038178952796253, 0.056458677751694, 0.019820869654165896, 0.013681302722346966, 0.023793769699194237, 0.013898203177913345, 0.018245564787023116, 0.015833585649200316, 0.028362604751043435, 0.1663217716505887, 0.009669256671075415, 0.009605833261796325, 0.01794115185549073, 0.05545928389768939, 0.008647432686994822, 0.017800385907177446, 0.00891742340273237, 0.10084647705095574]"
doc_00143,10145433,2001,9,0.5272757637504735,TDI_unknown,2001,AIR BAGS,,low,0,"[0.03536452753797965, 0.012608845158113767, 0.01822369957706734, 0.010718432485692, 0.010258227939800534, 0.034326171091080306, 0.07840609337640998, 0.02055264233130007, 0.5272757637504735, 0.016272330572130705, 0.01744348228628439, 0.01717722621849489, 0.01244978709860863, 0.08277274721103003, 0.014572241748303417, 0.01096879062583365, 0.010750752396295159, 0.013486582296770296, 0.017548291185830924]"
doc_00144,10126125,2001,7,1.0,unknown,2001,AIR BAGS,,low,1,"[3.177673751399076e-308, 1.3936458062063783e-308, 1.8806887423075907e-308, 1.1999763338975897e-308, 1.188666117694728e-308, 3.2963236034032583e-308, 1.0, 2.132367657763589e-308, 1.0311952695812977e-307, 1.7351365089904826e-308, 1.883780161716617e-308, 2.227161183392308e-308, 1.546145644969103e-308, 4.664234709964503e-308, 1.6076822680363225e-308, 1.3755533896213094e-308, 1.216191035294722e-308, 1.749460717975747e-308, 1.891643373833139e-308]"
doc_00145,10137818,2001,1,1.0,unknown,2001,EXTERIOR LIGHTING,,low,0,"[1.0, 2.7209073494841264e-308, 6.969389040876095e-308, 2.0854727417634505e-308, 1.861048089852373e-308, 4.074796473920596e-308, 2.397523870832438e-308, 3.462082491640072e-308, 3.138559861017303e-308, 4.051881143245948e-308, 3.6742936706644537e-308, 1.6376517619737307e-308, 1.5602983982145363e-308, 3.321214562307163e-308, 2.935667496175776e-308, 1.378812169799521e-308, 2.0048578908800135e-308, 1.451886956216158e-308, 3.9697273211312e-308]"
doc_00146,10137291,2001,1,0.5046814500005601,unknown,2005,EXTERIOR LIGHTING,,low,0,"[0.5046814500005601, 0.0243039678764006, 0.05844914181733884, 0.01813662912233537, 0.016502560689824662, 0.04777367138889484, 0.023191275389718043, 0.034613157401776166, 0.03097592212207258, 0.03968036127134152, 0.03177920061832766, 0.015411853455689148, 0.014565279736027073, 0.033937188578207836, 0.024694986674903694, 0.012694815728633393, 0.017797074398491014, 0.013545388120666548, 0.037266075608790944]"
doc_00147,10136012,2001,12,0.7380854870503574,unknown,2001,VISIBILITY,,low,0,"[0.013417907776727132, 0.007857934194384538, 0.009538570033033296, 0.007192821491802299, 0.008915579615498105, 0.012401069025136229, 0.01452449541173873, 0.010212158564314153, 0.015095279877644956, 0.009905214575200223, 0.008655993316867078, 0.7380854870503574, 0.023576304912261502, 0.014803557195154412, 0.0077926494385275585, 0.019408933074854355, 0.007101670382609156, 0.050008232428839436, 0.009571578603393534]"
doc_00148,10134338,2001,1,1.0,TDI_unknown,2001,EXTERIOR LIGHTING,,low,0,"[1.0, 2.7124493106086834e-308, 6.850667401996952e-308, 2.068918858971278e-308, 1.8737762878620395e-308, 4.033438522730309e-308, 2.3751978531566947e-308, 3.5056961570801025e-308, 3.115486984373391e-308, 4.0647432236009875e-308, 3.49510102732477e-308, 1.6554596101585183e-308, 1.581638464253152e-308, 3.3060162122468514e-308, 2.825788836859888e-308, 1.3959989072688944e-308, 1.9942712935922035e-308, 1.4673501321844255e-308, 3.821807978367873e-308]"
doc_00149,10133501,2001,9,1.0,unknown,2001,AIR BAGS,,low,0,"[4.2681122550518535e-308, 1.605287901549376e-308, 2.2879998369355886e-308, 1.3514803161816185e-308, 1.295444166583942e-308, 4.3785431244729514e-308, 1.2000509991912518e-307, 2.643110278097749e-308, 1.0, 2.048703867215716e-308, 2.1583580503955025e-308, 2.2194867730523684e-308, 1.594277814031357e-308, 8.640581235684396e-308, 1.8116089741441788e-308, 1.406577788870506e-308, 1.3662697562558347e-308, 1.740246483232154e-308, 2.175370590646158e-308]"
doc_00150,10125122,2001,9,0.21471339178145069,unknown,2001,AIR BAGS,,low,1,"[0.043371766680492904, 0.016934493634313243, 0.023677391308322963, 0.01502172288365576, 0.014633016663928947, 0.04087420319306326, 0.10480977663351027, 0.025753080350865456, 0.21471339178145069, 0.021701740886787457, 0.024239440947730867, 0.02637156392376722, 0.01828592436154427, 0.13598624386869776, 0.020607259649652463, 0.01618080831322928, 0.014803621279488765, 0.0203184914106595, 0.024248226260710787]"
doc_00151,10127857,2001,12,1.0,unknown,2001,VISIBILITY,,low,0,"[2.1541479825516663e-308, 1.2343276650664403e-308, 1.514000149051984e-308, 1.127298923962114e-308, 1.40087691103231e-308, 1.9629524760961503e-308, 2.282178133130789e-308, 1.613165052085147e-308, 2.397849829469938e-308, 1.5699517150971406e-308, 1.361732656297608e-308, 1.0, 3.705786665647632e-308, 2.360578849808674e-308, 1.2227989759823073e-308, 3.0066339892716123e-308, 1.1114611014920205e-308, 7.092325681758415e-308, 1.5106709570834386e-308]"
doc_00152,10125911,2001,11,0.20324564852018157,unknown,2001,POWER TRAIN,,medium,0,"[0.028298619209228968, 0.019561338869151505, 0.050743418324405924, 0.018556524666251833, 0.012788260282908047, 0.022042387796732784, 0.013270119556806792, 0.01700351230630636, 0.015037669982834156, 0.025690025857716618, 0.20324564852018157, 0.009145639524557263, 0.0090499451823493, 0.016873494541978642, 0.0562923989528484, 0.008161393122985904, 0.016635601975513326, 0.008430797345854064, 0.0856933869664954]"
doc_00153,10124093,2001,3,0.19698636314778523,unknown,2001,SUSPENSION,,low,0,"[0.07268369215666834, 0.045415156022276956, 0.19698636314778523, 0.0303617840452778, 0.02191908310781719, 0.058622168841976185, 0.02472189731866133, 0.04681524981311323, 0.029840504147786183, 0.06690695658957684, 0.07130497254103227, 0.01572732926763358, 0.01562864032093171, 0.03348879006333029, 0.047776107050441614, 0.013913708518633433, 0.031009355838940808, 0.01438738154320198, 0.08410971534171795]"
doc_00154,10121706,2001,1,1.0,unknown,2001,"SERVICE BRAKES, HYDRAULIC",,medium,0,"[1.0, 2.7898691878033125e-308, 5.771651066769126e-308, 2.0429668139411877e-308, 1.8914691410304057e-308, 6.91047322045592e-308, 3.022083853473767e-308, 4.456175994214874e-308, 4.0347806900604063e-308, 4.544837320701168e-308, 3.517741912029024e-308, 1.9261058421507893e-308, 1.7894677264616346e-308, 4.3154777385331895e-308, 2.7218985959116955e-308, 1.5472770927338216e-308, 2.056678608064537e-308, 1.6780888185613837e-308, 4.1538451850256196e-308]"
doc_00155,10121059,2001,1,1.0,unknown,2001,"POWER TRAIN,EXTERIOR LIGHTING,VEHICLE SPEED CONTROL",,low,0,"[1.0, 2.7456081692964013e-308, 7.295026266352899e-308, 2.1262649009419555e-308, 1.8752452129379604e-308, 4.127493310079062e-308, 2.408013857745577e-308, 3.4183386576079276e-308, 3.1402017216483424e-308, 4.1063763297110015e-308, 3.8992390830908227e-308, 1.629631289664285e-308, 1.5538969687940917e-308, 3.3460834986935645e-308, 3.07270698838278e-308, 1.3736221251629933e-308, 2.032056133637075e-308, 1.446432153157601e-308, 4.2033033521165945e-308]"
doc_00156,10119281,2001,1,0.0861388553153734,unknown,2001,ELECTRICAL SYSTEM,,low,0,"[0.0861388553153734, 0.02780024820898253, 0.12004733300047876, 0.0194699551642339, 0.015781317132966502, 0.03425741868560605, 0.016245594278544755, 0.030924313779489804, 0.02034738450965955, 0.04739582444533337, 0.03368367327441903, 0.011318805911430578, 0.011360057015654004, 0.022730642380609897, 0.02556348238307132, 0.01005713440447853, 0.01898530798496153, 0.010300640243431167, 0.040777237541863784]"
doc_00157,10116523,2001,12,0.49921584806261554,unknown,2001,VISIBILITY,,low,0,"[0.021984920582239303, 0.012970504170323024, 0.015548019455478986, 0.011760956252028512, 0.014581235301369795, 0.020613068522333636, 0.02369510569786794, 0.016911423110244836, 0.024385976918393715, 0.016369788266870296, 0.01410574421678245, 0.49921584806261554, 0.03975290078443879, 0.023621472074055405, 0.012647418923029776, 0.03205867357030903, 0.01170482579855546, 0.08660793567285356, 0.015704132724423513]"
doc_00158,10117095,2001,1,1.0,unknown,2001,EXTERIOR LIGHTING,,low,0,"[1.0, 2.7666186827115976e-308, 6.869168249960618e-308, 2.0980734947041817e-308, 1.9298442978294167e-308, 5.026870849001978e-308, 2.6042957925047294e-308, 3.8934242268074723e-308, 3.530825501653024e-308, 4.4225949315372063e-308, 3.5519595635448347e-308, 1.7897264656505407e-308, 1.6907708398126496e-308, 3.949381488959575e-308, 2.8236611152718293e-308, 1.4770470736123636e-308, 2.041631524633534e-308, 1.570399384731256e-308, 4.093305032749917e-308]"
doc_00159,10114559,2001,9,0.26243946016306663,unknown,2001,AIR BAGS,,low,0,"[0.04036897591734679, 0.015918711183892244, 0.02231822779378684, 0.0139694819162594, 0.013564589394901102, 0.03921864137544761, 0.09682017484467376, 0.024690073934613598, 0.26243946016306663, 0.020323760174946002, 0.022344722999987025, 0.02425224017383127, 0.01689252060916474, 0.12052712393398027, 0.019004197805586348, 0.014958919735813746, 0.01385097294718983, 0.018723314061456976, 0.022346055065927625]"
doc_00160,10113655,2001,1,0.6564585485541865,unknown,2001,EXTERIOR LIGHTING,,low,0,"[0.6564585485541865, 0.016503932749699555, 0.040438457701049174, 0.012654603626257891, 0.01156907775423277, 0.03182102708245083, 0.01626654594994966, 0.023308452638401807, 0.02216217123814823, 0.026378407551185035, 0.022385732159445258, 0.010898927509288414, 0.010218209314744778, 0.024962292636085164, 0.01751443654524158, 0.008917536112566517, 0.012280660926677713, 0.00953482176758722, 0.0257261581828019]"
doc_00161,10106712,2001,1,1.0,unknown,2001,"ENGINE AND ENGINE COOLING,EXTERIOR LIGHTING",,low,0,"[1.0, 2.7552156888133966e-308, 6.580553594530655e-308, 2.097956345380995e-308, 1.9191359778367113e-308, 5.574653588652328e-308, 2.757723795485925e-308, 3.974243554624704e-308, 3.7618986251325706e-308, 4.4362578626881616e-308, 3.724977619274916e-308, 1.8290649248949864e-308, 1.711280038937129e-308, 4.232466668443356e-308, 2.896533365746478e-308, 1.4909856792409997e-308, 2.045828154502293e-308, 1.5983272556648224e-308, 4.3018205649801816e-308]"
doc_00162,10111314,2001,7,0.7945313655421659,unknown,2001,AIR BAGS,,low,0,"[0.013646893857177992, 0.005792588930211855, 0.007840044877699875, 0.005048191016386114, 0.0050269822260594395, 0.013643786180411389, 0.7945313655421659, 0.00870293198178852, 0.03892758166969889, 0.007289912755364586, 0.008029965500223878, 0.009526826474791335, 0.006577084644503283, 0.020579118085365968, 0.00682358982204237, 0.005832018957457117, 0.005077203988864547, 0.007442712865995628, 0.008095965889715588]"
doc_00163,10127943,2001,9,1.0,unknown,2001,AIR BAGS,,low,0,"[4.3408646509767794e-308, 1.6229922194989626e-308, 2.323727185724473e-308, 1.362065635862504e-308, 1.2993340025615667e-308, 4.505494480690677e-308, 1.1449698018875303e-307, 2.690352317700636e-308, 1.0, 2.070604979987188e-308, 2.1874885603706325e-308, 2.183552311769185e-308, 1.5835362590834866e-308, 8.681850247113214e-308, 1.8315643574057603e-308, 1.397502137343175e-308, 1.378690029470108e-308, 1.720593232688843e-308, 2.2011903066418423e-308]"
doc_00164,10109834,2001,1,1.0,unknown,2001,EXTERIOR LIGHTING,,low,0,"[1.0, 2.693308301476489e-308, 6.638293468043634e-308, 2.0601328869635784e-308, 1.863352129194141e-308, 4.460402773505288e-308, 2.5592070191552463e-308, 3.571883389054253e-308, 3.3911734785416795e-308, 4.109570951376196e-308, 3.656922972907878e-308, 1.714110366000447e-308, 1.6167378225129885e-308, 3.586215582793552e-308, 2.8784502177969723e-308, 1.421054992021861e-308, 1.990997635982552e-308, 1.509554064033314e-308, 4.0394216922436497e-308]"
doc_00165,10109420,2001,12,0.01830274647747807,unknown,2001,LATCHES/LOCKS/LINKAGES,,low,0,"[0.06163745628316972, 0.014276913149568731, 0.021961029830275782, 0.01214184499196128, 0.01181950197045915, 0.038317560679989045, 0.03829538526472921, 0.023419486072028272, 0.06437012748477039, 0.020600109476322355, 0.018714218532359574, 0.01830274647747807, 0.013917593497723781, 0.08309884318726073, 0.015239978959753278, 0.011825452524894862, 0.01201045926699304, 0.014296948703196664, 0.020672183109707993]"
doc_00166,10102400,2001,10,1.0,unknown,2001,ENGINE AND ENGINE COOLING,,low,0,"[4.096673223022773e-308, 7.563201632591837e-308, 7.414559382195065e-308, 5.170692422568506e-308, 3.8120210605791797e-308, 3.4654973953016637e-308, 1.779339091626152e-308, 3.868660516515363e-308, 2.0343752829653333e-308, 1.0, 3.506781316735885e-308, 1.4363447504565994e-308, 1.6607673070920593e-308, 2.3391595983292114e-308, 3.147444528799085e-308, 1.4898058118714956e-308, 5.400453393333234e-308, 1.396556012863927e-308, 5.127714545314829e-308]"
doc_00167,10100320,2001,12,1.0,2.0_TSI,2001,VISIBILITY,,low,0,"[2.1102524455778623e-308, 1.2201785937549404e-308, 1.4883318030152947e-308, 1.114905802678418e-308, 1.382005365314049e-308, 1.9379028238749654e-308, 2.267441490175147e-308, 1.5924947095308e-308, 2.3669126236945115e-308, 1.545292885512748e-308, 1.3457488103991975e-308, 1.0, 3.641799335820459e-308, 2.3205637951176715e-308, 1.2094371533934725e-308, 2.9769251091912327e-308, 1.1005561556150796e-308, 7.334742261395595e-308, 1.4902567770354936e-308]"
doc_00168,10087831,2001,1,1.0,unknown,2001,"ENGINE AND ENGINE COOLING,FUEL SYSTEM, GASOLINE,EXTERIOR LIGHTING",,medium,0,"[1.0, 2.740324569961496e-308, 6.800795482668366e-308, 2.1081459066627666e-308, 1.914572620335724e-308, 5.158514006468633e-308, 2.694641169692341e-308, 3.7771517126123343e-308, 3.6343843852594185e-308, 4.3574398758462524e-308, 3.8001986358808813e-308, 1.78969302854774e-308, 1.6802505387669567e-308, 4.0284923747775407e-308, 2.9600949733672573e-308, 1.4682577338846046e-308, 2.039678241635981e-308, 1.568699911777079e-308, 4.3597412401952627e-308]"
doc_00169,10080855,2001,1,0.013676449903169699,unknown,2001,UNKNOWN OR OTHER,,low,0,"[0.013676449903169699, 0.005911547805808956, 0.007827080756380571, 0.005159728831465805, 0.005778576266555948, 0.012958410451214365, 0.018262061753798492, 0.008911964935548768, 0.01979274359121524, 0.007828357133538, 0.007093061871229576, 0.016104927071074446, 0.00858921837140515, 0.016666454963422183, 0.006064924464022771, 0.007216036425758237, 0.005196958761296573, 0.010478822561441385, 0.007776194015559858]"
doc_00170,10080856,2001,12,0.015528724944850887,unknown,2001,LATCHES/LOCKS/LINKAGES,,low,0,"[0.01382624028887461, 0.005883376598185558, 0.007824399008251492, 0.005131619604431088, 0.0057313746185478, 0.0130559279947033, 0.01847292513904006, 0.008906777208493175, 0.020306407052461256, 0.00780726702690472, 0.007091805288059459, 0.015528724944850887, 0.008416851556937012, 0.01704444624738265, 0.006054719456544397, 0.007078784977687169, 0.005165657550964208, 0.01019624811499078, 0.007769967256596438]"
doc_00171,10078862,2001,9,0.24232550584536933,unknown,2001,AIR BAGS,,low,0,"[0.041724600651735215, 0.015591107674873816, 0.022048292482927938, 0.013710718570480349, 0.01338662598306708, 0.039598363514455746, 0.0934346629889123, 0.024226341434767734, 0.24232550584536933, 0.020178219990555666, 0.022079804407055568, 0.024083526610045185, 0.016758896339137457, 0.1456281115633496, 0.018628238727544353, 0.014763479821134622, 0.01356545340383056, 0.01851808413359663, 0.022282129889032682]"
doc_00172,10074611,2001,9,1.0,unknown,2001,AIR BAGS,,low,0,"[4.553410472526452e-308, 1.6226150326122277e-308, 2.322986106699602e-308, 1.378942039867208e-308, 1.343030898189624e-308, 4.570886177944333e-308, 1.097844919180231e-307, 2.667307826282272e-308, 1.0, 2.1084931783593553e-308, 2.1864642849982525e-308, 2.3996901164759537e-308, 1.6900904810962734e-308, 1.0990299813801564e-307, 1.8272315675999216e-308, 1.481306170374464e-308, 1.3876677239330363e-308, 1.852556591437724e-308, 2.235155652539795e-308]"
doc_00173,10074628,2001,1,0.7750839493376912,unknown,2001,"SERVICE BRAKES, HYDRAULIC",,medium,0,"[0.7750839493376912, 0.010944872913297815, 0.023248319912431824, 0.007929825645112996, 0.007319960222262935, 0.023516651834565003, 0.010972600916810278, 0.01690480225484953, 0.014585547083122806, 0.017930555325646972, 0.013292431386158288, 0.007152181416675806, 0.006727613095641486, 0.015541831714478933, 0.010458425059859578, 0.005827653186151267, 0.007944978413958977, 0.006260126860912147, 0.015683314764329537]"
doc_00174,10073170,2001,10,1.0,unknown,2001,ENGINE AND ENGINE COOLING,,high,0,"[3.8336080950563096e-308, 6.568660851118654e-308, 6.274037030204933e-308, 4.79685463790471e-308, 4.313924583003859e-308, 3.435812188515935e-308, 1.785003399295557e-308, 3.786466462693934e-308, 2.0288737558170706e-308, 1.0, 3.202660418329999e-308, 1.5144989043817586e-308, 1.807892098685209e-308, 2.3509536175587837e-308, 2.888460849025653e-308, 1.613019011947661e-308, 4.807043186133547e-308, 1.4859914239768134e-308, 4.617130022592062e-308]"
doc_00175,10064142,2001,12,0.25004978289326973,unknown,2001,VISIBILITY,,low,0,"[0.01759830980062719, 0.010469568588932065, 0.012512651906271155, 0.00948402001987279, 0.011768593495057676, 0.016565607027314105, 0.018947484631157585, 0.013615887373213422, 0.01943769636006978, 0.013188935317652646, 0.011341165075620966, 0.25004978289326973, 0.03239813807892442, 0.018800500581321305, 0.010171059710452077, 0.026095999078225, 0.00945243412323228, 0.07190602176182306, 0.012637462295998244]"
doc_00176,10064091,2001,10,1.0,unknown,2001,ENGINE AND ENGINE COOLING,,medium,0,"[3.769306085519232e-308, 6.7030030540485485e-308, 6.135312535274714e-308, 4.938791094604261e-308, 4.3678333775707033e-308, 3.3683358087181314e-308, 1.763396010817413e-308, 3.73154857666126e-308, 2.0012991658764437e-308, 1.0, 3.1719983425558866e-308, 1.497801196582582e-308, 1.7903843395223243e-308, 2.314951391289365e-308, 2.872284563209672e-308, 1.6007579537713777e-308, 4.933539316792908e-308, 1.471656187481179e-308, 4.556233703594757e-308]"
doc_00177,10065161,2001,9,0.13059909689756738,unknown,2001,SEAT BELTS,,low,0,"[0.037218397243731126, 0.014071639657524683, 0.019560979173168454, 0.011830763928269327, 0.011705902703237544, 0.0386487328972278, 0.08517593456700284, 0.02327665192335276, 0.13059909689756738, 0.018400242594371136, 0.01755341868854485, 0.024050137626747594, 0.015795233319691408, 0.06425138950991817, 0.014757024060685322, 0.013675633695340526, 0.012045586969609064, 0.017811240240363544, 0.018557588327088943]"
doc_00178,10060254,2001,1,0.5455992252798798,unknown,2001,"POWER TRAIN,EQUIPMENT",,low,0,"[0.5455992252798798, 0.021512251865331643, 0.05258887341125731, 0.01680044182868189, 0.015085765963556286, 0.041057959194247554, 0.02197877832132126, 0.029210215771488534, 0.02962142191990795, 0.03360919268871699, 0.03195221284375047, 0.014203679143314333, 0.013242470060273522, 0.03270735488505409, 0.02459308052280068, 0.011590383428559264, 0.016168673701726005, 0.012432575670224762, 0.036045443499907584]"
doc_00179,10059993,2001,1,0.2728995598382346,unknown,2001,"SERVICE BRAKES, HYDRAULIC,ENGINE AND ENGINE COOLING,POWER TRAIN,EXTERIOR LIGHTING,LATCHES/LOCKS/LINKAGES,VEHICLE SPEED CONTROL",,high,0,"[0.2728995598382346, 0.023393464742560554, 0.050116995527230535, 0.01834423547295479, 0.017104167812431667, 0.05646221449429663, 0.02674618944216954, 0.03455255192062483, 0.03614172250856681, 0.03884823700733938, 0.03376288333309544, 0.01733463921409454, 0.016011066004422498, 0.042657242285428235, 0.025805209756913198, 0.013782146735578411, 0.0178108590836514, 0.01500331033167739, 0.0405716765813823]"
doc_00180,10058435,2001,12,1.0,unknown,2001,VISIBILITY,,low,0,"[2.1206409216427706e-308, 1.235167405134206e-308, 1.493348353219119e-308, 1.12438771044804e-308, 1.3951873035406964e-308, 1.9664667218984005e-308, 2.2754291869988377e-308, 1.6129107776861006e-308, 2.3648994168474834e-308, 1.563389184325848e-308, 1.353333716879698e-308, 1.0, 3.7505774004926834e-308, 2.3094772439912327e-308, 1.2145538132884534e-308, 3.039463940615691e-308, 1.113962862082653e-308, 7.86692160794106e-308, 1.50342542828664e-308]"
doc_00181,10056731,2001,6,0.12590421667814009,unknown,2001,SUSPENSION,,low,0,"[0.049620389899153204, 0.014469442045773094, 0.026035921356255702, 0.010791896196460841, 0.009842602334792698, 0.12590421667814009, 0.018605582068052327, 0.027482275415345134, 0.02398854177825393, 0.02163722676032284, 0.018579769879909086, 0.011007340785348742, 0.009849587917298973, 0.029613540319792117, 0.013941074304735962, 0.008538504925711655, 0.011353881553938185, 0.0094940936387898, 0.02159355309397489]"
doc_00182,10071388,2001,9,0.43703828210900386,unknown,2001,AIR BAGS,,low,0,"[0.03746868352493731, 0.01409234504938173, 0.020068573536199216, 0.011750659445062855, 0.011248716215167117, 0.040035893624245665, 0.11810078175794966, 0.023548254796734135, 0.43703828210900386, 0.017988686879699265, 0.01869933918512831, 0.01925676878793406, 0.013887349110979776, 0.06709833225165715, 0.015628006920052624, 0.01223318778399953, 0.011961684841203874, 0.0151395731333687, 0.01895439982454764]"
doc_00183,10052479,2001,16,0.37082900369552907,TDI_unknown,2001,ENGINE AND ENGINE COOLING,,medium,0,"[0.007518273764028194, 0.006151115706823527, 0.0068897662393358795, 0.006068287352776454, 0.00892739674577016, 0.006967949229274977, 0.006426685586939749, 0.006465369570613904, 0.006746801973941575, 0.007944757619436816, 0.005752128742578709, 0.012940060873652298, 0.05268045411756463, 0.007108849536305128, 0.005407861086146734, 0.37082900369552907, 0.005667970548666578, 0.01869328896550111, 0.006637596941664462]"
doc_00184,10047002,2001,1,0.29025955868032033,unknown,2001,"SERVICE BRAKES, HYDRAULIC",,low,0,"[0.29025955868032033, 0.026078462187169794, 0.05950314343507098, 0.01904837068868316, 0.01732840292532456, 0.04930653324831699, 0.024967150117415588, 0.03780672233961984, 0.033103603527676266, 0.04177230257949662, 0.03252696277129736, 0.016304197907355614, 0.015400791093025392, 0.03493786361540926, 0.025586684480343548, 0.013426816883774851, 0.018846625478101554, 0.014328725345496137, 0.03767832503957167]"
doc_00185,10043311,2001,15,0.033603472404202486,TDI_unknown,2001,ELECTRICAL SYSTEM,,high,1,"[0.04173078941057149, 0.044489433109937596, 0.19546486158195367, 0.029836332663847918, 0.018989739975854524, 0.02845952554408698, 0.01407421246385109, 0.0284611266612162, 0.016511602840193856, 0.07400399538514561, 0.04144831353062321, 0.009852393994615745, 0.010488643929838426, 0.01860403843845327, 0.033603472404202486, 0.009407667707307159, 0.028352462763321977, 0.009279768515168674, 0.05798860497612607]"
doc_00186,10039238,2001,9,1.0,unknown,2001,AIR BAGS,,low,0,"[4.352854323257055e-308, 1.6188991632654855e-308, 2.316758509895328e-308, 1.3617210226968603e-308, 1.302541729803411e-308, 4.477559111624766e-308, 1.1560245069275921e-307, 2.6755411471761557e-308, 1.0, 2.069569750189935e-308, 2.1840825867663283e-308, 2.2080389545825944e-308, 1.594338917941095e-308, 8.900424498334715e-308, 1.8292376687564226e-308, 1.406165936123717e-308, 1.376699508737763e-308, 1.735069204291901e-308, 2.2008887716829215e-308]"
doc_00187,10037310,2001,7,0.65133637907232,unknown,2001,AIR BAGS,,low,0,"[0.01378821219032101, 0.006097243799878627, 0.008181164667244833, 0.0053092274694051395, 0.0052785869951627665, 0.014043392380950004, 0.65133637907232, 0.00915257446649868, 0.0415573377220892, 0.007591363279812967, 0.008351421645310135, 0.010062488246261615, 0.0069139399781374365, 0.020782829644314216, 0.007149848760630271, 0.006156332319904988, 0.005351107633915858, 0.007879572342016358, 0.00837465415247135]"
doc_00188,10033102,2001,8,0.054906354937832046,unknown,2001,ENGINE AND ENGINE COOLING,,medium,0,"[0.02370121946233479, 0.04102766609509301, 0.054051891484346186, 0.015359076169101826, 0.011438746779554056, 0.026117148870863718, 0.011018788219962026, 0.054906354937832046, 0.013094098804550997, 0.04532429891571565, 0.016217261793285396, 0.007186302923495183, 0.007497706657396406, 0.01479675160573679, 0.013414293022437797, 0.006693658947542607, 0.019471983690724205, 0.006702413047618311, 0.019176855134327826]"
doc_00189,10027067,2001,17,0.1407500454790317,unknown,2001,ENGINE AND ENGINE COOLING,,high,0,"[0.010200350660494935, 0.03526692451566703, 0.01623565114039434, 0.035572764166993176, 0.013172437875610626, 0.010168054758301561, 0.006072641855978546, 0.011456306162115008, 0.006713092053823325, 0.025390893333167984, 0.011708044587284232, 0.005531321094973531, 0.006262867958543909, 0.00757775177416541, 0.011174127585526855, 0.0057776549861918, 0.1407500454790317, 0.005420926079887822, 0.01628921426531308]"
doc_00190,10030360,2001,12,0.4824111851254465,unknown,2001,ELECTRICAL SYSTEM,,low,0,"[0.01184962689268483, 0.006782745255596448, 0.00823144241251076, 0.006158499272233304, 0.00761570307527942, 0.01099701587769852, 0.012704517482787054, 0.008937871244252925, 0.013262243168807432, 0.008632854224914516, 0.007461580737176183, 0.4824111851254465, 0.02001105007851423, 0.012948143292415332, 0.0066747724247718755, 0.01609892600980582, 0.006107636423332524, 0.03838537728053251, 0.008303681679306226]"
doc_00191,10023186,2001,10,1.0,unknown,2001,ENGINE AND ENGINE COOLING,,medium,0,"[3.8212827160455405e-308, 6.706379122486511e-308, 6.262863935895077e-308, 4.842549787497281e-308, 4.2809540576993407e-308, 3.4275343426103216e-308, 1.779959668484092e-308, 3.791009395266041e-308, 2.0225454137870576e-308, 1.0, 3.2078962710616344e-308, 1.5056972361495564e-308, 1.7940568085908643e-308, 2.341458428573215e-308, 2.893824247759223e-308, 1.602014662584769e-308, 4.892681659248812e-308, 1.476942542912012e-308, 4.622939482400247e-308]"
doc_00192,10021127,2001,9,0.1531778268448286,unknown,2001,SEAT BELTS,,low,0,"[0.03411649772584722, 0.013196348765942872, 0.018344541294842934, 0.011022607710211229, 0.010770742915090338, 0.036589338663160546, 0.08954148889756423, 0.02206369483818908, 0.1531778268448286, 0.017044128195210104, 0.016463638799541234, 0.021213052301868297, 0.014192212159261851, 0.060625893965975085, 0.013867365999071426, 0.012367001113805043, 0.011254508890031645, 0.015928733258656208, 0.01720597168434463]"
doc_00193,10021149,2001,19,0.019114547805617117,unknown,2001,VEHICLE SPEED CONTROL,,medium,0,"[0.009420523068243166, 0.007516436518601705, 0.020416225496850363, 0.007354677773279559, 0.005937309633472857, 0.008094054883423546, 0.004134235871017171, 0.006580816314826829, 0.004861971916645334, 0.0169024677033558, 0.009669851090731853, 0.0029432272187452846, 0.0031636364993331417, 0.006086053603955315, 0.007849728157146556, 0.0027886202591339915, 0.006454709707366781, 0.002762486524818783, 0.019114547805617117]"
doc_00194,10022508,2001,1,1.0,unknown,2003,"SERVICE BRAKES, HYDRAULIC",,high,1,"[1.0, 2.705567656231154e-308, 5.413252025088894e-308, 2.0107751308019627e-308, 1.8868861069798446e-308, 7.122913214315084e-308, 3.1399535905120094e-308, 4.396922057502008e-308, 4.2283252009515357e-308, 4.4120510080696714e-308, 3.457089271487157e-308, 1.9979046332153313e-308, 1.837211853979208e-308, 4.574785319008952e-308, 2.679362592367736e-308, 1.5822636609383354e-308, 2.0203425683058117e-308, 1.7291886139826135e-308, 4.093625633326962e-308]"
doc_00195,10013628,2001,7,0.5302063507421437,unknown,2001,AIR BAGS,,low,0,"[0.028713430840266084, 0.012130609532864484, 0.0165814155162934, 0.010378073277259241, 0.010283120911321523, 0.02988900519506745, 0.5302063507421437, 0.01897496103904363, 0.13176995189761093, 0.015187514663601728, 0.016319691746274, 0.019171131039147516, 0.013313083569211468, 0.04517161238503946, 0.013881026480174852, 0.011815918534241115, 0.010514883687966152, 0.014953168955152935, 0.01640167131372664]"
doc_00196,10004667,2001,6,0.03770985157494336,unknown,2001,CHILD SEAT,,low,0,"[0.03525708976825694, 0.013497429684637229, 0.01879325494614128, 0.011269255070334206, 0.011041486411603256, 0.03770985157494336, 0.08718716359043414, 0.022610513940762005, 0.1467415436882239, 0.017503089470203438, 0.01680037473128822, 0.021858513306980173, 0.014609874368686548, 0.06175167475579147, 0.014131064508151962, 0.01270530178637544, 0.011507955973503148, 0.016382760619856156, 0.017627395827269507]"
doc_00197,10003638,2001,19,1.0,unknown,2001,ELECTRICAL SYSTEM,,low,0,"[4.0327100687186183e-308, 3.6967948354317933e-308, 8.701623054227323e-308, 4.067077527202684e-308, 2.517092043031149e-308, 3.5249641665969226e-308, 1.9251700940310545e-308, 2.860071262884457e-308, 2.182965874380436e-308, 5.476860908427123e-308, 1.0162094686131912e-307, 1.4081185539172784e-308, 1.4725364090013456e-308, 2.6353363801913275e-308, 7.873660907778563e-308, 1.3245088002388174e-308, 3.35369889465623e-308, 1.324973187519125e-308, 1.0]"
doc_00198,10000157,2001,3,1.0,unknown,2001,ELECTRICAL SYSTEM,,high,1,"[6.223347404829519e-308, 5.411640576309436e-308, 1.0, 3.0222309309532495e-308, 2.297464809420737e-308, 4.804129088301429e-308, 2.0326695153541195e-308, 5.205826388058337e-308, 2.4698992458807e-308, 1.0557168799678242e-307, 4.529287902307082e-308, 1.478150943007554e-308, 1.5337788591583433e-308, 2.819562652727967e-308, 3.543274746408132e-308, 1.3623898843315164e-308, 3.212366908461774e-308, 1.369954959320523e-308, 5.826837557020769e-308]"
doc_00199,770553,2001,8,0.04227047014883488,unknown,2001,ENGINE AND ENGINE COOLING,,low,0,"[0.017283116901498145, 0.013649273759185744, 0.02835787735320528, 0.007302822195591183, 0.006524399828248308, 0.021765244527232948, 0.007068083222099022, 0.04227047014883488, 0.008759098041220936, 0.019806326065232086, 0.008965431310334518, 0.005479558641295189, 0.005487518088181574, 0.010265064302271282, 0.007213169965717416, 0.004829267597048955, 0.008570694932331247, 0.0049871127623900635, 0.010665284702384079]"
doc_00200,8018936,2001,9,0.14892876585698428,unknown,2001,SEAT BELTS,,low,0,"[0.034276204130215066, 0.0134134057716431, 0.018616641909449817, 0.01115845620678299, 0.010881929239871904, 0.03737226863879023, 0.09154623220786486, 0.022554216130361755, 0.14892876585698428, 0.017269336829052982, 0.016627583651796042, 0.021286911225097346, 0.014303252742091667, 0.05943930418816966, 0.014009512000275353, 0.012474563019448702, 0.011421442410923355, 0.016035682983760628, 0.01736988488086275]"
doc_00201,8017919,2001,15,1.0,unknown,2001,ENGINE AND ENGINE COOLING,,medium,1,"[3.085459665671555e-308, 2.389468798195831e-308, 4.976509236460527e-308, 2.8602682939962446e-308, 1.852794284239263e-308, 2.342590522617584e-308, 1.673802267316178e-308, 1.933879612961067e-308, 1.8200959215888506e-308, 2.862707077972425e-308, 1.5014605496224336e-307, 1.2127493182141893e-308, 1.220846659851953e-308, 2.0608363634774925e-308, 1.0, 1.118501521022783e-308, 2.273190052946854e-308, 1.1366963996205963e-308, 8.261038371733266e-308]"
doc_00202,766653,2001,12,0.003802815819882606,unknown,2001,VISIBILITY,,low,0,"[0.007598475250102045, 0.008323658589961192, 0.010800584259186579, 0.00867138087935777, 0.009767053007030969, 0.007710890894755462, 0.004381826659415876, 0.006953779301449473, 0.004953425613956455, 0.01847507517529181, 0.007243219802623952, 0.003802815819882606, 0.004533056149796539, 0.006186174662461795, 0.006523873445780411, 0.00399636622022379, 0.007981906801893335, 0.003725568013788247, 0.010917674391885287]"
doc_00203,6901309,2001,7,1.0,unknown,2001,AIR BAGS,,low,0,"[3.127948730667269e-308, 1.3799694625836e-308, 1.8527659990829773e-308, 1.196666902568122e-308, 1.1894839081455603e-308, 3.192500123657649e-308, 1.0, 2.079518044631945e-308, 9.098380093395126e-308, 1.7194956876719945e-308, 1.8787426716148774e-308, 2.259029962905541e-308, 1.55833847237101e-308, 4.565784324093729e-308, 1.6057844176553064e-308, 1.386581657085256e-308, 1.2090435658037466e-308, 1.7726698940511157e-308, 1.888603952673415e-308]"
doc_00204,6901310,2001,7,0.3163647989183722,unknown,2001,AIR BAGS,,low,0,"[0.01927146579746357, 0.008386087278090452, 0.011315229546505202, 0.007184329179036268, 0.007144418477596736, 0.01994318873541689, 0.3163647989183722, 0.012873337242653127, 0.05306417599559409, 0.010493631330576406, 0.011203005509064255, 0.013470309470793206, 0.009372720330336442, 0.02647397928984366, 0.009526316903616687, 0.008313897661204082, 0.007307455520029584, 0.010593283522988866, 0.011347306280400588]"
doc_00205,566663,2001,1,0.12746413086966227,unknown,2001,VEHICLE SPEED CONTROL,,low,0,"[0.12746413086966227, 0.028478667815350606, 0.0572636189183967, 0.0239499600304003, 0.020924651740148466, 0.06034790363647131, 0.04090751704876134, 0.0368276458075727, 0.04790278299355925, 0.041971277436797454, 0.05785034719860898, 0.021738518862158582, 0.019524059286392923, 0.05246956891282247, 0.04158810354728637, 0.017094672743242865, 0.022795094102817756, 0.01892146689672885, 0.06166749449161499]"
doc_00206,763871,2001,1,0.09234654428150471,unknown,2001,"SERVICE BRAKES, HYDRAULIC,VEHICLE SPEED CONTROL",,low,0,"[0.09234654428150471, 0.02260963022989645, 0.04316600373322562, 0.01903990841731155, 0.016738407812020527, 0.04988876018098256, 0.03585049978846679, 0.02983907822658477, 0.04118392349621281, 0.03274261339494949, 0.045103213310186956, 0.018167135776259793, 0.016062844028178987, 0.04499209594102696, 0.032841559929301545, 0.014058298949449289, 0.018215987841159506, 0.015714489583755827, 0.04758892644406084]"
doc_00207,762909,2001,7,1.0,unknown,2001,AIR BAGS,,low,0,"[3.2812067822814473e-308, 1.396901329824181e-308, 1.892488294756263e-308, 1.216855240379592e-308, 1.2111437694112914e-308, 3.3023502436032256e-308, 1.0, 2.10941455152835e-308, 1.0519973494082096e-307, 1.7542451445354323e-308, 1.931812737931571e-308, 2.3011879033050824e-308, 1.582649315838519e-308, 5.136833802095465e-308, 1.645056130290661e-308, 1.4048870933390997e-308, 1.223595223795846e-308, 1.7931290933693084e-308, 1.9421112187565555e-308]"
doc_00208,762909,2001,7,1.0,unknown,2001,AIR BAGS,,low,0,"[3.260974563803102e-308, 1.393913032491841e-308, 1.8858863907154906e-308, 1.2149246225753286e-308, 1.20908933037404e-308, 3.2782728810586493e-308, 1.0, 2.0998420575210244e-308, 1.0202964077123525e-307, 1.7491554872224932e-308, 1.9283522662459744e-308, 2.297128501156491e-308, 1.580334683498373e-308, 5.064164539418751e-308, 1.642910099610768e-308, 1.4032745117708573e-308, 1.2215617055755403e-308, 1.7916253630049014e-308, 1.9381735200748566e-308]"
doc_00209,8010646,2001,7,0.4806133410895669,unknown,2001,AIR BAGS,,low,0,"[0.038388436196080976, 0.016337527837758905, 0.02211329688096334, 0.014129775978725773, 0.01399630020236038, 0.038541115214118994, 0.4806133410895669, 0.02454656599840046, 0.09180444696468151, 0.020569214682817683, 0.022559957922409352, 0.02568096028031822, 0.018135974549466877, 0.052348171414750656, 0.019070659742086445, 0.016064231008746904, 0.014282593468175819, 0.0203208139814215, 0.022833571829394307]"
doc_00210,761518,2001,12,0.0037555736324272056,unknown,2001,"SERVICE BRAKES, HYDRAULIC,ELECTRICAL SYSTEM",,low,0,"[0.007552973853628259, 0.008350768734024872, 0.010878555622434853, 0.008709280114147655, 0.009732900402634748, 0.007663838468019921, 0.004341970987888457, 0.006931399316917378, 0.0049097404725668295, 0.018799277320862482, 0.007228521100467519, 0.0037555736324272056, 0.004472269247619963, 0.00612686838030577, 0.0065117830291738146, 0.003944498417394254, 0.008006339190799093, 0.0036779035150329934, 0.010952343132497534]"
doc_00211,8008227,2001,1,0.34503044643633235,unknown,2001,"SERVICE BRAKES, HYDRAULIC",,medium,0,"[0.34503044643633235, 0.02271386065985736, 0.04539196496949999, 0.017654041498171222, 0.016084326069527304, 0.05939617151621122, 0.02873842680821851, 0.03420722634726467, 0.03882910516416142, 0.03586591780570189, 0.034381766811279614, 0.016909148875915915, 0.015309290896070516, 0.04304124907076447, 0.025850251148832437, 0.01323834167750765, 0.017311567703591383, 0.014577946233935888, 0.039728054431128854]"
doc_00212,8007382,2001,7,0.5212191156305997,unknown,2001,AIR BAGS,,low,0,"[0.03484465213349949, 0.014990100879557175, 0.02021446025317612, 0.012984216507846688, 0.012899955832420958, 0.03508582019085313, 0.5212191156305997, 0.02248799448915086, 0.08411082403265761, 0.01884330068928106, 0.020589757095488145, 0.024040456414030218, 0.016838493446145224, 0.04786655614592953, 0.017451888741744862, 0.014922812330443265, 0.013124541123895347, 0.0189715906663751, 0.02085041863915018]"
doc_00213,760463,2001,1,1.0,unknown,2001,"SERVICE BRAKES, HYDRAULIC",,high,1,"[1.0, 2.480684041205538e-308, 4.670080387468518e-308, 1.965098106481509e-308, 1.865816693932836e-308, 6.962887406339065e-308, 3.4786718962308527e-308, 3.8767072993044187e-308, 4.777464149206248e-308, 3.948654932943334e-308, 3.6094419276114884e-308, 2.13563623644429e-308, 1.8985846288719883e-308, 5.560185569074566e-308, 2.758533958503555e-308, 1.627618205565806e-308, 1.9308562438450296e-308, 1.816902004538748e-308, 4.2286673186758145e-308]"
doc_00214,760466,2001,6,0.3708133350833713,unknown,2001,SUSPENSION,,low,0,"[0.05303021184190826, 0.021637894757624863, 0.03357835854779502, 0.016220438195111427, 0.015200562147578766, 0.3708133350833713, 0.034123233746228804, 0.04799655784748097, 0.047119926058246046, 0.028766928346439565, 0.025098014899002815, 0.019790947531657905, 0.01661830785360785, 0.0722053799781132, 0.02003329037490052, 0.01449439394464365, 0.017351387063615525, 0.01662200779476275, 0.02739745127971767]"
doc_00215,8003655,2001,7,0.6067996706553431,unknown,2001,AIR BAGS,,low,0,"[0.027831980705780912, 0.01205717640343793, 0.016232116984786285, 0.010458864647983112, 0.010395896878451914, 0.028112888753857045, 0.6067996706553431, 0.018078776740915674, 0.06986456101444585, 0.015124646241055976, 0.016551431961161454, 0.019506346456470446, 0.013594039998848478, 0.0389482814878002, 0.014059502788538441, 0.012059431400812367, 0.0105658233837133, 0.015365649447705463, 0.01672986929113692]"
doc_00216,8001652,2001,19,0.022726479878155313,unknown,2001,"ENGINE AND ENGINE COOLING,UNKNOWN OR OTHER",,medium,0,"[0.009498432065408641, 0.008017524271687644, 0.019636269435365374, 0.00813931280904474, 0.006250153311032313, 0.00846699514923086, 0.004393115382244444, 0.006852960808635588, 0.005124927934496324, 0.01693944464007928, 0.010765393974065274, 0.0030550839766300196, 0.003286137277030271, 0.006426378799030596, 0.00875013224789175, 0.002903912596526063, 0.0070595948969193485, 0.0028749549393826536, 0.022726479878155313]"
doc_00217,756489,2001,1,0.01854469062509727,unknown,2001,"SERVICE BRAKES, HYDRAULIC,ENGINE AND ENGINE COOLING",,medium,0,"[0.01854469062509727, 0.013053416099640955, 0.033029808349311, 0.013496396995404404, 0.009618617719031523, 0.01583549115794603, 0.008590697286095841, 0.01184431487401784, 0.009896061182028952, 0.021512812933092196, 0.0330025341625774, 0.005538151483493477, 0.005693459448069873, 0.01249542556189683, 0.02413908239327822, 0.005067592394374723, 0.011273281435785387, 0.0051431051342616906, 0.08511768330171134]"
doc_00218,562822,2001,12,0.016031396934289656,unknown,2001,STRUCTURE,,low,0,"[0.013688354455264437, 0.0059178137837730595, 0.007836468056543882, 0.005157858112076832, 0.005773927703835988, 0.013007284387439975, 0.018263459196724768, 0.008940562695482525, 0.019848383977258535, 0.00783465543152401, 0.007087072946739008, 0.016031396934289656, 0.008573092178214512, 0.01665616919372015, 0.006058726344209943, 0.007203197846564088, 0.005198893745026496, 0.010446554964675935, 0.007769647980542271]"
doc_00219,562822,2001,12,0.12778647016719427,unknown,2001,VISIBILITY,,low,0,"[0.010104768946957056, 0.0061059977089318995, 0.007306948979653408, 0.005572008164989152, 0.007044372401406182, 0.00934511286319253, 0.01045258232261048, 0.007793817606767424, 0.010834777780886288, 0.007697531727471542, 0.0065739948484487745, 0.12778647016719427, 0.021320758233728924, 0.010679398278757675, 0.005923991657909083, 0.016902200166290668, 0.005516418708294717, 0.0545797624854299, 0.007350838571705524]"
doc_00220,562822,2001,6,0.013022803497219298,unknown,2001,UNKNOWN OR OTHER,,low,0,"[0.013725374428043448, 0.005891852906505343, 0.007816694167861495, 0.005139263733731103, 0.005739496117422693, 0.013022803497219298, 0.01856432214098509, 0.008906314850176652, 0.020181455775012378, 0.00780200970823074, 0.007091802388339268, 0.015691312141024344, 0.008455214670368196, 0.016871163914853264, 0.006059396930032744, 0.007114376093088254, 0.0051765840924538915, 0.010278891598114308, 0.0077651907804435075]"
doc_00221,562822,2001,1,1.0,unknown,2001,"SERVICE BRAKES, HYDRAULIC",,low,0,"[1.0, 2.611160847620749e-308, 5.055602863941643e-308, 1.983854345087847e-308, 1.8807553121565456e-308, 6.817465480462045e-308, 3.236344868671401e-308, 4.1607788271911256e-308, 4.374654456971449e-308, 4.230606526241058e-308, 3.4485530624948865e-308, 2.054227185385027e-308, 1.869997219252214e-308, 4.754783176170276e-308, 2.6741750703438143e-308, 1.606500801700075e-308, 1.9761199110428087e-308, 1.7672671618671104e-308, 4.072840545228495e-308]"
doc_00222,562822,2001,12,0.12888319498596149,unknown,2001,VISIBILITY,,low,0,"[0.010485688423791276, 0.0063370811376146415, 0.007577688337814536, 0.005780257405538259, 0.0073057478712970705, 0.009706809915940121, 0.010849695111522064, 0.008091458161971713, 0.011240154185943192, 0.007989502009396788, 0.006820274952232677, 0.12888319498596149, 0.02211135577547334, 0.011072180244663358, 0.006144286834751587, 0.01750769558120424, 0.005725119997910925, 0.056342278785411135, 0.0076285593712546295]"
doc_00223,562822,2001,1,1.0,unknown,2001,"SERVICE BRAKES, HYDRAULIC",,low,0,"[1.0, 2.627019534797157e-308, 5.106171601620208e-308, 1.9894491299263435e-308, 1.8865594986936204e-308, 6.785125986315155e-308, 3.2058334713853137e-308, 4.1828002582816485e-308, 4.3199393293319046e-308, 4.2708667872054457e-308, 3.439060178274943e-308, 2.0474983689852144e-308, 1.869785912465457e-308, 4.685908919598563e-308, 2.6703862212069253e-308, 1.6064355348350455e-308, 1.983392588140159e-308, 1.7640044171116386e-308, 4.0707283695634596e-308]"
doc_00224,749559,2001,5,0.005678028396228758,unknown,2001,ENGINE AND ENGINE COOLING,,medium,0,"[0.008514880161699517, 0.00932271934789479, 0.014907806802825026, 0.00840493462997504, 0.005678028396228758, 0.008656015238113927, 0.0042794135895679606, 0.007129717808241715, 0.0048738138340936755, 0.01819623214288873, 0.011264583950899349, 0.0028631688622123112, 0.003052408757285386, 0.0057731284386277025, 0.008699493236685259, 0.0027139723342466107, 0.007992955329652584, 0.002698107924788667, 0.024157673380966298]"
doc_00225,747936,2001,9,0.21556796468819586,unknown,2001,AIR BAGS,,low,2,"[0.04345552486644106, 0.016987232463032412, 0.023798887039935462, 0.015047581884601001, 0.01465522306991184, 0.04108114974911718, 0.09819900043693545, 0.02594696184659994, 0.21556796468819586, 0.021769473422199117, 0.024207762517756044, 0.02624966448276671, 0.01825361383048229, 0.1412822751866446, 0.020590510270599414, 0.01615504654714283, 0.014833574677600601, 0.02023550764410278, 0.024215209407807355]"
doc_00226,747721,2001,12,0.0037551530463157934,unknown,2001,VISIBILITY,,low,0,"[0.0075541875995475275, 0.0083479280211901, 0.010882899048818388, 0.008707598478710329, 0.009731324550514599, 0.007663618376773151, 0.004341744980703313, 0.006930153105296218, 0.004909569519536191, 0.018802786697015208, 0.007229352548548026, 0.0037551530463157934, 0.004471684631308624, 0.006126711897736133, 0.006512207099440936, 0.003943849706447714, 0.008003329906532446, 0.0036774106936128532, 0.01095529503079604]"
doc_00227,746885,2001,12,0.662270705798672,unknown,2001,VISIBILITY,,low,0,"[0.013507585060576786, 0.007902518753041928, 0.009502226145564657, 0.007180245202920575, 0.008897890662620797, 0.01259205297609679, 0.014564375866732275, 0.010320712016827705, 0.015056292234412818, 0.009989883070063472, 0.00863645989252156, 0.662270705798672, 0.02399103437102367, 0.014631369847077628, 0.007745918694317752, 0.01941326750617958, 0.00712929186635961, 0.051307266864715324, 0.009600853274488789]"
doc_00228,745648,2001,19,1.0,unknown,2001,ENGINE AND ENGINE COOLING,,low,0,"[4.1692628138949074e-308, 3.522116195996147e-308, 8.637468801229355e-308, 3.712959234343876e-308, 2.494891706762428e-308, 3.7066858688734867e-308, 2.0496331879209757e-308, 2.8646330705967776e-308, 2.2779716433148317e-308, 5.608882376123436e-308, 1.0726378271392754e-307, 1.475118952693223e-308, 1.539346871694872e-308, 2.689198963647656e-308, 7.456612735575409e-308, 1.3771200343475183e-308, 3.125637168875579e-308, 1.385725974784831e-308, 1.0]"
doc_00229,883885,2001,11,1.0,unknown,2001,POWER TRAIN,,medium,0,"[3.6319532667242834e-308, 2.529849010665066e-308, 5.814608160062089e-308, 2.6097459213035147e-308, 1.785970692758116e-308, 2.7597135856826066e-308, 1.864445111789614e-308, 2.1833575700033415e-308, 2.0686274084635537e-308, 3.134920723564611e-308, 1.0, 1.287708366682801e-308, 1.2675752445307957e-308, 2.3139574099015005e-308, 1.4422018151504746e-307, 1.1511858151797667e-308, 2.2573086216646387e-308, 1.189823493715908e-308, 9.688072028375422e-308]"
doc_00230,883035,2001,9,0.2166383215219385,unknown,2001,AIR BAGS,,low,0,"[0.04344888085991578, 0.0170204015818972, 0.0238460453418075, 0.015070214370374512, 0.014669753110593974, 0.04111127647840761, 0.09772932748724619, 0.02601094284220705, 0.2166383215219385, 0.021797564906909605, 0.024235676654015773, 0.02622450760769892, 0.01825221431365031, 0.14038227487409133, 0.020622195175005548, 0.01615842183841906, 0.014858290566761571, 0.020226544978659496, 0.024229309522272095]"
doc_00231,877589,2001,9,0.2162474141917809,unknown,2001,AIR BAGS,,low,0,"[0.04352067307225946, 0.017001067490712306, 0.023845095775561553, 0.015049568110681614, 0.014640915481553645, 0.041137444430809945, 0.09656659971125506, 0.02599732003823272, 0.2162474141917809, 0.02178214706939297, 0.0242327861995781, 0.026072526884861325, 0.018182170233905327, 0.1423680361541018, 0.02060929901140908, 0.01609492978989143, 0.014836288315017343, 0.020125635013783335, 0.02422224705708407]"
doc_00232,736185,2001,9,0.015496263145597284,unknown,2001,VEHICLE SPEED CONTROL,,low,2,"[0.029555076831567304, 0.021114442472418005, 0.05339588491298026, 0.022398614854922488, 0.015645310238839697, 0.024692529271748486, 0.013514421434785488, 0.01873790222825028, 0.015496263145597284, 0.03394780342495145, 0.05607956254522772, 0.008925639582264729, 0.009208476780053884, 0.019504981593402856, 0.042029622382193044, 0.008217680634581953, 0.01851743731834094, 0.008313919779874949, 0.1496789532615517]"
doc_00233,734439,2001,9,0.21571730806103598,unknown,2001,AIR BAGS,,low,0,"[0.043481700168525775, 0.01691776296920501, 0.02375642517865545, 0.014972756682948181, 0.014563751367618604, 0.04114126256612443, 0.09528092521879364, 0.0259032600828624, 0.21571730806103598, 0.021696414110272427, 0.024132873335654656, 0.025876238302833122, 0.018068482139620073, 0.14565174543882398, 0.020505083343948394, 0.01598845438181035, 0.014761404344510275, 0.01998149922020972, 0.024134817118419267]"
doc_00234,11667457,2002,12,0.021833640753253405,unknown,2002,STRUCTURE,,low,0,"[0.054383816268730276, 0.01464539499804091, 0.02181575730687174, 0.01266323174896225, 0.012658934678180868, 0.03738905089958922, 0.04093088483353879, 0.023296269175131213, 0.06333097440510932, 0.021056289268546066, 0.018995193226170902, 0.021833640753253405, 0.01591223847628976, 0.07666010878722276, 0.01562393029884088, 0.013390199443983869, 0.012501070089414524, 0.01662988532595356, 0.021200969478811536]"
doc_00235,11000923,2002,7,0.5414469471457973,unknown,2002,AIR BAGS,,low,1,"[0.028330770579002126, 0.011843595155697434, 0.016213620561424804, 0.010186851752839182, 0.010104509892983572, 0.02912199652953105, 0.5414469471457973, 0.018404433739739524, 0.12520914613621612, 0.014881285200229353, 0.016109418226477084, 0.01888793421035985, 0.013091543874422368, 0.045330707047499336, 0.01368850891419099, 0.011611855951798316, 0.010293083813699599, 0.014708985883142256, 0.016191426711356132]"
doc_00236,10526396,2002,3,0.17678606433001345,TDI_unknown,2002,ENGINE,,medium,0,"[0.04053020022805319, 0.06437456193077536, 0.17678606433001345, 0.033483699541150484, 0.020496841815257266, 0.030273910732172643, 0.014875478972530855, 0.032896557592630805, 0.01728497641534887, 0.07965577904063878, 0.04051459384839234, 0.01046519180299483, 0.011223967582984355, 0.019296343844965022, 0.03350468613208791, 0.010102670232242523, 0.035020591335021896, 0.009914360727319303, 0.05319311777026807]"
doc_00237,10390105,2002,3,1.0,unknown,2002,ELECTRICAL SYSTEM,,low,0,"[5.726425728744721e-308, 5.876348370835787e-308, 1.0, 2.994872079108829e-308, 2.282585001881184e-308, 4.903017817793764e-308, 2.0221450242681536e-308, 5.688918634798341e-308, 2.4371765383259784e-308, 1.1420291170547204e-307, 4.292302396291348e-308, 1.474364057648551e-308, 1.5367229554301074e-308, 2.767599558093752e-308, 3.3771008225177407e-308, 1.3650005241192925e-308, 3.323237023256718e-308, 1.370600486027493e-308, 5.483142704430654e-308]"
doc_00238,10348119,2002,7,0.6391665028579511,unknown,2002,AIR BAGS,,low,0,"[0.022360304941584086, 0.00936262214715589, 0.012798513593838651, 0.008061428360203715, 0.008001291212216809, 0.022948484771558524, 0.6391665028579511, 0.014501135163373112, 0.0906413699042536, 0.011769604269679629, 0.01275132882697991, 0.014997111263314024, 0.010387270425206827, 0.03520892809732911, 0.010831348217516221, 0.00921114459373311, 0.00814578575337667, 0.011683506830942377, 0.012828940096193132]"
doc_00239,10276939,2002,7,0.17256141322086038,unknown,2002,AIR BAGS,,low,0,"[0.02058899890814915, 0.008255176361885795, 0.011370677388053006, 0.007084241623747004, 0.007100480028569839, 0.02115351966053991, 0.17256141322086038, 0.012974007704560841, 0.07997257542831979, 0.010517544076379752, 0.011126252253083418, 0.013678376843944325, 0.009366393674065521, 0.03281972567007411, 0.009390318653815573, 0.008253410479590342, 0.007166170434052145, 0.010531503783675903, 0.011338560095635893]"
doc_00240,10269010,2002,9,0.23305561121249369,unknown,2002,SEAT BELTS,,low,0,"[0.04222922213139809, 0.01605602362672795, 0.02260643812673283, 0.014164918966792067, 0.013822621793415838, 0.03998958183122075, 0.09732352740800966, 0.024755573620894925, 0.23305561121249369, 0.020702144384431184, 0.022810857280387897, 0.02491969695849032, 0.01730329788514711, 0.1421138788207951, 0.019303116100699583, 0.015268311178804886, 0.013994723302973272, 0.019165101341342642, 0.022947518061114166]"
doc_00241,10267719,2002,12,1.0,2.0_TSI,2002,"VISIBILITY,STRUCTURE",,low,0,"[2.145119256774211e-308, 1.232942616050674e-308, 1.509993281372025e-308, 1.1264950836201606e-308, 1.4005764821731963e-308, 1.957724341142092e-308, 2.2747536056736284e-308, 1.6090788381665874e-308, 2.385796646489783e-308, 1.5670258985037597e-308, 1.3596199659206133e-308, 1.0, 3.7240241121180254e-308, 2.348552041547136e-308, 1.2211829491661983e-308, 3.021323211271782e-308, 1.110831857320503e-308, 7.254028469927641e-308, 1.508639463348468e-308]"
doc_00242,10256593,2002,7,0.4770636644978905,unknown,2002,AIR BAGS,,low,0,"[0.03180977963987734, 0.013395508764367072, 0.01834142640249682, 0.011480782877681386, 0.01135412440737113, 0.032915424575544285, 0.4770636644978905, 0.020903725956558983, 0.15253742291747463, 0.016772486771307597, 0.01814246096367189, 0.0209935402359273, 0.014628743144329385, 0.05069234177477327, 0.015430893997890887, 0.012989728739756661, 0.011615754526055372, 0.016397908571099302, 0.018190902562332644]"
doc_00243,10254650,2002,1,0.310371511756201,unknown,2002,EXTERIOR LIGHTING,,low,0,"[0.310371511756201, 0.023163680851221505, 0.06682385361857325, 0.017955553013544102, 0.015076551757314195, 0.035248432693123805, 0.019164292609309967, 0.027436726689859227, 0.02448905235856284, 0.03547682157997582, 0.03730464533553786, 0.012416010726536987, 0.011937893903604295, 0.026480474414488454, 0.027605599106922667, 0.010553558638864802, 0.017053592144786196, 0.011088995190689283, 0.040906824669330495]"
doc_00244,10245390,2002,12,1.0,unknown,2002,VISIBILITY,,low,1,"[2.110865934018733e-308, 1.2205661539661886e-308, 1.4872554436634043e-308, 1.1147273616724684e-308, 1.380643572829924e-308, 1.9418002036663756e-308, 2.2740220696974473e-308, 1.5942853468385877e-308, 2.371355388488097e-308, 1.54542335888172e-308, 1.3461215655293844e-308, 1.0, 3.6297556001401652e-308, 2.321901716455602e-308, 1.209445894684347e-308, 2.9686424752255665e-308, 1.1009770932816116e-308, 7.339497769947455e-308, 1.490611250239259e-308]"
doc_00245,10245127,2002,19,0.446689424791557,unknown,2002,ENGINE AND ENGINE COOLING,,low,0,"[0.027168219140824512, 0.02447904985239078, 0.06056942546920753, 0.02664895238366874, 0.016937671459982574, 0.023412069621045268, 0.013048203924915827, 0.018790882695429455, 0.014525650893072936, 0.038120434426583666, 0.0702175744736064, 0.009505841783095735, 0.010002433887656339, 0.01702640099627062, 0.05150986244685503, 0.00897723568215386, 0.021858504492027295, 0.008968395792906918, 0.446689424791557]"
doc_00246,10242788,2002,9,0.25687257277262254,unknown,2002,"AIR BAGS,SEAT BELTS",,low,1,"[0.04079394573430913, 0.016076911564995345, 0.022544695914791288, 0.014118566616011853, 0.013709611582547998, 0.03952255404598488, 0.09650797233286947, 0.024906078679156545, 0.25687257277262254, 0.020530098793422324, 0.022596383682244783, 0.02447705059347252, 0.017058894403589674, 0.12300630387117907, 0.019220169476696573, 0.015106908761986348, 0.013990906045366115, 0.018900210260933956, 0.02259232889969161]"
doc_00247,10229406,2002,3,0.4641362353480518,unknown,2002,ELECTRICAL SYSTEM,,low,1,"[0.055097869826010434, 0.0375395608256074, 0.4641362353480518, 0.02558796094122526, 0.019103826989683728, 0.03344543293287704, 0.015994238648263628, 0.03184343927962991, 0.019189487994015028, 0.07251731712834394, 0.04233913831464941, 0.011706996396747249, 0.01221157793856264, 0.021590432397538672, 0.03269364339950724, 0.010861007091837837, 0.02474022627902181, 0.010877978083737128, 0.05852363018468975]"
doc_00248,10205139,2002,12,1.0,TDI_unknown,2002,VISIBILITY,,low,0,"[2.1221712061306573e-308, 1.224360596573402e-308, 1.496602786770121e-308, 1.1188118907269433e-308, 1.3892873495651955e-308, 1.940275525005229e-308, 2.2646498067668346e-308, 1.5966653026891114e-308, 2.3685316530093317e-308, 1.552896669554354e-308, 1.349755448544457e-308, 1.0, 3.6854055393933275e-308, 2.3253547248580444e-308, 1.213023502978033e-308, 3.002315535455432e-308, 1.1036457758026485e-308, 7.332336555918271e-308, 1.4958216567504593e-308]"
doc_00249,10201525,2002,3,1.0,unknown,2007,"SUSPENSION,ENGINE AND ENGINE COOLING,ELECTRICAL SYSTEM,EXTERIOR LIGHTING",,medium,0,"[6.292773462937452e-308, 5.32952519287602e-308, 1.0, 3.0058290519385766e-308, 2.277520634155458e-308, 4.767049856731035e-308, 2.042802931640623e-308, 5.069166624956164e-308, 2.4756857635788697e-308, 1.0135081416672757e-307, 4.616991352122587e-308, 1.474505827589718e-308, 1.527222345177276e-308, 2.802318390264188e-308, 3.5867911123562044e-308, 1.3569230039168786e-308, 3.1762187798469286e-308, 1.36614899565331e-308, 5.939697403543855e-308]"
doc_00250,10200297,2002,1,1.0,unknown,2002,EXTERIOR LIGHTING,,low,0,"[1.0, 2.7521205182906054e-308, 7.3091911590199885e-308, 2.13415549566257e-308, 1.8751027281020816e-308, 4.229025300184126e-308, 2.444391754062442e-308, 3.4302251494637823e-308, 3.1898099973800515e-308, 4.1326978355429777e-308, 3.998019760104778e-308, 1.636807163379138e-308, 1.5574192829674955e-308, 3.40229739903179e-308, 3.1167794501984574e-308, 1.3759110952243417e-308, 2.039645935258444e-308, 1.451659810612046e-308, 4.314234725587676e-308]"
doc_00251,10195108,2002,10,1.0,unknown,2005,POWER TRAIN,,low,0,"[4.992357064770439e-308, 6.436866536920914e-308, 1.1527223857943602e-307, 4.1064961781520155e-308, 3.2106192294479174e-308, 4.3853078911183924e-308, 2.0379566420082784e-308, 4.506296801094024e-308, 2.367175236752628e-308, 1.0, 4.09890924034191e-308, 1.559525505542989e-308, 1.7390842571766874e-308, 2.733471812936967e-308, 3.426475921343078e-308, 1.53696357169841e-308, 4.188804083356401e-308, 1.486642024480311e-308, 6.212222945871558e-308]"
doc_00252,10190977,2002,11,0.12694480819379222,unknown,2002,POWER TRAIN,,high,1,"[0.03274286726389053, 0.023698513602240068, 0.062352597635039655, 0.021642596334685817, 0.014993202058694931, 0.027075547400991346, 0.01510558844226824, 0.020564395798817428, 0.017245036942767942, 0.032783022015893504, 0.12694480819379222, 0.010548593548411943, 0.010518666030713823, 0.0195828933185588, 0.05290489683501588, 0.009448012332511163, 0.01979864911146383, 0.009733679408760708, 0.1088366167105891]"
doc_00253,10190900,2002,11,0.16779672205427432,unknown,2002,POWER TRAIN,,low,0,"[0.03148836004021101, 0.02145371143835735, 0.056524076585001255, 0.019905105832336647, 0.013867258233898092, 0.024871044145251, 0.014555040084157981, 0.018956574744231056, 0.016584081337714232, 0.028701344040364837, 0.16779672205427432, 0.009994567956450739, 0.009879745345065777, 0.018657263457796457, 0.05519037724687494, 0.00889297654405096, 0.018054321034097168, 0.009199199878434707, 0.09194841298653834]"
doc_00254,10180639,2002,7,0.10866681161901692,unknown,2002,"SEAT BELTS,STRUCTURE",,low,0,"[0.025800904322678505, 0.009997355580604177, 0.013832431050881545, 0.008563672315047486, 0.008092948532107767, 0.026121387188918377, 0.10866681161901692, 0.01590239719128229, 0.11919218242124734, 0.012884629931501556, 0.013211407121790397, 0.015193111324029316, 0.010147266878560697, 0.047337284244133755, 0.011140227926932103, 0.008886233191458745, 0.008652675904249138, 0.01147152508673357, 0.013630721599198427]"
doc_00255,10177056,2002,1,0.2559724221609843,unknown,2002,ELECTRICAL SYSTEM,,low,0,"[0.2559724221609843, 0.023150197514305703, 0.0691151086380806, 0.0178111743636279, 0.014838620773832271, 0.03423208211623693, 0.018392158109740774, 0.02710773684741066, 0.023418742525287244, 0.035525486744848074, 0.0368041805653993, 0.011998320556119043, 0.011593309554138832, 0.02537010593697369, 0.02719629210507317, 0.010258134694805663, 0.01693547615967316, 0.010743871671464698, 0.04044489313647736]"
doc_00256,10177065,2002,1,0.2754200014269048,unknown,2002,EXTERIOR LIGHTING,,low,0,"[0.2754200014269048, 0.024163456632889425, 0.06150099673109885, 0.018523885171125617, 0.01600293867660619, 0.04524184196040958, 0.02284313992618511, 0.03204121539743454, 0.03029764965989073, 0.03784660864480146, 0.037178830089111395, 0.014302008306511373, 0.01345933340125558, 0.03342477133642567, 0.027933654955810867, 0.011815577888805986, 0.01787834856143867, 0.012606353147269565, 0.04196453322244918]"
doc_00257,10177163,2002,1,1.0,unknown,2002,EXTERIOR LIGHTING,,low,0,"[1.0, 2.7210215424019064e-308, 6.907161505243981e-308, 2.0750426392455427e-308, 1.8731032376792806e-308, 4.0073592832738554e-308, 2.3644274061844606e-308, 3.49098442646295e-308, 3.092099614858024e-308, 4.067854300659245e-308, 3.5209851436902127e-308, 1.6458285343271723e-308, 1.574271720958883e-308, 3.2739388942925043e-308, 2.845428522842221e-308, 1.390329093478901e-308, 1.999003136981167e-308, 1.4602711119027997e-308, 3.8404516603624013e-308]"
doc_00258,10176197,2002,11,0.08284270563700895,unknown,2002,POWER TRAIN,,low,0,"[0.05963557740507754, 0.03625539758921656, 0.12383479493894052, 0.026744182312098016, 0.01841619854736866, 0.04643794041376256, 0.02130203119259677, 0.035127749566291944, 0.02529577006655156, 0.052399771118254515, 0.08284270563700895, 0.012746461699835966, 0.012613966633183189, 0.028383752506419137, 0.04950207300736839, 0.01126114939781383, 0.02629479674857373, 0.01166905437959221, 0.09227252924739511]"
doc_00259,10175459,2002,7,0.3897954877829855,unknown,2002,AIR BAGS,,low,0,"[0.02142404438111995, 0.008837785996830078, 0.012096239197251368, 0.007671241268598225, 0.007614037904407314, 0.021414190227915575, 0.3897954877829855, 0.013486251936206646, 0.07921226494271692, 0.01115094852906204, 0.012284940514705786, 0.014207048469440367, 0.0098552563030647, 0.03467044368715709, 0.010418677975404364, 0.00873430503746432, 0.007709558860080769, 0.011067139175590818, 0.012342093708834392]"
doc_00260,10174758,2002,1,1.0,unknown,2002,EXTERIOR LIGHTING,,low,0,"[1.0, 2.689190421615459e-308, 6.668825917162982e-308, 2.050705257930488e-308, 1.871454629832956e-308, 3.9687591573108115e-308, 2.3607915139102083e-308, 3.493831929466558e-308, 3.0964522550995074e-308, 4.019190631704636e-308, 3.399897739782755e-308, 1.6609872176696373e-308, 1.587774226855732e-308, 3.280164797166193e-308, 2.769387673673864e-308, 1.4011955758661857e-308, 1.9782948940111397e-308, 1.471897744959731e-308, 3.7235145184673925e-308]"
doc_00261,10174449,2002,1,0.07999455463178534,unknown,2002,EXTERIOR LIGHTING,,low,1,"[0.07999455463178534, 0.025834262607810934, 0.10169888882445223, 0.017816198436241576, 0.013615070794507645, 0.03245722814695914, 0.01501576393018706, 0.0286787631473209, 0.01878204857372796, 0.042698932485022156, 0.0327599352684075, 0.009191874344089381, 0.009177421738710704, 0.02090575409947182, 0.024343935237815566, 0.008134853838423349, 0.017393357585457975, 0.008357718424083562, 0.038974228371196795]"
doc_00262,10168439,2002,1,1.0,unknown,2002,EXTERIOR LIGHTING,,low,0,"[1.0, 2.7039964512623823e-308, 6.847641541907315e-308, 2.073134640727206e-308, 1.857445370873761e-308, 4.071203896540663e-308, 2.408256167559502e-308, 3.456710558006292e-308, 3.154700141346283e-308, 4.0272904769227943e-308, 3.6347402793049775e-308, 1.645679557644817e-308, 1.5661567601382154e-308, 3.329352834765681e-308, 2.9098001156773133e-308, 1.3833804849493863e-308, 1.9939947379721225e-308, 1.45785920298945e-308, 3.932465826534872e-308]"
doc_00263,10167116,2002,12,1.0,unknown,2002,VISIBILITY,,low,0,"[2.1267670066990974e-308, 1.2364359671671555e-308, 1.499832698361439e-308, 1.1273473051360565e-308, 1.4024693868736385e-308, 1.959434008432318e-308, 2.265112000933442e-308, 1.6101365574128157e-308, 2.3573228430525033e-308, 1.5673953787315103e-308, 1.356072069743936e-308, 1.0, 3.8050347833256175e-308, 2.308491111972107e-308, 1.217550525696433e-308, 3.0767178936934675e-308, 1.1150520828242834e-308, 7.968804784508748e-308, 1.5073979994318175e-308]"
doc_00264,10166460,2002,10,1.0,unknown,2002,ENGINE AND ENGINE COOLING,,medium,0,"[3.936977402667954e-308, 6.038107727150344e-308, 6.479713579502318e-308, 4.417176371271768e-308, 4.1829320690168625e-308, 3.6211626902731066e-308, 1.854126402120142e-308, 3.8725574214855503e-308, 2.104691351795553e-308, 1.0, 3.290929058744399e-308, 1.5715566019898255e-308, 1.8757415320445613e-308, 2.4373266747852383e-308, 2.929777485038127e-308, 1.6623430890420405e-308, 4.451497885400702e-308, 1.538212384920899e-308, 4.775015151383258e-308]"
doc_00265,10161948,2002,1,1.0,unknown,2002,EXTERIOR LIGHTING,,low,0,"[1.0, 2.6889166739262337e-308, 6.71685739563966e-308, 2.062080865215249e-308, 1.836700122014953e-308, 3.9328029910139275e-308, 2.367732373945528e-308, 3.395855043928398e-308, 3.088138276382245e-308, 3.9358014162101127e-308, 3.6234000011462802e-308, 1.616366188154397e-308, 1.5391029916412665e-308, 3.236321547834149e-308, 2.917780660225559e-308, 1.3626016397988576e-308, 1.982488428306022e-308, 1.4340391883398226e-308, 3.862401947893698e-308]"
doc_00266,10161157,2002,10,0.23516313496983418,unknown,2002,ENGINE AND ENGINE COOLING,,low,0,"[0.027510103526581297, 0.03846529112221679, 0.04246590580843541, 0.03565879279428301, 0.04302807138414562, 0.0250660215875904, 0.01392756921233, 0.025832405397017113, 0.015589486998491987, 0.23516313496983418, 0.023687373461001755, 0.012579447827646053, 0.015793524434966195, 0.018172264675580165, 0.021690980001761017, 0.014035204202936238, 0.031693684689377735, 0.012554968530377162, 0.033667149509313404]"
doc_00267,10160645,2002,7,0.5760674452218844,unknown,2002,AIR BAGS,,low,0,"[0.026201671438683103, 0.011033051994573238, 0.015080952974454536, 0.009431056261676939, 0.009357277953673058, 0.027370392865310254, 0.5760674452218844, 0.01728644697812044, 0.1132922028652992, 0.013836272589944333, 0.014809644778625928, 0.017525576961707406, 0.012152814442260485, 0.04071319134351333, 0.0125806718406469, 0.010775963098323052, 0.009563953307327093, 0.013656939637752474, 0.014921094772630287]"
doc_00268,10158622,2002,7,0.4777728983898575,TDI_unknown,2002,AIR BAGS,,low,0,"[0.03191391985399284, 0.013276428045832503, 0.018216478477888955, 0.011399789984800283, 0.011295087453653685, 0.03286891482105001, 0.4777728983898575, 0.02071218373895036, 0.15209039227283824, 0.016685619251720612, 0.018048344723047463, 0.0209919422209458, 0.014589612028481474, 0.051523219083855626, 0.015325737256664944, 0.012938836467587582, 0.011521634699844765, 0.01635399263519758, 0.01813158992019614]"
doc_00269,10158000,2002,16,0.008433462593860385,unknown,2002,ELECTRICAL SYSTEM,,medium,1,"[0.1340009739537066, 0.02377866227500341, 0.08824683526414541, 0.016853354996298874, 0.013781791493684225, 0.029509683769500715, 0.014924867544467533, 0.027781883200441306, 0.018887828902844222, 0.03864823852264273, 0.027858301011254416, 0.009528437369614458, 0.009528882362548102, 0.02076360341654034, 0.022095896672377383, 0.008433462593860385, 0.016285149668023052, 0.008635981934906823, 0.03243326019364043]"
doc_00270,10150674,2002,1,0.8605351721647974,unknown,2002,"STEERING,ELECTRICAL SYSTEM",,low,0,"[0.8605351721647974, 0.007784241789014022, 0.02221170638056458, 0.0060254527600572955, 0.005700748391457787, 0.009195864097150813, 0.00542570094415752, 0.009046448681717936, 0.006863930394264574, 0.012077745623824354, 0.008398814149054107, 0.004403876959900761, 0.004434506329927338, 0.0075291000744016805, 0.007056734344493042, 0.00392677251411034, 0.005741923233753909, 0.0039922507725910885, 0.009649010394761594]"
doc_00271,10147645,2002,10,1.0,unknown,2002,ENGINE AND ENGINE COOLING,,low,0,"[3.781106264053982e-308, 6.712337835518967e-308, 6.376503671931547e-308, 5.370642906213233e-308, 4.4387704187378854e-308, 3.2667691689033454e-308, 1.733636123348946e-308, 3.6052150001580296e-308, 1.9673274424698666e-308, 1.0, 3.233679133845281e-308, 1.4600620477309594e-308, 1.737320179960294e-308, 2.2688073020478326e-308, 2.949278361640627e-308, 1.5593186414337494e-308, 5.172340023778446e-308, 1.4346279275103825e-308, 4.671471488133721e-308]"
doc_00272,10145249,2002,2,0.08162948587625952,unknown,2002,SEATS,,low,0,"[0.02449439320460454, 0.08162948587625952, 0.04572541395784183, 0.04130441308264978, 0.022233015283647618, 0.026474397533084823, 0.013544980068430136, 0.029373042677353866, 0.015146020397572037, 0.06226287944175772, 0.02809538336768838, 0.010989080765218236, 0.012097724331606698, 0.017273775904574264, 0.024597117516245725, 0.010973413513081454, 0.06337450603595678, 0.010576417584270387, 0.04108814692543251]"
doc_00273,10139215,2002,3,0.0303074751646745,unknown,2002,ENGINE AND ENGINE COOLING,,low,0,"[0.01887415960007783, 0.05206563042710761, 0.0303074751646745, 0.03849057119912642, 0.02077158931885345, 0.016668041713023874, 0.009024338612924211, 0.0192937985471933, 0.010153046187270167, 0.08919909437035309, 0.017807800615467273, 0.006795736025508558, 0.007896558977726011, 0.011522021999148037, 0.016587284214168958, 0.007195814779166533, 0.04579932798548328, 0.006670126399618158, 0.02509375716106339]"
doc_00274,10138225,2002,10,1.0,unknown,2006,"ENGINE AND ENGINE COOLING,POWER TRAIN,VISIBILITY,EQUIPMENT",,high,1,"[4.945243140143612e-308, 6.598787442930236e-308, 1.1336350780002666e-307, 3.929724651108945e-308, 3.252004220750369e-308, 4.363076198037469e-308, 2.0127628740550363e-308, 4.791193842846789e-308, 2.344385017064115e-308, 1.0, 3.7201505258869067e-308, 1.5737791892888166e-308, 1.7725071294851423e-308, 2.714780189452556e-308, 3.1533299750520065e-308, 1.5642676595858675e-308, 4.1757311236823826e-308, 1.503954474302323e-308, 5.384999484685499e-308]"
doc_00275,10134334,2002,1,0.4139477920748935,unknown,2005,"SERVICE BRAKES, HYDRAULIC",,low,0,"[0.4139477920748935, 0.02836263176264466, 0.06323634088722038, 0.020773281834513355, 0.01869530552829641, 0.0650918681864111, 0.02800492722970691, 0.04231988939007897, 0.036877078527802205, 0.04669878118616602, 0.037471223751101325, 0.017828661689062726, 0.016784102333135573, 0.04000950623752504, 0.028448930774746535, 0.014589668331900346, 0.020733999571537046, 0.015671618292433964, 0.0444543924108242]"
doc_00276,10121355,2002,7,1.0,unknown,2002,AIR BAGS,,low,0,"[3.2670426010222283e-308, 1.398173972039967e-308, 1.8896309097097983e-308, 1.219743831562132e-308, 1.212891115749997e-308, 3.273589015302333e-308, 1.0, 2.096578549018023e-308, 9.538650472023537e-308, 1.754983662481183e-308, 1.9414422128974705e-308, 2.2921846008012877e-308, 1.583067190660399e-308, 4.972389927426255e-308, 1.652479461044042e-308, 1.4054907994736484e-308, 1.2261855701068226e-308, 1.7927024747852693e-308, 1.9522261387358152e-308]"
doc_00277,10118541,2002,1,0.3872367267386466,unknown,2002,"ELECTRICAL SYSTEM,EXTERIOR LIGHTING",,low,1,"[0.3872367267386466, 0.021935156779256792, 0.05468928605933045, 0.01720200011477371, 0.015540572891803125, 0.04245055336413626, 0.02204917034120879, 0.03025468572599662, 0.030069754980150052, 0.03492796783674044, 0.03193996936609387, 0.014460779215690287, 0.01351648795803175, 0.03477404382956175, 0.02477864288250457, 0.011795198638100284, 0.016497363761211116, 0.012632877769752936, 0.036508050548901765]"
doc_00278,10120363,2002,3,1.0,unknown,2002,UNKNOWN OR OTHER,,low,0,"[5.909888882522409e-308, 5.786302726761029e-308, 1.0, 2.9980644677756174e-308, 2.3478560705970743e-308, 4.963921946146077e-308, 2.0326463890942285e-308, 5.760223718200772e-308, 2.4477891631281204e-308, 1.3477889048324544e-307, 4.183942141126995e-308, 1.505551476039017e-308, 1.580307142874932e-308, 2.7885776879681506e-308, 3.316598929388938e-308, 1.3997515567336718e-308, 3.3132438658966626e-308, 1.4014514268018706e-308, 5.455886604789042e-308]"
doc_00279,10114612,2002,7,1.0,unknown,2002,AIR BAGS,,low,0,"[3.2393463427451164e-308, 1.404157770225204e-308, 1.902083119235314e-308, 1.2034391187773724e-308, 1.194691676168516e-308, 3.3888231096240563e-308, 1.0, 2.175851769969724e-308, 1.1771313143636725e-307, 1.7517361206627556e-308, 1.879842439047329e-308, 2.255879137759186e-308, 1.5591082683391977e-308, 4.854954277093915e-308, 1.6026339281777697e-308, 1.3851914557340355e-308, 1.221318945337099e-308, 1.7630868810320184e-308, 1.892310240954402e-308]"
doc_00280,10109503,2002,1,1.0,unknown,2002,"SERVICE BRAKES, HYDRAULIC",,medium,0,"[1.0, 2.497366499484518e-308, 4.766808435757739e-308, 1.978400453217319e-308, 1.8716375693701053e-308, 6.854351505449708e-308, 3.4327720575215074e-308, 3.858114144447036e-308, 4.695395616450549e-308, 3.98128228105473e-308, 3.6621127873823043e-308, 2.110335147428446e-308, 1.884336149231218e-308, 5.427276675823151e-308, 2.791121501608775e-308, 1.6173662292608125e-308, 1.9398405151691444e-308, 1.80001849512411e-308, 4.290546000384161e-308]"
doc_00281,10105561,2002,7,0.17518416523347283,2.0_TSI,2002,AIR BAGS,,low,0,"[0.024712538570891437, 0.010056941891687713, 0.01390770068984244, 0.008536885975622617, 0.008466673086702263, 0.02595528017324237, 0.17518416523347283, 0.01607855133004406, 0.15500702648443754, 0.012680637705037403, 0.013424358911350767, 0.015669151643017534, 0.010927866506705481, 0.040334445542535576, 0.01135884578652481, 0.009667003230108441, 0.008661791732477204, 0.012183575876171313, 0.013552878130009528]"
doc_00282,10094309,2002,7,1.0,unknown,2002,AIR BAGS,,low,0,"[3.1755956118471974e-308, 1.391774972731918e-308, 1.8706467776411915e-308, 1.207322402287016e-308, 1.1996519950437943e-308, 3.232787654439871e-308, 1.0, 2.0936536678644723e-308, 8.811961533684686e-308, 1.738079533906265e-308, 1.902408720792122e-308, 2.267287385702362e-308, 1.5696912811001294e-308, 4.583980358681052e-308, 1.622359292826272e-308, 1.395296780323137e-308, 1.2196196570108127e-308, 1.781503659855605e-308, 1.91530457470949e-308]"
doc_00283,10095911,2002,7,1.0,unknown,2002,AIR BAGS,,low,0,"[3.1704690637601746e-308, 1.3882371376430804e-308, 1.8722586546623057e-308, 1.1981107505982606e-308, 1.1894319018413735e-308, 3.273700791378292e-308, 1.0, 2.118858284211447e-308, 1.0313956678544273e-307, 1.73021794039584e-308, 1.878792430691929e-308, 2.2492357807059903e-308, 1.5533255341422843e-308, 4.709582090811208e-308, 1.604424287487852e-308, 1.3816500999390884e-308, 1.2127716050612273e-308, 1.761972604550097e-308, 1.887802307847119e-308]"
doc_00284,10091365,2002,7,0.21031519562099357,unknown,2002,AIR BAGS,,low,0,"[0.02044794301939559, 0.0085866779337586, 0.011716151190334395, 0.007284649608532341, 0.007265957313083807, 0.021754046947558586, 0.21031519562099357, 0.013590687753215073, 0.06952883414990695, 0.010811182827138463, 0.011305435418385093, 0.01382670696525598, 0.009557780275770707, 0.0296054489149352, 0.009570211263104122, 0.00844659463581294, 0.007427599728500835, 0.010754415455349064, 0.011507305066894144]"
doc_00285,10082456,2002,19,0.028174429516812923,unknown,2002,ENGINE AND ENGINE COOLING,,medium,0,"[0.009111067084042135, 0.010295569167868775, 0.01823043130480002, 0.009813031558302088, 0.006220462933520934, 0.008830877133985735, 0.004549390415401931, 0.007466727398736073, 0.005170167138516355, 0.020952777631565004, 0.012552153159665949, 0.0029681107286613968, 0.003196074714073061, 0.006082428455631091, 0.009877364609056975, 0.0028464010849192077, 0.00890951985532412, 0.0028099553912675286, 0.028174429516812923]"
doc_00286,10082453,2002,10,0.23249772614624506,unknown,2002,ENGINE AND ENGINE COOLING,,medium,0,"[0.03467207145355524, 0.04916666894567135, 0.06471196217500663, 0.038826158318508774, 0.03254871506374992, 0.03286141474202104, 0.01625899315454553, 0.0331370775087095, 0.018551207907801955, 0.23249772614624506, 0.03176639740268515, 0.013239179110357834, 0.01534023780786883, 0.021691156394362622, 0.027735642591778187, 0.013587572448292562, 0.038344874897254924, 0.012823049295620755, 0.04930989677808647]"
doc_00287,10067978,2002,7,1.0,unknown,2002,AIR BAGS,,low,0,"[3.1920847733833356e-308, 1.395002685618389e-308, 1.885188313647577e-308, 1.197331772439898e-308, 1.188462199187977e-308, 3.3332527635266226e-308, 1.0, 2.152844147542351e-308, 1.1283721544999911e-307, 1.7373104433259424e-308, 1.868927360932453e-308, 2.2465136591538455e-308, 1.5516073874525966e-308, 4.764751386215821e-308, 1.5955834434649844e-308, 1.379684011547199e-308, 1.2147155078456613e-308, 1.757493496987464e-308, 1.8793385470261317e-308]"
doc_00288,10064075,2002,7,1.0,unknown,2002,AIR BAGS,,low,0,"[3.1541716420494907e-308, 1.381697041728241e-308, 1.8581225947827404e-308, 1.2012725237278875e-308, 1.193681040745564e-308, 3.2021082737686434e-308, 1.0, 2.0769459702821146e-308, 9.305186377500315e-308, 1.7241536615346894e-308, 1.8950004400405254e-308, 2.2624762526873884e-308, 1.5607679779755017e-308, 4.690275686625827e-308, 1.6186198193392484e-308, 1.38840882942538e-308, 1.2113101398728824e-308, 1.7736462042330645e-308, 1.903095414438837e-308]"
doc_00289,10058443,2002,7,0.19615676239482113,unknown,2002,AIR BAGS,,low,0,"[0.020017910330407687, 0.008439552813508621, 0.01148188093971961, 0.007186459646633416, 0.007184461993233427, 0.021099840484336996, 0.19615676239482113, 0.01324802542174872, 0.06242454516837486, 0.010636605104834504, 0.011143658970555614, 0.013800912535000176, 0.009501258283478045, 0.02867286720145395, 0.00943865655163803, 0.008394846156769787, 0.0073200806635488015, 0.010726484240881257, 0.01135757119661976]"
doc_00290,10057793,2002,7,0.18462531457764936,unknown,2002,AIR BAGS,,low,0,"[0.03702093633711675, 0.014815507972257396, 0.020356080414127495, 0.012693909468913018, 0.012070115006903878, 0.037504842496228895, 0.18462531457764936, 0.022855153901008115, 0.09213800480404907, 0.01900720844523204, 0.02016473706941514, 0.021477803590164116, 0.015187418546435858, 0.0547369063751036, 0.016849595786656617, 0.013340145966040974, 0.012885753061984782, 0.016857616748161358, 0.020763272009044726]"
doc_00291,10047223,2002,17,1.0,unknown,2002,"FUEL SYSTEM, DIESEL",,low,0,"[1.9752543874865037e-308, 6.460685534413977e-308, 2.99982557797053e-308, 7.377630870564466e-308, 2.627501143543089e-308, 1.938320915900382e-308, 1.1981549442792386e-308, 2.2022281653579424e-308, 1.3177480259558837e-308, 4.407559257609912e-308, 2.2433305818873725e-308, 1.0988158657275703e-308, 1.246504554244676e-308, 1.4756195783310265e-308, 2.177955643408086e-308, 1.157275115453043e-308, 1.0, 1.081112221527003e-308, 2.995777945720194e-308]"
doc_00292,10043313,2002,6,0.21416076622752656,unknown,2002,TIRES,,low,0,"[0.05446086774286634, 0.023685447443250008, 0.03889397396813752, 0.017057425580466842, 0.01534560350044842, 0.21416076622752656, 0.029962260891560594, 0.0473666357418364, 0.03602809725768673, 0.03281780602976756, 0.02776602195702731, 0.017407173887622692, 0.01554043566038791, 0.04021849775172657, 0.02129315179183987, 0.013561103814763898, 0.018620438031224255, 0.015084678856815158, 0.0316182678579504]"
doc_00293,10044511,2002,2,0.8042412636636841,unknown,2002,ENGINE AND ENGINE COOLING,,medium,0,"[0.010523107508715745, 0.8042412636636841, 0.019537387444864898, 0.015338515389145409, 0.009176573348846574, 0.009930528102680284, 0.005380499598707224, 0.013104714176168018, 0.006082781038086139, 0.024733871031500362, 0.009773038983732628, 0.004583153776298161, 0.0050806502376220765, 0.0067677899132622, 0.00874474382266223, 0.004635187574482169, 0.02535839664824094, 0.0044272685276616226, 0.012580529213639252]"
doc_00294,10031011,2002,1,1.0,unknown,2002,EXTERIOR LIGHTING,,medium,0,"[1.0, 2.707862312236529e-308, 6.735994675285777e-308, 2.0840802115432787e-308, 1.8740779648264046e-308, 4.757189998317008e-308, 2.631773365264784e-308, 3.6254319161420326e-308, 3.5225275448814687e-308, 4.178836939519374e-308, 3.8118467618126697e-308, 1.7348167247884074e-308, 1.6285288260673077e-308, 3.799036706936212e-308, 2.9696090793147643e-308, 1.4292717229741357e-308, 2.011895532155427e-308, 1.5239704359368243e-308, 4.2426879452630646e-308]"
doc_00295,10026474,2002,4,0.027557406205293723,unknown,2002,"ENGINE AND ENGINE COOLING,FUEL SYSTEM, GASOLINE,ELECTRICAL SYSTEM,LATCHES/LOCKS/LINKAGES",,high,0,"[0.02440765385760016, 0.025491417456434677, 0.05150435660906673, 0.027557406205293723, 0.015490100641811975, 0.02201507518821256, 0.011717404040322281, 0.018466398138831448, 0.013209592037036425, 0.035841186215639566, 0.05507524418771861, 0.008110137196280013, 0.008539812534276499, 0.015682983761185005, 0.044085530148917584, 0.007700980307992401, 0.0231480354608176, 0.007665590957098852, 0.3446014607282031]"
doc_00296,10020835,2002,5,0.01688548380144199,unknown,2002,"ENGINE AND ENGINE COOLING,EQUIPMENT",,low,0,"[0.034306770386518456, 0.028147739636302613, 0.07059458982011114, 0.02664535055645266, 0.01688548380144199, 0.03030636105254512, 0.015585753919826273, 0.023385954366828176, 0.017794725557591786, 0.04164524993657764, 0.08885051224121276, 0.010161794428159275, 0.010377195756557432, 0.021116602060183693, 0.05512119604893407, 0.009305686607328367, 0.023678791301487246, 0.009459617078792336, 0.21633842909656148]"
doc_00297,10018393,2002,6,0.3989279373807127,unknown,2002,POWER TRAIN,,low,0,"[0.04905065083195181, 0.021063935235671613, 0.03246848735221677, 0.015646433030086983, 0.014597668633123468, 0.3989279373807127, 0.0321717437219985, 0.04771743969737213, 0.04366666966068615, 0.027732936463772846, 0.02402157122649991, 0.018788977690119626, 0.01585639964327385, 0.06444182475150043, 0.019202752962860493, 0.013850903799565559, 0.01684466455159419, 0.01583508209427609, 0.026212548564523652]"
doc_00298,10018392,2002,14,0.48692018745352184,unknown,2002,STEERING,,high,1,"[0.03291070632196629, 0.01086878649878905, 0.015872557989773602, 0.009582119107624314, 0.0093473501382697, 0.029634037787633963, 0.04102272272592143, 0.01703631930722622, 0.0861555314693219, 0.014490505655387913, 0.015845489111684003, 0.015535388021942922, 0.01131454187883779, 0.48692018745352184, 0.013082917877694864, 0.00988778022104529, 0.009422466204925687, 0.012141757039099378, 0.016265360994337133]"
doc_00299,10016150,2002,1,0.17546710978976587,unknown,2002,"SERVICE BRAKES, HYDRAULIC",,low,0,"[0.17546710978976587, 0.02887589869295881, 0.06648569035499283, 0.024241946709676845, 0.021876535139041132, 0.059534865353685726, 0.033717388493829194, 0.038030325565342, 0.04443292780908931, 0.04578969415094236, 0.05194966051822576, 0.021209796606204846, 0.019514745550602116, 0.05540878774847643, 0.03840379841048953, 0.01697990196945143, 0.02272947706575127, 0.018440778209082465, 0.059039300931830525]"
doc_00300,10014188,2002,7,1.0,unknown,2002,AIR BAGS,,low,0,"[3.1658514523398444e-308, 1.3782087312337947e-308, 1.8540160648376907e-308, 1.2044738159677635e-308, 1.1989312983286376e-308, 3.1817095513147735e-308, 1.0, 2.058790085364175e-308, 9.232194032054655e-308, 1.723621167112341e-308, 1.9069813700434223e-308, 2.2858466711612807e-308, 1.5704125914413776e-308, 4.826157776770851e-308, 1.6288679802056263e-308, 1.3964806663968067e-308, 1.210628797924687e-308, 1.7870197942036043e-308, 1.914715196555381e-308]"
doc_00301,10012216,2002,3,0.6000087946388826,unknown,2002,"ENGINE AND ENGINE COOLING,ELECTRICAL SYSTEM,VISIBILITY",,medium,0,"[0.029497716543626366, 0.027673050111961882, 0.6000087946388826, 0.014574507354867847, 0.011213859401409985, 0.027180410607776893, 0.010340916285635588, 0.031047029980840822, 0.012587048565566071, 0.05574293179972845, 0.021467485728691914, 0.0073715883860826755, 0.0076384409354458335, 0.014619511868080227, 0.016830521445236737, 0.006765575969562991, 0.016253541026910488, 0.00682573119204277, 0.02742430714226166]"
doc_00302,10009868,2002,3,1.0,unknown,2002,ELECTRICAL SYSTEM,,low,0,"[5.969743661427892e-308, 5.474031495871765e-308, 1.0, 2.922464792076444e-308, 2.25930828003585e-308, 5.32089001668624e-308, 2.077153746524019e-308, 6.004905526566336e-308, 2.531035397069449e-308, 1.0754899466762868e-307, 4.321224935812601e-308, 1.5035934115453946e-308, 1.554836811627977e-308, 2.922486080756681e-308, 3.3766967632585173e-308, 1.3781748904423506e-308, 3.226980279092959e-308, 1.3913573260584704e-308, 5.498948880849316e-308]"
doc_00303,10009215,2002,6,0.03685908445684928,unknown,2002,SEAT BELTS,,low,0,"[0.034372617755529015, 0.013197560091189726, 0.018399832010783976, 0.010996450833902398, 0.010737403652934631, 0.03685908445684928, 0.08593029743647619, 0.022189458757348138, 0.15641575781538575, 0.01706150146438366, 0.016423965314248, 0.020957262834466223, 0.014096570432115891, 0.061068656318769565, 0.013825130255006278, 0.012280631204431533, 0.011231756290262023, 0.015770889879211762, 0.0171707672201485]"
doc_00304,10005632,2002,10,0.23784541327350814,unknown,2002,ENGINE AND ENGINE COOLING,,medium,0,"[0.034739457502018116, 0.0443881426893331, 0.061035683178841255, 0.04373632041036153, 0.04575395756234434, 0.03170961675193327, 0.017174725179951486, 0.0310576144674568, 0.019316783932743435, 0.23784541327350814, 0.0323531259926844, 0.014831228716908331, 0.01794099104440485, 0.022823854341430166, 0.029292855802499577, 0.01592057554210507, 0.0388222865086835, 0.014610727902671358, 0.04926370320460481]"
doc_00305,10005917,2002,19,1.0,unknown,2002,ENGINE AND ENGINE COOLING,,low,0,"[4.076073422694994e-308, 3.30623358206069e-308, 8.408640151758783e-308, 3.70374639831901e-308, 2.404034825361725e-308, 3.4315322311161305e-308, 1.975971723093331e-308, 2.696814941454068e-308, 2.2233751229088987e-308, 4.82380552835725e-308, 1.2838280726432536e-307, 1.419879297876717e-308, 1.4662641364682317e-308, 2.6877542079369427e-308, 9.399186986983628e-308, 1.3193586514778043e-308, 3.01388321603496e-308, 1.330259459545611e-308, 1.0]"
doc_00306,10003372,2002,7,1.0,unknown,2002,AIR BAGS,,low,0,"[3.294977059416783e-308, 1.4012965601087646e-308, 1.8989961179487297e-308, 1.219213796170866e-308, 1.2129781924642253e-308, 3.3189027434481016e-308, 1.0, 2.118067326511598e-308, 1.041229040850822e-307, 1.76016883947499e-308, 1.935871094239959e-308, 2.298866487635487e-308, 1.5841521175460173e-308, 5.098279919341755e-308, 1.6473874202545806e-308, 1.4058812699283637e-308, 1.2268448572738163e-308, 1.7931611780977e-308, 1.9473464815586497e-308]"
doc_00307,10004216,2002,19,0.5064771410953373,unknown,2002,ELECTRICAL SYSTEM,,low,0,"[0.025655062035072587, 0.022716818930139167, 0.05821040122066671, 0.023945277883801935, 0.015212992998800048, 0.02211942070521907, 0.011840642473669083, 0.01778230227587224, 0.013476154620997728, 0.035361490762287034, 0.061726408118017405, 0.008616226314488972, 0.009003345263016917, 0.016202416592073283, 0.04558259070652868, 0.00807679399004584, 0.020020941329628245, 0.008092078409488373, 0.5064771410953373]"
doc_00308,10002487,2002,7,0.7619050357431839,unknown,2002,AIR BAGS,,low,0,"[0.01563782360453214, 0.006824182566008952, 0.009171342974031625, 0.005941818737752246, 0.005909882626364371, 0.01578911757245609, 0.7619050357431839, 0.010206727827818373, 0.04220149995264451, 0.008537246386352046, 0.00939375138472501, 0.011195421463264741, 0.007740029210711806, 0.0227606211777089, 0.008007383245907189, 0.006877417991220788, 0.00598926769297947, 0.008788682182247732, 0.009459702902334813]"
doc_00309,10001870,2002,2,0.5879392553703088,unknown,2002,"FUEL SYSTEM, GASOLINE",,low,0,"[0.021658995283938182, 0.5879392553703088, 0.04066371774663403, 0.0340706987562131, 0.019067058154823048, 0.020238171496436017, 0.011039516448709574, 0.02576647420719664, 0.01247023311250284, 0.052002872554665576, 0.020945061508872355, 0.009353219643386944, 0.010350294325947501, 0.01388918057950113, 0.018810998876996988, 0.009450151628334487, 0.05592831093431632, 0.009033666995860818, 0.027322122375355612]"
doc_00310,770721,2002,7,1.0,unknown,2002,AIR BAGS,,low,1,"[3.3105355678303377e-308, 1.4103024966046414e-308, 1.9164122885163346e-308, 1.215039976435242e-308, 1.2077593718778813e-308, 3.4107184862474184e-308, 1.0, 2.172552469773766e-308, 1.173179984552129e-307, 1.76858694058103e-308, 1.911800969580647e-308, 2.284260723473487e-308, 1.5768735127862377e-308, 5.0397912337096e-308, 1.6265405724955883e-308, 1.3991631254624197e-308, 1.2293173040599654e-308, 1.781621798912409e-308, 1.9260150428088576e-308]"
doc_00311,767296,2002,1,0.023106264129978904,unknown,2002,VISIBILITY,,low,0,"[0.023106264129978904, 0.024152197954658977, 0.04183627541369011, 0.011475771779857051, 0.009387840179315632, 0.02767677064179318, 0.009514811531082686, 0.05200046835664546, 0.011463116779814006, 0.037597445712944114, 0.013422320926088848, 0.006398587233139808, 0.006653936777025691, 0.01347962263959038, 0.011023429987899711, 0.005854239087137509, 0.013844906804814486, 0.005915305481003511, 0.016585453838441386]"
doc_00312,758865,2002,12,0.01633195597232162,unknown,2002,"STEERING,ELECTRICAL SYSTEM",,high,2,"[0.05743033927020254, 0.013175435214286569, 0.020578213266115367, 0.011452643549026989, 0.010941461684450414, 0.03511468546688264, 0.037500799224330465, 0.02084219031025123, 0.065104946122211, 0.018805663771558883, 0.018595652468298324, 0.01633195597232162, 0.01246337015781918, 0.10661714318759645, 0.015039007713499907, 0.010676072787593372, 0.01120439965299885, 0.012864125405476627, 0.02017973423772149]"
doc_00313,758707,2002,10,0.282766152533154,unknown,2002,POWER TRAIN,,low,0,"[0.04617575356135902, 0.048576071451809304, 0.12152155996692225, 0.03069684769128853, 0.023812288061280166, 0.0388432192199976, 0.017437302185716565, 0.03825053175793658, 0.020478402248214622, 0.282766152533154, 0.03593973907900684, 0.012824589707975391, 0.013958404841853523, 0.02353130700377535, 0.028994875536824862, 0.012312180051404843, 0.031019382369054164, 0.012099900537993747, 0.05460670227257248]"
doc_00314,11491001,2003,1,0.03866870203584368,unknown,2003,UNKNOWN OR OTHER,,medium,1,"[0.03866870203584368, 0.025622459726020265, 0.06736047615604965, 0.02527211093669037, 0.01884266823689783, 0.03267001868021512, 0.017792591700864873, 0.023461034761091414, 0.01985570328233126, 0.043463918285651826, 0.07871932835945485, 0.01225042364336768, 0.012564592539280502, 0.023691797927604993, 0.05175962046414164, 0.011140150697398793, 0.02197426282407278, 0.011378561624460212, 0.3437369960944451]"
doc_00315,10950400,2003,9,1.0,unknown,2003,"AIR BAGS,UNKNOWN OR OTHER",,low,0,"[4.536634114134768e-308, 1.61807114188217e-308, 2.315721766723354e-308, 1.378371955174326e-308, 1.3422924475927947e-308, 4.530884231584656e-308, 1.0974340531529598e-307, 2.649242592946844e-308, 1.0, 2.1027158396455364e-308, 2.1902516423322314e-308, 2.398229329644302e-308, 1.6880412335689253e-308, 1.1229867391112075e-307, 1.8308632661650643e-308, 1.4799185510925613e-308, 1.385482608539668e-308, 1.8511228268583023e-308, 2.2368836788275504e-308]"
doc_00316,10720952,2003,2,0.09675134191842977,unknown,2003,"POWER TRAIN,ELECTRICAL SYSTEM",,low,0,"[0.023836420460179433, 0.09675134191842977, 0.04936836282837255, 0.03949897836369824, 0.02083761512405257, 0.02505118329407414, 0.012849665506512547, 0.02839435150253082, 0.014453512950068992, 0.06304255779852316, 0.027453085176163957, 0.010302453062404692, 0.011298491016446798, 0.016364948623888365, 0.023924716467808374, 0.010250032689378274, 0.05816833438313106, 0.009896979540652523, 0.03951057676096012]"
doc_00317,10720998,2003,7,0.38579812196976915,unknown,2003,AIR BAGS,,low,0,"[0.03124904281054731, 0.013266993252985816, 0.01813891255673474, 0.011317370408355435, 0.011210010919002115, 0.03282404200647243, 0.38579812196976915, 0.020881076717058137, 0.16165342682962247, 0.016573560033056628, 0.017727994668447888, 0.02087704418171091, 0.014495349046982525, 0.05005332124755824, 0.015095958959403171, 0.012871837540657596, 0.01147677982970032, 0.016272398443969428, 0.01780310355735422]"
doc_00318,10641837,2003,9,1.0,unknown,2003,"AIR BAGS,SEAT BELTS",,high,1,"[4.783818491050129e-308, 1.67598631053357e-308, 2.443344732247632e-308, 1.399503734359214e-308, 1.3352871855061987e-308, 4.766286968555904e-308, 9.458911702613686e-308, 2.8175380317465796e-308, 1.0, 2.1637748665211173e-308, 2.257031672468847e-308, 2.1927005589715913e-308, 1.610162424821922e-308, 9.607759821513023e-308, 1.8787152118977543e-308, 1.4167540995067526e-308, 1.4141217920415637e-308, 1.730855351154524e-308, 2.28219615488101e-308]"
doc_00319,10563596,2003,7,0.2215516277160668,unknown,2003,"SUSPENSION,AIR BAGS,WHEELS",,low,0,"[0.02082409462162863, 0.008721894947035944, 0.011887074137566848, 0.007439421149842688, 0.007431081679144093, 0.02182793480172856, 0.2215516277160668, 0.013664980650178345, 0.06529071696038802, 0.011007733614839253, 0.011584247778020076, 0.014208875119056733, 0.009802018230659692, 0.03001195524919435, 0.009803789880203709, 0.00865938545253214, 0.007569321595601785, 0.011049271440161558, 0.01179880346701045]"
doc_00320,10421190,2003,3,0.14599868509033984,unknown,2003,ELECTRICAL SYSTEM,,low,0,"[0.07342637115322166, 0.026991769507370474, 0.14599868509033984, 0.017993911091761728, 0.014161743564416428, 0.02695516070722919, 0.012948363798305596, 0.0275878305566573, 0.01597574542031791, 0.04836308005102367, 0.026327623274163554, 0.008609894087889812, 0.008904797126530136, 0.017914570220410302, 0.021194213472560515, 0.007900523946916427, 0.017563248959205573, 0.007931586353589681, 0.03272263986400129]"
doc_00321,10279464,2003,9,0.4451308493473912,unknown,2003,AIR BAGS,,low,0,"[0.025910760034297656, 0.010187684562555773, 0.014324649066541533, 0.00858648464892541, 0.0082098023882276, 0.027070492002493094, 0.10631616572091004, 0.01656711408755225, 0.4451308493473912, 0.012879587271818755, 0.013693265587511456, 0.01420834984450466, 0.010159239826042702, 0.047449341468408686, 0.011532756763029938, 0.008986394244817682, 0.008706802162859, 0.011162873244886457, 0.013756494503033808]"
doc_00322,10277587,2003,5,0.534088726572588,unknown,2003,ENGINE AND ENGINE COOLING,,medium,0,"[0.013401114081879011, 0.01654045723681824, 0.01871185900638951, 0.028471125751436576, 0.534088726572588, 0.011244782890790535, 0.007815486046767295, 0.011415047885856957, 0.00854009768409328, 0.02908079071983772, 0.012453031057602058, 0.008643319470616887, 0.011383875924064299, 0.009822763146410094, 0.012345580695152436, 0.010617025299780395, 0.017609662491262675, 0.008896636385075745, 0.016086122466275672]"
doc_00323,10252376,2003,9,1.0,unknown,2003,AIR BAGS,,high,2,"[4.2526224490495003e-308, 1.593170155995853e-308, 2.2654025476510513e-308, 1.3488324391850266e-308, 1.301013790487631e-308, 4.322738887730051e-308, 1.19071270118081e-307, 2.607861556139341e-308, 1.0, 2.0400162841123425e-308, 2.144401726840698e-308, 2.277887186654832e-308, 1.617486351000001e-308, 9.246713777040013e-308, 1.802041449432979e-308, 1.4254413146784846e-308, 1.3602018806293867e-308, 1.7734414009646885e-308, 2.167629241257945e-308]"
doc_00324,10250626,2003,1,0.28883363175524096,unknown,2003,ELECTRICAL SYSTEM,,low,0,"[0.28883363175524096, 0.02875755995083301, 0.09215330796139984, 0.02098371655911197, 0.018261719333001834, 0.036303865586653654, 0.019554014695881215, 0.034376164632760185, 0.02488714717556456, 0.0452259789492563, 0.03367231551136639, 0.013978229474948327, 0.01388436021331012, 0.027088341530015537, 0.027158331003563685, 0.01229001222904652, 0.020262616932217876, 0.012623756189080123, 0.038375185330322865]"
doc_00325,10250340,2003,2,0.09645678387653382,unknown,2005,SEATS,,low,1,"[0.024874986663102276, 0.09645678387653382, 0.050531880232663216, 0.03480197018970374, 0.02134177433330786, 0.026636152280059725, 0.013118723026840149, 0.03179814214852219, 0.01481791186136264, 0.07126146650968096, 0.02523561335252827, 0.010728811351721936, 0.011865349118362005, 0.016911070774428317, 0.021843540055398448, 0.01071139181877083, 0.05248660573381813, 0.010310359167987402, 0.035521074972484336]"
doc_00326,10214474,2003,3,0.35493364890732626,TDI_unknown,2003,"FUEL SYSTEM, OTHER",,high,1,"[0.04641828596341659, 0.05275108558987934, 0.35493364890732626, 0.02832391482012839, 0.020261766235660696, 0.03908658539862858, 0.01719400094633461, 0.04065338912668123, 0.02026121587149542, 0.0982353877438662, 0.04235843631288349, 0.01227715033996411, 0.012905162966878488, 0.0226873686351195, 0.032767683623410516, 0.011491553205529303, 0.03044583326562678, 0.011481295744478105, 0.057149393622022385]"
doc_00327,10182419,2003,14,0.1616166068452268,unknown,2003,ELECTRICAL SYSTEM,,low,0,"[0.03871710279457649, 0.010713818126367913, 0.016239001283259332, 0.009388462199119058, 0.008853184467541134, 0.028314900264685187, 0.037242493199558836, 0.016784774832172427, 0.0754012116063512, 0.014728190107620116, 0.01545012701529535, 0.01375916512013727, 0.010145842159976102, 0.1616166068452268, 0.012654211511361486, 0.008783570370348544, 0.009186472102320325, 0.010725917596437453, 0.016212787860286838]"
doc_00328,10172673,2003,1,1.0,unknown,2003,EXTERIOR LIGHTING,,medium,1,"[1.0, 2.6927461154929803e-308, 6.723046544829653e-308, 2.0594631885953557e-308, 1.8470786955860057e-308, 4.0001918765687344e-308, 2.3876235697587735e-308, 3.4443275895687325e-308, 3.124286274156231e-308, 3.980361798598142e-308, 3.5749811112511413e-308, 1.6365776261543755e-308, 1.558008777000997e-308, 3.283259997397247e-308, 2.8783644227661974e-308, 1.3772651873884076e-308, 1.983348416404968e-308, 1.450389035118224e-308, 3.850712625249541e-308]"
doc_00329,10150013,2003,2,0.10027773187859969,unknown,2003,SEATS,,low,0,"[0.022464053730324684, 0.10027773187859969, 0.04363404803108929, 0.03288888173103002, 0.019849668441876026, 0.024316667462585824, 0.01220865247764083, 0.030069433296928624, 0.013746479319819531, 0.060679499840133884, 0.02272663761898742, 0.010030432782408307, 0.011097470231849814, 0.015629745684625218, 0.01988606460538159, 0.010054722767356347, 0.05531909559870762, 0.009658172838327568, 0.031161255529520877]"
doc_00330,10148450,2003,10,0.17711693587808416,unknown,2003,ENGINE AND ENGINE COOLING,,medium,0,"[0.03164025140047697, 0.04028311800634955, 0.057255489900426504, 0.041637385961099414, 0.04146417475326564, 0.028679014702406056, 0.015581721967132844, 0.027942378108546547, 0.017519292119976222, 0.17711693587808416, 0.03025970941300315, 0.01333200390051301, 0.01602596708970328, 0.02071117549271897, 0.02745660778430986, 0.01425271930795767, 0.036118484310927644, 0.013118054635685761, 0.04680715506088507]"
doc_00331,10143841,2003,10,1.0,unknown,2005,ENGINE AND ENGINE COOLING,,medium,0,"[3.739353959511251e-308, 5.64220538269747e-308, 6.049993474251913e-308, 4.695051954883079e-308, 4.748150478040912e-308, 3.3567831448352805e-308, 1.7928244753728576e-308, 3.558088376384473e-308, 2.023458263851376e-308, 1.0, 3.161257163722442e-308, 1.558991318716846e-308, 1.8997285656514413e-308, 2.3407116235775457e-308, 2.8619059494908726e-308, 1.68955025191793e-308, 4.3995719420330436e-308, 1.5395722986783704e-308, 4.546246298860219e-308]"
doc_00332,10141740,2003,7,0.6069029862446408,unknown,2003,AIR BAGS,,low,0,"[0.02781540356113854, 0.011906320995310872, 0.016091937122093416, 0.010282995777153952, 0.010230050098032014, 0.028211971987442793, 0.6069029862446408, 0.01803363340445824, 0.07253144877468047, 0.014970446142320997, 0.01623179954814406, 0.01923393123927569, 0.013394573349600406, 0.038902668969142594, 0.01376658376998302, 0.01186749201212933, 0.0104066064899683, 0.015114645104921475, 0.016441460651807894]"
doc_00333,10110951,2003,7,0.4801277508022552,unknown,2003,AIR BAGS,,low,0,"[0.038286230149470885, 0.016335697102057876, 0.022095142706193015, 0.014121401799746395, 0.014010913405828425, 0.03883718377657704, 0.4801277508022552, 0.02462505023937889, 0.09163291275003987, 0.020575968842493964, 0.022460676319489867, 0.025905576588656092, 0.018225162042869534, 0.05245376702882854, 0.018984408911388077, 0.016136029237093653, 0.01428932117577305, 0.020459387839843003, 0.022774374524261124]"
doc_00334,10108240,2003,2,0.07716324669622908,unknown,2003,SEATS,,low,0,"[0.024998487608227222, 0.07716324669622908, 0.046737703881563064, 0.04119720478705261, 0.02237156221879785, 0.02706133567629438, 0.013767572855352394, 0.029594045644578102, 0.015399085902944648, 0.06268474944266583, 0.028933460386094106, 0.011133624566152779, 0.012235074691166893, 0.01759065698663379, 0.025209070685801936, 0.011087295582287106, 0.06056650359080237, 0.010704461273859897, 0.042818464990772215]"
doc_00335,10103090,2003,2,0.07767286979008822,unknown,2003,SEATS,,low,0,"[0.02507059488389151, 0.07767286979008822, 0.046943155733566444, 0.04075810057598517, 0.02233590197424456, 0.027177486487617575, 0.013785671096179746, 0.02983541880783063, 0.015424768343995162, 0.06286832101976789, 0.02878648192909436, 0.011150723074747265, 0.012253719454265734, 0.017622605243796868, 0.025052913353859684, 0.011101285715129033, 0.06024130197594193, 0.010719199973226127, 0.04245308803404834]"
doc_00336,10067472,2003,2,0.07875925529000942,unknown,2003,SEATS,,low,0,"[0.025463630434625698, 0.07875925529000942, 0.04840910322420371, 0.03951757474462192, 0.021854219301962578, 0.027757242480278426, 0.013967219322912, 0.03051811364800294, 0.015643107444880205, 0.06062308641463959, 0.029312775993195806, 0.011190828874947711, 0.012228752424466187, 0.017852972796204212, 0.025311198435213015, 0.0110750555942846, 0.058164372484703235, 0.010733901599195222, 0.04287119695892974]"
doc_00337,10089260,2003,11,0.19946022557434534,unknown,2003,"ENGINE AND ENGINE COOLING,POWER TRAIN",,high,1,"[0.027332996313240727, 0.01942618171110936, 0.0499145542785024, 0.01861862868201067, 0.012728322794529142, 0.021614766859533563, 0.01292641735796418, 0.016706410768665792, 0.014644305871125586, 0.02560907709476498, 0.19946022557434534, 0.008986457423309049, 0.008921767489539037, 0.016547460097846446, 0.056115969912725806, 0.0080458980834512, 0.0166142113824916, 0.008295466835139736, 0.0940110644548123]"
doc_00338,10065373,2003,6,0.09088160732382121,unknown,2003,SUSPENSION,,low,0,"[0.04686885484737432, 0.0132245112640041, 0.02286905296303929, 0.010031170475801985, 0.009183675705284524, 0.09088160732382121, 0.019184851546904698, 0.02434401581607127, 0.024505777989079363, 0.019320135376960347, 0.01761021333651183, 0.010724904041854307, 0.009424747555186411, 0.029138101415169936, 0.013234503117454255, 0.008173334076135729, 0.010495129762920004, 0.009183947967639165, 0.020053913086885092]"
doc_00339,10051903,2003,11,1.0,unknown,2003,POWER TRAIN,,low,0,"[3.501278780743462e-308, 2.4518298444204366e-308, 5.507212106889244e-308, 2.594297201992422e-308, 1.7825539544370904e-308, 2.6815904071796256e-308, 1.849684217492507e-308, 2.1210898141111526e-308, 2.0405263780020274e-308, 3.0395424669610033e-308, 1.0, 1.2848629821535147e-308, 1.2649074579466183e-308, 2.2951028038160244e-308, 1.7410030712364963e-307, 1.149862159839468e-308, 2.219288605781565e-308, 1.1882072974640943e-308, 9.449040403479649e-308]"
doc_00340,10044640,2003,7,0.49330079697854007,unknown,2003,AIR BAGS,,low,0,"[0.03713450941839411, 0.016043356274181762, 0.021604904421452183, 0.01391685681848234, 0.01381725136593392, 0.03735470225068897, 0.49330079697854007, 0.02396854676509212, 0.08709959838892227, 0.020156641848711077, 0.022106320376312456, 0.025658616788370996, 0.01801116242674342, 0.05073512898728188, 0.018736382078571916, 0.015966578539297685, 0.014060805369185914, 0.02028581720874298, 0.022378978937338728]"
doc_00341,10031306,2003,7,0.014721467578476657,unknown,2003,SUSPENSION,,low,0,"[0.033893428608012005, 0.01587013023720834, 0.03696916392982763, 0.014822751967514909, 0.011497790291540147, 0.02573378030629266, 0.014721467578476657, 0.016791197830349592, 0.016777601655475982, 0.025986093793210246, 0.04223699920700213, 0.008363401820301023, 0.00816565611992654, 0.020318602639299767, 0.025965222106725024, 0.007187522003857262, 0.013402753332712946, 0.007575719826539955, 0.063755352009063]"
doc_00342,10021192,2003,7,1.0,unknown,2003,AIR BAGS,,low,0,"[3.1102969167301133e-308, 1.3769062384686004e-308, 1.850682695761294e-308, 1.1910922633929035e-308, 1.182061484075779e-308, 3.2073807170200647e-308, 1.0, 2.088706342133677e-308, 9.753739161259704e-308, 1.712075919745579e-308, 1.867139258643388e-308, 2.236899832799071e-308, 1.5439421860553236e-308, 4.605549480664657e-308, 1.5972321109452517e-308, 1.3748242012868232e-308, 1.2048419804909947e-308, 1.754943646873797e-308, 1.873412841758303e-308]"
doc_00343,10012031,2003,7,0.46864360792602794,unknown,2003,AIR BAGS,,low,0,"[0.03912047822770047, 0.017076775242494173, 0.022922790279940392, 0.01482758690322776, 0.014722331789152249, 0.039274928200376494, 0.46864360792602794, 0.025384567206203315, 0.08875529680211953, 0.021417455008611544, 0.02351131718772214, 0.027332060130767912, 0.01920632400711853, 0.05271436130184593, 0.01995219677316425, 0.017037680943870315, 0.014981692462710451, 0.021657502546569965, 0.02379800230262135]"
doc_00344,10003338,2003,8,0.06026378193191195,unknown,2003,"ELECTRICAL SYSTEM,EQUIPMENT",,low,0,"[0.01878302512651746, 0.014931261018895366, 0.028003522957096887, 0.008004667321446255, 0.00717338175255613, 0.024842491457123778, 0.008058128773297245, 0.06026378193191195, 0.00999401341977879, 0.020395572731775908, 0.00980119610310747, 0.0062068293399391615, 0.006167162411210661, 0.011680416175415143, 0.007918950369181138, 0.0054323023687764364, 0.009439090453755431, 0.005634127240235552, 0.011503338589458779]"
doc_00345,11255490,2004,17,0.062064844842717196,unknown,2004,FUEL/PROPULSION SYSTEM,,low,0,"[0.007341470841152818, 0.019278346072531195, 0.011352152805620174, 0.04801624053608894, 0.010255662140521307, 0.006991101311796915, 0.004356656969588439, 0.007569755792415228, 0.004794094086338749, 0.016676629096627767, 0.008872713428033613, 0.003990094082712102, 0.0045366006850812, 0.005393262324022829, 0.008765158115742818, 0.0042052188763249156, 0.062064844842717196, 0.003926448917087916, 0.012311543148637385]"
doc_00346,11114213,2004,17,1.0,unknown,2004,FUEL/PROPULSION SYSTEM,,low,0,"[2.012747992736248e-308, 7.45032115711237e-308, 3.1226687242355353e-308, 6.479878069889404e-308, 2.5785729195929695e-308, 2.006367074676475e-308, 1.221865018918224e-308, 2.3108626455567294e-308, 1.3447956610677165e-308, 4.607012653364416e-308, 2.2629956847595007e-308, 1.114552501464509e-308, 1.2609905439591693e-308, 1.5048153453304735e-308, 2.167066545414371e-308, 1.168108063230154e-308, 1.0, 1.0943846449468894e-308, 3.019529695692642e-308]"
doc_00347,10482803,2004,2,1.0,unknown,2004,FUEL/PROPULSION SYSTEM,,low,0,"[2.667572199765143e-308, 1.0, 4.926760066565222e-308, 3.961390317529687e-308, 2.3110502168461e-308, 2.5965894563911287e-308, 1.4129244891401125e-308, 3.418970560790763e-308, 1.5923943295221576e-308, 5.789423150969809e-308, 2.575403414238265e-308, 1.1907160921525034e-308, 1.310214831739349e-308, 1.7667866219385513e-308, 2.300871631736011e-308, 1.197261808644069e-308, 6.900804618513709e-308, 1.148422654112557e-308, 3.2826671651899825e-308]"
doc_00348,10469107,2004,1,0.2843412147070743,unknown,2004,ELECTRICAL SYSTEM,,low,0,"[0.2843412147070743, 0.029826521231178085, 0.10072585548926773, 0.02161809445725108, 0.01874297263183514, 0.035190405494836215, 0.018953500988236546, 0.034406997630161903, 0.02390371926586094, 0.04714543001730266, 0.033450096259097964, 0.013800521751945651, 0.01386384143857022, 0.026093279009725405, 0.02722717228373947, 0.012289528517666447, 0.020846781879198594, 0.01253104122134006, 0.03847859216862382]"
doc_00349,10428077,2004,17,1.0,unknown,2004,"FUEL SYSTEM, GASOLINE",,medium,0,"[2.0075079827712584e-308, 7.151592004371117e-308, 3.084615879902907e-308, 6.768034768983128e-308, 2.634899294919084e-308, 1.984304084219334e-308, 1.2143661988603307e-308, 2.279672760627639e-308, 1.3359472615027093e-308, 4.63761293860949e-308, 2.243903612264848e-308, 1.1136304939222694e-308, 1.264696172423285e-308, 1.494688493768634e-308, 2.1573479295978843e-308, 1.1722669084017806e-308, 1.0, 1.0952020440416075e-308, 2.9959502165092445e-308]"
doc_00350,10323626,2004,3,1.0,unknown,2004,UNKNOWN OR OTHER,,low,0,"[5.708412638547069e-308, 5.903821848428831e-308, 1.0, 3.046278136568521e-308, 2.299384335823733e-308, 4.755735448997617e-308, 2.004808478163588e-308, 5.423228313708707e-308, 2.412969527791577e-308, 1.14053132728423e-307, 4.371775804578201e-308, 1.464314933389342e-308, 1.5284795664238817e-308, 2.735502095511429e-308, 3.440365910040096e-308, 1.3588388494298573e-308, 3.341519711737897e-308, 1.362372382322712e-308, 5.610614325046116e-308]"
doc_00351,10285482,2004,2,1.0,unknown,2004,"FUEL SYSTEM, DIESEL",,low,0,"[2.584593330238492e-308, 1.0, 4.629141877664227e-308, 3.9127140685503853e-308, 2.323433955605802e-308, 2.5500115108757524e-308, 1.394246000642783e-308, 3.4001614747241093e-308, 1.568490557265973e-308, 5.720523348613954e-308, 2.470250322600728e-308, 1.1881603190762393e-308, 1.3135419939342113e-308, 1.743182587442287e-308, 2.218532035587882e-308, 1.2015733999809875e-308, 7.207538344979651e-308, 1.148518017003572e-308, 3.146055490494792e-308]"
doc_00352,10277227,2004,13,1.0,unknown,2004,STRUCTURE,,low,0,"[1.836796054737002e-308, 1.3593095995931366e-308, 1.5706250596052557e-308, 1.2924722438625125e-308, 1.848610671263502e-308, 1.676917238865229e-308, 1.5563846085544823e-308, 1.5112607551524825e-308, 1.6515186105949734e-308, 1.7837889418738294e-308, 1.3026451609564045e-308, 3.7590572695319216e-308, 1.0, 1.734957663142357e-308, 1.2031223436957563e-308, 1.7539233499051318e-307, 1.228015385129042e-308, 5.891792580266002e-308, 1.513682274373748e-308]"
doc_00353,10257149,2004,2,1.0,unknown,2004,"FUEL SYSTEM, OTHER",,medium,0,"[2.714833413509604e-308, 1.0, 4.937764031572239e-308, 3.5580119402086475e-308, 2.306217502295405e-308, 2.6262787460492313e-308, 1.4178215081186645e-308, 3.6911954679998495e-308, 1.604179279421149e-308, 5.87310117786786e-308, 2.4131306810651876e-308, 1.2108282633519283e-308, 1.3387747040390846e-308, 1.7792059578456343e-308, 2.1514503106540863e-308, 1.2215265155544713e-308, 5.852472479602355e-308, 1.1685854300437055e-308, 3.025654480971432e-308]"
doc_00354,10228726,2004,4,1.0,unknown,2004,"FUEL SYSTEM, DIESEL",,low,0,"[2.144220170521363e-308, 4.004844404073293e-308, 3.410317104161037e-308, 1.0, 3.3537552770293184e-308, 1.9012227762137206e-308, 1.25034855192264e-308, 1.972182008998881e-308, 1.3668740213622765e-308, 4.3990006912396196e-308, 2.6508880609602105e-308, 1.105460225277931e-308, 1.274117735321526e-308, 1.542105990609935e-308, 2.7493739336780757e-308, 1.186870950489106e-308, 7.377072356620988e-308, 1.0959885426324517e-308, 3.5907756077666004e-308]"
doc_00355,10221656,2004,12,1.0,unknown,2004,VISIBILITY,,low,0,"[2.1218222196061286e-308, 1.2229145457128463e-308, 1.501715481028838e-308, 1.1198809239070368e-308, 1.393819465538971e-308, 1.9308179761564044e-308, 2.245069859284996e-308, 1.5917558808735756e-308, 2.3603968673597e-308, 1.5524004265168405e-308, 1.350011407450157e-308, 1.0, 3.69669880546376e-308, 2.3328156290105036e-308, 1.2143863454933127e-308, 3.010968770608747e-308, 1.102280632697307e-308, 7.123423986872875e-308, 1.495834182276931e-308]"
doc_00356,10214198,2004,7,0.24360541849721382,unknown,2004,AIR BAGS,,low,0,"[0.02306020271672739, 0.009358035906287856, 0.012831448200198126, 0.008094718089970691, 0.008026219183907612, 0.02281792656672792, 0.24360541849721382, 0.014235359666920721, 0.06546464830939822, 0.011873420195692345, 0.013038570522310021, 0.014747913419586573, 0.010367992331171656, 0.03393142198342571, 0.010984790944166541, 0.009163070949393351, 0.008153483038926232, 0.011568907384385917, 0.013185742239132126]"
doc_00357,10212018,2004,12,0.04419442020979608,unknown,2004,LATCHES/LOCKS/LINKAGES,,low,0,"[0.010073532823355056, 0.005713081159023539, 0.007002369212240743, 0.005153310488198736, 0.006582128576050835, 0.009059648555891612, 0.009510797093518396, 0.0074244615888159485, 0.01014785308012664, 0.007462470257301946, 0.0061410198388351725, 0.04419442020979608, 0.019512033351854332, 0.010208750759016541, 0.0054676323017935685, 0.014358375656229562, 0.005102835014748414, 0.02886816955465607, 0.00701083920975867]"
doc_00358,10209791,2004,3,0.2211145038507744,unknown,2004,POWER TRAIN,,low,0,"[0.06655851571842995, 0.04523104971633573, 0.2211145038507744, 0.03360362194227926, 0.02295819094338723, 0.04811794976674513, 0.02321404518152193, 0.03925274301657169, 0.027292713631656404, 0.06747113682651376, 0.09188866387630508, 0.015246404828525604, 0.015391333319763579, 0.0304634778900192, 0.05793724286289494, 0.013760633878237609, 0.032511114800368564, 0.014078043878224483, 0.11589119981280277]"
doc_00359,10199793,2004,15,0.07144057854160742,TDI_unknown,2004,POWER TRAIN,,medium,0,"[0.055133693762677086, 0.03690800872088624, 0.10738964168813166, 0.030429502482744657, 0.020358953018077212, 0.043249622922402746, 0.022298269073960496, 0.03301352227268926, 0.025823717562706523, 0.05076862416921353, 0.14529348598797842, 0.013967500295464213, 0.013863587424004812, 0.029051009331377147, 0.07144057854160742, 0.01243849901538997, 0.028709830327556796, 0.012847734361458328, 0.13237437482456388]"
doc_00360,10186773,2004,9,0.18551157347074612,unknown,2004,AIR BAGS,,low,0,"[0.03247604677167372, 0.011604621255492154, 0.016389761345196634, 0.009893059265526059, 0.009644365617985531, 0.032247205265228514, 0.08006323129581522, 0.01889468886557975, 0.18551157347074612, 0.015237990362457324, 0.015273502186785907, 0.018479438849528664, 0.012499710329551994, 0.06728298153956355, 0.012773849373929414, 0.010868316058512243, 0.009976043747895394, 0.013929133813969256, 0.015940074608005103]"
doc_00361,10162465,2004,12,0.0440514089757688,unknown,2004,LATCHES/LOCKS/LINKAGES,,low,0,"[0.009754299554573813, 0.005570772116298891, 0.006815463263705805, 0.00503057309231926, 0.006436219514365339, 0.008784984351988006, 0.009227872541524277, 0.007215294334228043, 0.009828347174858917, 0.007261356850405592, 0.005980611880417338, 0.0440514089757688, 0.01939758139992004, 0.009889552700646788, 0.005330349072232846, 0.014242600407741696, 0.0049798561620584235, 0.029286728737914654, 0.006824873290152569]"
doc_00362,10162464,2004,1,1.0,unknown,2004,"ELECTRICAL SYSTEM,EXTERIOR LIGHTING",,low,0,"[1.0, 2.7294698042240654e-308, 6.767162925621907e-308, 2.0744448349967793e-308, 1.903823563824711e-308, 4.697883566942082e-308, 2.5716644623653147e-308, 3.745382740921662e-308, 3.4480173126691735e-308, 4.2796919715615587e-308, 3.5392961522926457e-308, 1.7606762519422316e-308, 1.664454994412249e-308, 3.7446054386618966e-308, 2.8076536596033915e-308, 1.457538130939666e-308, 2.0129800867188457e-308, 1.547638689927091e-308, 4.012411563409057e-308]"
doc_00363,10162059,2004,3,0.7360541921572005,TDI_unknown,2004,ENGINE AND ENGINE COOLING,,high,0,"[0.02191739388178415, 0.023993170658134357, 0.7360541921572005, 0.013020956630120399, 0.009213171670834758, 0.016902799660146177, 0.0077045215388468384, 0.018086096709834992, 0.009162316012953003, 0.03887178481114231, 0.019211918552587467, 0.005602907725201724, 0.005863004733564966, 0.010278200165840209, 0.015013680356936116, 0.005237950145198943, 0.013797302425069446, 0.005233099760923039, 0.024835532403680593]"
doc_00364,10135910,2004,3,0.321923204281949,unknown,2005,"SERVICE BRAKES, HYDRAULIC",,high,0,"[0.07407684777985643, 0.04461698173311237, 0.321923204281949, 0.029403936662947994, 0.021928319174499524, 0.04923803205105371, 0.022195135019295542, 0.04308433148429456, 0.026642382289041543, 0.07326095880549015, 0.05897175174926522, 0.015111793724786845, 0.015320524190686387, 0.029435284273122156, 0.04204015546405655, 0.013615323239622897, 0.029566181821667627, 0.013909459564975158, 0.07565939669027655]"
doc_00365,10130682,2004,10,0.0815747000360795,TDI_unknown,2004,ENGINE AND ENGINE COOLING,,low,0,"[0.04111820037102525, 0.0930838588094358, 0.11461490306985958, 0.04136929382656604, 0.024017488063111495, 0.030599755831598477, 0.015637804319352928, 0.0349836794213297, 0.017997463354079993, 0.0815747000360795, 0.04012249359033213, 0.01133474751819117, 0.012362953140673934, 0.020023080903282888, 0.03483118402801062, 0.011184180634945595, 0.045173608524435103, 0.010835349616886076, 0.05302884881565172]"
doc_00366,10127884,2004,2,0.12457954731057978,unknown,2005,ELECTRICAL SYSTEM,,medium,0,"[0.02335671877837917, 0.12457954731057978, 0.04986261489133042, 0.035126423575286767, 0.019429096419076423, 0.02397547778684461, 0.012217027668919463, 0.028476052425316284, 0.013800679119507416, 0.0606656252847536, 0.025150112070680002, 0.009774241841370135, 0.010707254726141405, 0.015549910717424056, 0.02184140111763283, 0.009709891534967485, 0.05282542749718524, 0.009380076971504258, 0.03482602773037693]"
doc_00367,10113394,2004,1,0.047882100480616266,unknown,2004,VEHICLE SPEED CONTROL,,low,0,"[0.047882100480616266, 0.023927200529989763, 0.06061916083283061, 0.02219480121187013, 0.017226291129898416, 0.03669706842094803, 0.02010599691841367, 0.024628814527881307, 0.02271541971163418, 0.039453936953429615, 0.07130780294543776, 0.012537628846579517, 0.012405689456507425, 0.02733495405601706, 0.043273593932188735, 0.010946830121294236, 0.019859867380452707, 0.011439685220826511, 0.126209100816855]"
doc_00368,10101523,2004,6,0.18791284978770004,unknown,2004,TIRES,,low,0,"[0.05933424820364485, 0.02394005114574167, 0.038664722448721045, 0.01764357694553194, 0.016040092646382825, 0.18791284978770004, 0.033731431092997755, 0.04615932253181557, 0.04030968608383644, 0.03324330702264369, 0.02909642393908336, 0.018940795779268018, 0.016663049342579107, 0.0440549367961127, 0.022355229142067223, 0.014514983565620462, 0.019058712959161582, 0.01629852423511862, 0.032926710324878025]"
doc_00369,10094614,2004,11,0.15945330410305095,unknown,2004,POWER TRAIN,,medium,1,"[0.03310315958904853, 0.022152767598331704, 0.05823558279421512, 0.02027886474709738, 0.014222988452980322, 0.026103888073724876, 0.015213169755238194, 0.019815155749213165, 0.017363694839981965, 0.029599744485558622, 0.15945330410305095, 0.010367105544979887, 0.010219859196410918, 0.019467509754117207, 0.05537136099645083, 0.009195796554423544, 0.01852752060801468, 0.009529324879199325, 0.0882993852630697]"
doc_00370,10081089,2004,10,0.08434005328759528,TDI_unknown,2003,ENGINE AND ENGINE COOLING,,medium,0,"[0.0200764098652097, 0.04404018112768103, 0.048400138578438584, 0.016843609265200052, 0.012962210589219444, 0.020369805944706523, 0.009364716888599278, 0.03013851797177072, 0.010916482920742054, 0.08434005328759528, 0.0147628833744751, 0.006667324166366249, 0.007373261580529288, 0.012519181575872233, 0.012582527926593569, 0.006562865482080581, 0.02137004207627305, 0.006350565754178565, 0.019023675878757182]"
doc_00371,10067448,2004,3,0.054312148638921844,unknown,2004,"ENGINE AND ENGINE COOLING,ELECTRICAL SYSTEM,VEHICLE SPEED CONTROL",,medium,0,"[0.03230794279323817, 0.028173404848506698, 0.054312148638921844, 0.03899242293890546, 0.024840581711938578, 0.027306873881282546, 0.017332068792460024, 0.022525655652581064, 0.019055922646087072, 0.03806357659204376, 0.06970890234136774, 0.012660958545023873, 0.01342026662029333, 0.023317197684202595, 0.07629784939666347, 0.012206185668654689, 0.028211206296217744, 0.01206050318147048, 0.1185464563326475]"
doc_00372,10064502,2004,7,0.5555420397091848,unknown,2004,"AIR BAGS,SEAT BELTS,EQUIPMENT",,low,0,"[0.027160154261033704, 0.011573147696476853, 0.01578896230419998, 0.009891384473845148, 0.009795299207267, 0.028426762732972205, 0.5555420397091848, 0.018105976844043168, 0.12174436071128383, 0.01445901665250991, 0.015523165350594486, 0.018252826871803213, 0.012680240168469166, 0.04235946981475218, 0.013214681585964979, 0.011261035983688127, 0.010030920874190627, 0.014253214819158764, 0.015593961264968084]"
doc_00373,11422241,2005,1,0.2426577629183202,unknown,2005,SERVICE BRAKES,,low,0,"[0.2426577629183202, 0.02320455542722605, 0.05214464985532755, 0.016412597788483613, 0.014525641018038963, 0.06351423742232282, 0.022682585196897555, 0.03797022950358297, 0.029945311396427043, 0.038059987040867396, 0.029397774123665715, 0.013899928625035396, 0.013047817826673802, 0.033002254660018035, 0.022243453228306106, 0.011336166628818964, 0.016761266837687104, 0.012216940031738817, 0.03490200434065726]"
doc_00374,11315583,2005,9,0.1510388840728842,unknown,2005,SEAT BELTS,,low,0,"[0.033726606967949865, 0.013288470785731667, 0.018409409291566686, 0.011074476830541384, 0.010802930014410407, 0.036679572681695985, 0.09246844592736794, 0.022263217657936506, 0.1510388840728842, 0.017080078109834328, 0.01649557674519444, 0.02124037770513747, 0.01421729594202581, 0.059367768177068056, 0.013916440505486129, 0.01240911711436413, 0.011326856420829135, 0.015974989128953596, 0.01720507994446469]"
doc_00375,11229158,2005,19,0.20553148252667186,unknown,2005,"UNKNOWN OR OTHER,ENGINE,FUEL/PROPULSION SYSTEM",,low,1,"[0.026981720234533213, 0.022442345285163867, 0.05107799236534772, 0.027507410168084865, 0.016840577071856908, 0.022083497601974925, 0.013385050842647872, 0.01782209258917971, 0.014840833625851375, 0.03098439082961734, 0.07959566301229423, 0.00923386758076081, 0.009604812830633825, 0.0177768774967562, 0.07439338826537961, 0.00869259916715578, 0.02112396817769828, 0.008706369417334613, 0.20553148252667186]"
doc_00376,10957137,2005,9,0.15643607642518087,unknown,2005,AIR BAGS,,low,0,"[0.03270428053695177, 0.011635535106391552, 0.01662227985975811, 0.010235562122376463, 0.0097537498241548, 0.030561449482302258, 0.06433705126276748, 0.01810423822569474, 0.15643607642518087, 0.015204928924203305, 0.016764196020518915, 0.01673666220708147, 0.011822050287171001, 0.13639391661283162, 0.01400994536566676, 0.010381897822473798, 0.010113167570202461, 0.01295015917967211, 0.016987562217168743]"
doc_00377,10871100,2005,8,1.0,unknown,2005,AIR BAGS,,low,0,"[3.9753953573748445e-308, 3.4727371594496184e-308, 4.869143229204979e-308, 1.8524893806696704e-308, 1.687893760460413e-308, 5.313740606793609e-308, 2.0575181462624195e-308, 1.0, 2.5203146739095826e-308, 3.996191968751758e-308, 2.1780680930872886e-308, 1.5844776929784956e-308, 1.547507206953031e-308, 2.833297252219484e-308, 1.803326274490225e-308, 1.3715563639308213e-308, 2.2142503469899876e-308, 1.4338631026646084e-308, 2.4561617619101933e-308]"
doc_00378,10434032,2005,19,1.0,unknown,2005,"FUEL SYSTEM, GASOLINE",,medium,0,"[4.463334394773051e-308, 3.279818893082843e-308, 8.94090783025731e-308, 3.4188466970600787e-308, 2.450787069009518e-308, 3.802088290978183e-308, 2.14306304273663e-308, 2.8387279822904405e-308, 2.39108059877218e-308, 5.358275910416097e-308, 1.1245520787940824e-307, 1.526842600712906e-308, 1.5766624508557955e-308, 2.85158773434327e-308, 7.464287133850921e-308, 1.405539240645133e-308, 2.87520967888753e-308, 1.4251930547464e-308, 1.0]"
doc_00379,10384354,2005,9,1.0,unknown,2005,AIR BAGS,,high,2,"[4.476899504177294e-308, 1.611917734535038e-308, 2.3054214701617027e-308, 1.3704353562468584e-308, 1.330486117439236e-308, 4.451663930919963e-308, 1.1235760822018987e-307, 2.637241782530288e-308, 1.0, 2.0868039849567627e-308, 2.180492176630252e-308, 2.3584982666588056e-308, 1.6658598946254243e-308, 1.0563722524281861e-307, 1.825479270349492e-308, 1.462729048771222e-308, 1.3781342185192604e-308, 1.8254290407688553e-308, 2.2192685555233094e-308]"
doc_00380,10334170,2005,1,0.23527007097994326,unknown,2005,"ELECTRICAL SYSTEM,EXTERIOR LIGHTING",,low,0,"[0.23527007097994326, 0.025461093094753768, 0.06224045093270362, 0.020445275210465172, 0.017935950556567385, 0.04736642826563183, 0.02662835025251906, 0.03297382023225422, 0.03525985819577443, 0.0391787356103883, 0.04269719488539025, 0.016566938570884128, 0.015413052267945709, 0.039340280740942174, 0.03225561372571183, 0.01351939627870812, 0.019387231519811934, 0.014522372037631666, 0.04724474646310813]"
doc_00381,10331180,2005,2,0.10147383945022133,unknown,2005,"FUEL SYSTEM, DIESEL",,low,0,"[0.01938927656263948, 0.10147383945022133, 0.03226998374141166, 0.0417691039927311, 0.021043677412890198, 0.018289826269543456, 0.010155939787148457, 0.022114163614193175, 0.01136780120599902, 0.060004179751463806, 0.01923172716072091, 0.008694826246621884, 0.009904446885076627, 0.012794374547700962, 0.01782539722238866, 0.009073987772577126, 0.07938437164546086, 0.008500354917349922, 0.026176287060769583]"
doc_00382,10295427,2005,12,0.2168956844164202,unknown,2005,"EXTERIOR LIGHTING,INTERIOR LIGHTING",,low,0,"[0.010702505207864836, 0.006368184658964637, 0.007728501207246676, 0.005836492377765461, 0.007356164206245826, 0.009786434690433702, 0.011107704486665, 0.00816108733960102, 0.011621673127321104, 0.00804138570652667, 0.006927402514217334, 0.2168956844164202, 0.02125767443481322, 0.01152978977307481, 0.006251181903285799, 0.017110758910893236, 0.0057491547904239895, 0.047962529367533514, 0.00770764953218486]"
doc_00383,10286759,2005,6,1.0,unknown,2005,SUSPENSION,,low,0,"[6.015327102020418e-308, 2.5578383897962366e-308, 4.2844720638003775e-308, 1.811963418266614e-308, 1.6463151562751723e-308, 1.0, 3.1815150526429755e-308, 6.185730599292692e-308, 4.1417297560869195e-308, 3.497745941318195e-308, 2.844861553014193e-308, 1.89533491798562e-308, 1.6758699646579955e-308, 5.262812188205704e-308, 2.217968482558549e-308, 1.4626487906191336e-308, 1.9797971021567197e-308, 1.6311358904930857e-308, 3.1943470657525627e-308]"
doc_00384,10281644,2005,6,0.02801440855955867,unknown,2005,POWER TRAIN,,medium,0,"[0.0335449138770923, 0.02317061089192035, 0.06259178916084276, 0.01958454007767704, 0.01327004541082234, 0.02801440855955867, 0.014470304745842358, 0.020990833209863738, 0.016666804178068564, 0.03222684633734293, 0.10004367473120694, 0.00925359664340213, 0.009179308063204375, 0.018918910675822184, 0.047570631283842986, 0.008230011555384829, 0.01843648078787673, 0.008511202964287676, 0.09067116289860913]"
doc_00385,10280491,2005,9,0.2410857546152499,unknown,2005,AIR BAGS,,medium,1,"[0.04188583397647002, 0.016387477223747976, 0.023014350611029986, 0.014427076779525897, 0.014015585870899891, 0.04023148743781706, 0.09505810421348894, 0.02530708723645774, 0.2410857546152499, 0.02097046764899361, 0.023158566605039017, 0.024929990445546505, 0.017404196297762464, 0.13288257029628905, 0.019682224437946056, 0.015405704834881932, 0.014270516762229086, 0.01925478575489589, 0.023160382983600937]"
doc_00386,10263137,2005,9,1.0,unknown,2005,AIR BAGS,,medium,0,"[4.1735316062513095e-308, 1.5987122792189573e-308, 2.274117199774188e-308, 1.343112571860886e-308, 1.283764940657278e-308, 4.3244439125697433e-308, 1.1633286724537288e-307, 2.6364420771756387e-308, 1.0, 2.0301090162225854e-308, 2.141424522354555e-308, 2.18226029706922e-308, 1.5727001627304254e-308, 8.324783960490598e-308, 1.8009747501114206e-308, 1.389774135295832e-308, 1.3592498001777757e-308, 1.71544896556551e-308, 2.151765204018471e-308]"
doc_00387,10207450,2005,16,1.0,unknown,2005,"ELECTRICAL SYSTEM,AIR BAGS,STRUCTURE",,low,1,"[1.62157800906085e-308, 1.2726864952558963e-308, 1.4395141739462357e-308, 1.234418411535796e-308, 1.776733560508735e-308, 1.497301123849824e-308, 1.401172744790343e-308, 1.3736482786505845e-308, 1.472707187067234e-308, 1.6402849472221474e-308, 1.20585862583975e-308, 3.0720988106749583e-308, 1.7890027784469287e-307, 1.54283868262747e-308, 1.126161390396153e-308, 1.0, 1.1633965008588457e-308, 4.754565054819724e-308, 1.3890310194734014e-308]"
doc_00388,10206287,2005,4,0.042149583107673506,unknown,2005,ENGINE AND ENGINE COOLING,,low,0,"[0.04105636729977712, 0.09325925713867866, 0.11147416031771838, 0.042149583107673506, 0.024355744625867967, 0.03041357290458267, 0.01562062862604354, 0.03472341292991646, 0.017959027416907462, 0.08326773762526682, 0.04002298218577491, 0.011364304925523431, 0.012422646082656332, 0.019975978902179888, 0.03490232163794179, 0.0112420400862125, 0.04577956563273938, 0.010874167286324118, 0.05303009514306287]"
doc_00389,10147717,2005,2,0.2315394822405982,unknown,2005,"FUEL SYSTEM, OTHER",,low,0,"[0.02229103750221003, 0.2315394822405982, 0.042630980749703715, 0.03774903546956072, 0.01931225922458338, 0.020682073323944842, 0.011143316172945445, 0.025354174606999284, 0.012597784282961731, 0.05655524623071007, 0.022473386016720106, 0.009082443868450646, 0.010046596068953023, 0.014104916061495191, 0.02026749296334688, 0.009171671897352893, 0.05958279003657013, 0.008770407873156848, 0.030115563313088893]"
doc_00390,10132001,2005,19,0.054393103508559755,unknown,2005,"ENGINE AND ENGINE COOLING,FUEL SYSTEM, OTHER",,high,1,"[0.038523153143165456, 0.08626808711550432, 0.1320969408377613, 0.03644543238505167, 0.021675910407421648, 0.032128233960242995, 0.015581123416104752, 0.03620414564976618, 0.01796131008790689, 0.08247283543363351, 0.04072698815480971, 0.011012829534645928, 0.011850182527980166, 0.02006433089115524, 0.03387132896440411, 0.010682652136673859, 0.04147477738526831, 0.010460228334792165, 0.054393103508559755]"
doc_00391,10120956,2005,11,1.0,unknown,2005,POWER TRAIN,,medium,0,"[3.6393022913605357e-308, 2.54241439324023e-308, 5.848017616393094e-308, 2.618852783444539e-308, 1.7918057245314496e-308, 2.780786065890749e-308, 1.8700785719095513e-308, 2.19568399130465e-308, 2.0754110920314377e-308, 3.1585323788356825e-308, 1.0, 1.291492082736574e-308, 1.271580584818857e-308, 2.3239233220863267e-308, 1.4041667584057152e-307, 1.1544519327797006e-308, 2.2678060034501594e-308, 1.193258858946742e-308, 9.930947958158771e-308]"
doc_00392,11242479,2006,9,0.0830413024177436,unknown,2006,AIR BAGS,,low,0,"[0.028645307007458033, 0.00923404219551813, 0.013869358924235567, 0.007680217605667678, 0.0069598301628230495, 0.03142448904682705, 0.03082714426295365, 0.016175918335255248, 0.0830413024177436, 0.01217816260940513, 0.012502737758758582, 0.010133893840840064, 0.007675247677150317, 0.08444827004407254, 0.010223019408673038, 0.006719698214866593, 0.0077733448327395125, 0.008087233354078923, 0.012815836820358932]"
doc_00393,11150775,2006,1,0.057599721418955585,unknown,2006,"ELECTRICAL SYSTEM,UNKNOWN OR OTHER",,low,0,"[0.057599721418955585, 0.014525258915079933, 0.02200966663076065, 0.012589421127495703, 0.012497225505711022, 0.03745114372485624, 0.03936358416471858, 0.023066562482015576, 0.0613917200952601, 0.021050076724305283, 0.019172200851008687, 0.020522923584390437, 0.015299332405859987, 0.08013770975987333, 0.01567947695198916, 0.012899427517656705, 0.01239311975479366, 0.01583656575295091, 0.0214327020949603]"
doc_00394,11015599,2006,12,0.031245180245703573,unknown,2006,STRUCTURE,,low,0,"[0.005864832264739406, 0.003308947814854876, 0.004065615613785628, 0.0029824459875441357, 0.003813819638604283, 0.0052642350135673945, 0.005479523918685005, 0.00430474180921669, 0.005864371764159286, 0.0043369208446137055, 0.00355603082265323, 0.031245180245703573, 0.014176681203043847, 0.005922155416294169, 0.0031630033209908487, 0.010390957703144679, 0.0029527481408599065, 0.021086201492726567, 0.0040684168065728155]"
doc_00395,10825561,2006,3,0.003783119447080693,unknown,2006,LATCHES/LOCKS/LINKAGES,,low,0,"[0.004941845723323172, 0.0031428738650137724, 0.003783119447080693, 0.0028791972594294207, 0.003907193692386399, 0.004446381432907228, 0.004285504721949274, 0.0038078496087282773, 0.004586011492119997, 0.004132601869129527, 0.003199095644818526, 0.017095666987839857, 0.024085110292691468, 0.004771645176513326, 0.00289079812160796, 0.01437196545476764, 0.0028111576260468054, 0.02269054232424293, 0.0037113280435240154]"
doc_00396,10415402,2006,3,0.017871709803776854,unknown,2006,SEAT BELTS,,low,0,"[0.033321315484901595, 0.012736218636872567, 0.017871709803776854, 0.010536686176422358, 0.010180219029256485, 0.03647680012142898, 0.08435957117161601, 0.021706340208008237, 0.172270875868908, 0.01639827095726522, 0.015882428631906427, 0.018955246630709077, 0.013059372715670918, 0.058716378692621723, 0.013341935396398096, 0.011407979609001176, 0.010787980828627924, 0.014468187063378615, 0.0165080769966722]"
doc_00397,10403938,2006,6,1.0,TDI_unknown,2006,SUSPENSION,,low,0,"[6.013063579625377e-308, 2.6666874570228244e-308, 4.583770288747092e-308, 1.862481484323197e-308, 1.6801271459757624e-308, 1.0, 3.0355238357505353e-308, 6.573489960032244e-308, 3.9303211656663074e-308, 3.6825396411989775e-308, 2.907092511133212e-308, 1.861874435508914e-308, 1.670664743880083e-308, 4.999079061055493e-308, 2.261041583169665e-308, 1.45882586647918e-308, 2.044266778812606e-308, 1.613043460220713e-308, 3.297003665876417e-308]"
doc_00398,10195995,2006,3,1.0,unknown,2006,"FUEL SYSTEM, OTHER,VEHICLE SPEED CONTROL",,high,1,"[5.726117212523683e-308, 4.918015716913835e-308, 1.0, 3.393268574888536e-308, 2.2623195538128826e-308, 3.669036412095719e-308, 1.8975616351333755e-308, 3.508384812958644e-308, 2.2202762146021786e-308, 6.962097560376985e-308, 6.245119054613636e-308, 1.356157633018623e-308, 1.4099499594169745e-308, 2.4383555241072764e-308, 4.621784601717728e-308, 1.266481986737659e-308, 3.258919833125674e-308, 1.2677977261222003e-308, 7.743240356795691e-308]"
doc_00399,10184753,2006,7,0.23725861718445837,unknown,2006,"AIR BAGS,SEATS,EQUIPMENT",,low,0,"[0.039464264904687116, 0.015475543348865478, 0.021381252469385586, 0.013360272818680831, 0.012582266377232603, 0.038074301890935774, 0.23725861718445837, 0.023458478432372705, 0.10704650253709172, 0.019802248406053276, 0.021816022587608005, 0.021598686873923703, 0.01548184497007714, 0.06094409354437083, 0.018225603451565032, 0.013642086967343134, 0.013450791837334367, 0.017090403669213054, 0.022172727566663247]"
doc_00400,10178324,2006,5,0.1856732389470233,TDI_unknown,2006,ENGINE AND ENGINE COOLING,,medium,0,"[0.026315643160698256, 0.03227392962913002, 0.03872375395784512, 0.05051799674293258, 0.1856732389470233, 0.02181974117438573, 0.014531157690652694, 0.022113479801858626, 0.01600921056683257, 0.06947040240772033, 0.023720363656601608, 0.01577375784061655, 0.0204909105804488, 0.01855119251276806, 0.023057446038222185, 0.018754948847488934, 0.032881470672272546, 0.016062891992723427, 0.03174508467263217]"
doc_00401,10178209,2006,3,0.2311184455023121,unknown,2006,VEHICLE SPEED CONTROL,,low,0,"[0.059963003522812586, 0.030622491738759153, 0.2311184455023121, 0.02384558007174836, 0.01657830108477749, 0.03192378212019164, 0.01644846397707995, 0.026799995628257484, 0.019507521135589546, 0.0476838808645591, 0.06421545590210664, 0.010503809991805859, 0.010641700536999211, 0.021537731983789186, 0.04245458996241393, 0.009510843026328772, 0.022008309898326167, 0.009689070875409605, 0.07903392776310472]"
doc_00402,10168303,2006,10,1.0,unknown,2006,ENGINE AND ENGINE COOLING,,high,0,"[4.437008725054259e-308, 6.8311680890262e-308, 8.531153956132901e-308, 4.4018659674289473e-308, 3.620189833321055e-308, 3.878263405341589e-308, 1.8977656119959686e-308, 4.26735872186501e-308, 2.183792354374602e-308, 1.0, 3.5735499324034227e-308, 1.526641918988489e-308, 1.7572066200101327e-308, 2.5241640911009295e-308, 3.121133574637816e-308, 1.5601574989122815e-308, 4.617893746981555e-308, 1.475091178621608e-308, 5.212062824124545e-308]"
doc_00403,10168121,2006,1,0.16806794239557216,unknown,2006,VEHICLE SPEED CONTROL,,low,0,"[0.16806794239557216, 0.029823493691649806, 0.07313560545988894, 0.02485354451748224, 0.022389772921950733, 0.060880791681184, 0.03142552516867246, 0.0390385903237383, 0.04135616639622382, 0.04899203491841989, 0.051613888635467405, 0.020635060765995267, 0.01934317365629201, 0.05277884307378897, 0.03821825137829166, 0.01681344297860728, 0.02332053669011643, 0.01806996188704107, 0.06137200252905595]"
doc_00404,11315593,2007,11,1.0,unknown,2007,POWER TRAIN,,high,1,"[3.6389561266834947e-308, 2.523500719069103e-308, 5.826516445340312e-308, 2.606021160983058e-308, 1.7834244565381623e-308, 2.741289354549181e-308, 1.858222618845654e-308, 2.173784167391001e-308, 2.0622550320862695e-308, 3.1222639392859774e-308, 1.0, 1.2844886050564537e-308, 1.2646263952407194e-308, 2.304422753957332e-308, 1.4739796423841648e-307, 1.148784224017374e-308, 2.250351660074607e-308, 1.186991153053643e-308, 9.49150659223345e-308]"
doc_00405,10201946,2007,5,0.38492199378944564,unknown,2007,ENGINE AND ENGINE COOLING,,medium,0,"[0.02645716564173441, 0.03175217432923423, 0.035197856370052544, 0.05428893418010047, 0.38492199378944564, 0.022630446992717622, 0.016508353731446785, 0.022760991278007202, 0.017878799934717617, 0.0483364884101916, 0.025492159671414785, 0.018627784797365002, 0.024764075950415253, 0.02043657475813911, 0.025741412560564884, 0.023587276153249098, 0.03494913600485006, 0.019380921518693413, 0.03173363525068446]"
doc_00406,10929995,2008,4,0.32193094798717786,unknown,2008,FUEL/PROPULSION SYSTEM,,low,0,"[0.019482440112014814, 0.044424363697559484, 0.03054703666636201, 0.32193094798717786, 0.027883193415790816, 0.01792657516420661, 0.011402996996226945, 0.01911648498397066, 0.012520618631009202, 0.043261451182681994, 0.023577136561466833, 0.00981259946467869, 0.011239385860034663, 0.014079784209053878, 0.023724530867905397, 0.010439934790795406, 0.10941285761504073, 0.009690901047889534, 0.03247083503395679]"
doc_00407,11115555,2009,3,0.4577719683863198,unknown,2009,"ELECTRICAL SYSTEM,ENGINE",,medium,0,"[0.055766554415105696, 0.03885433496910718, 0.4577719683863198, 0.023894531756887463, 0.017916573250462992, 0.03971220901078657, 0.017168597500690705, 0.0376902290192732, 0.020796654912986812, 0.06851621390493062, 0.04205353017665098, 0.012007252686859694, 0.012279779820717849, 0.02337003444063225, 0.03134905006363187, 0.010907681331056912, 0.02454014304105073, 0.01107482145631826, 0.05432983985653042]"
doc_00408,10983768,2009,1,0.16645775666334536,2.0_TSI,2009,SERVICE BRAKES,,medium,0,"[0.16645775666334536, 0.028729171942058557, 0.06461563770971963, 0.024325589665719485, 0.022164177780750034, 0.06107274658246737, 0.034403067339388124, 0.03890412700999289, 0.04660424833866365, 0.04492460791917876, 0.05061164645793213, 0.021978996187896057, 0.020021616932180422, 0.06316994003427488, 0.03800399200600216, 0.01740872433420604, 0.022825236977689796, 0.018988620747696208, 0.05691872444027694]"
doc_00409,10882059,2009,1,1.0,unknown,2009,"ELECTRONIC STABILITY CONTROL (ESC),SERVICE BRAKES",,low,0,"[1.0, 2.4842464340528304e-308, 4.726938131992949e-308, 1.959145932697055e-308, 1.8690631378161776e-308, 6.602200784311899e-308, 3.4221053409605074e-308, 3.847190151226258e-308, 4.664589708331253e-308, 3.966348448050403e-308, 3.54259074791552e-308, 2.1308706336259134e-308, 1.902783669685684e-308, 5.255363203395496e-308, 2.7261810969434426e-308, 1.630852833072105e-308, 1.924224718758986e-308, 1.815489834988774e-308, 4.1546734445193065e-308]"
doc_00410,11603240,2010,3,0.19607800151659546,unknown,2010,"SERVICE BRAKES, HYDRAULIC,ELECTRONIC STABILITY CONTROL (ESC)",,medium,0,"[0.07867243981535257, 0.04559008354724477, 0.19607800151659546, 0.02611961669170978, 0.020836154889445093, 0.06659027233234538, 0.023482242339820044, 0.06378414515088097, 0.028745439997287136, 0.08028935742194392, 0.044486191662814874, 0.01562689087638754, 0.015697023863622147, 0.0321609843328246, 0.03363824042880974, 0.01384137779596544, 0.02866485445503933, 0.014269083428808045, 0.05501412444687432]"
doc_00411,11595139,2010,8,0.06550105737874676,unknown,2010,"SERVICE BRAKES, HYDRAULIC,ELECTRONIC STABILITY CONTROL (ESC)",,medium,0,"[0.0481784504271015, 0.044411878272814086, 0.1618424271491807, 0.02107023103851291, 0.016396609178489643, 0.04646281586631139, 0.01689881340526858, 0.06550105737874676, 0.02043136012003536, 0.07300506501326445, 0.029679271436371456, 0.011289951616739955, 0.011586511409268533, 0.023044914617669356, 0.023499356550443933, 0.010257372517113198, 0.024692892843406127, 0.010415562358312012, 0.03626721105558972]"
doc_00412,11473147,2010,9,0.2348300471504653,unknown,2010,"AIR BAGS,SEAT BELTS,SEATS",,low,0,"[0.042230364842666575, 0.01658408576306159, 0.023252375225969135, 0.014623200771296568, 0.014216456496987792, 0.040474434975879325, 0.09682486243367036, 0.025529953785968243, 0.2348300471504653, 0.0212118836936576, 0.023462013729297213, 0.025381035844699716, 0.017682316595407862, 0.13311512180032312, 0.019956645081907618, 0.01565558301454553, 0.014454865452682755, 0.019588228866774637, 0.023458688506610977]"
doc_00413,11432070,2010,11,1.0,unknown,2010,POWER TRAIN,,low,0,"[3.653034054480497e-308, 2.5218737737499756e-308, 5.869385194888845e-308, 2.620577656549128e-308, 1.8071579172049275e-308, 2.796707495603474e-308, 1.884976865226252e-308, 2.193725745401457e-308, 2.090814106669086e-308, 3.1722455396222485e-308, 1.0, 1.3046542297164667e-308, 1.2843755819424853e-308, 2.356106348384641e-308, 1.426655303664478e-307, 1.1652744231033174e-308, 2.2581601734790012e-308, 1.2049651831172285e-308, 1.0326088882329596e-307]"
doc_00414,11364700,2010,1,1.0,unknown,2010,ELECTRONIC STABILITY CONTROL (ESC),,high,0,"[1.0, 2.4854773737639186e-308, 4.689565444601195e-308, 1.9648129758784435e-308, 1.8673341794819817e-308, 6.960041272194997e-308, 3.4617443208684797e-308, 3.897950650916537e-308, 4.768474287314753e-308, 3.962423598734094e-308, 3.5895987981111177e-308, 2.1348349176372936e-308, 1.899295795722575e-308, 5.551249513547742e-308, 2.748505860363026e-308, 1.6280980279359266e-308, 1.9316799247036254e-308, 1.8162048631915014e-308, 4.206444303175314e-308]"
doc_00415,11338426,2010,1,1.0,unknown,2010,"AIR BAGS,ELECTRONIC STABILITY CONTROL (ESC),SERVICE BRAKES",,low,0,"[1.0, 2.4526383835105743e-308, 4.648231615229259e-308, 1.961905496038392e-308, 1.8696827401335465e-308, 6.782954449426781e-308, 3.480751512536444e-308, 3.803739147088764e-308, 4.807961558969668e-308, 3.8976034310792365e-308, 3.613980561430996e-308, 2.1550739316255126e-308, 1.9092132238344704e-308, 5.761038477898819e-308, 2.765884570295707e-308, 1.635779492858007e-308, 1.918861793978375e-308, 1.828995588209974e-308, 4.227437808948242e-308]"
doc_00416,11098770,2010,3,0.2513709017801579,unknown,2010,AIR BAGS,,low,0,"[0.0619960709006222, 0.047567946422099466, 0.2513709017801579, 0.025693039135290283, 0.019863109037412053, 0.05440742740634787, 0.02049822968819084, 0.05691638820283511, 0.02475674113080023, 0.084555203336822, 0.04175839664882058, 0.013976396114458587, 0.014249330616084147, 0.027745912986558662, 0.03179834913521877, 0.012611670025265285, 0.028581823003381468, 0.012865261295098025, 0.05237432812830771]"
doc_00417,11089488,2010,9,0.15855465181202202,unknown,2010,SEAT BELTS,,low,0,"[0.03434569194806958, 0.013223654577010057, 0.018490137784863397, 0.010940927843209654, 0.010613044776680703, 0.03780933935030968, 0.0864036597265784, 0.02252066031566783, 0.15855465181202202, 0.01704061125668662, 0.016391171913328992, 0.020106751369119175, 0.013746332268813912, 0.05943909977637631, 0.013775329043757082, 0.011993156037273205, 0.011212378724787952, 0.015278822164998498, 0.01710017333388945]"
doc_00418,11081882,2010,10,1.0,unknown,2016,"AIR BAGS,FUEL/PROPULSION SYSTEM",,low,0,"[4.915359428593882e-308, 6.63226957329473e-308, 1.159162484839918e-307, 3.8168070612993817e-308, 3.196307697917498e-308, 4.432576212192765e-308, 2.0233054375798443e-308, 4.963245767081549e-308, 2.357256409867053e-308, 1.0, 3.6435879804878917e-308, 1.5824992474379145e-308, 1.78090921203535e-308, 2.725784487385048e-308, 3.082543615275062e-308, 1.570273432043217e-308, 4.139294142568753e-308, 1.5111493512516314e-308, 5.213772891848016e-308]"
doc_00419,11010598,2010,9,0.007945366306103988,unknown,2010,"ELECTRICAL SYSTEM,ENGINE,FUEL/PROPULSION SYSTEM",,low,0,"[0.01836417225665429, 0.007581467037642565, 0.017819599418769615, 0.006682914585796431, 0.005782438828660663, 0.01367923215465234, 0.006344400276861865, 0.009109835769397704, 0.007945366306103988, 0.01419324427990326, 0.01093703132046341, 0.004045595280902709, 0.004044467292668931, 0.010784110238966565, 0.008342852006183659, 0.0035028522494682675, 0.006251835538016454, 0.003643799480796667, 0.015714347673158945]"
doc_00420,10968639,2010,8,1.0,unknown,2010,AIR BAGS,,low,0,"[4.1248934953860915e-308, 3.2474782265912453e-308, 4.749091600801142e-308, 1.8262678265927737e-308, 1.663484634173242e-308, 6.282750391856546e-308, 2.1709265365310327e-308, 1.0, 2.6867012981411687e-308, 3.822370236120192e-308, 2.231659014278991e-308, 1.6235592871763754e-308, 1.558047528789626e-308, 3.0727880679883573e-308, 1.8337958534984083e-308, 1.378259244422418e-308, 2.161340650047493e-308, 1.4570605958145056e-308, 2.508300285089535e-308]"
doc_00421,10946727,2010,8,1.0,unknown,2016,AIR BAGS,,low,1,"[3.9900291408638553e-308, 3.269425593329471e-308, 4.652807978009517e-308, 1.820012987348168e-308, 1.6582056062488623e-308, 5.921067440392287e-308, 2.132637578547618e-308, 1.0, 2.6285105933113397e-308, 3.788420431170007e-308, 2.1934525399664936e-308, 1.609792454079928e-308, 1.549773883992804e-308, 2.9963542018016027e-308, 1.809627806464006e-308, 1.3725018357650975e-308, 2.162090746038568e-308, 1.4476202114058016e-308, 2.4621833838420677e-308]"
doc_00422,10937277,2010,8,1.0,unknown,2010,AIR BAGS,,low,0,"[3.9034389878680913e-308, 3.345470139314777e-308, 4.638685520440813e-308, 1.818074435562095e-308, 1.664528385796141e-308, 5.320339112515849e-308, 2.0709384298289883e-308, 1.0, 2.5440398768596224e-308, 3.827555528808338e-308, 2.1430912985987077e-308, 1.59153894575792e-308, 1.5454456428589495e-308, 2.8682487131488596e-308, 1.7785921577292603e-308, 1.3700489594485265e-308, 2.1655845236279177e-308, 1.4369734523900245e-308, 2.4071620165993165e-308]"
doc_00423,10934182,2010,8,1.0,unknown,2018,AIR BAGS,,low,1,"[3.9577844569898765e-308, 3.3343710968076786e-308, 4.695853768311161e-308, 1.828060928694895e-308, 1.664139703988933e-308, 5.672525743486951e-308, 2.1029844409341375e-308, 1.0, 2.5835352318534616e-308, 3.838111565468753e-308, 2.1823277699967594e-308, 1.5980074196660215e-308, 1.5457252683912294e-308, 2.927929457596295e-308, 1.8032065369682426e-308, 1.3696790406277443e-308, 2.178463272609667e-308, 1.440311896738273e-308, 2.451461795485938e-308]"
doc_00424,10923809,2010,8,1.0,unknown,2010,AIR BAGS,,low,0,"[3.892543628730232e-308, 3.4753172479429634e-308, 4.781276142016111e-308, 1.8481272321544463e-308, 1.68747252839151e-308, 5.170063773592227e-308, 2.0367473410912393e-308, 1.0, 2.4908991053979926e-308, 3.966832304006228e-308, 2.152538989179358e-308, 1.580710578507329e-308, 1.5469606808159485e-308, 2.803153011458543e-308, 1.7874252143858075e-308, 1.3716939479977245e-308, 2.212665309674439e-308, 1.4320233647377854e-308, 2.42790715651111e-308]"
doc_00425,10893291,2010,10,0.23217871295797357,unknown,2010,ENGINE,,medium,0,"[0.029835247558178336, 0.048271376190436435, 0.045688924581247306, 0.04627536807689003, 0.050258492027204914, 0.026428913559124575, 0.014814167367930092, 0.028450844128229846, 0.01660191785400009, 0.23217871295797357, 0.025629863363682243, 0.013248613325567475, 0.01651224105199424, 0.019194058538089115, 0.02377556491283644, 0.014841047690012295, 0.03985659296143712, 0.01324201107594687, 0.035921513453456656]"
doc_00426,10864712,2010,9,1.0,unknown,2010,AIR BAGS,,low,0,"[4.4496909461033254e-308, 1.614489585152803e-308, 2.299975819835445e-308, 1.3687142952820835e-308, 1.3331961331823657e-308, 4.547480896876324e-308, 1.2007262137850278e-307, 2.6572323901590694e-308, 1.0, 2.090568516638244e-308, 2.161358317124204e-308, 2.4026656030013067e-308, 1.6863572971490846e-308, 9.98624753971821e-308, 1.808260089780161e-308, 1.47869586009928e-308, 1.380849716518575e-308, 1.854446159284303e-308, 2.2100722932835457e-308]"
doc_00427,10811970,2010,4,1.0,unknown,2010,FUEL/PROPULSION SYSTEM,,low,0,"[2.1605050427425433e-308, 3.9838266615325204e-308, 3.456244836486167e-308, 1.0, 3.3736082597958554e-308, 1.9072736950851606e-308, 1.2545010548734875e-308, 1.974127375055664e-308, 1.37200309064903e-308, 4.424128124850791e-308, 2.6758047516561784e-308, 1.108499036248382e-308, 1.27742727346334e-308, 1.5488720163917043e-308, 2.7793014388095945e-308, 1.1895247375588532e-308, 7.1949241386438955e-308, 1.098741583739572e-308, 3.630895531347768e-308]"
doc_00428,10671435,2010,19,1.0,unknown,2010,"ELECTRICAL SYSTEM,ENGINE,FUEL/PROPULSION SYSTEM",,low,1,"[4.381456604687964e-308, 3.320192418692113e-308, 8.993528261208749e-308, 3.5165064865828006e-308, 2.477551394911501e-308, 3.728796890745791e-308, 2.104251211351299e-308, 2.8210089982151754e-308, 2.348361280123647e-308, 5.385635355516435e-308, 1.124121017560144e-307, 1.5097164016349073e-308, 1.565006358528002e-308, 2.8031312943611546e-308, 7.638418642597982e-308, 1.3970457130906256e-308, 2.929192932727855e-308, 1.4121835694777557e-308, 1.0]"
doc_00429,10638450,2010,4,0.6165446467525034,unknown,2010,FUEL/PROPULSION SYSTEM,,medium,0,"[0.018959502666802505, 0.03348871379054937, 0.029042051899883018, 0.6165446467525034, 0.0352639217548028, 0.015657669347072706, 0.010324133955209723, 0.01681138698524033, 0.011375174777135875, 0.0414905232343255, 0.019949871530402393, 0.009914739810870606, 0.011698130682807801, 0.0127928384278133, 0.02031882321901172, 0.010906234340881742, 0.04940089112882722, 0.009888659788717157, 0.0261720859071428]"
doc_00430,10618555,2010,2,1.0,unknown,2010,"FUEL SYSTEM, DIESEL,EQUIPMENT",,low,0,"[2.741079607385293e-308, 1.0, 5.104769690526676e-308, 3.919968000156627e-308, 2.30156062827992e-308, 2.6015387085706444e-308, 1.4171348055808506e-308, 3.4341646728735437e-308, 1.601287518161557e-308, 5.828346122162751e-308, 2.6024370310068044e-308, 1.189354148814537e-308, 1.3064142141016935e-308, 1.773294869150555e-308, 2.3222675855909475e-308, 1.1933614411531336e-308, 6.440597311949725e-308, 1.1459919335344973e-308, 3.2978474457994796e-308]"
doc_00431,10597866,2010,13,0.02920798263253041,unknown,2010,STRUCTURE,,low,0,"[0.003986038001571972, 0.0027000496540817123, 0.003179478315219519, 0.002517524353178414, 0.003423375767591268, 0.0036302951255836246, 0.003602763672166227, 0.0031809086177761628, 0.0037962454970459952, 0.003473043609142465, 0.0027237477563482313, 0.015838695097157202, 0.02920798263253041, 0.003912880069363138, 0.0024916225103897853, 0.01764045363676857, 0.0024394182183688764, 0.03534051173817397, 0.003117711627061169]"
doc_00432,10595916,2010,9,0.18377062562094415,TDI_unknown,2010,"SEAT BELTS,SEATS",,low,0,"[0.03377383633818225, 0.01255355489176601, 0.017831363754029973, 0.010325167252720584, 0.009891049505860599, 0.03704702083111964, 0.07587807314571575, 0.02171191848625339, 0.18377062562094415, 0.016185210564444108, 0.01572840201079155, 0.01757765152539593, 0.01239975928412998, 0.059864310126249716, 0.013165728067176582, 0.010842224523930447, 0.010574879596899584, 0.013577248197628037, 0.01628757030020422]"
doc_00433,10583653,2010,4,0.4678669691516611,unknown,2010,"FUEL SYSTEM, DIESEL,VEHICLE SPEED CONTROL,ENGINE",,medium,0,"[0.02477058614469857, 0.04814157694742542, 0.03903814015132082, 0.4678669691516611, 0.0404378372887287, 0.021466751617130773, 0.014028731151866194, 0.022729443835678306, 0.015401562589736137, 0.05312082234594467, 0.02877163375600257, 0.013099682999944542, 0.015189676114867894, 0.017313616978654255, 0.02947659238808914, 0.014143545232254152, 0.0833642280590555, 0.01300384736378638, 0.038634755883154855]"
doc_00434,10559285,2010,4,0.3992161954593102,unknown,2012,"FUEL SYSTEM, DIESEL",,low,0,"[0.029803894197289193, 0.05241497886148579, 0.04766046196616666, 0.3992161954593102, 0.05212563781221304, 0.02447091007040081, 0.015954746324045494, 0.026028711823459172, 0.017622419158126085, 0.06693607413041759, 0.032028789058882665, 0.015146941504660442, 0.01775736480326197, 0.01987488297331958, 0.032588495553864685, 0.01649454887903119, 0.0759804583687864, 0.015050202679484927, 0.04284428637579403]"
doc_00435,10557979,2010,1,1.0,unknown,2010,"ELECTRICAL SYSTEM,EXTERIOR LIGHTING",,low,0,"[1.0, 2.689082233910172e-308, 7.145999659152546e-308, 2.08342075774092e-308, 1.975198281377036e-308, 3.291005850506154e-308, 1.982400681906124e-308, 3.2073520958826962e-308, 2.5228728895246264e-308, 4.0778605333458564e-308, 2.9682820286677566e-308, 1.5872298194919165e-308, 1.5804556284127667e-308, 2.738234316804405e-308, 2.4941844256716146e-308, 1.399834460938435e-308, 1.992463204903201e-308, 1.432197763919338e-308, 3.3481652107543747e-308]"
doc_00436,10507329,2010,11,0.10133162782774642,TDI_unknown,2010,POWER TRAIN,,high,1,"[0.05061691654143524, 0.027388657096915212, 0.12167611208808438, 0.02372934509088606, 0.015778918724876263, 0.028385707527539352, 0.016276619977513607, 0.02341331088631564, 0.018971538189114415, 0.03712781997387257, 0.10133162782774642, 0.010150909224925425, 0.010152651376017592, 0.020895183892624108, 0.05529774661410385, 0.00914510677285817, 0.021083697244232952, 0.009362311446000351, 0.0765085303487216]"
doc_00437,10485995,2010,4,1.0,TDI_unknown,2010,"FUEL SYSTEM, DIESEL,POWER TRAIN,ENGINE,FUEL/PROPULSION SYSTEM",,high,2,"[2.073849245755857e-308, 3.4821461743162113e-308, 3.043226365719727e-308, 1.0, 4.061579075100017e-308, 1.681332516086473e-308, 1.1312022423315315e-308, 1.8173566989960595e-308, 1.2417798491930827e-308, 4.2682641539258306e-308, 2.099807729648731e-308, 1.1009190149176067e-308, 1.310405797414225e-308, 1.384234476303164e-308, 2.14026335593447e-308, 1.2266245771427057e-308, 4.7890369756527e-308, 1.102752495401353e-308, 2.670627200457725e-308]"
doc_00438,10485506,2010,3,0.4394502163674109,unknown,2010,TIRES,,low,0,"[0.05555027450013225, 0.041461330273541194, 0.4394502163674109, 0.02467689827412814, 0.01855027838474594, 0.04156598601937002, 0.017670394909506303, 0.04068209674404508, 0.021428253278121596, 0.07394999339715097, 0.04192559428584183, 0.012413281290792704, 0.012716043913865467, 0.024144170512987215, 0.03155554534545994, 0.0112945496229774, 0.025703372114598656, 0.011456034477442133, 0.05380568628788212]"
doc_00439,10482481,2010,4,0.39491285200738435,unknown,2010,"FUEL SYSTEM, DIESEL,FUEL/PROPULSION SYSTEM",,high,2,"[0.030295483132764187, 0.05156736363001206, 0.04832696460616509, 0.39491285200738435, 0.054084513290398824, 0.024749299588569192, 0.01619558636972411, 0.026245947400811934, 0.017899001981757045, 0.06685071278461743, 0.032448578482590446, 0.015431569377509167, 0.01810369146968866, 0.02024039819869011, 0.03313579478103417, 0.016824596290704444, 0.07400355024637453, 0.015334455074091495, 0.043349641287112634]"
doc_00440,10479279,2010,4,1.0,unknown,2010,"FUEL SYSTEM, DIESEL,FUEL/PROPULSION SYSTEM",,medium,0,"[2.193794716337911e-308, 3.8010104377008493e-308, 3.5715891054011614e-308, 1.0, 3.446945779565229e-308, 1.916249160866553e-308, 1.2666577831692353e-308, 1.9589777464369156e-308, 1.3850896395638854e-308, 4.40436030853405e-308, 2.7603227241426103e-308, 1.118564424400089e-308, 1.2889979280802237e-308, 1.5684421137746653e-308, 2.891944655917478e-308, 1.199419221269724e-308, 6.419003609174667e-308, 1.108469099926734e-308, 3.761535585212313e-308]"
doc_00441,10476937,2010,19,0.06918286156368679,TDI_unknown,2010,ENGINE,,high,3,"[0.0370055674364702, 0.02560227133329904, 0.06494735083060392, 0.027249959863023837, 0.01690001731841567, 0.023939300727629814, 0.01603911548777681, 0.020435574975170578, 0.01786328995076739, 0.030553660241468526, 0.12971108256284936, 0.01033994158526079, 0.010425011011277891, 0.019709409926196807, 0.19549996042465995, 0.009526811252674907, 0.022143716296257988, 0.00966156733258058, 0.06918286156368679]"
doc_00442,10468962,2010,4,0.395914307684399,unknown,2010,"FUEL SYSTEM, DIESEL,ENGINE",,medium,0,"[0.030064575755359594, 0.05086251936640745, 0.04784965233740914, 0.395914307684399, 0.05364376937331557, 0.02479068012049359, 0.01633342535458314, 0.026114656916284732, 0.01800754404590331, 0.0641711253685035, 0.03303762199018252, 0.015524629218055377, 0.018176151192091743, 0.020362671409533226, 0.033984240388189195, 0.016914091915264214, 0.07481236973487237, 0.015432323570811163, 0.04400364425834115]"
doc_00443,10462683,2010,4,0.4055014144161284,unknown,2010,FUEL/PROPULSION SYSTEM,,low,0,"[0.02785484635722769, 0.05404616523868186, 0.043651177583698575, 0.4055014144161284, 0.04608460203189294, 0.023970713581882977, 0.015672400770236652, 0.02549719411519648, 0.017218394600745313, 0.060115188340026444, 0.031782389720568446, 0.014687474100317255, 0.017074254767972342, 0.01934375040808849, 0.0325015183130684, 0.01590229984781051, 0.09201693059458728, 0.014592367693833416, 0.04248691751803652]"
doc_00444,10460945,2010,4,0.46568738488147227,unknown,2010,FUEL/PROPULSION SYSTEM,,low,0,"[0.025916358042071985, 0.04751436196305507, 0.03988444879597471, 0.46568738488147227, 0.04598112932278736, 0.021755046880506335, 0.014343685078302604, 0.023282278868586505, 0.015774594602248816, 0.05564693049001278, 0.028188531591955005, 0.01364298044797948, 0.01600292460366731, 0.01771667052610622, 0.028815641090708614, 0.014925741106284153, 0.07423025138428532, 0.013593904359938966, 0.037097135964056595]"
doc_00445,10451342,2010,4,0.6298840775969698,unknown,2010,"FUEL SYSTEM, DIESEL",,low,0,"[0.018318509695117755, 0.03270054433412691, 0.027640712254279408, 0.6298840775969698, 0.03538423072396222, 0.015084988885826555, 0.009920585512676806, 0.016355302308475973, 0.010930789078558345, 0.041672886879192676, 0.01867317758445784, 0.009605010287282393, 0.011414866934799388, 0.012258592385917682, 0.01884918700571927, 0.01063930250860277, 0.046684557158201086, 0.009600244084380543, 0.02438243478145256]"
doc_00446,10450585,2010,3,1.0,TDI_unknown,2010,ENGINE AND ENGINE COOLING,,low,0,"[5.72837602809573e-308, 5.573074020380524e-308, 1.0, 3.3594984494986993e-308, 2.3407165914244123e-308, 4.0704915985870123e-308, 1.934388269663326e-308, 4.103749388506167e-308, 2.2888886805036923e-308, 9.020002239319565e-308, 5.273533264597312e-308, 1.4037826542897355e-308, 1.46913968316232e-308, 2.5539122393724523e-308, 4.062229205244962e-308, 1.3133812846274374e-308, 3.4072744927324968e-308, 1.31178902549045e-308, 6.976303141805398e-308]"
doc_00447,10449335,2010,4,1.0,TDI_unknown,2010,"FUEL SYSTEM, DIESEL",,high,2,"[2.036573036361058e-308, 3.400274315173489e-308, 2.9792880772667276e-308, 1.0, 3.9798941622857304e-308, 1.657852810759407e-308, 1.121512268947002e-308, 1.785935265341323e-308, 1.2292101661583454e-308, 4.0966771991185197e-308, 2.086999782979751e-308, 1.090447741076863e-308, 1.2963435946776746e-308, 1.36951344751189e-308, 2.1361955303929306e-308, 1.2151651680124447e-308, 4.730587562141891e-308, 1.092669588761209e-308, 2.644339536523415e-308]"
doc_00448,10448033,2010,3,1.0,unknown,2010,"ENGINE AND ENGINE COOLING,FUEL SYSTEM, DIESEL,POWER TRAIN",,high,0,"[6.274568722848584e-308, 4.225631963938439e-308, 1.0, 3.714493677651596e-308, 2.7021528070501066e-308, 3.6065325444714706e-308, 1.925786398834298e-308, 3.2834910336736975e-308, 2.2756097745364413e-308, 7.967743276724227e-308, 5.919306316370306e-308, 1.4556846695428625e-308, 1.546784594007669e-308, 2.61813352549077e-308, 4.940309148580829e-308, 1.381069401369742e-308, 3.1609957233011485e-308, 1.364204823078058e-308, 9.03531690849583e-308]"
doc_00449,10445811,2010,5,0.16768129742544616,unknown,2011,"ENGINE AND ENGINE COOLING,UNKNOWN OR OTHER",,high,1,"[0.027240401834586668, 0.03345787659188166, 0.04090388607360045, 0.05437285788773148, 0.16768129742544616, 0.02232465018890982, 0.014780486884849014, 0.022645302932329324, 0.01630239552700212, 0.07257442939715902, 0.024682030102198334, 0.015842302330884947, 0.020339413864938347, 0.01891841877942911, 0.02403593305020095, 0.01861067487786154, 0.03444105024684683, 0.016067589638946764, 0.03326562325805099]"
doc_00450,10445783,2010,5,0.23523444047792633,unknown,2010,ENGINE AND ENGINE COOLING,,medium,1,"[0.023783836033243216, 0.02892811219391908, 0.03444068740737196, 0.04746183995438237, 0.23523444047792633, 0.019635582726670917, 0.013284834429360126, 0.0199081979638024, 0.014606485697686647, 0.05752345724062874, 0.021571676549786943, 0.014509156931477956, 0.018905268788088188, 0.01689381353227553, 0.021137421786175517, 0.0174152806978603, 0.029917343327403895, 0.01481581589925387, 0.028513369255539614]"
doc_00451,10440237,2010,7,1.0,unknown,2010,AIR BAGS,,medium,0,"[3.171872873752196e-308, 1.3913567969435483e-308, 1.87745748547459e-308, 1.198085110349957e-308, 1.1872824133111814e-308, 3.285340311934348e-308, 1.0, 2.129052148540506e-308, 1.0399596284061528e-307, 1.732090735423929e-308, 1.8791450573917513e-308, 2.228615092900377e-308, 1.5455010333422866e-308, 4.664994244531977e-308, 1.6044709863253643e-308, 1.375105837342241e-308, 1.2140776743268705e-308, 1.749634845806897e-308, 1.886806250815255e-308]"
doc_00452,10430594,2010,4,1.0,TDI_unknown,2011,"FUEL SYSTEM, GASOLINE",,low,0,"[2.024407115472754e-308, 3.385990762818461e-308, 2.9525937369721027e-308, 1.0, 3.9503945021455004e-308, 1.6502823634527236e-308, 1.1177026421172303e-308, 1.7786567229964985e-308, 1.2246360278217177e-308, 4.051660581862282e-308, 2.076107657792809e-308, 1.086877958324699e-308, 1.291958425466212e-308, 1.3638754129421623e-308, 2.1260041099792504e-308, 1.211637424498517e-308, 4.724253135262178e-308, 1.0893127545041973e-308, 2.6266593998898237e-308]"
doc_00453,10421170,2010,15,0.1457973122980818,TDI_unknown,2010,"FUEL SYSTEM, DIESEL",,high,1,"[0.041525654058252454, 0.02800814869663323, 0.07703991389330675, 0.028962796731424843, 0.018035882787851194, 0.025958753889653782, 0.01702553710422022, 0.022254492455572594, 0.019105165950695658, 0.033852683080590786, 0.13779033923271622, 0.010978815195734801, 0.01108728056084413, 0.021036283430339656, 0.1457973122980818, 0.010112118464564638, 0.023716408889842226, 0.010247904959880602, 0.07420097843986515]"
doc_00454,10418105,2010,15,0.10547178456273412,TDI_unknown,2010,"FUEL SYSTEM, DIESEL",,medium,0,"[0.045902300555741675, 0.030363854613160258, 0.09785603097027577, 0.030334585162420987, 0.01891161205482257, 0.02766522712910462, 0.017419400859461327, 0.023845318006216275, 0.019771881737417216, 0.03780349865260294, 0.13053795651598663, 0.01130753366497389, 0.01147554176849772, 0.021837373675409548, 0.10547178456273412, 0.010432328753377114, 0.02500999684312083, 0.010547941474185092, 0.0802423031205623]"
doc_00455,10410209,2010,11,0.13392469572326,TDI_unknown,2010,"FUEL SYSTEM, DIESEL",,medium,0,"[0.03955488481410201, 0.0268885986080763, 0.0709254731354509, 0.028239561252423055, 0.017590914954007195, 0.02507924706782877, 0.016665654913616122, 0.021452323026146455, 0.01863163579950872, 0.03230195970938311, 0.13392469572326, 0.010746897923311483, 0.010841044487967678, 0.020536741154363037, 0.1687400958925089, 0.009898013712722066, 0.023020012291601836, 0.010035410700619597, 0.07166330495317356]"
doc_00456,10408900,2010,4,1.0,unknown,2010,"FUEL SYSTEM, DIESEL",,low,1,"[2.0816043810798854e-308, 3.6123307477941e-308, 3.0728083084623247e-308, 1.0, 4.0486222385192155e-308, 1.7047829454822734e-308, 1.138580248280128e-308, 1.8472165489877064e-308, 1.2509111176599814e-308, 4.4156674769754756e-308, 2.1199368701730726e-308, 1.1056256275579976e-308, 1.3148070395410926e-308, 1.3967932800319935e-308, 2.154454805346586e-308, 1.229514605224028e-308, 5.101020361373826e-308, 1.106935875638531e-308, 2.7185946690275206e-308]"
doc_00457,10407044,2010,4,1.0,TDI_unknown,2010,"FUEL SYSTEM, DIESEL",,low,0,"[2.009136435534621e-308, 3.2879801261031274e-308, 2.9470747902794527e-308, 1.0, 3.9563401207131097e-308, 1.6402225264730917e-308, 1.1162377962393797e-308, 1.753695141655975e-308, 1.2215154314780796e-308, 3.955543563161552e-308, 2.0938150117727124e-308, 1.0845750099518817e-308, 1.2877882045176005e-308, 1.36238384018653e-308, 2.156096626214028e-308, 1.2084023397106174e-308, 4.61078110929038e-308, 1.0869750857487847e-308, 2.647875972627553e-308]"
doc_00458,10404539,2010,3,1.0,TDI_unknown,2010,ENGINE AND ENGINE COOLING,,low,0,"[6.322654885320057e-308, 4.3618289429269987e-308, 1.0, 3.548144043615081e-308, 2.397962772507191e-308, 3.690815502314729e-308, 1.95900170544736e-308, 3.3173906335242125e-308, 2.301738365783486e-308, 6.966156711722513e-308, 7.275062689259988e-308, 1.3981102371554954e-308, 1.4542675424136615e-308, 2.5707453229669754e-308, 5.430930830451281e-308, 1.3037808950311763e-308, 3.156657120173748e-308, 1.3046326112620735e-308, 1.001167063182712e-307]"
doc_00459,10398313,2010,4,1.0,TDI_unknown,2010,"FUEL SYSTEM, DIESEL",,high,1,"[2.031539885996754e-308, 3.415107905686715e-308, 2.98388925731911e-308, 1.0, 3.9236361296691354e-308, 1.659459854890624e-308, 1.1221110177724497e-308, 1.784729383189404e-308, 1.229605969866465e-308, 4.0775954668868267e-308, 2.101590724533144e-308, 1.0880710967119047e-308, 1.2910965348280774e-308, 1.3704807240485684e-308, 2.154440781639826e-308, 1.21005826960409e-308, 4.809213442590171e-308, 1.089761157032104e-308, 2.6673181958588094e-308]"
doc_00460,10395774,2010,15,0.150855163506478,TDI_unknown,2010,ENGINE AND ENGINE COOLING,,low,0,"[0.04150948976751039, 0.027495412369525806, 0.07571021552784893, 0.028508346306605033, 0.017912574670941643, 0.02581392547062231, 0.017047886254010467, 0.022045329556814233, 0.01912208768056519, 0.03337071993978839, 0.13743444490998938, 0.010978121978998483, 0.011068394260521183, 0.021076886167985632, 0.150855163506478, 0.010094763569374002, 0.02332942868232581, 0.010240311958143563, 0.07312296754202242]"
doc_00461,10392424,2010,3,0.03151529525445121,unknown,2010,ELECTRICAL SYSTEM,,low,0,"[0.09189155168584266, 0.015279119674090638, 0.03151529525445121, 0.012157364609742247, 0.010275287257903868, 0.03171859229329319, 0.017951916778325486, 0.022118958262722217, 0.026076914151420275, 0.02247202074394374, 0.022559991286168885, 0.009424939502052055, 0.008472633242374334, 0.030728443755355966, 0.01759807187661237, 0.007437492619567305, 0.011743801858721255, 0.00811511094153715, 0.023815028468832263]"
doc_00462,10383408,2010,1,0.1464341358298606,unknown,2010,"SERVICE BRAKES, AIR",,medium,1,"[0.1464341358298606, 0.02863739167712589, 0.06252761075458255, 0.023733064755173325, 0.020871685124267157, 0.057906093263967014, 0.035840939048000856, 0.03667668494134698, 0.04414673074403872, 0.043741895030332614, 0.05472766051022531, 0.02060299292781639, 0.018874625738911306, 0.04816507788345324, 0.03975023524366567, 0.016499159670051333, 0.02247482641121035, 0.01802036153410505, 0.060056311250659855]"
doc_00463,10383359,2010,10,0.2677320437678795,unknown,2009,UNKNOWN OR OTHER,,medium,1,"[0.042074207287008246, 0.050769939356119315, 0.13242185055184752, 0.028880627227317567, 0.02190772512196691, 0.03419702585099548, 0.015525581184690601, 0.03667093974717899, 0.01826790510657484, 0.2677320437678795, 0.03134383109851354, 0.011482242908054186, 0.01253614046638409, 0.02092133844240681, 0.025718152795572744, 0.011104506519846118, 0.030096965344792545, 0.01086070953980672, 0.04508824791653027]"
doc_00464,10383163,2010,3,0.21112613677539657,unknown,2010,"FUEL SYSTEM, GASOLINE",,low,0,"[0.03970141654696721, 0.05122591070689841, 0.21112613677539657, 0.03278459229849347, 0.019433418034512328, 0.02802805902810707, 0.014613633734999736, 0.02874497709592842, 0.016873738536389994, 0.061223673888300995, 0.04569261068770742, 0.010101541432937004, 0.010734569714928062, 0.01856732791260429, 0.03699066495398874, 0.009693080702489537, 0.03179549214545495, 0.009553762858417471, 0.0570089868203262]"
doc_00465,10381719,2010,15,0.16012608056156488,2.0_TSI,2010,POWER TRAIN,,medium,0,"[0.04012950623664918, 0.026972871457597487, 0.07237707519187873, 0.028083867060652513, 0.01755478058800645, 0.025302409570007692, 0.016751650057825498, 0.021596422532262013, 0.01875477512525296, 0.03252878150454423, 0.1389923723779373, 0.010771416615829078, 0.010854800005053254, 0.020666521563154946, 0.16012608056156488, 0.00990497875090846, 0.022987901444424155, 0.010050611194890835, 0.07232964828163121]"
doc_00466,10377222,2010,3,0.34692562802199506,unknown,2010,ELECTRICAL SYSTEM,,low,0,"[0.06520471150797258, 0.0399210955041224, 0.34692562802199506, 0.029471817974346465, 0.020517138755288957, 0.03696633916089368, 0.019007032809680895, 0.032865469142046196, 0.02245335294524043, 0.06094897400475464, 0.06679769384028636, 0.012970304317791543, 0.013275560619185464, 0.024644446646774593, 0.046411461201308846, 0.011882299248403755, 0.027748890350140026, 0.01202376018186255, 0.08242868625271194]"
doc_00467,10371818,2010,15,0.12960353434708596,TDI_unknown,2010,POWER TRAIN,,high,0,"[0.044595984478919416, 0.02823744682512999, 0.082668217344649, 0.028565215277974763, 0.018203590460714982, 0.02684997335019244, 0.01756547012974471, 0.0228835006244777, 0.019822059960287946, 0.034691285242959745, 0.14031815627615082, 0.011262764774365192, 0.011331151832500422, 0.02182632360126849, 0.12960353434708596, 0.01031886635684868, 0.02360401495100088, 0.010483268941221896, 0.07390564534457778]"
doc_00468,10371203,2010,3,0.3527540954538448,TDI_unknown,2009,"FUEL SYSTEM, DIESEL",,medium,0,"[0.037463023068645226, 0.029670457403448588, 0.3527540954538448, 0.025595811599537117, 0.017044543835468957, 0.022869964178404194, 0.012283063930912212, 0.02120602979439742, 0.014389127472827966, 0.049705035103636754, 0.04189471908494091, 0.009082674542522186, 0.009625041301013899, 0.0162877756809235, 0.03445899452847034, 0.008636532547843918, 0.021841175018810936, 0.008534350946153832, 0.06123777437018373]"
doc_00469,10362907,2010,4,0.3951281635306943,TDI_unknown,2010,"FUEL SYSTEM, DIESEL",,medium,0,"[0.029228873773912978, 0.05381707801003545, 0.046341631839097036, 0.3951281635306943, 0.04648268002658404, 0.02375666851238686, 0.015419887171593363, 0.025592070405806133, 0.017037843420827297, 0.06595797972206406, 0.030715249147407628, 0.01364068261194409, 0.015971481426730286, 0.01906244346576855, 0.031022803929406876, 0.014828788085708339, 0.07993496446642022, 0.013546050087324311, 0.04066079849719712]"
doc_00470,10361255,2010,4,0.6370388713452159,TDI_unknown,2010,"FUEL SYSTEM, DIESEL",,low,0,"[0.01814318869490587, 0.031386707535282894, 0.027070231218901283, 0.6370388713452159, 0.03399098370541732, 0.014985307029438446, 0.010076995025920427, 0.016057737702432146, 0.011041302284181721, 0.0368828871242867, 0.019234038370058795, 0.009695401010999263, 0.011454244163169782, 0.01232350361845173, 0.019741197378423628, 0.010721253333802475, 0.04581933037742023, 0.009696257913687263, 0.02464056216800405]"
doc_00471,10357849,2010,1,0.036782712960981546,unknown,2010,SEATS,,low,0,"[0.036782712960981546, 0.013983596361763592, 0.019720364893579246, 0.01144448070358133, 0.010971161667614374, 0.04295940839091788, 0.08850941775953569, 0.024328843411817402, 0.14044674795436501, 0.018038510753021677, 0.01734769809539897, 0.019658517603589862, 0.013873457903818522, 0.059217415593576794, 0.014466296386632865, 0.01210561172039187, 0.011803958339143269, 0.015209461864215573, 0.01811793165949707]"
doc_00472,10353458,2010,4,0.2656458914484671,unknown,2010,"FUEL SYSTEM, DIESEL",,medium,0,"[0.02846303340605758, 0.06116388341144485, 0.04428637350508252, 0.2656458914484671, 0.044318232146302455, 0.024641926172142333, 0.015769590479291214, 0.02677697148332579, 0.017393799474362082, 0.0669555740383168, 0.031199046343203408, 0.013863046082507487, 0.016146746094622036, 0.019515005866571417, 0.03130537748895055, 0.015003136461379983, 0.11484480175523969, 0.013760781805542632, 0.0420328585802708]"
doc_00473,10352948,2010,3,0.6007824144499553,unknown,2010,"FUEL SYSTEM, DIESEL",,medium,0,"[0.030680157652117217, 0.029709382957046573, 0.6007824144499553, 0.020208038611246464, 0.0129324803445974, 0.020238628480638364, 0.010540256114505094, 0.019768456487419594, 0.012273064249919353, 0.03955511518652476, 0.03527374573353435, 0.007448489879284193, 0.007786825329090731, 0.013474642610313814, 0.026735094153444314, 0.00701005831136241, 0.019402205345803916, 0.006987402085638982, 0.04320979133320949]"
doc_00474,10352983,2010,15,1.0,unknown,2010,"ENGINE AND ENGINE COOLING,FUEL SYSTEM, DIESEL",,high,1,"[3.009948919197352e-308, 2.367510824346237e-308, 4.8532679112689e-308, 2.895131522284644e-308, 1.8595090391089403e-308, 2.2719728126209817e-308, 1.6325301266794943e-308, 1.8961260933512327e-308, 1.7750307892726974e-308, 2.8120191703024687e-308, 1.2586491937777816e-307, 1.196322605846016e-308, 1.209210717946345e-308, 2.0090703200323277e-308, 1.0, 1.1095709360858724e-308, 2.2701713315533175e-308, 1.123861076314167e-308, 7.798008676773962e-308]"
doc_00475,10348655,2010,3,1.0,unknown,2010,ENGINE AND ENGINE COOLING,,medium,0,"[6.142951082512885e-308, 5.218835805538059e-308, 1.0, 3.087677220345375e-308, 2.236044454281674e-308, 4.590549558109216e-308, 2.044037514092665e-308, 4.514150161276886e-308, 2.442850274249445e-308, 8.685762346057375e-308, 5.224503897238705e-308, 1.4425983705806136e-308, 1.4881562175144804e-308, 2.7291306060933694e-308, 3.920777190517587e-308, 1.3259105076699216e-308, 3.205532287789262e-308, 1.3384763208136226e-308, 6.773968417213479e-308]"
doc_00476,10340206,2010,10,1.0,unknown,2010,"ENGINE AND ENGINE COOLING,FUEL SYSTEM, GASOLINE",,medium,0,"[4.943586188995106e-308, 6.358865706316537e-308, 1.0855047014839018e-307, 3.9273545160689093e-308, 3.2950422230604446e-308, 4.3574707826773443e-308, 2.022060488704397e-308, 4.692576180954339e-308, 2.3512447845353293e-308, 1.0, 3.738546183668539e-308, 1.587093861696273e-308, 1.7925916677833396e-308, 2.7214117924592117e-308, 3.169981889524777e-308, 1.579984439124153e-308, 4.1146691573375667e-308, 1.5176807370272385e-308, 5.483685470529316e-308]"
doc_00477,10335710,2010,3,0.5181507960384227,TDI_unknown,2010,POWER TRAIN,,low,0,"[0.04139760202684692, 0.030902088287841557, 0.5181507960384227, 0.025959551018221946, 0.017352153752006202, 0.02525592058282958, 0.013404033316782613, 0.022812876142228454, 0.015700309145722135, 0.05141645384270266, 0.04874320516010055, 0.009731906284067036, 0.010210919977121959, 0.017667446373629325, 0.03793296606809683, 0.009153138077984114, 0.022661299166871044, 0.00911180274209223, 0.07243553199643239]"
doc_00478,10308217,2010,18,0.5502442531534139,TDI_unknown,2010,VISIBILITY,,low,0,"[0.00950366972202415, 0.006282874303222769, 0.007396981869943646, 0.0058339001143325265, 0.007706812119184618, 0.008723090171037366, 0.009187612917621636, 0.007559952147114984, 0.009537194632049006, 0.007913812115762236, 0.006525124071926309, 0.03836277269987941, 0.03349752593037087, 0.0096407577272738, 0.00596240555535138, 0.02551540296870234, 0.0057106261856181015, 0.5502442531534139, 0.007356371254495569]"
doc_00479,11546719,2011,4,1.0,unknown,2011,FUEL/PROPULSION SYSTEM,,low,0,"[2.1633335847806656e-308, 3.8937861050743293e-308, 3.4767562353336e-308, 1.0, 3.3827818505045367e-308, 1.905180787066855e-308, 1.256712607610259e-308, 1.9618980924337067e-308, 1.3739512244156813e-308, 4.376728698064941e-308, 2.7027253770941413e-308, 1.109872446037277e-308, 1.2784319332523907e-308, 1.5529056877921927e-308, 2.819425590322496e-308, 1.1904339185816416e-308, 6.871025958784729e-308, 1.100008363479318e-308, 3.6695731187387544e-308]"
doc_00480,11496080,2011,1,1.0,TDI_unknown,2011,ELECTRICAL SYSTEM,,high,1,"[1.0, 2.7385496388358865e-308, 7.467685852424671e-308, 2.103875332212166e-308, 1.971684107009975e-308, 3.3347422500502373e-308, 1.985777533715286e-308, 3.2509047462073446e-308, 2.5249991906504817e-308, 4.157497900778139e-308, 3.0346770283272594e-308, 1.5744320539298904e-308, 1.5672935540442835e-308, 2.7357782185262597e-308, 2.534424032961292e-308, 1.3889448882425103e-308, 2.016385003476425e-308, 1.4215781510489453e-308, 3.4156641311046105e-308]"
doc_00481,11466179,2011,1,1.0,unknown,2011,"ELECTRICAL SYSTEM,EXTERIOR LIGHTING",,low,0,"[1.0, 2.5528882143070243e-308, 6.296170546036301e-308, 1.994026622153365e-308, 1.9288051471763133e-308, 3.373505414715108e-308, 2.0661629124691107e-308, 3.200699043819657e-308, 2.665532973534697e-308, 3.8679809290644877e-308, 2.8667275858178134e-308, 1.6474031664258165e-308, 1.6175471210523264e-308, 2.8882563001319025e-308, 2.4073579525645855e-308, 1.427833499654276e-308, 1.9129539433028655e-308, 1.474124533319558e-308, 3.2293606538400523e-308]"
doc_00482,11464271,2011,2,0.0984595316995112,unknown,2011,"ELECTRICAL SYSTEM,ENGINE",,medium,0,"[0.01989080053604009, 0.0984595316995112, 0.03573002899909881, 0.04112569822133607, 0.02028492236785363, 0.019252473575831878, 0.010404175169335759, 0.02265502345291755, 0.011672332120032543, 0.06349538496679116, 0.020737590263984973, 0.008739006918901896, 0.009850653098755012, 0.013194044468569558, 0.018919807595965354, 0.008986633600462212, 0.06968717122516298, 0.00849665805606971, 0.029178583199083428]"
doc_00483,11445727,2011,4,1.0,unknown,2011,"ENGINE,FUEL/PROPULSION SYSTEM",,medium,0,"[2.19026448942244e-308, 3.8077259638545747e-308, 3.5279117211394365e-308, 1.0, 3.5221465434296167e-308, 1.892440202104201e-308, 1.253539776500217e-308, 1.950026202557106e-308, 1.3718187878615804e-308, 4.4230526854675553e-308, 2.6767280135244105e-308, 1.1132592985333587e-308, 1.287884779418e-308, 1.5505395239468903e-308, 2.796978929161849e-308, 1.1994463621961856e-308, 6.405167338629489e-308, 1.1049233631389727e-308, 3.6087706655123995e-308]"
doc_00484,11361687,2011,1,1.0,unknown,2011,ELECTRICAL SYSTEM,,low,0,"[1.0, 2.769853388673497e-308, 7.786865970480303e-308, 2.152146746256488e-308, 2.0472101827447843e-308, 3.2747309076305174e-308, 1.9448125069880846e-308, 3.2208433643343883e-308, 2.4589335296220844e-308, 4.292487881552402e-308, 2.9854254887458923e-308, 1.5851178369641264e-308, 1.596998684578354e-308, 2.695427063047959e-308, 2.5153635965648626e-308, 1.4138443656504595e-308, 2.048634259122824e-308, 1.4369091920847593e-308, 3.4317947194979857e-308]"
doc_00485,11327322,2011,2,0.0758913729770796,unknown,2011,ELECTRICAL SYSTEM,,low,0,"[0.02529596040017317, 0.0758913729770796, 0.04741026477292348, 0.04068524573185984, 0.022341902557080046, 0.027455939514049673, 0.0138960166359892, 0.02992367803659629, 0.015548563856518283, 0.06255581171593666, 0.029237469983273572, 0.011212267317594988, 0.01230385338180504, 0.017773368254756974, 0.025380862601115408, 0.011143061462520157, 0.059097008476272514, 0.010771608599867597, 0.04332935119186378]"
doc_00486,11325657,2011,8,0.05599074300187342,TDI_unknown,2011,"FUEL SYSTEM, DIESEL",,low,1,"[0.028320070580789624, 0.03393661833043055, 0.07441199801148188, 0.0146574530211609, 0.011155583525170494, 0.029893725701517656, 0.011518901350664445, 0.05599074300187342, 0.013925662477001772, 0.04719614864287963, 0.017466401577982828, 0.007296214330007845, 0.007509698859078953, 0.015755237243410047, 0.014148800113309549, 0.006671099931108377, 0.017671943043764644, 0.00674859819930964, 0.0208123465670647]"
doc_00487,11217698,2011,8,0.22862622793417736,unknown,2014,"UNKNOWN OR OTHER,FUEL/PROPULSION SYSTEM",,high,1,"[0.02113507868583871, 0.016908441458715198, 0.025845437703652174, 0.009390265077389277, 0.008387169245281044, 0.03287103766100993, 0.010781473444496453, 0.22862622793417736, 0.013349743327632087, 0.020002301253623223, 0.011672196036409722, 0.007951105052422353, 0.007655040471481858, 0.015318552160083052, 0.009505180058378243, 0.006778679022612541, 0.011147254907070385, 0.007148834869400935, 0.013097411752088305]"
doc_00488,11173312,2011,2,0.11720569094888478,unknown,2011,ENGINE,,medium,0,"[0.023691163862539607, 0.11720569094888478, 0.051042285525061785, 0.03577094397351467, 0.019695295319439993, 0.024290217792970095, 0.012359698970406252, 0.028546097971273648, 0.01396643247796244, 0.062230234356936094, 0.025758786947663537, 0.009879266279508634, 0.010819934117921658, 0.015754330673265163, 0.022338883895797804, 0.00980827519784411, 0.05263449370825784, 0.009478451531912598, 0.03598312391611563]"
doc_00489,11140999,2011,14,0.06345719737371083,unknown,2011,"AIR BAGS,ELECTRICAL SYSTEM",,low,0,"[0.03306716347279856, 0.01070937359806683, 0.016088536296666046, 0.00880555487759166, 0.007910534629327365, 0.033946321738108715, 0.044445855665140845, 0.018679523765640017, 0.1751067071401967, 0.013983851061652692, 0.014490552578220383, 0.011388908771982592, 0.008672096913775061, 0.06345719737371083, 0.011871473442646425, 0.007614687866953331, 0.008943009873900419, 0.009140844617202848, 0.014706885123869074]"
doc_00490,11081082,2011,9,0.12027109642116492,unknown,2011,AIR BAGS,,low,0,"[0.030682994110347042, 0.01216460197783089, 0.016798171594605688, 0.01056436784094077, 0.009976607184174827, 0.030133428344574213, 0.30680468187140747, 0.01856983107131161, 0.12027109642116492, 0.015485554323370636, 0.017151308573446444, 0.017616377158799594, 0.012345407456771748, 0.05593885929700678, 0.01443829549043983, 0.010906950995203186, 0.010596462566373139, 0.01376307000795739, 0.017288478451525858]"
doc_00491,11048012,2011,8,0.3411726707657339,unknown,2011,AIR BAGS,,low,0,"[0.02523634753304364, 0.02153207625460697, 0.03249506509445261, 0.011325747964129777, 0.010408968633907069, 0.031704458221844665, 0.011974820644976845, 0.3411726707657339, 0.014736622549040986, 0.026557296594941295, 0.013227578874593884, 0.00942541372807027, 0.009341737368720206, 0.016744520346665178, 0.010917163750487346, 0.008246595646193254, 0.013473798635115516, 0.008559492713245605, 0.0152352276211752]"
doc_00492,11022637,2011,10,0.1812537343588444,unknown,2011,"ELECTRICAL SYSTEM,ELECTRONIC STABILITY CONTROL (ESC)",,medium,0,"[0.031846045882507786, 0.054531001208143554, 0.05965422745448439, 0.05744999282257638, 0.03723236110171914, 0.025929545704165627, 0.014234777915217121, 0.02775647955878751, 0.016146677209277177, 0.1812537343588444, 0.02984347049715987, 0.011687243219178297, 0.013649312813951897, 0.01861241845323965, 0.027874584744725952, 0.012357129865258536, 0.04891549726306056, 0.011449815472311328, 0.04465324183393351]"
doc_00493,10959486,2011,5,0.25966247466965775,unknown,2011,ENGINE,,low,0,"[0.02240579625854939, 0.027393133402791803, 0.032220763291188066, 0.04548920490354359, 0.25966247466965775, 0.018549893635331285, 0.012605595403887341, 0.018826300992687332, 0.013845688694405152, 0.053168645456787844, 0.02040319528491164, 0.01379626277240297, 0.018009748708659113, 0.01599887298923021, 0.020036017944243832, 0.016626653668796145, 0.028480854893297006, 0.014107164561241066, 0.026860353361241884]"
doc_00494,10946705,2011,8,0.2882819920933154,TDI_unknown,2018,AIR BAGS,,low,0,"[0.025304229909268602, 0.02276615040486414, 0.0344508980035493, 0.011688541932707663, 0.010675379442146474, 0.03126838269425952, 0.011879620415071871, 0.2882819920933154, 0.014552482181853116, 0.02820862524645194, 0.01349931255227388, 0.009415621623090559, 0.009404519959621752, 0.016539156526008503, 0.011138775821888146, 0.008306587889521187, 0.013980740492458179, 0.008580332840951407, 0.015622290644787309]"
doc_00495,10919683,2011,8,1.0,unknown,2011,AIR BAGS,,low,1,"[3.955887699028045e-308, 3.795375318754672e-308, 5.276502065448969e-308, 1.928879591098668e-308, 1.7446796810439576e-308, 4.999795139926452e-308, 1.985669387857228e-308, 1.0, 2.416825722863165e-308, 4.3654780103648394e-308, 2.211300249579502e-308, 1.560413351359321e-308, 1.5491750270921607e-308, 2.717748661951904e-308, 1.832989655814911e-308, 1.3738248856067295e-308, 2.3282369483557234e-308, 1.4219514166014196e-308, 2.51666918969687e-308]"
doc_00496,10919134,2011,8,1.0,unknown,2016,AIR BAGS,,low,2,"[3.960018899350649e-308, 3.280949166400456e-308, 4.618118710702001e-308, 1.8131793633428914e-308, 1.6550244202585987e-308, 5.7119280364057e-308, 2.117730519594981e-308, 1.0, 2.604273062745678e-308, 3.780715083571551e-308, 2.1716136775932576e-308, 1.604703382890431e-308, 1.547714493155207e-308, 2.948849912948159e-308, 1.794841366862388e-308, 1.3711354744718603e-308, 2.1562537185426376e-308, 1.4444636297012434e-308, 2.436658413594166e-308]"
doc_00497,10917954,2011,8,1.0,unknown,2011,AIR BAGS,,low,1,"[3.983346065204679e-308, 3.7753504225512985e-308, 5.287788714442346e-308, 1.9274161060586102e-308, 1.747105109409633e-308, 5.031031838435893e-308, 1.991502492732095e-308, 1.0, 2.42780776678831e-308, 4.370106948459331e-308, 2.2130680823849316e-308, 1.565783874761534e-308, 1.553885951459658e-308, 2.7340733751514724e-308, 1.834320776755465e-308, 1.377441315442277e-308, 2.3222277154114365e-308, 1.4262230799791784e-308, 2.520684928196535e-308]"
doc_00498,10907394,2011,11,1.0,unknown,2011,POWER TRAIN,,low,0,"[3.7199752861049363e-308, 2.5704606064603306e-308, 6.121260941144265e-308, 2.655078037954124e-308, 1.824122237740493e-308, 2.825029646278043e-308, 1.884371317591697e-308, 2.2186175533717694e-308, 2.093997865267333e-308, 3.2469284832872784e-308, 1.0, 1.307300074479754e-308, 1.2899013806464324e-308, 2.355120546286275e-308, 1.3518204888073996e-307, 1.1696763036403906e-308, 2.2887208990583127e-308, 1.2080163549180273e-308, 1.0693513065169103e-307]"
doc_00499,10905899,2011,8,0.26162510357015845,unknown,2011,AIR BAGS,,low,0,"[0.02387742289467336, 0.02438040839203702, 0.035204124370928284, 0.011872443179965744, 0.010562682505562733, 0.029062784055796473, 0.011508850431305655, 0.26162510357015845, 0.013972014610928996, 0.02838159630573576, 0.013563806157383179, 0.009046153169268841, 0.00906689896835724, 0.01569247134026209, 0.01118883886135482, 0.008045392848455827, 0.014414069340596768, 0.008277127722269477, 0.015527619784388153]"
doc_00500,10899215,2011,8,1.0,unknown,2011,AIR BAGS,,low,0,"[3.975972988941946e-308, 3.7493107647161956e-308, 5.236787284972297e-308, 1.919115093774825e-308, 1.7410021365830797e-308, 5.025693344075345e-308, 1.9943941983670823e-308, 1.0, 2.4313137569912083e-308, 4.330856580948313e-308, 2.2057193709458324e-308, 1.566299202256406e-308, 1.5527868485600905e-308, 2.734631078496767e-308, 1.8286838837469646e-308, 1.3765537795060384e-308, 2.3110002426139935e-308, 1.426164440452525e-308, 2.509650233062354e-308]"
doc_00501,10889280,2011,1,1.0,unknown,2011,EXTERIOR LIGHTING,,low,2,"[1.0, 2.55071551111915e-308, 6.310254994137302e-308, 1.981657667209394e-308, 1.8835235407257207e-308, 3.434927176923247e-308, 2.103617944311419e-308, 3.20959813207323e-308, 2.7242507093121816e-308, 3.8178641732008e-308, 2.9588926350158754e-308, 1.6292368217824054e-308, 1.5858366107051915e-308, 2.92276780655142e-308, 2.462716092916639e-308, 1.4017497953430746e-308, 1.9057260871461314e-308, 1.4546029429999283e-308, 3.2817894724260226e-308]"
doc_00502,10873212,2011,8,1.0,TDI_unknown,2011,AIR BAGS,,low,0,"[3.8790748316230117e-308, 3.633677062896958e-308, 4.93400824446214e-308, 1.8792454219660407e-308, 1.71671042737827e-308, 4.896890753778285e-308, 1.991962615263282e-308, 1.0, 2.4253679062553384e-308, 4.142170421224748e-308, 2.150547070687846e-308, 1.5688563289329393e-308, 1.5512924496155863e-308, 2.7166037627208755e-308, 1.7897283699646613e-308, 1.375814892066557e-308, 2.2597834437564796e-308, 1.427446995441372e-308, 2.4383099139708844e-308]"
doc_00503,10863571,2011,8,1.0,unknown,2011,AIR BAGS,,low,0,"[3.853494518099117e-308, 3.6364647170773987e-308, 4.937800053193496e-308, 1.8810689866440895e-308, 1.706730441444323e-308, 4.977102097532685e-308, 1.9959898776995566e-308, 1.0, 2.42939056067878e-308, 4.108951074854422e-308, 2.1637936642517257e-308, 1.5602430070481e-308, 1.538816082525677e-308, 2.7250193085391087e-308, 1.797766286357333e-308, 1.365759458725896e-308, 2.2666681045439723e-308, 1.4187465204829253e-308, 2.4456875967616266e-308]"
doc_00504,10849614,2011,4,0.4602000964481114,TDI_unknown,2011,ENGINE,,medium,0,"[0.02738876788863137, 0.04597786853047886, 0.043170033523220006, 0.4602000964481114, 0.04951433577527101, 0.02213322835567668, 0.014587800366556087, 0.023533811591702092, 0.01609650035909587, 0.059219298055088125, 0.0288958147428844, 0.01394299247307889, 0.016404567400037172, 0.018114971461880597, 0.029508979617831166, 0.015260362415864653, 0.06412253241268866, 0.013873428874990547, 0.038054609706912476]"
doc_00505,10819020,2011,4,0.3753907190619959,unknown,2011,FUEL/PROPULSION SYSTEM,,medium,0,"[0.029669517688585244, 0.059185704708734896, 0.04603359097767813, 0.3753907190619959, 0.050571118976315235, 0.02500282418911468, 0.016108810849742153, 0.027195384353809318, 0.017799811556163576, 0.07015705988614003, 0.03136936550612998, 0.015280612828220744, 0.017926254372003004, 0.01999897756579676, 0.031517545226546886, 0.01665906699422175, 0.0930076305098619, 0.015199460311332283, 0.04192654443760749]"
doc_00506,10790432,2011,3,0.39717704227989886,TDI_unknown,2011,"STEERING,UNKNOWN OR OTHER,FUEL/PROPULSION SYSTEM",,low,0,"[0.061363041004641954, 0.040635566425692306, 0.39717704227989886, 0.030226779433439262, 0.021477712858238452, 0.03486004223637717, 0.017658352374180158, 0.03230826481621085, 0.021024732430756296, 0.07077814054321065, 0.0546473887745663, 0.012705238052046904, 0.013239642373721307, 0.023569091193694925, 0.04174954018045384, 0.01182526626553717, 0.027935751548751837, 0.011827939228578237, 0.07499046798000354]"
doc_00507,10781439,2011,4,1.0,TDI_unknown,2011,"ENGINE,FUEL/PROPULSION SYSTEM",,medium,0,"[2.0046681359596985e-308, 3.320579161401677e-308, 2.9554188684249533e-308, 1.0, 3.873929909697046e-308, 1.6445519732305243e-308, 1.1177648411346434e-308, 1.7558348122309964e-308, 1.222941844722753e-308, 3.943647451425243e-308, 2.1139150800268115e-308, 1.081844237817545e-308, 1.2813086538923366e-308, 1.364354179689305e-308, 2.1800679195168414e-308, 1.2018934276996407e-308, 4.729529698322069e-308, 1.0834913348164984e-308, 2.679902550233045e-308]"
doc_00508,10779518,2011,6,0.3788262555230176,unknown,2011,SUSPENSION,,low,0,"[0.05046914280163288, 0.022148775888523795, 0.034079281183019505, 0.016405827105810344, 0.015284521401103564, 0.3788262555230176, 0.03309520430755567, 0.05055994551294444, 0.04479857489178947, 0.02906191248347841, 0.025073158954357383, 0.01952507111188542, 0.016529395459887873, 0.06618501303355606, 0.0200695292062887, 0.01444834001543852, 0.017694017941073743, 0.016485377963824252, 0.027359282506619148]"
doc_00509,10760164,2011,1,1.0,2.0_TSI,2011,ELECTRICAL SYSTEM,,low,0,"[1.0, 2.638692415787722e-308, 6.770306501796605e-308, 2.0445270580106666e-308, 1.944998084171792e-308, 3.3006842674129456e-308, 2.005771431237342e-308, 3.20015422696254e-308, 2.56261696787858e-308, 3.9718941515153517e-308, 2.9333058087445073e-308, 1.5971245628269185e-308, 1.5813147698042244e-308, 2.7690670420702525e-308, 2.464734591712979e-308, 1.400111399325877e-308, 1.959764495953731e-308, 1.437287515655393e-308, 3.28882880927602e-308]"
doc_00510,10750213,2011,4,0.7941573396714126,unknown,2011,"POWER TRAIN,ENGINE,FUEL/PROPULSION SYSTEM",,low,0,"[0.010272657355454465, 0.01807419996018771, 0.015230068053201326, 0.7941573396714126, 0.019920714514908632, 0.008445259051554405, 0.005613932331206945, 0.009161390074112976, 0.006173682000252691, 0.022202302085664427, 0.010474159408756572, 0.005446723985212793, 0.006473796514182091, 0.00690476532680978, 0.01062644774107367, 0.0060494623853339655, 0.02581868927384271, 0.00545055059926247, 0.01350385966756979]"
doc_00511,10734069,2011,4,1.0,TDI_unknown,2011,FUEL/PROPULSION SYSTEM,,low,1,"[2.019003341768303e-308, 3.362699299312668e-308, 2.957780238092198e-308, 1.0, 3.9168883598900394e-308, 1.6482742348224435e-308, 1.1178074678625287e-308, 1.770252830255717e-308, 1.2242384430880477e-308, 4.010295526057667e-308, 2.09152902053527e-308, 1.084780363907687e-308, 1.2873865487123626e-308, 1.364281101604353e-308, 2.147711475219968e-308, 1.207382072445026e-308, 4.724377325111988e-308, 1.0867812548521196e-308, 2.6478432828422154e-308]"
doc_00512,10723924,2011,2,0.1163834065465991,unknown,2011,ENGINE,,low,0,"[0.023419788672614114, 0.1163834065465991, 0.04940263166141402, 0.03686727197868489, 0.019885144695367108, 0.02400149770279271, 0.012309690060047403, 0.028086983533014826, 0.013886298265734452, 0.06194111531972264, 0.025708164688430214, 0.009869231756749725, 0.010826789773730115, 0.015663125509424673, 0.02241200905645294, 0.009823594170676462, 0.05525854160673319, 0.00947952788267323, 0.03602879458641442]"
doc_00513,10724128,2011,1,0.13187399075279835,unknown,2011,STRUCTURE,,low,0,"[0.13187399075279835, 0.028275108148816803, 0.057045576229300385, 0.023770672129168516, 0.020874756225352457, 0.059742388556720656, 0.04077850445276815, 0.03666310665468852, 0.04811908981138906, 0.04177628435855282, 0.056598609051975966, 0.02178909563953079, 0.01955083692282118, 0.052724018613691755, 0.040978841417988535, 0.01710606498392539, 0.022601223182051416, 0.01894235281932653, 0.06047696238792713]"
doc_00514,10691939,2011,3,0.15972530757591555,unknown,2011,FUEL/PROPULSION SYSTEM,,low,0,"[0.037739163438296516, 0.05356870257769066, 0.15972530757591555, 0.033611823620441475, 0.019510267349654536, 0.027073754235604486, 0.014194754693233086, 0.028161663694353075, 0.016337875399453902, 0.06076746422820821, 0.0419620068417392, 0.009901398932523856, 0.010579057383910344, 0.017980665333352915, 0.03464540815468826, 0.00956333816355983, 0.03278339280324182, 0.00939084958194793, 0.05249927840101094]"
doc_00515,10682871,2011,5,0.17289461141183174,TDI_unknown,2011,"POWER TRAIN,ENGINE",,medium,0,"[0.02705363136891511, 0.03302686509978763, 0.04031091277703755, 0.052420775298964516, 0.17289461141183174, 0.022251012287863442, 0.01476302818566753, 0.022542675458065743, 0.016279055030548023, 0.07200411984047397, 0.02439377998128169, 0.015916323568231548, 0.020545338477681214, 0.0188807138405096, 0.02371733820846418, 0.018788782630412608, 0.03373998945270484, 0.01616758030270657, 0.03279008767170592]"
doc_00516,10672579,2011,3,0.28542498221604556,unknown,2011,"POWER TRAIN,ELECTRICAL SYSTEM",,high,0,"[0.0523403000469297, 0.034455204490418445, 0.28542498221604556, 0.027912644599871656, 0.022385068010282665, 0.032284152296864696, 0.015854162512052055, 0.029311120775898283, 0.018899211182306364, 0.09107972636649364, 0.04091275298042005, 0.012218087237618764, 0.013140199126465801, 0.022035353280472243, 0.033558359948191646, 0.011609380451206288, 0.025118782117685555, 0.011444693541910326, 0.06495161557941949]"
doc_00517,10672117,2011,5,0.15018333295428976,unknown,2011,ENGINE AND ENGINE COOLING,,medium,0,"[0.02823528508820382, 0.034467512085679, 0.042828211118670814, 0.05392936316462866, 0.15018333295428976, 0.023119074631236164, 0.015182142243426781, 0.023415303217313742, 0.016767586430988215, 0.07898980719834893, 0.025387145486036468, 0.01623037310828589, 0.020815263462445888, 0.01947359849638942, 0.024591468111062952, 0.01898005001367264, 0.035020415595392526, 0.016433812743295327, 0.03443687574348638]"
doc_00518,10660976,2011,4,1.0,unknown,2011,"ELECTRICAL SYSTEM,FUEL/PROPULSION SYSTEM",,low,1,"[2.1345944777530325e-308, 3.619863969181993e-308, 3.162945105980826e-308, 1.0, 4.1828828267551745e-308, 1.7241660424599714e-308, 1.149647732171817e-308, 1.86906030176608e-308, 1.264534707079024e-308, 4.579526097437711e-308, 2.135776799996324e-308, 1.1189265805520647e-308, 1.3336744908227675e-308, 1.411076012739825e-308, 2.163709267226337e-308, 1.2455453189064155e-308, 4.904930195276051e-308, 1.1199903290521706e-308, 2.73723684552029e-308]"
doc_00519,10655149,2011,19,0.0705426959549305,TDI_unknown,2011,ENGINE,,high,3,"[0.04224592351758649, 0.027875954118819084, 0.1000385665867701, 0.027013430664885246, 0.01687054598324228, 0.02499965477132611, 0.015188605998105844, 0.021646525185744954, 0.017377302024943177, 0.03580028872698437, 0.09565239259413333, 0.009926542094295531, 0.010122815608102163, 0.01925030266390134, 0.07033198052195397, 0.009177768872364076, 0.022435643874022956, 0.009259431353705114, 0.0705426959549305]"
doc_00520,10653889,2011,19,1.0,unknown,2011,ENGINE,,low,0,"[4.513520298772162e-308, 3.3726101883199985e-308, 9.905440139658632e-308, 3.573745297326697e-308, 2.487557658945741e-308, 3.6941428267440555e-308, 2.080520572846561e-308, 2.8307850646423184e-308, 2.3374168915880717e-308, 5.483378235926835e-308, 1.1554821335646187e-307, 1.4949026222414463e-308, 1.550679495029179e-308, 2.7881567408945247e-308, 7.889706293736934e-308, 1.3854016758573456e-308, 2.9518756482837114e-308, 1.3981463740014825e-308, 1.0]"
doc_00521,10653927,2011,19,1.0,unknown,2011,"ELECTRICAL SYSTEM,ENGINE,FUEL/PROPULSION SYSTEM",,low,0,"[4.467625298590123e-308, 3.4786861998610736e-308, 9.925170164044556e-308, 3.648743071881843e-308, 2.482778762876378e-308, 3.733538401271614e-308, 2.0632992560186147e-308, 2.879366674472526e-308, 2.324330714861393e-308, 5.615568243835283e-308, 1.1580595438832468e-307, 1.4800740478108563e-308, 1.536016097244952e-308, 2.7726343845367004e-308, 7.852478560684678e-308, 1.3733887033282306e-308, 3.038943631702758e-308, 1.385002336001694e-308, 1.0]"
doc_00522,10650724,2011,4,0.44856828387629183,unknown,2011,FUEL/PROPULSION SYSTEM,,medium,0,"[0.027047248191386177, 0.04891763281243313, 0.042364830688786985, 0.44856828387629183, 0.04816835039801644, 0.02239752774387689, 0.014593377781514323, 0.024025537349749722, 0.016121279319475535, 0.06123462882933621, 0.02871683478483414, 0.013914867883845551, 0.01634715225978252, 0.01818237603144518, 0.029144251003765605, 0.015202389673048175, 0.07295296159598369, 0.013843091285815153, 0.03825737849061275]"
doc_00523,10644531,2011,4,0.4348801276661466,TDI_unknown,2011,FUEL/PROPULSION SYSTEM,,medium,1,"[0.028273773580737762, 0.04722393035564095, 0.044241086024192196, 0.4348801276661466, 0.05199428152598752, 0.02324655800260938, 0.015438751082151042, 0.024531515000593695, 0.016992606878292977, 0.059192122705266116, 0.030767379482194816, 0.014751493015399903, 0.01732515800651795, 0.019172272854909387, 0.03170866397988805, 0.016150003561940712, 0.06892898022755617, 0.014689730348160084, 0.04049156570181476]"
doc_00524,10632101,2011,4,1.0,TDI_unknown,2011,FUEL/PROPULSION SYSTEM,,medium,0,"[2.109865833829189e-308, 3.7777377869221533e-308, 3.1720627615389243e-308, 1.0, 3.956861682354552e-308, 1.741103283274604e-308, 1.153522443188237e-308, 1.8823642342742093e-308, 1.26840224668665e-308, 4.57502709251261e-308, 2.1881959955169e-308, 1.1113275630191426e-308, 1.3157411277492735e-308, 1.4185708499443957e-308, 2.222088864535392e-308, 1.2282793772188855e-308, 5.492492337026997e-308, 1.110545547953644e-308, 2.8374584538796487e-308]"
doc_00525,10632105,2011,3,0.010992049529648034,unknown,2011,FUEL/PROPULSION SYSTEM,,low,0,"[0.007680805695671707, 0.008299924299388863, 0.010992049529648034, 0.008573434752578928, 0.00946934188448014, 0.007795280385761036, 0.004377151182317896, 0.006995507155379817, 0.004959099062091797, 0.018540933297645088, 0.007287617619908108, 0.0037684884040410003, 0.004464677443840489, 0.006209129303239037, 0.006533348432581234, 0.003930781303215114, 0.007908992076060732, 0.003680870115536822, 0.011079372995457751]"
doc_00526,10630265,2011,4,0.49720276318538265,unknown,2014,"ENGINE,FUEL/PROPULSION SYSTEM",,high,0,"[0.025527661527009134, 0.04430107131153975, 0.03927409554391204, 0.49720276318538265, 0.04685400397384249, 0.020582242169992195, 0.013544562114416004, 0.022201633161656582, 0.014934048288254525, 0.056811898938135326, 0.02599831797631117, 0.013021959645882106, 0.015416894871310694, 0.016699762052992936, 0.026274953692630755, 0.014345582601911497, 0.060135186230085125, 0.01298646209933064, 0.0338869006154044]"
doc_00527,10619140,2011,4,0.4875167823161836,TDI_unknown,2011,"STEERING,FUEL SYSTEM, DIESEL,SERVICE BRAKES",,high,0,"[0.026063435263366845, 0.041451669634154704, 0.039610441480558915, 0.4875167823161836, 0.04815922539772504, 0.02074006321685964, 0.013913703800898389, 0.022092052536124233, 0.015300419946891384, 0.053284717771958125, 0.026732976109960786, 0.012605567343594441, 0.014943690050244186, 0.017119113631149846, 0.027387459751611058, 0.013947858389040545, 0.05866264346097369, 0.012588564007970508, 0.034267366141450165]"
doc_00528,10607975,2011,4,1.0,TDI_unknown,2011,FUEL/PROPULSION SYSTEM,,medium,1,"[2.076330773424144e-308, 3.44955774964807e-308, 3.0418485752118823e-308, 1.0, 4.091634359342743e-308, 1.6776623711529206e-308, 1.130757554663084e-308, 1.812282818681716e-308, 1.2409266110859644e-308, 4.2524861721223545e-308, 2.094631069442825e-308, 1.1018847431089955e-308, 1.312861926279702e-308, 1.3823588032182995e-308, 2.134999390549313e-308, 1.2291383845919666e-308, 4.693501390315653e-308, 1.104058820993481e-308, 2.658128328579336e-308]"
doc_00529,10597995,2011,4,0.511259941802496,unknown,2013,"FUEL SYSTEM, DIESEL",,high,1,"[0.0245935127320726, 0.04122413994484392, 0.03802684686545526, 0.511259941802496, 0.045839394373458554, 0.020084836781395506, 0.013326221026956544, 0.021359319714646035, 0.014685358606616327, 0.05199524348247851, 0.0261043690581811, 0.012792696343779192, 0.015065509641356846, 0.016552701976212954, 0.026788200211104635, 0.01404748793827159, 0.059307443512231, 0.012747286054682814, 0.034199489933760555]"
doc_00530,10586064,2011,3,0.14610357762961473,unknown,2011,ELECTRICAL SYSTEM,,low,0,"[0.06965148154715597, 0.028277287492704365, 0.14610357762961473, 0.018515195582818122, 0.014336533824505279, 0.02820707182658217, 0.013370076555040397, 0.02878432750729763, 0.016478330839441172, 0.05018521226345402, 0.027914284929647707, 0.008777408780174642, 0.009048165900156915, 0.01843316670894662, 0.022199328031514545, 0.008032715018617582, 0.018201749395186782, 0.008082686992547803, 0.03454819809241704]"
doc_00531,10577802,2011,4,1.0,TDI_unknown,2011,"FUEL SYSTEM, DIESEL",,high,2,"[2.0576227782752545e-308, 3.531943812937483e-308, 3.0222934358312584e-308, 1.0, 3.930733029666378e-308, 1.678945106670765e-308, 1.1286033479582404e-308, 1.8162778776814215e-308, 1.238374578009926e-308, 4.217527626870835e-308, 2.104872790263988e-308, 1.0938967868751283e-308, 1.298594809194981e-308, 1.379362048387289e-308, 2.147160692171127e-308, 1.215708322072434e-308, 4.953727795618999e-308, 1.095192371619128e-308, 2.6790778505131133e-308]"
doc_00532,10549440,2011,4,0.660072858749549,unknown,2011,"ELECTRICAL SYSTEM,FUEL/PROPULSION SYSTEM",,low,0,"[0.01416272188134071, 0.029267949931810117, 0.02262841909466046, 0.660072858749549, 0.021115722490492123, 0.0126650627889856, 0.00814404501714294, 0.01335387709320738, 0.008941343784614697, 0.031166846664951158, 0.01708959556989643, 0.007044533116276265, 0.008108045425500964, 0.010075695917613, 0.017381159424803828, 0.0075327326908634865, 0.0595130345478464, 0.006969174962558257, 0.023508648012920626]"
doc_00533,10543609,2011,1,0.13209473716781606,TDI_unknown,2011,"VEHICLE SPEED CONTROL,ELECTRONIC STABILITY CONTROL (ESC),ENGINE",,low,0,"[0.13209473716781606, 0.028456531594986196, 0.05904216358901872, 0.023986877188662596, 0.021035987283277525, 0.05871689026087095, 0.039280102653355464, 0.036418219065478416, 0.04657625737308962, 0.04246199256655099, 0.057509085996626345, 0.021510456839888625, 0.019446203767225976, 0.05131546999306399, 0.04145638967296541, 0.017015987792003986, 0.022713386292146906, 0.018755779729650358, 0.06189496351211618]"
doc_00534,10526247,2011,4,1.0,TDI_unknown,2011,"FUEL SYSTEM, DIESEL",,medium,0,"[1.98829724189828e-308, 3.246536036041719e-308, 2.918138477378539e-308, 1.0, 3.872047263792524e-308, 1.628668271648749e-308, 1.1114388058332787e-308, 1.736215234294786e-308, 1.215375292952638e-308, 3.85725668255892e-308, 2.096520768918706e-308, 1.077555875716736e-308, 1.2767081205666996e-308, 1.355934704187768e-308, 2.166981737419214e-308, 1.1987258799313707e-308, 4.598300466719253e-308, 1.0796376186260767e-308, 2.6478871101737453e-308]"
doc_00535,10521142,2011,4,0.695442292256882,TDI_unknown,2013,"FUEL SYSTEM, DIESEL,VEHICLE SPEED CONTROL",,low,0,"[0.015138439847662452, 0.027065486711588687, 0.022981665702529415, 0.695442292256882, 0.0273749440262123, 0.012472089761438853, 0.008269073596049085, 0.01342691922186841, 0.009094041367434226, 0.032101119316754, 0.015949943868018342, 0.007915185649772187, 0.009325481890383396, 0.010172139477637778, 0.01626730160473595, 0.008703706946557265, 0.039694446430940264, 0.007896672972754305, 0.02070904935078107]"
doc_00536,10512456,2011,4,1.0,unknown,2011,FUEL/PROPULSION SYSTEM,,medium,0,"[2.174180637340421e-308, 4.3014916741269097e-308, 3.471229041877689e-308, 1.0, 3.304246494212997e-308, 1.9472794480386745e-308, 1.264129988441413e-308, 2.03406740091715e-308, 1.3847478368958817e-308, 4.6169670845349305e-308, 2.6780335727523055e-308, 1.11335629576211e-308, 1.2802851051748786e-308, 1.5619766213821335e-308, 2.7485485809087537e-308, 1.190733443249998e-308, 8.402560804912842e-308, 1.101945029776857e-308, 3.6702115293433746e-308]"
doc_00537,10501037,2011,4,0.8021028649608789,TDI_unknown,2009,"FUEL SYSTEM, DIESEL",,low,0,"[0.009828326801915156, 0.017539485915090518, 0.014798977302606172, 0.8021028649608789, 0.018148408765077055, 0.008109328688986431, 0.005386676247612658, 0.008746009764397001, 0.005920161250053814, 0.02089728405639625, 0.010286583480194763, 0.00517520873432934, 0.006113103443054333, 0.006618109864276877, 0.010479545073411421, 0.005709091511826937, 0.025656143480870246, 0.005169052005082067, 0.013315638653940112]"
doc_00538,10493786,2011,2,0.11898481725704008,unknown,2011,"FUEL SYSTEM, DIESEL,FUEL/PROPULSION SYSTEM",,medium,0,"[0.021414286825677826, 0.11898481725704008, 0.033907930487603315, 0.048060140132188706, 0.02319225073946352, 0.019483842833838007, 0.011237477072185389, 0.023823133096474155, 0.01253137823891102, 0.05372367622823566, 0.02097635611396906, 0.009617009617020035, 0.010940812481187973, 0.01394164203300131, 0.01975117686498842, 0.01008598970800699, 0.09611508852413612, 0.009426080128237924, 0.02743048415710771]"
doc_00539,10493135,2011,4,0.26287306809401917,unknown,2011,"FUEL SYSTEM, DIESEL,FUEL/PROPULSION SYSTEM",,medium,1,"[0.021336742134781782, 0.043416735588329355, 0.03127277308866162, 0.26287306809401917, 0.035431921858709046, 0.01784042732537894, 0.01163211395603283, 0.019835869855565295, 0.012819530532431098, 0.04785402317458878, 0.02150229673123884, 0.01044122680514464, 0.012334938195087557, 0.014244465585093593, 0.021518752231797326, 0.011506332371257304, 0.06822879045943113, 0.010427130270057074, 0.02780015867519049]"
doc_00540,10486058,2011,4,0.638158482148155,unknown,2011,"FUEL SYSTEM, DIESEL,FUEL/PROPULSION SYSTEM",,low,0,"[0.017636137743969053, 0.03305102663253896, 0.026794454594537057, 0.638158482148155, 0.03199789255476685, 0.014683905177691527, 0.009623769200223882, 0.015930436520785875, 0.010599493331555588, 0.039601137069269376, 0.0183961247480688, 0.009221660169835428, 0.010887087613765964, 0.011869465726395984, 0.01859287546539868, 0.010145950406317765, 0.049491909404214676, 0.009201628108307061, 0.02411656338420258]"
doc_00541,10486143,2011,4,0.3478353004881969,unknown,2012,"FUEL SYSTEM, DIESEL,FUEL/PROPULSION SYSTEM",,low,0,"[0.027150935706636483, 0.04848877960936956, 0.04183255406207274, 0.3478353004881969, 0.04669030128738622, 0.023073630028996893, 0.015353052259755157, 0.02437573284970822, 0.01681464840639712, 0.05599887374653143, 0.030641992524988382, 0.013637034687601666, 0.015967458655416884, 0.018887989671758785, 0.0316321302980685, 0.014915548865620003, 0.08200456590166144, 0.013598974174059987, 0.040210720039818085]"
doc_00542,10483260,2011,4,1.0,unknown,2011,"STEERING,VEHICLE SPEED CONTROL,FUEL/PROPULSION SYSTEM",,low,0,"[2.183333921542895e-308, 4.0184432975673043e-308, 3.524149351965019e-308, 1.0, 3.382110608061476e-308, 1.92918176089442e-308, 1.26485187601795e-308, 1.9916274249265978e-308, 1.384012448659336e-308, 4.503377967666927e-308, 2.7219193535557466e-308, 1.115502093648532e-308, 1.284335714549998e-308, 1.564051019069474e-308, 2.824378308408319e-308, 1.1948777011398233e-308, 7.204546039836106e-308, 1.1048698161143235e-308, 3.7203121278784875e-308]"
doc_00543,10479855,2011,4,0.027844519349538775,TDI_unknown,2011,FUEL/PROPULSION SYSTEM,,high,1,"[0.030767222223622076, 0.03749495132138019, 0.09947549927200708, 0.027844519349538775, 0.016398426690556866, 0.02302629672547358, 0.011520307705298008, 0.02257546566458738, 0.01340549697795795, 0.06188865345941626, 0.03375163056975273, 0.007820625998318882, 0.008393434652842207, 0.01522105182585291, 0.02795167711718361, 0.0075420791960877104, 0.025360354800104373, 0.007401582327227043, 0.04970725805940982]"
doc_00544,10479817,2011,4,0.6388851542011178,unknown,2011,"FUEL SYSTEM, DIESEL,FUEL/PROPULSION SYSTEM",,low,0,"[0.013825267065065792, 0.028727080942333373, 0.02168286895079289, 0.6388851542011178, 0.020706151096579688, 0.012527158887831664, 0.008112028975699851, 0.01320641738312845, 0.00888179173019068, 0.029513571720367074, 0.016860352957127504, 0.0070197628689466565, 0.008070697223802888, 0.009995672266980468, 0.017210061017407196, 0.007512277034509012, 0.061772222809966026, 0.006949898742269672, 0.022959818226012382]"
doc_00545,10479393,2011,19,1.0,unknown,2011,FUEL/PROPULSION SYSTEM,,medium,0,"[4.192069835066798e-308, 3.5152314692775057e-308, 9.201099645739012e-308, 3.8271448877451826e-308, 2.5121978121943654e-308, 3.5673795990884645e-308, 2.003334522462375e-308, 2.8056633546785967e-308, 2.2376996262175883e-308, 5.499276894362633e-308, 1.1395114759669697e-307, 1.450485361124714e-308, 1.515514471487041e-308, 2.6520825021365e-308, 8.09686224357572e-308, 1.358735233351547e-308, 3.137599910427028e-308, 1.36360060250051e-308, 1.0]"
doc_00546,10474188,2011,7,0.5414720207165641,unknown,2011,AIR BAGS,,low,0,"[0.019054476658073957, 0.008257857879092086, 0.011208126208562711, 0.0070809298642400265, 0.006994428936751954, 0.01969166810499997, 0.5414720207165641, 0.012745193269147035, 0.07102563374087088, 0.010281206980367216, 0.011145098935144914, 0.01292841812888108, 0.009029288524002838, 0.028344751545564355, 0.009507448471689266, 0.008033520064751347, 0.007177078099610102, 0.010160898159866974, 0.01116441720215827]"
doc_00547,10473998,2011,4,0.432226428180494,unknown,2011,"ENGINE,FUEL/PROPULSION SYSTEM",,low,0,"[0.027930299952348598, 0.04733815502188324, 0.043377111104499315, 0.432226428180494, 0.050167590276995896, 0.022329009181931862, 0.014578288346950368, 0.024080797507636916, 0.016128242192814272, 0.06432019980350354, 0.027993709188864284, 0.013173486458749084, 0.015615840250784977, 0.018128126259795544, 0.028214083292630487, 0.014506700345393723, 0.06677057687868224, 0.013124549234594482, 0.03683196884717122]"
doc_00548,10467980,2011,4,0.39191755563601277,unknown,2011,FUEL/PROPULSION SYSTEM,,medium,0,"[0.03035578036875689, 0.051719926635732175, 0.048418354892915565, 0.39191755563601277, 0.054407807833600226, 0.024870600037839696, 0.016278769384820743, 0.026349540116368447, 0.01798534208931945, 0.06698508992978312, 0.0326367712377922, 0.01551191943451536, 0.018198935691973447, 0.020346409384187233, 0.03334375744516431, 0.016914886502537106, 0.07470112633669995, 0.015416565668722423, 0.04364086137325896]"
doc_00549,10467147,2011,4,0.7274261571420993,TDI_unknown,2011,"FUEL SYSTEM, DIESEL",,low,0,"[0.013763077705378528, 0.02277853473320012, 0.02040643634520961, 0.7274261571420993, 0.026781608468806745, 0.011304791376752388, 0.007655136742562724, 0.01205870628865671, 0.008388075324575186, 0.027406255547847168, 0.01453414120435426, 0.007411670215923616, 0.00877300038630252, 0.009389513413792521, 0.014991815531920258, 0.008222971750876662, 0.03275257126478125, 0.007417936502813073, 0.018537600054147143]"
doc_00550,10460725,2011,4,1.0,unknown,2011,FUEL/PROPULSION SYSTEM,,low,0,"[2.1462028182614864e-308, 3.9253371366466643e-308, 3.407119534988667e-308, 1.0, 3.4076990033342386e-308, 1.883241263031761e-308, 1.244025904054521e-308, 1.95416283572435e-308, 1.3600462813306126e-308, 4.3674674933349386e-308, 2.625691173175086e-308, 1.1031447871714644e-308, 1.2741946522661373e-308, 1.5335866325132144e-308, 2.7303089960824594e-308, 1.1875916078982104e-308, 7.018473299083577e-308, 1.094729772174474e-308, 3.5326938963419486e-308]"
doc_00551,10454601,2011,3,0.36185761530019195,unknown,2011,POWER TRAIN,,low,0,"[0.06307570042615591, 0.04416121137988218, 0.36185761530019195, 0.028814817378635962, 0.020876679302567674, 0.044465307855376494, 0.020413356996829356, 0.039652593465814776, 0.024238076682090878, 0.07058982036833701, 0.05727603372243576, 0.013987021481807173, 0.01426776902478046, 0.02673981284961684, 0.04074952719854601, 0.012709301233386847, 0.029088310458093937, 0.012932279723384, 0.07410476515206682]"
doc_00552,10454615,2011,11,1.0,TDI_unknown,2011,POWER TRAIN,,high,0,"[3.7668916176866426e-308, 2.564790026274837e-308, 6.113713985692787e-308, 2.608845083954179e-308, 1.7907580844674235e-308, 2.791258986432376e-308, 1.8731589728858915e-308, 2.210818702766082e-308, 2.0865664229434313e-308, 3.191301238716902e-308, 1.0, 1.291236343389599e-308, 1.27125064962216e-308, 2.324437796498621e-308, 1.3230303706288382e-307, 1.1537767711596824e-308, 2.262855427401776e-308, 1.192357043493371e-308, 9.513681380524213e-308]"
doc_00553,10453398,2011,4,0.690266732120456,TDI_unknown,2011,"ENGINE AND ENGINE COOLING,FUEL SYSTEM, GASOLINE",,high,2,"[0.01605643692972364, 0.026175332736226957, 0.023794568624573523, 0.690266732120456, 0.030623671771517324, 0.012864061057827747, 0.008684617453449856, 0.013818195457431385, 0.009537199902025839, 0.032127977013243866, 0.016363546895291275, 0.008417789252826338, 0.009983609024525707, 0.010631917072569762, 0.0167629908576361, 0.009340873445599671, 0.03536876824064829, 0.008418389247837584, 0.020763322896589238]"
doc_00554,10451977,2011,4,1.0,TDI_unknown,2011,"ENGINE AND ENGINE COOLING,FUEL SYSTEM, DIESEL",,medium,0,"[1.993603100085245e-308, 3.265689047120708e-308, 2.9006322477092214e-308, 1.0, 3.91049809867569e-308, 1.6258325272283466e-308, 1.1089570102993104e-308, 1.742971149224091e-308, 1.213095966967762e-308, 3.887624478411305e-308, 2.065475159395356e-308, 1.0786583982675653e-308, 1.2813851055191295e-308, 1.3507569083280425e-308, 2.1259174730648793e-308, 1.2034323431108035e-308, 4.556013444954775e-308, 1.0815554295135096e-308, 2.600304038326769e-308]"
doc_00555,10448769,2011,4,1.0,unknown,2011,"FUEL SYSTEM, DIESEL",,medium,1,"[2.248871179154259e-308, 3.8506971617891974e-308, 3.6664373702918997e-308, 1.0, 3.6448501446446308e-308, 1.9202337748666294e-308, 1.2653211199205143e-308, 1.9803920570155476e-308, 1.388692730753145e-308, 4.633535170619943e-308, 2.703579625387468e-308, 1.1267030195418847e-308, 1.3054631370423264e-308, 1.5735148322563227e-308, 2.8154751716436683e-308, 1.2141878822770445e-308, 6.300141562841582e-308, 1.1176166909467353e-308, 3.6699169145435015e-308]"
doc_00556,10445533,2011,4,1.0,unknown,2011,"FUEL SYSTEM, DIESEL,ELECTRICAL SYSTEM",,medium,0,"[1.997345162660507e-308, 3.2687650167388404e-308, 2.9126203964036577e-308, 1.0, 3.877000210928253e-308, 1.6268546008265753e-308, 1.1100206608213836e-308, 1.7424202743744416e-308, 1.2141615280978625e-308, 3.8768980798434875e-308, 2.0754185974456086e-308, 1.077843069937754e-308, 1.2790186875722785e-308, 1.351388204940778e-308, 2.138007607792178e-308, 1.200950992285096e-308, 4.553530277035427e-308, 1.080316121482397e-308, 2.6117698430651693e-308]"
doc_00557,10444668,2011,5,0.3480536834078633,unknown,2011,ENGINE AND ENGINE COOLING,,low,0,"[0.017765565098962557, 0.021399267597396444, 0.025028402590098284, 0.0351118279347786, 0.3480536834078633, 0.014799528809885082, 0.010208398396288737, 0.014969770136980698, 0.011189340977963595, 0.03970694123270854, 0.01622012915706015, 0.011322149915431066, 0.01494501829987745, 0.012907668279670749, 0.015981986434958226, 0.013854875076011334, 0.02228086536111288, 0.011631779520250927, 0.021109422665554746]"
doc_00558,10444557,2011,5,0.14718757099815008,unknown,2011,"ENGINE AND ENGINE COOLING,UNKNOWN OR OTHER",,high,2,"[0.028078614842444356, 0.03476211875178834, 0.04262990410396431, 0.05357465431862637, 0.14718757099815008, 0.02326155171238843, 0.015219559600409079, 0.02353273397184459, 0.01680292261529901, 0.08119390399314697, 0.025457577169795576, 0.016258009013468463, 0.0208606286024629, 0.019528298010252243, 0.024617599263432443, 0.019009431191840943, 0.035377743566553675, 0.016467767080772855, 0.034666032086212904]"
doc_00559,10444314,2011,5,0.18453831697817386,unknown,2011,ENGINE AND ENGINE COOLING,,medium,0,"[0.026413225446379408, 0.032430059368778456, 0.03904738466880202, 0.05226645454271795, 0.18453831697817386, 0.0217145870306701, 0.014461625336026816, 0.022060905463420478, 0.015936981196218624, 0.06886580563643295, 0.02380279273517889, 0.015624762754868697, 0.020197524513207134, 0.01846441248050212, 0.02319014041175197, 0.01850513993823043, 0.03322807970212617, 0.01588865462490879, 0.03184976806445859]"
doc_00560,10442419,2011,3,1.0,unknown,2011,ENGINE AND ENGINE COOLING,,low,0,"[5.808060075619597e-308, 5.336699616121948e-308, 1.0, 3.317468668560863e-308, 2.2806979581540355e-308, 3.9612554549468475e-308, 1.931767883247967e-308, 3.923693115169388e-308, 2.279125343334548e-308, 7.977465526302101e-308, 5.562515621361546e-308, 1.384998913338161e-308, 1.441908976173712e-308, 2.521780319424709e-308, 4.199146750543643e-308, 1.291299151427888e-308, 3.3284244433124533e-308, 1.2930407430941095e-308, 7.107854168040486e-308]"
doc_00561,10441452,2011,4,0.33224715368369273,unknown,2011,"FUEL SYSTEM, GASOLINE",,medium,0,"[0.031215770080701102, 0.06323700954551835, 0.04885017250162131, 0.33224715368369273, 0.05133275468605461, 0.02664201469868447, 0.017218749205512765, 0.028734974357650732, 0.0189798602679714, 0.0712279553295248, 0.03430877757874791, 0.016182632689027233, 0.018868092029895558, 0.021297741473477044, 0.03466542473192046, 0.017543157553049114, 0.1053834777949697, 0.016074815384175135, 0.04598946640780553]"
doc_00562,10434861,2011,11,1.0,unknown,2011,POWER TRAIN,,low,0,"[3.641646507333975e-308, 2.499457018857982e-308, 5.787490334296068e-308, 2.5864553041487553e-308, 1.778191322689944e-308, 2.7265600137809664e-308, 1.8613261945213495e-308, 2.16039053823208e-308, 2.0635148147609147e-308, 3.0969681934351417e-308, 1.0, 1.2852802487948473e-308, 1.2643502830505796e-308, 2.3048321016671125e-308, 1.5090264288829014e-307, 1.1486180762136663e-308, 2.229925606137719e-308, 1.1873898951199757e-308, 9.254633786308768e-308]"
doc_00563,10434321,2011,11,1.0,unknown,2011,POWER TRAIN,,medium,0,"[3.9435290388262025e-308, 2.6278854430007066e-308, 6.556440954519045e-308, 2.6234113630069584e-308, 1.8066196159837282e-308, 2.8646597623351823e-308, 1.8910682450473797e-308, 2.265210087646742e-308, 2.118003146676414e-308, 3.3005035606815267e-308, 1.0, 1.3015497272852924e-308, 1.282234650506925e-308, 2.353706807316828e-308, 1.163019588417011e-307, 1.1622802652734035e-308, 2.287558693988226e-308, 1.200984389112037e-308, 9.645461650472624e-308]"
doc_00564,10434341,2011,11,1.0,TDI_unknown,2011,POWER TRAIN,,medium,0,"[3.936682761281583e-308, 2.6116421071726235e-308, 6.504921827171728e-308, 2.610323915901494e-308, 1.791521894292248e-308, 2.8003274267272166e-308, 1.8649567557153363e-308, 2.2360667537868056e-308, 2.0919572102428303e-308, 3.2419570269600397e-308, 1.0, 1.286437603555262e-308, 1.2675950234242175e-308, 2.316827143529101e-308, 1.1931593109966045e-307, 1.150263179276998e-308, 2.270839531920849e-308, 1.1875365246450543e-308, 8.998831289833383e-308]"
doc_00565,10432753,2011,11,0.42742805021023705,unknown,2011,POWER TRAIN,,medium,0,"[0.02380499880880762, 0.01586850674108313, 0.041001008199743255, 0.016077661950706396, 0.011201623622197041, 0.017783952032508054, 0.01156536000673773, 0.013781820024649312, 0.012911677195770929, 0.020742884076031254, 0.42742805021023705, 0.008023860182202434, 0.007933000826123606, 0.01454642336368552, 0.06589926583810382, 0.007171239866456367, 0.01390856370880482, 0.007406447233464089, 0.07003337906264348]"
doc_00566,10429280,2011,3,1.0,unknown,2011,"ENGINE AND ENGINE COOLING,POWER TRAIN,ELECTRICAL SYSTEM",,medium,0,"[6.958504101499659e-308, 3.8919716536933583e-308, 1.0, 3.361257170129751e-308, 2.384879056258237e-308, 3.733345171166132e-308, 2.028260904190325e-308, 3.2020666181633824e-308, 2.390759031833928e-308, 6.432323045776582e-308, 7.7066317140648145e-308, 1.4394319999624627e-308, 1.48588109850518e-308, 2.6982413694500287e-308, 5.68601437130433e-308, 1.3288091066557646e-308, 2.928249628856907e-308, 1.3368635410418754e-308, 1.0967920955457152e-307]"
doc_00567,10422843,2011,11,0.435859722848605,2.0_TSI,2011,POWER TRAIN,,high,1,"[0.018185628839020855, 0.011851759754840553, 0.030870655947148423, 0.011667204108267284, 0.008020096582426266, 0.012662570593999247, 0.008309656445384239, 0.010119930385633495, 0.009371379413271682, 0.014818954845446385, 0.435859722848605, 0.005737896487044342, 0.005660917238030489, 0.010363400698220481, 0.047767814832519406, 0.005132038866752266, 0.010185731231018761, 0.005294918861838523, 0.040154302918098725]"
doc_00568,10422749,2011,3,0.21737417923766772,unknown,2011,POWER TRAIN,,low,0,"[0.07494652803583028, 0.046460461644965416, 0.21737417923766772, 0.0334829255688983, 0.023877998687171817, 0.05491314463104889, 0.02563679696568705, 0.04369754778776633, 0.030415603252159466, 0.06932224515371119, 0.08758259005603347, 0.01681474483869786, 0.01680826578761832, 0.033773406959178576, 0.055895795498123256, 0.01499442544698269, 0.03307089402587684, 0.015445372997132969, 0.10548707342544963]"
doc_00569,10421403,2011,11,0.161565985592726,TDI_unknown,2011,"ENGINE AND ENGINE COOLING,FUEL SYSTEM, DIESEL",,medium,0,"[0.0402540810430683, 0.02791045823910772, 0.07738057719488577, 0.028125413118559, 0.0172841530185109, 0.02584563551026572, 0.016564066031656395, 0.02204003865967892, 0.01859895102019361, 0.03368879558937302, 0.161565985592726, 0.010574032633146883, 0.010668031471421261, 0.020428299499425043, 0.12487978441902244, 0.009717246682170692, 0.02340982950984692, 0.009863664599351375, 0.07793742628766082]"
doc_00570,10419541,2011,4,1.0,TDI_unknown,2011,"FUEL SYSTEM, DIESEL",,medium,0,"[2.0004430052343737e-308, 3.2689564962545336e-308, 2.919014639230094e-308, 1.0, 3.8999220118934687e-308, 1.629031248702196e-308, 1.1109871765315525e-308, 1.7445044291678066e-308, 1.2154871495956816e-308, 3.8930220721529685e-308, 2.077041682990624e-308, 1.07934683949662e-308, 1.281145443846696e-308, 1.35358203690484e-308, 2.139410178166938e-308, 1.2028331598833556e-308, 4.553830188803179e-308, 1.0818190775854284e-308, 2.615955028045877e-308]"
doc_00571,10417112,2011,11,1.0,2.0_TSI,2011,POWER TRAIN,,low,0,"[3.7999395986284773e-308, 2.5620745946398555e-308, 6.132795279885273e-308, 2.5878444920289825e-308, 1.775406595843864e-308, 2.7625268172633087e-308, 1.8616129217407036e-308, 2.202137272991275e-308, 2.0773796444894286e-308, 3.1619796016015953e-308, 1.0, 1.281385941062778e-308, 1.260853997864513e-308, 2.302153600327784e-308, 1.2950313926091249e-307, 1.144979666689609e-308, 2.2486542759898456e-308, 1.183103967659803e-308, 8.91217663260105e-308]"
doc_00572,10416652,2011,1,0.14054831597743858,2.0_TSI,2011,"VEHICLE SPEED CONTROL,ELECTRICAL SYSTEM",,low,0,"[0.14054831597743858, 0.03130389503804214, 0.08334850016667893, 0.026927255237543343, 0.02409651739813039, 0.05722164101852609, 0.03026626776805071, 0.03847164500720015, 0.038943653846336745, 0.052547508571167516, 0.056285119807760894, 0.020739165514884937, 0.019824102178484883, 0.05065113214699076, 0.04188295400150417, 0.017280334466507504, 0.02477661802740579, 0.01834000063852526, 0.06867400225825965]"
doc_00573,10415496,2011,6,0.04424843686853408,TDI_unknown,2011,STRUCTURE,,low,0,"[0.03697948305675107, 0.013540465333878605, 0.01943880230017467, 0.011027926775269545, 0.010416323828217246, 0.04424843686853408, 0.07715976509136141, 0.02399965997467305, 0.15578038279150855, 0.017473602446118203, 0.01707417392400134, 0.01749836416846645, 0.012711122322939335, 0.06357700076908387, 0.014154970195779732, 0.011118627860448038, 0.011368965607451887, 0.013739858961842405, 0.017677661746943008]"
doc_00574,10414844,2011,11,1.0,TDI_unknown,2011,POWER TRAIN,,medium,0,"[3.733017013439732e-308, 2.5415472903571233e-308, 6.012935664377953e-308, 2.5954283872960307e-308, 1.7781667146697606e-308, 2.738545805788417e-308, 1.8549132716946543e-308, 2.181871875115157e-308, 2.064918778853562e-308, 3.137344331971562e-308, 1.0, 1.2803668345175554e-308, 1.260592868056951e-308, 2.294699759178972e-308, 1.3892762506660321e-307, 1.1451075864457807e-308, 2.245495782137811e-308, 1.1828196011591367e-308, 9.042745563347125e-308]"
doc_00575,10412173,2011,11,1.0,unknown,2011,POWER TRAIN,,low,1,"[3.6471951498053315e-308, 2.5738070870259777e-308, 6.087627133142959e-308, 2.7161487106159785e-308, 1.8674265452991044e-308, 2.8438005891920387e-308, 1.888187922259411e-308, 2.217365840263944e-308, 2.0909215250950266e-308, 3.305775463356647e-308, 1.0, 1.323996745493422e-308, 1.3113091714068374e-308, 2.3768522310463465e-308, 1.3432238758815036e-307, 1.188108499782163e-308, 2.319328115119604e-308, 1.225178816703987e-308, 1.2291527424591784e-307]"
doc_00576,10411567,2011,11,0.21797194535573133,2.0_TSI,2011,POWER TRAIN,,high,1,"[0.029760406078071438, 0.01923594751462569, 0.054009835695111995, 0.018187680712410954, 0.01256953457684025, 0.021004577402577624, 0.013041574449998442, 0.016549271125896686, 0.014849566626692411, 0.024810047413988918, 0.21797194535573133, 0.008984579196803738, 0.008880006550355824, 0.016469128396217874, 0.058866161870821464, 0.008021863406583707, 0.016168332119832766, 0.008279399631185467, 0.06886032486136028]"
doc_00577,10410717,2011,4,1.0,unknown,2011,ENGINE AND ENGINE COOLING,,medium,0,"[2.202648210732777e-308, 3.859212049649625e-308, 3.5970524065721017e-308, 1.0, 3.405733756146348e-308, 1.9289883329693885e-308, 1.2708970771729035e-308, 1.973169399226608e-308, 1.3906919103030064e-308, 4.4373779846259237e-308, 2.7835080911122516e-308, 1.1193466660136544e-308, 1.2875234894583923e-308, 1.5751432164384265e-308, 2.9126070995220587e-308, 1.197500115660617e-308, 6.572047059620714e-308, 1.1082657597259867e-308, 3.809445834553036e-308]"
doc_00578,10410331,2011,11,1.0,unknown,2011,POWER TRAIN,,medium,1,"[3.739071602889034e-308, 2.6214433582036936e-308, 6.244858194990217e-308, 2.700034000467228e-308, 1.8618600262379498e-308, 2.9405816251108437e-308, 1.9177697257986807e-308, 2.278383258517436e-308, 2.1314246191509577e-308, 3.3783220159495975e-308, 1.0, 1.332812447052891e-308, 1.317023768397243e-308, 2.4166069891670515e-308, 1.1763030475385006e-307, 1.191936116281265e-308, 2.336816910790762e-308, 1.23136530766049e-308, 1.253772619357442e-307]"
doc_00579,10408881,2011,4,1.0,TDI_unknown,2011,"FUEL SYSTEM, DIESEL",,low,0,"[2.0451811565879547e-308, 3.4047357426553333e-308, 2.995890201375192e-308, 1.0, 3.980158577903121e-308, 1.660652217092401e-308, 1.1233618975294547e-308, 1.78855335811051e-308, 1.2313606499588727e-308, 4.109176505176127e-308, 2.0930910563737924e-308, 1.09171356193853e-308, 1.297635266446155e-308, 1.3713616797706886e-308, 2.142136866939629e-308, 1.2160509219534243e-308, 4.708289314894154e-308, 1.0937278437598667e-308, 2.6510679391412984e-308]"
doc_00580,10408252,2011,4,0.2974549540309283,unknown,2011,"FUEL SYSTEM, GASOLINE,ELECTRICAL SYSTEM",,medium,0,"[0.035805328703573246, 0.05963028088529375, 0.05850950402862987, 0.2974549540309283, 0.06171793899438514, 0.028754745088842293, 0.01867470350583959, 0.03044345524748938, 0.020710043850815017, 0.0805231503536292, 0.0378796800694992, 0.01774153865003431, 0.020769367982495346, 0.02346518721156195, 0.038541436176926576, 0.019253009400850566, 0.08141289546649393, 0.01758746037433436, 0.05112531997837794]"
doc_00581,10406281,2011,1,0.040363503362231413,TDI_unknown,2011,"SERVICE BRAKES, HYDRAULIC,POWER TRAIN",,medium,0,"[0.040363503362231413, 0.02713246931232614, 0.07231190880817152, 0.028332501906958123, 0.01772564876731318, 0.025378306338105394, 0.01686149797796857, 0.021708193078905348, 0.018870729797221843, 0.03265365582265735, 0.13458508806185296, 0.010861248380407031, 0.010949295173490215, 0.02078315167656328, 0.16331136534943416, 0.009994597502808648, 0.0231479847014863, 0.010137162220632203, 0.0716281618815372]"
doc_00582,10390258,2011,1,0.1649314844401323,unknown,2011,ELECTRICAL SYSTEM,,medium,0,"[0.1649314844401323, 0.02921805038811154, 0.06730703852280337, 0.024504943696968668, 0.022003255273897595, 0.061907825593134944, 0.033640273480559015, 0.039136643257199344, 0.045108106116599156, 0.046103113105716534, 0.05246177596807305, 0.021233834759805482, 0.019499605288973303, 0.05865923878033183, 0.038729484854756205, 0.0169817398831701, 0.023035626803639082, 0.01844249458952295, 0.05922409426604398]"
doc_00583,10387348,2011,4,0.03226289607290205,TDI_unknown,2011,"FUEL SYSTEM, GASOLINE",,low,0,"[0.041879383709816365, 0.06506800818299367, 0.17336017141327256, 0.03226289607290205, 0.02061732658381928, 0.03074506959650089, 0.0148429661755292, 0.03430479141135567, 0.01732143697470194, 0.08777238848686365, 0.03812140042259353, 0.01053480154113797, 0.011336973934386638, 0.019399564983502895, 0.03161920450815847, 0.010183872072689025, 0.034263253973560955, 0.009978194612204172, 0.05028188921885891]"
doc_00584,10384608,2011,11,0.282724037497297,unknown,2011,POWER TRAIN,,medium,0,"[0.019386934327016287, 0.014083113416899289, 0.0318348430359277, 0.015403054797783908, 0.010455631346383594, 0.015073055832373424, 0.010288372751621488, 0.011933854253808773, 0.011327180997971495, 0.0177144815277015, 0.282724037497297, 0.007303637468026017, 0.00725505375480829, 0.012878263572190227, 0.10330414048892513, 0.006592744369428338, 0.012928314594535062, 0.006778332768858003, 0.06245442772206455]"
doc_00585,10383043,2011,3,0.46661835576444444,unknown,2011,ENGINE AND ENGINE COOLING,,low,0,"[0.034051865025493615, 0.032932916162650476, 0.46661835576444444, 0.022728589920690444, 0.014370478219893873, 0.022661756407605482, 0.011858872585810106, 0.021940204155835055, 0.013788583018429971, 0.04267968249796044, 0.04131989828983461, 0.008329614095587808, 0.008683974173193044, 0.01513316657361194, 0.03094110177719783, 0.00782399289959244, 0.021782522363107185, 0.007810872102742181, 0.04954363585166711]"
doc_00586,10382879,2011,15,0.1686477220271021,TDI_unknown,2011,POWER TRAIN,,low,0,"[0.03925348002520061, 0.02695833448663406, 0.07041966808913859, 0.02825328058041282, 0.01751820123863914, 0.025029710411334203, 0.016604441024573938, 0.02143755883767866, 0.01855472185133069, 0.03223925497595415, 0.1353216184946886, 0.010696586251943446, 0.010791553719144273, 0.020425739214134212, 0.1686477220271021, 0.009854414806305641, 0.02307423713848683, 0.009990719056391676, 0.07166522789097714]"
doc_00587,10380139,2011,1,1.0,unknown,2011,EXTERIOR LIGHTING,,medium,1,"[1.0, 2.4806476234684613e-308, 5.998742084188138e-308, 1.956435978836849e-308, 1.887885761171926e-308, 3.3593122512007244e-308, 2.1036098771303077e-308, 3.1199356219005475e-308, 2.72576463695437e-308, 3.709078674153834e-308, 2.8845713354369924e-308, 1.6528504400992607e-308, 1.6073759388342313e-308, 2.932418240970473e-308, 2.4208416295554944e-308, 1.41939778231282e-308, 1.872428958142759e-308, 1.473387901764509e-308, 3.2101587625873113e-308]"
doc_00588,10378335,2011,18,1.0,TDI_unknown,2011,UNKNOWN OR OTHER,,low,0,"[1.80433982673903e-308, 1.1970831539050395e-308, 1.4025556259398366e-308, 1.110033675595988e-308, 1.4554899451112246e-308, 1.662765930213581e-308, 1.7741158808670196e-308, 1.4437700721648396e-308, 1.832598508855e-308, 1.4964889352945343e-308, 1.244339484379324e-308, 7.526279169190393e-308, 5.945375851772149e-308, 1.8378941885632474e-308, 1.1377101687392224e-308, 4.694635303969264e-308, 1.0890872351806915e-308, 1.0, 1.3973554874515074e-308]"
doc_00589,11690351,2012,1,1.0,unknown,2012,SERVICE BRAKES,,medium,0,"[1.0, 2.440464841466871e-308, 4.641724127262181e-308, 1.953726904547001e-308, 1.861952189424893e-308, 6.50967238826685e-308, 3.483692293822884e-308, 3.737104410187546e-308, 4.779751610849712e-308, 3.862937223220727e-308, 3.60967026823374e-308, 2.146380851680685e-308, 1.901719403774585e-308, 5.573874573429116e-308, 2.7658199268261266e-308, 1.630460457275158e-308, 1.9072908186329975e-308, 1.82248819587617e-308, 4.2057255884412866e-308]"
doc_00590,11465640,2012,1,1.0,unknown,2012,ELECTRICAL SYSTEM,,high,2,"[1.0, 2.6645502287718073e-308, 6.970991404305902e-308, 2.071886590818282e-308, 1.9741146658872532e-308, 3.263290551523401e-308, 1.978276020645587e-308, 3.18421304444993e-308, 2.5183684235327027e-308, 4.030007204376258e-308, 2.933993236543799e-308, 1.591208940277464e-308, 1.584443160204078e-308, 2.7345213529675465e-308, 2.4732711885756173e-308, 1.4032745131008806e-308, 1.979915566817261e-308, 1.4354137231325766e-308, 3.308646084134252e-308]"
doc_00591,11422285,2012,7,0.5125193226581187,unknown,2011,AIR BAGS,,low,0,"[0.02999423493721554, 0.012811470665458322, 0.017469646586818044, 0.011013593879170594, 0.01089013572545146, 0.031018391855654456, 0.5125193226581187, 0.01985309745242001, 0.13318525701266334, 0.015997815925162497, 0.01739265536779863, 0.020192997051739384, 0.014043868033126853, 0.04762819874059251, 0.01482598206632816, 0.01248664702801084, 0.011135566701021695, 0.015789850284386373, 0.01740788935526894]"
doc_00592,11266012,2012,1,1.0,unknown,2012,EXTERIOR LIGHTING,,low,0,"[1.0, 2.669380361788435e-308, 6.991856415348703e-308, 2.0714132817317523e-308, 1.9675616454542866e-308, 3.2690339682228495e-308, 1.980387001573894e-308, 3.1895692207206153e-308, 2.521112196819546e-308, 4.0291169644822485e-308, 2.9467889849810943e-308, 1.587101403703788e-308, 1.5790267101716843e-308, 2.7331252349222555e-308, 2.4808966268041133e-308, 1.3988477413598175e-308, 1.9809194802691e-308, 1.431580469996752e-308, 3.3153726387099406e-308]"
doc_00593,11231324,2012,9,1.0,unknown,2012,AIR BAGS,,low,0,"[4.528061906876315e-308, 1.65715954825987e-308, 2.3898853008053777e-308, 1.3818191725113485e-308, 1.314580965910046e-308, 4.773794492011959e-308, 1.096978952500188e-307, 2.785842898913337e-308, 1.0, 2.121350314499916e-308, 2.225515764130141e-308, 2.174705834918688e-308, 1.592011395855375e-308, 8.684063342456895e-308, 1.8546474857612876e-308, 1.4031034285246905e-308, 1.402504610726101e-308, 1.7204501594124093e-308, 2.2456538431157213e-308]"
doc_00594,11155220,2012,14,0.22131880768280976,unknown,2012,AIR BAGS,,low,0,"[0.03151447835327471, 0.011293090255009046, 0.016341365198228684, 0.009896940604024447, 0.009607540141409852, 0.03077587160593092, 0.04226745763816257, 0.01797942921849125, 0.09273761839951337, 0.014805271506471696, 0.016061896658089155, 0.01601043822339588, 0.011605818885577244, 0.22131880768280976, 0.013394214144138085, 0.010195973274531428, 0.009789653586162997, 0.012514664276524406, 0.01632050937287866]"
doc_00595,11143467,2012,11,0.14636909101649262,unknown,2012,POWER TRAIN,,low,0,"[0.05106768211195961, 0.03496825317941329, 0.09226823478998412, 0.02954801212476844, 0.020004897217732055, 0.04376540054939928, 0.022336959982786047, 0.032338119299146546, 0.02571431130766063, 0.04895884019909814, 0.14636909101649262, 0.013934316565169556, 0.013789945546322626, 0.02932194042745909, 0.06972604763782482, 0.012354683291812574, 0.02786384262676488, 0.012801647275254678, 0.13786010586751257]"
doc_00596,11113169,2012,2,1.0,unknown,2012,"ENGINE,FUEL/PROPULSION SYSTEM",,low,0,"[2.83163430516101e-308, 1.0, 5.42851256742574e-308, 4.1055641216867317e-308, 2.3699654528072706e-308, 2.635246236950693e-308, 1.430464212729438e-308, 3.40771010136039e-308, 1.6189852579657517e-308, 6.346992521860737e-308, 2.698012810571875e-308, 1.2005604136667305e-308, 1.321043794494612e-308, 1.796690545518635e-308, 2.4058447417783367e-308, 1.2053469810221657e-308, 6.46890386384157e-308, 1.156761878007285e-308, 3.464500735956776e-308]"
doc_00597,11012343,2012,12,0.022906901907690555,unknown,2012,STRUCTURE,,low,0,"[0.05253980716283149, 0.014751760452541141, 0.02179771124371456, 0.012786624040221793, 0.012861199824797194, 0.037059041073828375, 0.04156480832369338, 0.023333080250611038, 0.06332451198961257, 0.021139207336206032, 0.01901515782177929, 0.022906901907690555, 0.016456487475448846, 0.07470106299612747, 0.015698545058821994, 0.013821724738346258, 0.01262270286611658, 0.017299648084468926, 0.021237856815784422]"
doc_00598,11011753,2012,14,1.0,TDI_unknown,2012,"STEERING,ELECTRICAL SYSTEM,AIR BAGS",,medium,0,"[5.696409449487031e-308, 1.8562827892252434e-308, 2.814790450315409e-308, 1.5699538259855764e-308, 1.5052065325768283e-308, 6.401191270511138e-308, 4.886913033079966e-308, 3.2150675343692084e-308, 8.796989257225776e-308, 2.500141888483076e-308, 2.527496205645186e-308, 2.2285806361769792e-308, 1.729492035820291e-308, 1.0, 2.053012331489556e-308, 1.508453430317352e-308, 1.577536922392153e-308, 1.7944289540983145e-308, 2.644008409321363e-308]"
doc_00599,11000351,2012,8,1.0,unknown,2012,AIR BAGS,,low,0,"[3.8662042863737993e-308, 3.4191226029459713e-308, 4.688285960570223e-308, 1.8334140503520526e-308, 1.6758089915220677e-308, 5.19462122296611e-308, 2.0448778676126506e-308, 1.0, 2.5032306545770177e-308, 3.8914847391329627e-308, 2.141063751035295e-308, 1.58290217434125e-308, 1.5445511669052267e-308, 2.8193123969078623e-308, 1.778784195109826e-308, 1.369770270811324e-308, 2.192188177183186e-308, 1.4324095681313495e-308, 2.4098910516831885e-308]"
doc_00600,10983886,2012,6,0.36984507790795235,unknown,2012,STEERING,,low,0,"[0.051335688766293186, 0.022309061975592535, 0.0342601810980537, 0.016587963023048782, 0.01547843064104305, 0.36984507790795235, 0.03400320368910418, 0.05044801332722973, 0.04620136879655533, 0.029275961932602446, 0.025400814910075366, 0.019937225841787882, 0.016815154894950057, 0.06883145526106856, 0.02033937507470442, 0.014695978799404515, 0.01785730550544332, 0.016802821962871604, 0.027673543884025906]"
doc_00601,10899593,2012,8,0.4694966602938729,unknown,2012,AIR BAGS,,low,0,"[0.024633725652857662, 0.020951454241856304, 0.030577039817863208, 0.011179460116300886, 0.010263967672797395, 0.032316469713133775, 0.012190600334342203, 0.4694966602938729, 0.014992002538298181, 0.025121076701913745, 0.013117097461590127, 0.009511924830912535, 0.00935123439392564, 0.017024533345758278, 0.010841208997163464, 0.008264155457754385, 0.013314406305028377, 0.008615879952144082, 0.014983692992028676]"
doc_00602,10882668,2012,8,0.6295629763946599,unknown,2012,AIR BAGS,,low,0,"[0.02350380287137647, 0.023051403905240575, 0.032496789720223115, 0.011492013112303025, 0.010336698890835973, 0.028736714959712712, 0.011562842246068211, 0.6295629763946599, 0.014068971234946978, 0.026568506822718975, 0.01315505857333501, 0.009082952098095275, 0.009054115578128309, 0.015757093601459743, 0.010890096777973484, 0.008033173508757341, 0.013885613126033097, 0.008291970471948152, 0.014979209647534396]"
doc_00603,10871728,2012,4,1.0,unknown,2012,FUEL/PROPULSION SYSTEM,,low,0,"[2.2429140220982066e-308, 3.8953431842429534e-308, 3.7160132060889025e-308, 1.0, 3.447375893096607e-308, 1.9628401861581035e-308, 1.28669398083067e-308, 2.000455267544124e-308, 1.4096803091183707e-308, 4.578184364235603e-308, 2.8492585278288627e-308, 1.131746933694277e-308, 1.3011992803499526e-308, 1.600293881988363e-308, 2.975169425480274e-308, 1.2085178738419805e-308, 6.528212460666809e-308, 1.119574966859254e-308, 3.946522327179564e-308]"
doc_00604,10871349,2012,11,0.15212215758961917,TDI_unknown,2012,POWER TRAIN,,low,0,"[0.04288070533129152, 0.027176605735240323, 0.0849367887258663, 0.027767795119531712, 0.017682834846619845, 0.02630633850994172, 0.01691790389340305, 0.022082906367359788, 0.01910224628934662, 0.034367442360659715, 0.15212215758961917, 0.010867068262749446, 0.010954436761190558, 0.021262591239848777, 0.11875042768766922, 0.009954827647962605, 0.02281420746336595, 0.010114137313041475, 0.080675048975363]"
doc_00605,10854895,2012,12,0.011774683091624648,unknown,2012,POWER TRAIN,,low,0,"[0.04624514270833933, 0.030188089102393092, 0.07211133416412581, 0.024193529869904324, 0.01667080255867213, 0.04248301215267335, 0.019879028943919, 0.030117331934766685, 0.023216057815224015, 0.043530702763559935, 0.0869801928038575, 0.011774683091624648, 0.011568128956290802, 0.026740689399760757, 0.04690525641090977, 0.010325079240442642, 0.02340777298853106, 0.010759818535018567, 0.09270914586553336]"
doc_00606,10845836,2012,4,0.059459242059901815,unknown,2012,ENGINE,,low,0,"[0.008591329311579538, 0.019595891641804978, 0.012726432594049337, 0.059459242059901815, 0.01262687903625275, 0.007249682661995757, 0.004612204372650597, 0.008185274459692327, 0.005102236461478515, 0.020973485051269215, 0.008548669386540208, 0.0036525016522690936, 0.004294204856176877, 0.0056763286079520685, 0.008437342323370086, 0.003989335236708009, 0.031112616390914685, 0.003634429171476706, 0.011213155530343666]"
doc_00607,10822361,2012,10,0.4508388808698313,unknown,2012,FUEL/PROPULSION SYSTEM,,high,0,"[0.028447103562347763, 0.06453244809019175, 0.04855221420726048, 0.04113833439468971, 0.02901844162974011, 0.024671646476556532, 0.012891341975946267, 0.02863948550034058, 0.014660893644650149, 0.4508388808698313, 0.024357735377139006, 0.010546038367000337, 0.012294372023079914, 0.016787225593387918, 0.02213705902206671, 0.011081267582749835, 0.04464206920961477, 0.010305477399425878, 0.034636591797277405]"
doc_00608,10794651,2012,1,1.0,unknown,2012,"ELECTRICAL SYSTEM,EXTERIOR LIGHTING",,low,0,"[1.0, 2.596341067501001e-308, 6.603262640192895e-308, 2.031051222111891e-308, 1.9499338055278374e-308, 3.2974149538530486e-308, 2.017955588460162e-308, 3.1662637694221414e-308, 2.584584871110391e-308, 3.92201202891192e-308, 2.9051627112019012e-308, 1.6165229867418675e-308, 1.5982625499706935e-308, 2.803572494385502e-308, 2.4472191128424414e-308, 1.4135821380325203e-308, 1.941357059207503e-308, 1.452491056455002e-308, 3.269418675439415e-308]"
doc_00609,10764539,2012,4,0.4321546741965098,unknown,2012,ENGINE,,medium,0,"[0.027296575246662888, 0.051480705147620834, 0.04242424677086406, 0.4321546741965098, 0.047493766454433824, 0.0229611932205748, 0.014981905744956992, 0.024665421153528055, 0.01651448223300192, 0.060913351632393725, 0.029543565798040603, 0.014214591486768706, 0.016655738950675267, 0.018577127761702856, 0.030021202656900354, 0.015506184303449176, 0.08116540377277606, 0.01414571642588202, 0.03928414704325818]"
doc_00610,10723863,2012,4,1.0,unknown,2012,FUEL/PROPULSION SYSTEM,,medium,0,"[2.1960511531252746e-308, 3.8160009953425804e-308, 3.5760295040523584e-308, 1.0, 3.4312927520499014e-308, 1.918309778574366e-308, 1.2667508960367343e-308, 1.962389564048939e-308, 1.3859110657460637e-308, 4.4081226146341766e-308, 2.763054288151541e-308, 1.1178803913224977e-308, 1.2873157581887243e-308, 1.569894582747727e-308, 2.8947830583615466e-308, 1.197775935126435e-308, 6.46494835430136e-308, 1.1074529258489107e-308, 3.7685686219936605e-308]"
doc_00611,10723789,2012,11,0.5772038220934086,unknown,2012,UNKNOWN OR OTHER,,low,0,"[0.014395566064449966, 0.009655223090329996, 0.02313879199314401, 0.010015594416616036, 0.007141967111921984, 0.011514000178887, 0.007559600744557184, 0.008706236314658097, 0.008391915164484511, 0.012834173636145073, 0.5772038220934086, 0.00523447646063706, 0.005147558380605592, 0.009670717978459684, 0.04040636001854295, 0.004647155827586781, 0.008653419909539143, 0.004821329280053725, 0.048008865345909674]"
doc_00612,10654071,2012,1,1.0,TDI_unknown,2012,"ELECTRICAL SYSTEM,EXTERIOR LIGHTING",,medium,0,"[1.0, 2.7454921628826474e-308, 7.465996620066528e-308, 2.1069522118757557e-308, 1.9792344985094475e-308, 3.3262198465739204e-308, 1.9781359205873826e-308, 3.2591804433341527e-308, 2.513996089669057e-308, 4.1752078414381514e-308, 3.0136550039114906e-308, 1.575123212173398e-308, 1.5705921155185435e-308, 2.7273480218405973e-308, 2.520941320652416e-308, 1.391751646865912e-308, 2.020172080268456e-308, 1.42298223169975e-308, 3.400516463617471e-308]"
doc_00613,10627186,2012,4,1.0,TDI_unknown,2012,"FUEL SYSTEM, DIESEL,VEHICLE SPEED CONTROL,ENGINE",,medium,0,"[2.0032787848717784e-308, 3.2511212748822317e-308, 2.9146513517783663e-308, 1.0, 3.91452744651222e-308, 1.6253396679725055e-308, 1.109686199597299e-308, 1.741971566785257e-308, 1.214180173130965e-308, 3.8827603689680663e-308, 2.067526036825639e-308, 1.07944503754402e-308, 1.282210635155654e-308, 1.3512949351016094e-308, 2.128641768820182e-308, 1.204053004991362e-308, 4.483853455320257e-308, 1.0821069652654007e-308, 2.5982801705775173e-308]"
doc_00614,10596795,2012,4,0.4094150749492619,TDI_unknown,2012,FUEL/PROPULSION SYSTEM,,medium,1,"[0.02952260314222135, 0.04985156112775493, 0.04670293321151154, 0.4094150749492619, 0.052709096624307186, 0.024259975647341534, 0.01604800153867143, 0.02558460323526155, 0.01767373155532368, 0.062184996343893253, 0.03233715975708768, 0.015259235203700948, 0.017877108868227538, 0.019931630107407065, 0.03329364688960353, 0.016647144061787567, 0.07275951360095921, 0.015177230477037399, 0.042764753658640596]"
doc_00615,10567577,2012,5,0.1514804831833795,TDI_unknown,2012,POWER TRAIN,,low,0,"[0.028212852577088096, 0.034339434026129476, 0.042686701656540496, 0.05333937539094864, 0.1514804831833795, 0.023119674171671444, 0.015193090639115414, 0.023404675621601333, 0.016780520712265146, 0.07876547025350154, 0.025318447781065002, 0.016274160777548955, 0.020904933681883373, 0.019489323706478576, 0.024514859915370876, 0.019057784416333278, 0.03480480718441002, 0.016484859329625262, 0.03431516586789701]"
doc_00616,10562469,2012,5,0.15721812166510477,unknown,2012,ENGINE,,medium,1,"[0.02726492189314122, 0.03548541972366089, 0.0406657575165338, 0.06099991753990315, 0.15721812166510477, 0.022263579758058222, 0.014644098493882917, 0.022991248671913166, 0.016159825918454565, 0.07462119931763864, 0.02455708741968821, 0.015553322687312703, 0.019844344093710487, 0.01865818959497923, 0.023932874033460397, 0.01820682681882793, 0.03669156119672848, 0.015760377852037537, 0.03296794669781707]"
doc_00617,10544197,2012,4,1.0,unknown,2012,FUEL/PROPULSION SYSTEM,,low,0,"[2.133992490011908e-308, 4.0028542541092257e-308, 3.367297939880992e-308, 1.0, 3.361710826093297e-308, 1.8825410967037365e-308, 1.2405740028451464e-308, 1.962075036540185e-308, 1.3565244422429845e-308, 4.3672803311309686e-308, 2.6019697879541764e-308, 1.0994607234562994e-308, 1.269041188119672e-308, 1.528266850346037e-308, 2.6974734285169715e-308, 1.182998514149911e-308, 7.381056662862334e-308, 1.090857736717921e-308, 3.498715559695964e-308]"
doc_00618,10537810,2012,4,0.4480204338826169,unknown,2012,"FUEL SYSTEM, OTHER",,medium,0,"[0.026119523320492322, 0.043716415748435794, 0.04324585008112068, 0.4480204338826169, 0.04266026551485161, 0.02163053956188355, 0.01410027418893236, 0.022508518777207123, 0.015568129337160404, 0.05664493576130792, 0.02967306959597454, 0.012423267761742695, 0.014461291964111852, 0.017679152355088434, 0.030543409921798867, 0.01341686829734963, 0.06767856525821923, 0.012311758480655225, 0.04044734652781078]"
doc_00619,10537374,2012,7,1.0,unknown,2012,AIR BAGS,,low,0,"[3.179201327924049e-308, 1.3926534641773676e-308, 1.880540831835661e-308, 1.198193466363943e-308, 1.187633021697163e-308, 3.3001991181840795e-308, 1.0, 2.1365122033286493e-308, 1.063591913996221e-307, 1.7341172442124014e-308, 1.877437432117251e-308, 2.231290162991842e-308, 1.5464797180708036e-308, 4.688843867545436e-308, 1.6028391694534087e-308, 1.3757655658334067e-308, 1.2146244811643594e-308, 1.7505150733848957e-308, 1.8856512852642354e-308]"
doc_00620,10524360,2012,10,1.0,unknown,2013,"FUEL SYSTEM, DIESEL,VEHICLE SPEED CONTROL,ENGINE",,medium,0,"[4.975312888664231e-308, 6.540133793645039e-308, 1.1391392173663598e-307, 4.018666396553621e-308, 3.2546521251306893e-308, 4.350435568105038e-308, 2.0195926873345843e-308, 4.642785245098225e-308, 2.348579890308816e-308, 1.0, 3.8623616197427183e-308, 1.567365211594158e-308, 1.760288387989042e-308, 2.714580048225686e-308, 3.260446184098943e-308, 1.554426088345266e-308, 4.1832300823533193e-308, 1.4970393078633736e-308, 5.695546815257636e-308]"
doc_00621,10515491,2012,5,0.23966515670298014,unknown,2012,"POWER TRAIN,ENGINE",,high,0,"[0.02747786784898697, 0.03680771488034738, 0.03939011735757689, 0.07729141435736858, 0.23966515670298014, 0.02309803495160347, 0.015810548136194816, 0.023714410313569148, 0.017243191594563223, 0.06143863874475805, 0.026635254423478943, 0.016828794356271187, 0.02147087250665445, 0.019798777814569596, 0.026626738955946753, 0.020052454951764772, 0.041924326399310964, 0.01718752912013159, 0.034705661396620346]"
doc_00622,10514757,2012,18,0.007881964714988064,unknown,2012,STRUCTURE,,low,0,"[0.007049265719658485, 0.004049148180409265, 0.004958162330558312, 0.003352670071357321, 0.003689366666764887, 0.0078057842588629, 0.01030245627948595, 0.00616126052391163, 0.009751907636243552, 0.00491920924931669, 0.004255876713737406, 0.01041883525564079, 0.0062437160868783, 0.0077376164753798545, 0.0037256456719849842, 0.005451405907523294, 0.003520492771901359, 0.007881964714988064, 0.0045886326086987195]"
doc_00623,10514288,2012,3,0.2866418067744007,unknown,2012,VEHICLE SPEED CONTROL,,low,0,"[0.07634721266254825, 0.04448161173289079, 0.2866418067744007, 0.031007390912361765, 0.022664805297409125, 0.04936858851321823, 0.02323587573953528, 0.04159243334915483, 0.027680537946475146, 0.07052054822236267, 0.06976479675449268, 0.0156285677480891, 0.015781340124374713, 0.030454427230592232, 0.047628151880665326, 0.014053269314625454, 0.030593942436173947, 0.014386725595594022, 0.08816796776503558]"
doc_00624,10511389,2012,4,0.40688387051857505,TDI_unknown,2012,"FUEL SYSTEM, DIESEL",,low,0,"[0.02895612857824055, 0.05460616445068541, 0.04548040142099814, 0.40688387051857505, 0.0481824207756675, 0.024031157049102494, 0.01567959901732961, 0.025813088086686597, 0.0172878140458928, 0.06386309905847584, 0.03130804550326237, 0.014782024349190508, 0.017268928131404276, 0.01936694052906644, 0.03180611161185651, 0.016062276992830835, 0.08244872105870646, 0.014688724710631578, 0.04148448411139697]"
doc_00625,10510419,2012,7,1.0,unknown,2003,"AIR BAGS,STRUCTURE",,medium,0,"[3.1983947925837615e-308, 1.394574216822421e-308, 1.883125783198061e-308, 1.2027161492879205e-308, 1.1929101482697124e-308, 3.2962393806460526e-308, 1.0, 2.1292904767909057e-308, 1.0331396663801303e-307, 1.7393271980362407e-308, 1.8902755879800994e-308, 2.2439303706819724e-308, 1.554509871303942e-308, 4.722667709647922e-308, 1.612604306294815e-308, 1.382266655434375e-308, 1.2175536401958363e-308, 1.7598519878280243e-308, 1.899459156227797e-308]"
doc_00626,10507390,2012,11,1.0,unknown,2012,POWER TRAIN,,high,1,"[3.816155471074358e-308, 2.655449685834028e-308, 6.422589709578714e-308, 2.697530303356538e-308, 1.8605304271341705e-308, 2.982919328160728e-308, 1.9267537616494294e-308, 2.3100624379412214e-308, 2.14794716855879e-308, 3.4255791053027195e-308, 1.0, 1.3345315850047113e-308, 1.3180447564912296e-308, 2.42829078723437e-308, 1.1140566783239016e-307, 1.192303676514446e-308, 2.3481239967790826e-308, 1.2321799140982696e-308, 1.2442526085192415e-307]"
doc_00627,10491554,2012,5,0.2824481420462549,unknown,2012,"POWER TRAIN,ENGINE",,high,0,"[0.025670118434074317, 0.033839414144290134, 0.03637046286032357, 0.06763859194157243, 0.2824481420462549, 0.021590299767578505, 0.014873745168449507, 0.02214199379105911, 0.016217722464268575, 0.05650367365241848, 0.024624224650533533, 0.01599906301571961, 0.020588280260616956, 0.018609683263800986, 0.02459148447812141, 0.019252483991194745, 0.037913199723827576, 0.01638551572113052, 0.031909405437462283]"
doc_00628,10489003,2012,4,0.7484602628956969,TDI_unknown,2012,"FUEL SYSTEM, DIESEL,ENGINE,FUEL/PROPULSION SYSTEM",,medium,1,"[0.012851201262817927, 0.02184769293737051, 0.019271657125528998, 0.7484602628956969, 0.024423606679921217, 0.010355781445689122, 0.006892084975592256, 0.011192670843404088, 0.007585143155185348, 0.027445441675901534, 0.012986607694222043, 0.006671566171922759, 0.00792257065468844, 0.008467681670716065, 0.013179829627783085, 0.00739316644168265, 0.029686640829249978, 0.006667692252441735, 0.016698701660185628]"
doc_00629,10486272,2012,19,0.33208449240788496,unknown,2012,"FUEL SYSTEM, DIESEL,POWER TRAIN,FUEL/PROPULSION SYSTEM",,high,1,"[0.034388609306724764, 0.025131410567392293, 0.07064837725620271, 0.025673845604946975, 0.01737252108831812, 0.0281890785516553, 0.01614742793499762, 0.021333927891380368, 0.01806235977665312, 0.037475690264116734, 0.13018047553169818, 0.011091916968019226, 0.01128646551395694, 0.021144745467824022, 0.0698467106660114, 0.010121389694564418, 0.021816400147483785, 0.010319462103145792, 0.33208449240788496]"
doc_00630,10480604,2012,5,0.3115909802994461,unknown,2012,ENGINE,,medium,0,"[0.024433853129026253, 0.03168302972248937, 0.034342702759235136, 0.06223412954715031, 0.3115909802994461, 0.020486954915323822, 0.014207277568326472, 0.020984181162248716, 0.015485360577151188, 0.05245798066505743, 0.023301794817459108, 0.015377308039167169, 0.019876746366313362, 0.01775481225133097, 0.02329378296988668, 0.01861548642368252, 0.035235334731716424, 0.015773856735372186, 0.030031932132314074]"
doc_00631,10472079,2012,4,1.0,unknown,2012,"FUEL SYSTEM, DIESEL",,medium,0,"[2.2504206107692173e-308, 4.0005321777053247e-308, 3.721495854167151e-308, 1.0, 3.431222094485001e-308, 1.9708709662939964e-308, 1.2862626866194534e-308, 2.019272435113375e-308, 1.410959269553481e-308, 4.655702242341887e-308, 2.8329911678916896e-308, 1.1309089373759475e-308, 1.299766173729908e-308, 1.6010304426598416e-308, 2.945708340335276e-308, 1.206932733722915e-308, 6.824343336451969e-308, 1.1183386248909713e-308, 3.9298275519398495e-308]"
doc_00632,10470560,2012,4,1.0,TDI_unknown,2012,"FUEL SYSTEM, DIESEL,ENGINE",,high,1,"[2.104598171583824e-308, 3.681091257033965e-308, 3.162744782431072e-308, 1.0, 3.985914639302882e-308, 1.729194018759503e-308, 1.149827291007762e-308, 1.86379130712721e-308, 1.264339877600337e-308, 4.492493197373904e-308, 2.1843392061317335e-308, 1.1093286973892994e-308, 1.313318376274721e-308, 1.415443293941338e-308, 2.225249159003418e-308, 1.2266234261883167e-308, 5.309548534601223e-308, 1.108550111620282e-308, 2.8261254859379996e-308]"
doc_00633,10470073,2012,11,1.0,unknown,2012,POWER TRAIN,,medium,1,"[3.6234923249186966e-308, 2.538358642897385e-308, 5.902576378658524e-308, 2.6862506545860853e-308, 1.881556184251542e-308, 2.918428890370937e-308, 1.934704123377962e-308, 2.2366714312128024e-308, 2.135624075966236e-308, 3.3230798544923197e-308, 1.0, 1.353280574741604e-308, 1.3371481879192494e-308, 2.4521407773334327e-308, 1.1865082720769746e-307, 1.209471049568393e-308, 2.3002110845352473e-308, 1.250514979021101e-308, 1.2952252619626927e-307]"
doc_00634,10461255,2012,13,1.0,unknown,2012,"ELECTRICAL SYSTEM,STRUCTURE",,medium,1,"[1.86892771495795e-308, 1.3757219753905557e-308, 1.5880268637921337e-308, 1.30191495410423e-308, 1.861996877551246e-308, 1.7136419508396467e-308, 1.5833910076875287e-308, 1.536654541566758e-308, 1.6804533005074704e-308, 1.8102731191456977e-308, 1.3206376919751294e-308, 3.8499754841393374e-308, 1.0, 1.7678362573422186e-308, 1.217232600553003e-308, 1.5167367788657467e-307, 1.242853590265559e-308, 6.039794695134861e-308, 1.5377310029820534e-308]"
doc_00635,10454965,2012,1,1.0,unknown,2012,ELECTRICAL SYSTEM,,medium,0,"[1.0, 2.6916041776592277e-308, 7.099220671300767e-308, 2.079885035501288e-308, 1.9696858104593264e-308, 3.2829980804818997e-308, 1.9783085062099145e-308, 3.213097427472158e-308, 2.517190160590689e-308, 4.068144708809484e-308, 2.959194584710478e-308, 1.5828615664566394e-308, 1.5759544255113e-308, 2.7284136055840106e-308, 2.4874980123838545e-308, 1.3963137013563464e-308, 1.9915779999839277e-308, 1.428476749447931e-308, 3.3309913789619283e-308]"
doc_00636,11506679,2013,10,0.35901341627731204,2.0_TSI,2013,"ELECTRICAL SYSTEM,ENGINE,FUEL/PROPULSION SYSTEM",,high,0,"[0.03812512644466269, 0.0470852848389388, 0.08617742599971868, 0.034091607536869004, 0.025817166517273726, 0.03401777062387017, 0.01606665504794672, 0.03294730419945573, 0.01861399815883311, 0.35901341627731204, 0.03475081416884045, 0.012258238048156548, 0.013641286626467429, 0.02165547189545546, 0.029009342362338222, 0.012065897594031113, 0.03311657620433349, 0.0116866065006078, 0.056251343602002984]"
doc_00637,11500133,2013,1,1.0,unknown,2013,EXTERIOR LIGHTING,,low,1,"[1.0, 2.445298609111297e-308, 5.744479536203063e-308, 1.923669074241947e-308, 1.849677564783791e-308, 3.3466806198489006e-308, 2.120800730434899e-308, 3.104092932435454e-308, 2.756945078117259e-308, 3.606977038431236e-308, 2.8656772731878545e-308, 1.6467382225297915e-308, 1.59119781359918e-308, 2.9403736768462545e-308, 2.4045174175161235e-308, 1.4063727200904094e-308, 1.846290479133697e-308, 1.464789978027805e-308, 3.153035793418476e-308]"
doc_00638,11481068,2013,3,0.05561920886251415,unknown,2013,ELECTRICAL SYSTEM,,low,0,"[0.02068423902307337, 0.053596910088165126, 0.05561920886251415, 0.020544056138650128, 0.012861526971413309, 0.021318565200535416, 0.009832427119894571, 0.02504705128891266, 0.011278747451641475, 0.062372664632926136, 0.01983491547123388, 0.006537456977347059, 0.007047552862395606, 0.012754150814739008, 0.016281110668734774, 0.006318201402312479, 0.02611281328833168, 0.006199038554689539, 0.026878729515455266]"
doc_00639,11471720,2013,14,1.0,unknown,2016,AIR BAGS,,low,0,"[5.260051382280944e-308, 1.7648037195305093e-308, 2.6283910129862602e-308, 1.533016965309662e-308, 1.484214889395924e-308, 5.286343964610292e-308, 4.997210191201164e-308, 2.896735936273302e-308, 9.262386157024145e-308, 2.3689524843243096e-308, 2.4850652554581305e-308, 2.2867771336268925e-308, 1.7345819963787416e-308, 1.0, 2.037288209741873e-308, 1.514994565149623e-308, 1.52045032370974e-308, 1.82102756107946e-308, 2.580542864143673e-308]"
doc_00640,11450468,2013,4,0.03459360374412989,unknown,2013,ENGINE,,high,0,"[0.03269783319449093, 0.033925536668406184, 0.06971606903823731, 0.03459360374412989, 0.021263114365677092, 0.02986727901549818, 0.015295836494675346, 0.024857053250909217, 0.017224288580217434, 0.05827176851650554, 0.05761113058788551, 0.01082524999776161, 0.011584123537390606, 0.020335685699855863, 0.045185233757053155, 0.010366731956086775, 0.029490205951882942, 0.010256265911435037, 0.1671926796686638]"
doc_00641,11447672,2013,5,0.15524045649939397,unknown,2013,ENGINE,,low,0,"[0.02795568408789922, 0.034038678708923506, 0.042358750089402784, 0.053812271777838185, 0.15524045649939397, 0.022927936593917758, 0.015105337013189878, 0.02317580175092791, 0.01667341844545331, 0.07673835059987891, 0.025290114183938096, 0.016161287013662665, 0.020732951381759127, 0.019368223715293467, 0.024543202945531188, 0.0189216539115602, 0.034798103912964264, 0.0163722803660399, 0.03427211789527918]"
doc_00642,11400370,2013,3,1.0,unknown,2013,"POWER TRAIN,ELECTRICAL SYSTEM",,medium,1,"[6.008563145305568e-308, 5.219349465319783e-308, 1.0, 3.2791411403910154e-308, 2.3021323031719756e-308, 4.116269888370483e-308, 1.9686647322813424e-308, 4.016970656237484e-308, 2.3289798797897895e-308, 8.471347587277097e-308, 5.52903894483507e-308, 1.411653092380581e-308, 1.469252670497934e-308, 2.586077532224761e-308, 4.168970182745491e-308, 1.31277786411662e-308, 3.286630330482863e-308, 1.3162239606634853e-308, 7.297105552325736e-308]"
doc_00643,11348926,2013,6,1.0,unknown,2013,SUSPENSION,,low,0,"[6.481395266724887e-308, 2.646117825684271e-308, 4.582959726201692e-308, 1.873645835034286e-308, 1.703968419001848e-308, 1.0, 3.102496154736954e-308, 6.172168801429265e-308, 4.000206547986741e-308, 3.7491534711211675e-308, 2.951656149338297e-308, 1.9066042683388705e-308, 1.709528019396589e-308, 5.085999237376093e-308, 2.2852601015975796e-308, 1.487996723733206e-308, 2.0412020084665216e-308, 1.648681385075918e-308, 3.3872083019944354e-308]"
doc_00644,11329634,2013,6,1.0,unknown,2013,SUSPENSION,,low,0,"[6.473591080647541e-308, 2.6516286121763134e-308, 4.592977732984474e-308, 1.8750815682311176e-308, 1.7053942297478203e-308, 1.0, 3.098196480558581e-308, 6.189736102210506e-308, 3.9869616427980327e-308, 3.7593927395513665e-308, 2.950213715187458e-308, 1.9064237217891055e-308, 1.7105961506464774e-308, 5.051094546132174e-308, 2.284392203585648e-308, 1.488811702576401e-308, 2.044059669876033e-308, 1.649043962213302e-308, 3.389134777888538e-308]"
doc_00645,11321438,2013,2,0.18031557986493735,unknown,2013,SERVICE BRAKES,,low,0,"[0.022616549573614822, 0.18031557986493735, 0.03795307807965763, 0.03561653684647601, 0.021603420915380606, 0.02058899640218533, 0.011327590075550209, 0.027007416169501267, 0.012771136345345657, 0.06117654865145204, 0.020037801202742043, 0.009662479401051667, 0.01095746748881311, 0.014253666157477474, 0.018314894975776944, 0.010022696440212088, 0.057987203937581215, 0.009418562133779096, 0.025937344638407214]"
doc_00646,11257350,2013,3,0.21096420868820945,unknown,2013,AIR BAGS,,low,0,"[0.07083506729675779, 0.04762760037862371, 0.21096420868820945, 0.026876206506558142, 0.020860349031826656, 0.060145350575678304, 0.022498301993761655, 0.05837897525507872, 0.02725225985153754, 0.08273235654580098, 0.04602972594012346, 0.0150568049928801, 0.015227518215419164, 0.030385006481310116, 0.034562499808085595, 0.013466965137804437, 0.02945250587085783, 0.013811619348535541, 0.057423203074921964]"
doc_00647,11124287,2013,11,0.483178094657087,unknown,2013,ELECTRICAL SYSTEM,,low,0,"[0.017469484224161003, 0.011758602929453629, 0.028242300546027856, 0.012235579013365742, 0.008732028416028948, 0.01402734161970631, 0.009182425456076226, 0.010591968011098761, 0.010191746787427937, 0.015709273545444873, 0.483178094657087, 0.006378682662377219, 0.006280474620576344, 0.011772933375766957, 0.04828704154449756, 0.005668036052998668, 0.010552946727414494, 0.005877302973931294, 0.06022329413324233]"
doc_00648,11098409,2013,3,0.06199923732828928,2.0_TSI,2013,"UNKNOWN OR OTHER,FUEL/PROPULSION SYSTEM",,high,0,"[0.029194522865383328, 0.02653222449459622, 0.06199923732828928, 0.03157267972013477, 0.01939455094719404, 0.02497835653596074, 0.014071575789047863, 0.02046794940661331, 0.015873941866616597, 0.03915210907754665, 0.07011111014873073, 0.010298252338515512, 0.010860120855556831, 0.019296119313048855, 0.05966746315926001, 0.009782967224176382, 0.02475984378332164, 0.009729163961390064, 0.3505289295823332]"
doc_00649,11097079,2013,2,0.07643270139423373,2.0_TSI,2009,"ENGINE,FUEL/PROPULSION SYSTEM",,medium,0,"[0.01946669183841608, 0.07643270139423373, 0.03511692805408384, 0.027862197639510086, 0.018551402613792737, 0.01738686961490474, 0.009188888326810356, 0.021980402509687504, 0.010446991457257481, 0.08465310820100659, 0.016615190718132267, 0.007915754917917189, 0.009060517909812611, 0.011830481352295896, 0.014995473301584161, 0.008210278509821506, 0.03710347617085805, 0.00770387810938167, 0.022457067753249488]"
doc_00650,11085185,2013,8,0.11987189328855677,unknown,2013,AIR BAGS,,low,0,"[0.019583260994877536, 0.013439630771014049, 0.020281244894206397, 0.008076304489424284, 0.007434251508095017, 0.035275828755102004, 0.010604887174087547, 0.11987189328855677, 0.01334830720468491, 0.016262737883438495, 0.010289941823845166, 0.007683981994278441, 0.0072077349036952605, 0.015647674261262928, 0.008410497600989494, 0.00635602960982183, 0.00939621814828235, 0.006817881655155217, 0.01153711741257366]"
doc_00651,11032304,2013,4,1.0,unknown,2013,FUEL/PROPULSION SYSTEM,,low,0,"[2.122539379239568e-308, 3.934765917404851e-308, 3.3610177717450084e-308, 1.0, 3.3012343675442206e-308, 1.883528400771183e-308, 1.243619498780954e-308, 1.9510025684001284e-308, 1.358442993501652e-308, 4.2762329856161507e-308, 2.6410513694875436e-308, 1.098258794535473e-308, 1.26419598174534e-308, 1.5318215738995646e-308, 2.74974309302767e-308, 1.1784562440983124e-308, 7.231253556860476e-308, 1.0888299359723856e-308, 3.5597218915648793e-308]"
doc_00652,11025069,2013,3,1.0,unknown,2013,"STEERING,ELECTRICAL SYSTEM,SERVICE BRAKES",,medium,1,"[6.768760337196347e-308, 4.149944617294557e-308, 1.0, 3.6458844552625385e-308, 2.8136243756875066e-308, 3.619948748929044e-308, 1.9230493750861257e-308, 3.338977957770407e-308, 2.2869926198053807e-308, 8.286500641237648e-308, 5.330932589494853e-308, 1.4896556174590903e-308, 1.5953096094364845e-308, 2.6619259042022862e-308, 4.54349508772384e-308, 1.420506801107252e-308, 3.1127355080707917e-308, 1.3966616635358305e-308, 7.953851600723685e-308]"
doc_00653,11005491,2013,3,0.05410100924086456,unknown,2013,"ELECTRICAL SYSTEM,VEHICLE SPEED CONTROL,ENGINE",,low,0,"[0.032054642032253285, 0.027633983678328745, 0.05410100924086456, 0.037879855796545056, 0.024021596819713914, 0.026882257252110405, 0.017115766434935887, 0.022124731492181096, 0.018815276152818337, 0.03719770985855813, 0.0716031997658023, 0.01241140016012228, 0.013107950729915701, 0.022959953661395867, 0.07946531842922527, 0.011923305061222123, 0.027522412981278218, 0.011806734670431225, 0.12071302034480426]"
doc_00654,10956189,2013,19,0.11463921803643422,unknown,2013,ENGINE,,high,0,"[0.02702749091847178, 0.029114359669400222, 0.05530209129340994, 0.028371849257517297, 0.01733034580290608, 0.025456985814720154, 0.012674995928035804, 0.02129772999354336, 0.014324196004474293, 0.05154822839881605, 0.043388769743896834, 0.008589918868512894, 0.009196021800014307, 0.016903817061539216, 0.03396368824517514, 0.008220901018480338, 0.024785896207961917, 0.008133048618605084, 0.11463921803643422]"
doc_00655,10954954,2013,8,1.0,unknown,2013,AIR BAGS,,low,0,"[3.9327437214938813e-308, 3.558139212585493e-308, 4.930508391014042e-308, 1.873550359915733e-308, 1.709282009700669e-308, 5.167192325355448e-308, 2.0260061070223443e-308, 1.0, 2.4761592632181484e-308, 4.092957445991307e-308, 2.172429601947336e-308, 1.581159965394279e-308, 1.554339119220928e-308, 2.7926373467927894e-308, 1.8028275517745445e-308, 1.377590659289335e-308, 2.24677721450691e-308, 1.4346406242958057e-308, 2.4609471114289144e-308]"
doc_00656,10950371,2013,8,1.0,unknown,2013,AIR BAGS,,low,0,"[4.0184595255511015e-308, 3.213832286256335e-308, 4.598416022661605e-308, 1.8079658069496253e-308, 1.651416834383622e-308, 6.054240471930398e-308, 2.1559689205499454e-308, 1.0, 2.663479293839347e-308, 3.741411170310856e-308, 2.1922500255010807e-308, 1.620073958687349e-308, 1.5540214625889174e-308, 3.0403190058168107e-308, 1.8076767253845433e-308, 1.3755858327161213e-308, 2.1415165483228086e-308, 1.454258723266206e-308, 2.4591141576890545e-308]"
doc_00657,10947395,2013,3,1.0,unknown,2013,ENGINE,,medium,0,"[5.648355845709694e-308, 4.99763350349579e-308, 1.0, 3.4145952416484086e-308, 2.263977025238053e-308, 3.6555250595730287e-308, 1.888132564081648e-308, 3.5189973287408464e-308, 2.2090247448493715e-308, 6.982420526718064e-308, 6.183595018069166e-308, 1.3513784489900666e-308, 1.406065903738907e-308, 2.427706979078286e-308, 4.597771142913661e-308, 1.2634465843958943e-308, 3.290291841294034e-308, 1.2639236759350166e-308, 7.639195511650987e-308]"
doc_00658,10935375,2013,8,1.0,unknown,2013,AIR BAGS,,low,0,"[3.84854230905331e-308, 3.379852575107765e-308, 4.624056489267349e-308, 1.824572049052887e-308, 1.669661551100611e-308, 5.231668689400249e-308, 2.0519134529117263e-308, 1.0, 2.513145868865886e-308, 3.844628553580556e-308, 2.1339591109429686e-308, 1.586805130657409e-308, 1.545306560479253e-308, 2.835385084422697e-308, 1.7734806902147945e-308, 1.370376598896903e-308, 2.179840975067626e-308, 1.4347700000754683e-308, 2.4001565979418623e-308]"
doc_00659,10919740,2013,8,0.5593482407448439,unknown,2013,AIR BAGS,,low,1,"[0.017980696338686923, 0.013709410663708985, 0.020509572864089696, 0.007804571254820933, 0.007104071601064811, 0.02834671245089815, 0.009378103091539034, 0.5593482407448439, 0.011666958184718558, 0.016334002371059655, 0.009654431460038318, 0.0069618464509589445, 0.006659498020973499, 0.013448574025544517, 0.007908678708865469, 0.0058864566399701775, 0.009201556955915673, 0.006236170907556622, 0.010856987507298601]"
doc_00660,10899262,2013,4,1.0,unknown,2013,"VEHICLE SPEED CONTROL,ENGINE,FUEL/PROPULSION SYSTEM",,medium,0,"[2.2262737302374393e-308, 3.8562513765452275e-308, 3.679245751703375e-308, 1.0, 3.3813773519835e-308, 1.952326100816235e-308, 1.2834560516210797e-308, 1.9860648645151805e-308, 1.404942867620592e-308, 4.468306574645354e-308, 2.858344457481208e-308, 1.126050792935669e-308, 1.2921554688675694e-308, 1.5936737477943436e-308, 2.995822284149647e-308, 1.200622927168037e-308, 6.465425515824192e-308, 1.1135384596007906e-308, 3.9460520686409953e-308]"
doc_00661,10865170,2013,8,1.0,TDI_unknown,2013,AIR BAGS,,low,2,"[3.907532398095504e-308, 3.636431682947121e-308, 4.985634551203248e-308, 1.884442885484865e-308, 1.718928472096435e-308, 4.968872439538808e-308, 1.9989398328989286e-308, 1.0, 2.437183843878052e-308, 4.161723128330442e-308, 2.164284368506995e-308, 1.570407464277704e-308, 1.5515406579769973e-308, 2.7358223222932392e-308, 1.7990395553529394e-308, 1.375791456618396e-308, 2.264823030186319e-308, 1.4281770648312607e-308, 2.454276767814994e-308]"
doc_00662,10861470,2013,4,0.8029127831840444,TDI_unknown,2013,FUEL/PROPULSION SYSTEM,,high,1,"[0.010037604291213692, 0.016853302982894336, 0.014933802377440951, 0.8029127831840444, 0.019978381088110866, 0.008106486776540415, 0.005399723425259135, 0.008768326782619804, 0.005943168145080484, 0.021702071034925066, 0.010052905607227816, 0.005262563950957771, 0.006275163983005183, 0.006647538481683139, 0.01019068959056511, 0.005858739661995797, 0.022884605784262258, 0.005266771558609156, 0.012925371293564464]"
doc_00663,10861475,2013,8,1.0,unknown,2013,AIR BAGS,,low,0,"[3.8592724010256003e-308, 3.4030321783944435e-308, 4.648426271160907e-308, 1.825306329004267e-308, 1.673065191206133e-308, 5.117825785216994e-308, 2.0419802378444636e-308, 1.0, 2.499693814691026e-308, 3.8713395437330653e-308, 2.1273199332376325e-308, 1.58390877980414e-308, 1.5458993797893065e-308, 2.8078637909796584e-308, 1.769376300443245e-308, 1.3709423254700305e-308, 2.1803143118530704e-308, 1.433434876172242e-308, 2.3938593463663016e-308]"
doc_00664,10747211,2013,4,0.7182594878527272,TDI_unknown,2015,"ENGINE,FUEL/PROPULSION SYSTEM",,low,1,"[0.014247329237571318, 0.024619160465859283, 0.021189455468400762, 0.7182594878527272, 0.028086844512196073, 0.011557851781392478, 0.007655284084309189, 0.012566633809288448, 0.008426658471104912, 0.0317333198093039, 0.014181528913892023, 0.007455286421635662, 0.008900704539277583, 0.009409390789758757, 0.014295772427171035, 0.008302202410143152, 0.0333674443738942, 0.007462937637681113, 0.01828270699439291]"
doc_00665,10715291,2013,1,1.0,TDI_unknown,2013,SERVICE BRAKES,,high,1,"[1.0, 2.795080751111803e-308, 5.832750826103552e-308, 2.04779213153007e-308, 1.910059424705623e-308, 6.236030563071832e-308, 2.910582507679432e-308, 4.3306338174540505e-308, 3.8676505126576493e-308, 4.575737546346168e-308, 3.4434185778464354e-308, 1.9122235412867445e-308, 1.790756662145229e-308, 4.1178159302135843e-308, 2.6955683123877373e-308, 1.549234739522755e-308, 2.0508938524867144e-308, 1.6703553088404084e-308, 4.068985487731519e-308]"
doc_00666,10690751,2013,19,1.0,unknown,2013,"STEERING,ENGINE,FUEL/PROPULSION SYSTEM",,medium,1,"[4.559920250311331e-308, 3.2927798981809243e-308, 9.306752162367218e-308, 3.3765707694731854e-308, 2.3833225044925784e-308, 3.805202930455428e-308, 2.148592686026695e-308, 2.8423633110424377e-308, 2.400549775982609e-308, 5.261105042290265e-308, 1.254596759539939e-307, 1.506413028397748e-308, 1.5460942253929867e-308, 2.8362828428144916e-308, 7.852537556871386e-308, 1.3802431974152353e-308, 2.8596826837362233e-308, 1.4034211244209317e-308, 1.0]"
doc_00667,10671319,2013,4,1.0,unknown,2013,"FUEL SYSTEM, DIESEL",,medium,0,"[2.1488363958402156e-308, 3.9748476121391595e-308, 3.4259250130424327e-308, 1.0, 3.3633505272162265e-308, 1.9018409399396344e-308, 1.251632132856842e-308, 1.969429200303801e-308, 1.3684383736194347e-308, 4.3941298600749673e-308, 2.662113895223766e-308, 1.106490279877729e-308, 1.275180477213692e-308, 1.54481654601687e-308, 2.765095213549227e-308, 1.1877707871984993e-308, 7.243100226397797e-308, 1.096941461310875e-308, 3.608338880697555e-308]"
doc_00668,10659501,2013,5,0.1972718936695985,unknown,2013,ENGINE,,low,0,"[0.025721841490284114, 0.031490771075285126, 0.037863183278623584, 0.05126121028710049, 0.1972718936695985, 0.021195839360691412, 0.014186524887912173, 0.021494450062445943, 0.015619126202387054, 0.06549515335187293, 0.02331578511964877, 0.015362529920184647, 0.019890270981664626, 0.018089521643631954, 0.022765571401781842, 0.01825532237953541, 0.032459521950596947, 0.015640017052542865, 0.031108086777065114]"
doc_00669,10641699,2013,4,1.0,unknown,2013,FUEL/PROPULSION SYSTEM,,high,1,"[2.14532556673044e-308, 3.844549756531166e-308, 3.43415776958901e-308, 1.0, 3.362834591439996e-308, 1.893020120981837e-308, 1.252118745235204e-308, 1.947306235941377e-308, 1.367810753303359e-308, 4.301119157414842e-308, 2.6900787463498103e-308, 1.106044192083612e-308, 1.273806013786583e-308, 1.545633444024543e-308, 2.812013589569449e-308, 1.1867436599017713e-308, 6.793744918357157e-308, 1.0965033140845907e-308, 3.6409408599749545e-308]"
doc_00670,10633456,2013,3,0.05155698662822754,unknown,2013,"STEERING,ENGINE,FUEL/PROPULSION SYSTEM",,medium,0,"[0.03678260923736007, 0.020182355650271506, 0.05155698662822754, 0.019117142742634857, 0.014354225885343174, 0.029123572048035583, 0.01593255915149661, 0.020056285497392825, 0.017979119844585157, 0.03336594213274897, 0.06205995730632877, 0.009704350838550261, 0.0096978862066087, 0.021721115192700254, 0.037560074680438635, 0.008577461404560576, 0.01685064056849935, 0.00890034350362176, 0.13231671468065892]"
doc_00671,10627303,2013,10,0.46105236822740703,TDI_unknown,2013,"FUEL SYSTEM, DIESEL,VEHICLE SPEED CONTROL",,low,0,"[0.03741150581844359, 0.047241055474230985, 0.08374371827745725, 0.033163359400175445, 0.0254322991554238, 0.03129487969150372, 0.015109315598660201, 0.03156627975835575, 0.017489567517158945, 0.46105236822740703, 0.03175640694847582, 0.011651130903920592, 0.01307432243848402, 0.020181203858603825, 0.026913056089834644, 0.011582435440002821, 0.03234171793932585, 0.011147572935683229, 0.0491840363991044]"
doc_00672,10626286,2013,6,0.2089641515800754,unknown,2013,"TIRES,WHEELS",,low,0,"[0.05489828921435281, 0.02401771258503075, 0.03946735250385105, 0.01729663637961185, 0.015535551935303826, 0.2089641515800754, 0.03019613404693536, 0.047677695733861374, 0.03622312808736202, 0.03327872416242708, 0.028217846652323308, 0.01755027797658167, 0.01568963264960703, 0.04031580130403606, 0.021618611901963167, 0.013694974151878413, 0.01888371195915467, 0.015221300377866086, 0.03214112079068305]"
doc_00673,10564035,2013,19,1.0,unknown,2013,"ELECTRICAL SYSTEM,STRUCTURE,ENGINE",,low,0,"[4.582828518774734e-308, 3.423243271837332e-308, 9.659186898805165e-308, 3.490510569781302e-308, 2.486594988705602e-308, 3.872928662493906e-308, 2.133570952760375e-308, 2.9206911602516504e-308, 2.3890964803473056e-308, 5.764540612456057e-308, 1.058968061971435e-307, 1.5248776149618227e-308, 1.5820786332646897e-308, 2.8257281316326995e-308, 7.150614758817429e-308, 1.409215238723558e-308, 2.9579264767547656e-308, 1.4250003620224957e-308, 1.0]"
doc_00674,10536973,2013,3,0.20232192248695233,unknown,2013,"SUSPENSION,SERVICE BRAKES",,low,0,"[0.06487273902211028, 0.03937787631873135, 0.20232192248695233, 0.025939807263014977, 0.020011001502289672, 0.04621545028028639, 0.01998484547196195, 0.03957505918172452, 0.02392977774675045, 0.07505339987160185, 0.048907474690407765, 0.013628562694115548, 0.013949599427542567, 0.026601745014312703, 0.0357960596611195, 0.012324772046045672, 0.026070747868735925, 0.012560625032639803, 0.06768996605418971]"
doc_00675,10534805,2013,19,1.0,unknown,2013,"STEERING,FUEL SYSTEM, DIESEL,ENGINE",,medium,0,"[4.411928086689891e-308, 3.250388540041427e-308, 8.817532596988358e-308, 3.4108716027642594e-308, 2.424499645724617e-308, 3.7329748751581396e-308, 2.133517919267719e-308, 2.7964570820575e-308, 2.3714543718093e-308, 5.210733341864574e-308, 1.1848764545527248e-307, 1.513608111781305e-308, 1.56090172565297e-308, 2.812736836108223e-308, 7.743935319525766e-308, 1.3932905205045417e-308, 2.8589507166787135e-308, 1.41330013645342e-308, 1.0]"
doc_00676,10532475,2013,3,0.17630155896633096,unknown,2013,SERVICE BRAKES,,low,0,"[0.08323018190404187, 0.03987415265045551, 0.17630155896633096, 0.027027834213058967, 0.020883776687600226, 0.053287965507047085, 0.023415146478239935, 0.04304437175738732, 0.028320326125611802, 0.06641241361069088, 0.05719295947445361, 0.015221403682943255, 0.01522382901460453, 0.030992483357468913, 0.04058866922399549, 0.013469370839925767, 0.027054502482218912, 0.013903861493742778, 0.07282643519477724]"
doc_00677,10489472,2013,6,1.0,unknown,2013,"STEERING,SUSPENSION",,low,0,"[6.050658024592855e-308, 2.533019695023023e-308, 4.227438114108225e-308, 1.807625843738155e-308, 1.6462122956027193e-308, 1.0, 3.2062766940828955e-308, 6.036464827618111e-308, 4.186609503677787e-308, 3.4707488617906883e-308, 2.844432913439248e-308, 1.908594269440997e-308, 1.68282734448371e-308, 5.401861169158218e-308, 2.217873540770941e-308, 1.4680396817871223e-308, 1.9696287580502227e-308, 1.6400311071946374e-308, 3.192596525051852e-308]"
doc_00678,10475371,2013,4,0.48934394803646125,unknown,2013,FUEL/PROPULSION SYSTEM,,low,1,"[0.02414062775474751, 0.04415084999328774, 0.03765439308932338, 0.48934394803646125, 0.04010115194307853, 0.020780358929330223, 0.013741745779251384, 0.021868315352984103, 0.01505211731970463, 0.05026499132683219, 0.02792693292753183, 0.012114959577460449, 0.014119988974331487, 0.016937849097892255, 0.028831446034139556, 0.013174080488402847, 0.07767945622168089, 0.012060311603973833, 0.037077633738568885]"
doc_00679,11541789,2014,5,0.010686617628697909,unknown,2014,ENGINE,,high,1,"[0.034414841250479826, 0.01325519301090076, 0.018512359911599746, 0.010987561252634021, 0.010686617628697909, 0.03750282753637842, 0.08558303906102241, 0.02249342962594599, 0.15769643904074912, 0.01709424495996866, 0.016421248637829355, 0.020470859020592525, 0.013913008182655307, 0.060114137079513394, 0.013814255028743084, 0.012133158094557738, 0.0112480472973586, 0.015499453993655052, 0.017144873410160532]"
doc_00680,11465862,2014,11,1.0,unknown,2014,"POWER TRAIN,ELECTRICAL SYSTEM,UNKNOWN OR OTHER",,low,0,"[3.828876863722854e-308, 2.614826637818281e-308, 6.359747714912518e-308, 2.6533286931956025e-308, 1.8278635451885613e-308, 2.8949435172942794e-308, 1.904585289595678e-308, 2.2658245699093105e-308, 2.124170195093756e-308, 3.3201109709244266e-308, 1.0, 1.3151409541003984e-308, 1.2966452482458604e-308, 2.3834722039461304e-308, 1.2101399496943615e-307, 1.174636162487468e-308, 2.30497643156465e-308, 1.214052387088266e-308, 1.0825090050702185e-307]"
doc_00681,11353090,2014,10,0.03814100332907917,unknown,2014,"ENGINE,FUEL/PROPULSION SYSTEM",,medium,0,"[0.032376419276118576, 0.02824882180838706, 0.05428941245244721, 0.03916817527949103, 0.024992668635745653, 0.027382942131982745, 0.01740101725069066, 0.022595988852634235, 0.019126603575582306, 0.03814100332907917, 0.06954701265882333, 0.012725269075591981, 0.01349298101562931, 0.02341054596418821, 0.0762107470216768, 0.012273915357219976, 0.028316938925010072, 0.012124363731574665, 0.11751529822063367]"
doc_00682,11254699,2014,3,0.0636999426832893,unknown,2014,POWER TRAIN,,low,0,"[0.03423555422118067, 0.024194247467687013, 0.0636999426832893, 0.02405302715485332, 0.015938580071106614, 0.027887243108892287, 0.016407145619575583, 0.02111490989459884, 0.018300342256304152, 0.033374285786801426, 0.23241653978611046, 0.010604566893262616, 0.010599566869019595, 0.02110234791554119, 0.08006524699586039, 0.009541905412302404, 0.020863296423044155, 0.00981724728129402, 0.18202344414104227]"
doc_00683,11231957,2014,3,0.18476620987237638,unknown,2014,SERVICE BRAKES,,high,1,"[0.08210232572942103, 0.04517231247654759, 0.18476620987237638, 0.02715196278435102, 0.021354654133667706, 0.06433221962495081, 0.024005291227054564, 0.05631293416138482, 0.029253503760558155, 0.07964680172400765, 0.04933789224863356, 0.01581470012264728, 0.015876472506017755, 0.03255248840427884, 0.036497784997863846, 0.014010052086904526, 0.028998529569679805, 0.014448827041262368, 0.061951562522163314]"
doc_00684,11122097,2014,8,1.0,unknown,2018,AIR BAGS,,low,0,"[4.0022303186449596e-308, 3.7209648843330043e-308, 5.240873396579572e-308, 1.919911717618979e-308, 1.7438050026072857e-308, 5.137988284068835e-308, 2.006477770639582e-308, 1.0, 2.4495984055594934e-308, 4.329902364216709e-308, 2.213802264942623e-308, 1.5749611460211647e-308, 1.559344283891605e-308, 2.7669883910126687e-308, 1.8339708395212863e-308, 1.381565944614347e-308, 2.309271290934621e-308, 1.432823934880908e-308, 2.5224120665639033e-308]"
doc_00685,11019620,2014,8,1.0,unknown,2014,AIR BAGS,,low,0,"[3.9402526326418305e-308, 3.6724241861484855e-308, 5.098362430303262e-308, 1.899527266113028e-308, 1.720822339152453e-308, 5.109382803022981e-308, 2.008430276604662e-308, 1.0, 2.4484214442078596e-308, 4.2068655933386716e-308, 2.196595717020124e-308, 1.5665671200929873e-308, 1.545828387365093e-308, 2.754044025385858e-308, 1.820232611761241e-308, 1.3708991179302e-308, 2.2869439648609985e-308, 1.4241055732258664e-308, 2.489867723408489e-308]"
doc_00686,11011794,2014,11,0.341807460723255,unknown,2014,UNKNOWN OR OTHER,,low,0,"[0.019040321288736065, 0.012952908128780766, 0.030696994550328014, 0.013578004852558749, 0.009703956856689587, 0.015496884093809839, 0.010141340178840457, 0.011677886277471258, 0.011239734779499563, 0.017365246909110982, 0.341807460723255, 0.0070731644559646764, 0.0069709188516682875, 0.013042271776560508, 0.053010555672800844, 0.0062900457221416895, 0.01168497306887668, 0.006520172896349249, 0.06859176408095748]"
doc_00687,11004331,2014,8,1.0,unknown,2016,AIR BAGS,,low,1,"[4.0371641760745686e-308, 3.2240069698221745e-308, 4.637590922923213e-308, 1.812846682583335e-308, 1.65203389297713e-308, 6.119736946334287e-308, 2.1594283279133165e-308, 1.0, 2.668610897522185e-308, 3.755593556273327e-308, 2.205108353887986e-308, 1.6174739815808536e-308, 1.551112484310253e-308, 3.0468399426924627e-308, 1.8160379968983005e-308, 1.373137980986947e-308, 2.1475960140370144e-308, 1.4518246681060574e-308, 2.4722303409766346e-308]"
doc_00688,10986174,2014,8,1.0,unknown,2016,AIR BAGS,,low,1,"[3.8513770652028164e-308, 3.5258621800230683e-308, 4.784248227998283e-308, 1.8500723397317357e-308, 1.68618897799372e-308, 4.988217172004645e-308, 2.014459373015239e-308, 1.0, 2.4554857733358247e-308, 3.9829101016826983e-308, 2.1408799552496817e-308, 1.5671522238400473e-308, 1.538347075794644e-308, 2.7444588148479156e-308, 1.7798463611482784e-308, 1.365194533701382e-308, 2.2207183522089854e-308, 1.422232188580338e-308, 2.4120389727464027e-308]"
doc_00689,10746265,2014,4,1.0,unknown,2014,FUEL/PROPULSION SYSTEM,,high,0,"[2.142073317304032e-308, 3.8234559949363976e-308, 3.4181495292788137e-308, 1.0, 3.387036971321825e-308, 1.881897946810376e-308, 1.2472601910135363e-308, 1.938961386007621e-308, 1.362389979291815e-308, 4.2868487952945304e-308, 2.6649079155273815e-308, 1.1038291938401415e-308, 1.2730010515111596e-308, 1.538294970765627e-308, 2.7863667649721834e-308, 1.1864610925426665e-308, 6.710304094647505e-308, 1.094990561478185e-308, 3.5906216201355814e-308]"
doc_00690,11708381,2015,3,0.21652246155019142,unknown,2015,"VEHICLE SPEED CONTROL,ENGINE,ENGINE AND ENGINE COOLING",,medium,0,"[0.04233821374487997, 0.041971716696464295, 0.21652246155019142, 0.023692181935949783, 0.016817844131631645, 0.03600480598398472, 0.015230408251333618, 0.035053272004853565, 0.01792165198389677, 0.07997992033269735, 0.03777442408276579, 0.010200645159950962, 0.010652568708074822, 0.020098059283353713, 0.028544243467311065, 0.009462811133700354, 0.025265331695454373, 0.009507232447144721, 0.05216745152000546]"
doc_00691,11707246,2015,10,1.0,unknown,2015,"SUSPENSION,FUEL/PROPULSION SYSTEM",,high,1,"[4.89483667737377e-308, 7.557244847404969e-308, 1.38872719843414e-307, 3.731351479683645e-308, 2.9891630597588183e-308, 4.472275536512722e-308, 2.0079168279171983e-308, 5.389440093635106e-308, 2.3457374103429806e-308, 1.0, 3.5950447631322566e-308, 1.5390523524079965e-308, 1.710197955635115e-308, 2.694441050544633e-308, 3.023739400790579e-308, 1.5139813553207506e-308, 4.2643994984324653e-308, 1.4650399378349127e-308, 4.924084564788964e-308]"
doc_00692,11669266,2015,14,0.007753207588858669,unknown,2017,UNKNOWN OR OTHER,,low,0,"[0.0070715500563531455, 0.004087053172041258, 0.004998688049829595, 0.0033685216705530356, 0.0036999998350933285, 0.007878681133932567, 0.010275806331832216, 0.006251215007215255, 0.00975119843863526, 0.004952940050910575, 0.004267500374100045, 0.010201404165133364, 0.006213399032160704, 0.007753207588858669, 0.003735439774881093, 0.005431364810900682, 0.003545046613757347, 0.007779310961469067, 0.004601090055644521]"
doc_00693,11653103,2015,2,1.0,unknown,2015,FUEL/PROPULSION SYSTEM,,low,0,"[2.5341112409323883e-308, 1.0, 4.354824341033126e-308, 3.671603250173093e-308, 2.4955107701953424e-308, 2.506269640538209e-308, 1.3741516620804597e-308, 3.454261136174703e-308, 1.5465897207129896e-308, 6.400861727632713e-308, 2.250543717101785e-308, 1.230236367590368e-308, 1.3892425953341587e-308, 1.7307687801778574e-308, 2.0333665315340036e-308, 1.268821467875323e-308, 6.414491649267867e-308, 1.196949266345483e-308, 2.8790621178950485e-308]"
doc_00694,11626162,2015,2,1.0,unknown,2015,"FUEL SYSTEM, GASOLINE",,high,0,"[2.764449903559458e-308, 1.0, 5.17090980228598e-308, 3.749394249882517e-308, 2.30250295124943e-308, 2.6422047158524166e-308, 1.4264014047023158e-308, 3.58603386460159e-308, 1.6145775596802856e-308, 5.93275463930964e-308, 2.543882104489218e-308, 1.2025496191375905e-308, 1.3227659501102623e-308, 1.789821173398233e-308, 2.2630655383597135e-308, 1.206963164207566e-308, 6.114010874605872e-308, 1.1585191396543746e-308, 3.2108315490851e-308]"
doc_00695,11621842,2015,3,0.054417702979273244,unknown,2015,ELECTRICAL SYSTEM,,low,0,"[0.03203773267634097, 0.02759090300496508, 0.054417702979273244, 0.03756814758354236, 0.023913345508632985, 0.02691613790818086, 0.01700842612450932, 0.022118506020158142, 0.018735376670778077, 0.03744755744640208, 0.07095997363735417, 0.012338882934351711, 0.013037314559268159, 0.02291869759056106, 0.07704340106239062, 0.011847694574633881, 0.0273934980829512, 0.011732735539887499, 0.12431409065832526]"
doc_00696,11609559,2015,17,0.34066453299670857,unknown,2015,"FUEL SYSTEM, GASOLINE",,low,0,"[0.010940522883084015, 0.04497826300632915, 0.017288041911526605, 0.03311788591702559, 0.013462177513484929, 0.010840089547201918, 0.006533795223316772, 0.012606070871728327, 0.007216496771005759, 0.02520527700684791, 0.012192601385734029, 0.0059174502093314275, 0.006668235353241689, 0.00807873096420362, 0.011604244781819291, 0.006167120277082513, 0.34066453299670857, 0.005796253392509798, 0.01628405287852664]"
doc_00697,11604416,2015,2,0.5223075096554971,unknown,2015,FUEL/PROPULSION SYSTEM,,low,0,"[0.02364455246515201, 0.5223075096554971, 0.039736396826760244, 0.038108551492151976, 0.024437122671534573, 0.02355874780495996, 0.013099262062201612, 0.0314391425938443, 0.014681468549134113, 0.06021942797326612, 0.0218706505224136, 0.011743042567888995, 0.013276499695163606, 0.016441290581533718, 0.019913930363512612, 0.012159051725912638, 0.073719535213887, 0.011447949269967958, 0.02819586796521788]"
doc_00698,11600861,2015,2,1.0,unknown,2015,"FUEL SYSTEM, GASOLINE",,low,0,"[2.7555807881677956e-308, 1.0, 5.119433660467883e-308, 3.431899416225909e-308, 2.2776045783975425e-308, 2.699051589389187e-308, 1.4383906262329955e-308, 3.877127532121991e-308, 1.631403786763734e-308, 6.052219215320902e-308, 2.4196237069325905e-308, 1.223587127609295e-308, 1.348347446811984e-308, 1.811176592919083e-308, 2.1446319972296633e-308, 1.228407134045434e-308, 5.515790076239609e-308, 1.178531652687361e-308, 3.0233007154815396e-308]"
doc_00699,11599200,2015,10,0.004449156313901226,unknown,2015,STRUCTURE,,medium,0,"[0.0060419143156791736, 0.0033913391609293165, 0.004166913546521592, 0.003052004736524835, 0.0038920486147059233, 0.005430072487026885, 0.005655354507366373, 0.004429693534749044, 0.006057494079320419, 0.004449156313901226, 0.0036476310764248067, 0.03198923898329392, 0.014212771646968114, 0.00610703666388585, 0.0032410887639431176, 0.010459855696085879, 0.003024497303756799, 0.02109823035609227, 0.004173030886770635]"
doc_00700,11585517,2015,2,0.1447265966428647,unknown,2015,"FUEL SYSTEM, GASOLINE",,low,0,"[0.024121856865709845, 0.1447265966428647, 0.05160219290331712, 0.02319829119047445, 0.01671745271886095, 0.024365838905136047, 0.011896842409649189, 0.038632849861633005, 0.013702215702582852, 0.0606825853352078, 0.019459229893778424, 0.009601376479180777, 0.010453884463468417, 0.01531163491761586, 0.01677572051289892, 0.009435639419468773, 0.03284498643927704, 0.00915951900982668, 0.02409452536516198]"
doc_00701,11577119,2015,5,1.0,unknown,2015,UNKNOWN OR OTHER,,medium,0,"[1.9846063672032005e-308, 2.431222010112639e-308, 2.6840257759390083e-308, 3.957715746394162e-308, 1.0, 1.6911471337804156e-308, 1.1965638355429014e-308, 1.7151777350317077e-308, 1.3033319227499684e-308, 4.0787320226177366e-308, 1.8381910029006885e-308, 1.352800321389336e-308, 1.8188949820265012e-308, 1.4932548729160066e-308, 1.8229842864910406e-308, 1.70799924028326e-308, 2.56326373573586e-308, 1.4044020423547007e-308, 2.3376911397954004e-308]"
doc_00702,11577150,2015,3,0.20868732229803802,unknown,2015,"SUSPENSION,POWER TRAIN",,low,0,"[0.07688394605591292, 0.047455321395060236, 0.20868732229803802, 0.03358550468688158, 0.02408850136044052, 0.05837870619512579, 0.02637878330185483, 0.04611646158546305, 0.03151589402327301, 0.07030524824926417, 0.08581596618362837, 0.017188004443018247, 0.017119994449597362, 0.035205014041242044, 0.05524038452714585, 0.015263973493269552, 0.03352863237880499, 0.015757664081756044, 0.10148467725022327]"
doc_00703,11575002,2015,16,1.0,unknown,2015,STRUCTURE,,low,0,"[1.572564205921157e-308, 1.2628127212549523e-308, 1.4175392120743145e-308, 1.233896999333364e-308, 1.790151982408428e-308, 1.4574515333584986e-308, 1.3560975741598836e-308, 1.3454659970938847e-308, 1.423070047313247e-308, 1.624820619730282e-308, 1.187674468041911e-308, 2.844938929440688e-308, 1.2889665744522403e-307, 1.4932683131120477e-308, 1.113042277302835e-308, 1.0, 1.1591651014455193e-308, 4.2628220230711035e-308, 1.3679730858259223e-308]"
doc_00704,11573889,2015,16,1.0,unknown,2015,STRUCTURE,,low,0,"[1.5678627216390286e-308, 1.262173368102028e-308, 1.416904308572843e-308, 1.235557692604885e-308, 1.7965228404451153e-308, 1.4530694838081566e-308, 1.3508908900826163e-308, 1.3418302387136255e-308, 1.4174699069824037e-308, 1.6250627967142003e-308, 1.1871559581749753e-308, 2.816630502671298e-308, 1.2490865756420288e-307, 1.488587912474151e-308, 1.1132027502891456e-308, 1.0, 1.1596958936770637e-308, 4.198523243915545e-308, 1.36756340839398e-308]"
doc_00705,11556818,2015,2,0.0835271141476018,unknown,2015,ELECTRICAL SYSTEM,,low,0,"[0.023352394862124825, 0.0835271141476018, 0.04248840705718855, 0.044043334223110596, 0.022575081691617708, 0.025090100600814746, 0.013132075334392732, 0.027934321588603372, 0.01464085037333093, 0.06121041712528414, 0.027044169543926303, 0.010772316194301614, 0.011934052442881843, 0.016673645846293186, 0.024061234407135954, 0.01085371790852547, 0.07208674217867261, 0.010405453113985812, 0.039428178827484124]"
doc_00706,11549044,2015,5,0.37993534233135723,unknown,2019,ENGINE,,high,1,"[0.026774429091339598, 0.03199198023984123, 0.035508394717593435, 0.054207380419966034, 0.37993534233135723, 0.022908649135017407, 0.016748818061963603, 0.02302942231708538, 0.018137637433034967, 0.04859289235397499, 0.02574816937186103, 0.01895540572131331, 0.025253596432033492, 0.020729000297988902, 0.02599687159934527, 0.024074496184450598, 0.03511461107723401, 0.019737824022364743, 0.03200126051525892]"
doc_00707,11541025,2015,5,1.0,unknown,2015,ENGINE,,high,2,"[2.0552863713971493e-308, 2.521757654634076e-308, 2.8268977207137576e-308, 4.2073436503836483e-308, 1.0, 1.7336663963355364e-308, 1.2137579028274933e-308, 1.759909838803719e-308, 1.324943727000105e-308, 4.3631762065445616e-308, 1.8987764506502466e-308, 1.3570641671091713e-308, 1.8056687563726433e-308, 1.521373110531836e-308, 1.881038111238717e-308, 1.687899270233785e-308, 2.6615517842658914e-308, 1.4020527117294135e-308, 2.4359375156929727e-308]"
doc_00708,11537537,2015,14,1.0,unknown,2015,STEERING,,medium,0,"[5.592483952319273e-308, 1.8329811421299096e-308, 2.766857175817201e-308, 1.56557542974051e-308, 1.505658192466062e-308, 6.038124659164499e-308, 4.878464304588105e-308, 3.1144112654498557e-308, 8.784370046307255e-308, 2.471041459741183e-308, 2.5292434919691957e-308, 2.2471912388549913e-308, 1.735745779591643e-308, 1.0, 2.0577407254036684e-308, 1.514017994583125e-308, 1.5658038661398085e-308, 1.805156778642054e-308, 2.643767033275879e-308]"
doc_00709,11532637,2015,6,1.0,unknown,2015,SUSPENSION,,low,0,"[6.656628730727844e-308, 2.6474798302637285e-308, 4.601513487305457e-308, 1.8854418409598435e-308, 1.714529437209908e-308, 1.0, 3.125929611467137e-308, 5.934647149492098e-308, 3.9888052436601726e-308, 3.79006089267959e-308, 2.9991955501000148e-308, 1.914874194075256e-308, 1.719558081895252e-308, 4.995697012323762e-308, 2.311315673899282e-308, 1.4954451007031875e-308, 2.0488470207359063e-308, 1.6567396504491006e-308, 3.4612944543499037e-308]"
doc_00710,11529909,2015,14,1.0,unknown,2015,AIR BAGS,,low,0,"[5.253869156835214e-308, 1.7031488927803875e-308, 2.5268213298614807e-308, 1.508066320407177e-308, 1.4718292408670023e-308, 4.584640585970481e-308, 5.546556920851597e-308, 2.6567272870594617e-308, 1.0565183399984362e-307, 2.289753933999889e-308, 2.500229850915892e-308, 2.3647342337266876e-308, 1.7531966651952824e-308, 1.0, 2.057442278304084e-308, 1.530437380966495e-308, 1.4765810074330174e-308, 1.861189501673814e-308, 2.579686942516259e-308]"
doc_00711,11526988,2015,2,0.6142778368773637,unknown,2015,FUEL/PROPULSION SYSTEM,,medium,1,"[0.018275015094432627, 0.6142778368773637, 0.028883188206694565, 0.03271325319403762, 0.019312151121880453, 0.018237669013820897, 0.010566091201144625, 0.02380719920305018, 0.011753775806153194, 0.03969077077853284, 0.01773952891943413, 0.009411549217711052, 0.01056765067135565, 0.013060606925611909, 0.01640580272984541, 0.009751859887735451, 0.07395624034730054, 0.009191058694960876, 0.02239875210893424]"
doc_00712,11525100,2015,11,0.1701133154543171,unknown,2015,"POWER TRAIN,VEHICLE SPEED CONTROL",,high,1,"[0.03143353722324884, 0.02081010143130512, 0.06226583814196, 0.01967251765969194, 0.013458242748741508, 0.022105044496448626, 0.013417653212502812, 0.017545615827763563, 0.015343472857454339, 0.027248538182104938, 0.1701133154543171, 0.009384906291806853, 0.009337617732655104, 0.01712154788715758, 0.058742730334270465, 0.008428772798462564, 0.017404670670385775, 0.008665321302401713, 0.07875515733962159]"
doc_00713,11515575,2015,16,1.0,unknown,2015,"STRUCTURE,WHEELS,UNKNOWN OR OTHER",,low,0,"[1.625376962190301e-308, 1.278254454117665e-308, 1.4454176097040166e-308, 1.2404759970128463e-308, 1.7900261691689067e-308, 1.500959878791899e-308, 1.4008758099020043e-308, 1.377616853961345e-308, 1.4729768563075124e-308, 1.6499108731823073e-308, 1.209463916663945e-308, 3.053255116271198e-308, 1.7914220206707475e-307, 1.5445205083123716e-308, 1.1296193132378457e-308, 1.0, 1.168560264399723e-308, 4.695877216309926e-308, 1.3944277442443e-308]"
doc_00714,11515691,2015,6,1.0,unknown,2015,SUSPENSION,,medium,0,"[6.537802292858597e-308, 2.6784532081248324e-308, 4.693320904497595e-308, 1.8880067852049017e-308, 1.713560362984513e-308, 1.0, 3.068190850779044e-308, 6.273217211618686e-308, 3.9590024437879657e-308, 3.8129571509281894e-308, 2.973767659623564e-308, 1.896258964135755e-308, 1.7071222768236735e-308, 5.020330136185385e-308, 2.299710211937115e-308, 1.486098696312909e-308, 2.0580265279491266e-308, 1.642619467395461e-308, 3.4219608705884597e-308]"
doc_00715,11514261,2015,13,1.0,unknown,2021,"ELECTRICAL SYSTEM,UNKNOWN OR OTHER",,low,0,"[1.8612320984183867e-308, 1.371380696060199e-308, 1.589344907870247e-308, 1.303239918671018e-308, 1.8668649985036153e-308, 1.6952765759892387e-308, 1.568811847736788e-308, 1.5260618136168124e-308, 1.666913612359715e-308, 1.805731196684938e-308, 1.3148541199411124e-308, 3.780148381923907e-308, 1.0, 1.7532547007013455e-308, 1.21342528577345e-308, 1.6151348260973769e-307, 1.23763836199271e-308, 5.837439432455216e-308, 1.530294451894339e-308]"
doc_00716,11508805,2015,14,1.0,unknown,2015,"ELECTRICAL SYSTEM,AIR BAGS,FORWARD COLLISION AVOIDANCE",,low,0,"[5.59417241706478e-308, 1.8296301456450316e-308, 2.7617622424803114e-308, 1.562237170235854e-308, 1.5032428957740643e-308, 5.980777631779985e-308, 4.889270836346296e-308, 3.1079379527421015e-308, 8.884052881181708e-308, 2.465676635164472e-308, 2.521751962781741e-308, 2.2489859304139793e-308, 1.734822754967059e-308, 1.0, 2.053374478152855e-308, 1.5133033649740683e-308, 1.5619777409294103e-308, 1.804940502651783e-308, 2.6341548137182996e-308]"
doc_00717,11495757,2015,2,1.0,unknown,2015,"ENGINE AND ENGINE COOLING,FUEL SYSTEM, GASOLINE",,medium,0,"[2.752750899362178e-308, 1.0, 5.09060912256174e-308, 3.526282796798992e-308, 2.2895434047559293e-308, 2.66383455874106e-308, 1.4294219073512486e-308, 3.7598367558692943e-308, 1.6198448600519243e-308, 5.985446642764702e-308, 2.442229530042882e-308, 1.214626604956456e-308, 1.339100026433701e-308, 1.796705907905256e-308, 2.1699692051363575e-308, 1.220938609362912e-308, 5.707121854379285e-308, 1.170567963798661e-308, 3.0583473046926607e-308]"
doc_00718,11495289,2015,5,0.5338724537787923,unknown,2015,ENGINE,,medium,0,"[0.018666868279921773, 0.022411377227980374, 0.024970179648442874, 0.03742936715197445, 0.5338724537787923, 0.015929683055842546, 0.011503740809536006, 0.016046833589258097, 0.012488665994045038, 0.035446976124228605, 0.01768024796169604, 0.013034282446641574, 0.017457947975336178, 0.014292522541968977, 0.017722844485716524, 0.016538872913002958, 0.024205859933869426, 0.013559919301314081, 0.02218753810345648]"
doc_00719,11493326,2015,2,1.0,unknown,2015,FUEL/PROPULSION SYSTEM,,low,1,"[2.2152492458232087e-308, 1.0, 3.503370128521303e-308, 3.465419552359455e-308, 2.2316670624600973e-308, 2.2229905913185393e-308, 1.2795738194777984e-308, 3.0344292898233823e-308, 1.4272838985665856e-308, 4.56283257427013e-308, 2.060155336984046e-308, 1.1396076219845635e-308, 1.2757553732440717e-308, 1.5818682278983885e-308, 1.890520979667004e-308, 1.176011551131021e-308, 6.71290093574078e-308, 1.111007545874904e-308, 2.557403207050087e-308]"
doc_00720,11482218,2015,6,0.3121773904092817,unknown,2015,SUSPENSION,,low,0,"[0.04350798977277525, 0.018760648887237573, 0.034785374413469274, 0.012910106897108748, 0.011462004865780416, 0.3121773904092817, 0.018933194132276614, 0.043818548158120654, 0.024292819334963217, 0.026833864298500782, 0.020527049525414728, 0.01189894075985935, 0.010918324233089024, 0.030247319034107715, 0.015715463863105492, 0.009538426909568526, 0.014162349619613426, 0.010411999116096525, 0.023682628971471036]"
doc_00721,11480553,2015,6,1.0,unknown,2015,SUSPENSION,,low,0,"[6.645199141262444e-308, 2.643137261870355e-308, 4.601575394428681e-308, 1.875725955288689e-308, 1.7087860798459926e-308, 1.0, 3.1171529729396945e-308, 6.1173841385117e-308, 4.0298673983191746e-308, 3.76751469678295e-308, 2.9630917179605266e-308, 1.91466906932564e-308, 1.7164476690698626e-308, 5.124972694802843e-308, 2.2917022191896726e-308, 1.493046693808736e-308, 2.038897836002178e-308, 1.6548282407456547e-308, 3.406361027255067e-308]"
doc_00722,11476528,2015,14,1.0,unknown,2015,"AIR BAGS,UNKNOWN OR OTHER",,high,1,"[5.270633469599459e-308, 1.7702871592637265e-308, 2.6384760474462875e-308, 1.535959732727847e-308, 1.485190289238917e-308, 5.3577236300428e-308, 4.990129240988518e-308, 2.9137927582049343e-308, 9.199015225514673e-308, 2.375831146535064e-308, 2.4913340056264053e-308, 2.2792925636295585e-308, 1.7323680512224155e-308, 1.0, 2.0406307415289444e-308, 1.5131700808671703e-308, 1.5247234659503063e-308, 1.817355130014172e-308, 2.587397824227708e-308]"
doc_00723,11475220,2015,3,0.4085936229406306,unknown,2015,ELECTRICAL SYSTEM,,low,1,"[0.06754280206466654, 0.026333855751369886, 0.4085936229406306, 0.020931137884212258, 0.01722587478874784, 0.02677181097139377, 0.013820266477930138, 0.024783213051517372, 0.016900935420853243, 0.04953102924665345, 0.03330012141315353, 0.01041244547517912, 0.010887752802567154, 0.01947891415372411, 0.027526286547550672, 0.009649194231326642, 0.018976864800755913, 0.009626604198361137, 0.0448139132652509]"
doc_00724,11474855,2015,6,0.40903594859866155,unknown,2019,SUSPENSION,,low,0,"[0.03453864553474893, 0.01601830335264825, 0.027738331909100796, 0.010878643308585898, 0.009769758974714885, 0.40903594859866155, 0.01702479945198774, 0.0426695522489452, 0.02193334928567512, 0.021887111330348652, 0.016666506529876644, 0.010604928323074784, 0.009600137271802402, 0.027189858367711657, 0.013002269733759208, 0.008394786690947481, 0.01206469939172849, 0.00922931882907052, 0.01889962869888533]"
doc_00725,11469677,2015,6,1.0,unknown,2015,SUSPENSION,,medium,0,"[6.035155188032154e-308, 2.653473576425685e-308, 4.553081569273629e-308, 1.8549832666795134e-308, 1.668451024223942e-308, 1.0, 3.0802227390429174e-308, 6.414923533820998e-308, 3.963392421089903e-308, 3.6515649677700046e-308, 2.925683641188344e-308, 1.855638468410574e-308, 1.66145740114145e-308, 4.919004175279304e-308, 2.268049492832222e-308, 1.451521051117034e-308, 2.035772159006664e-308, 1.6069630754493103e-308, 3.3057203571555314e-308]"
doc_00726,11466165,2015,5,0.36882717608251986,unknown,2015,ENGINE,,medium,0,"[0.027367131633480236, 0.03263572415500963, 0.03624299319279068, 0.05522211027143127, 0.36882717608251986, 0.02342853830473866, 0.017161847714887143, 0.023537059187236357, 0.018577662923330195, 0.04938998374899464, 0.02635700595904564, 0.019434157710970366, 0.02589444121932823, 0.021225946540649656, 0.026628881195076264, 0.024705975287563978, 0.03585265882678933, 0.02024338548647204, 0.03271350188270998]"
doc_00727,11460386,2015,8,0.04696394675451111,unknown,2015,SUSPENSION,,low,0,"[0.04019912900776303, 0.018271175448165314, 0.03866240805836121, 0.01149772435601898, 0.009465002842372457, 0.07989459241670614, 0.014110238671376354, 0.04696394675451111, 0.018159195498980808, 0.027828478662600492, 0.01696214707564774, 0.007999661222899707, 0.007628657883919337, 0.02231107959331907, 0.013180795488560847, 0.006657754952092544, 0.01277251776075714, 0.007103909614406406, 0.020188010039693238]"
doc_00728,11459772,2015,3,0.14316239659924612,TDI_unknown,2015,"STEERING,POWER TRAIN,ENGINE",,medium,0,"[0.029729751512582794, 0.028699214157568886, 0.14316239659924612, 0.02568589034203759, 0.017294897431189275, 0.019516545346295922, 0.010201041891766027, 0.019027827179518564, 0.011860081973383719, 0.06011906880293686, 0.026207640404861367, 0.007346179351274292, 0.0081022663627349, 0.013649774552294552, 0.023091264027226444, 0.007253420588603587, 0.02129611392207049, 0.006999350231042161, 0.04010176826874042]"
doc_00729,11454820,2015,5,0.23157474562751168,unknown,2015,FUEL/PROPULSION SYSTEM,,medium,0,"[0.016097361690902454, 0.019053026592401483, 0.0222544133839583, 0.03168164862889749, 0.23157474562751168, 0.013826872783740929, 0.00985427921567392, 0.013720630250383482, 0.010727103385011929, 0.0318850657848958, 0.01562991408587946, 0.011025549094143477, 0.014581327214354699, 0.012392346796551301, 0.015657952122793948, 0.013686194107454829, 0.020831120111753386, 0.011400109820477027, 0.020009772847086944]"
doc_00730,11452061,2015,6,1.0,unknown,2015,SUSPENSION,,low,0,"[7.015038005716486e-308, 2.7117051643477684e-308, 4.899713853232401e-308, 1.909001101581807e-308, 1.734956551711144e-308, 1.0, 3.050167598934374e-308, 6.311146944234461e-308, 3.9827458911962546e-308, 3.9345970971739694e-308, 3.0222451377722785e-308, 1.8977249770342886e-308, 1.716054518855432e-308, 5.060050385150133e-308, 2.3302445636975054e-308, 1.492341439744734e-308, 2.0705638665906567e-308, 1.6455118747613577e-308, 3.497747201102157e-308]"
doc_00731,11446853,2015,5,1.0,unknown,2015,ENGINE,,medium,0,"[2.0386024320911434e-308, 2.5037358907404597e-308, 2.789611117366968e-308, 4.1147651031695956e-308, 1.0, 1.727596465946027e-308, 1.2116880972708613e-308, 1.7534694605646876e-308, 1.3222079858325774e-308, 4.3127816386976197e-308, 1.8823345938239847e-308, 1.3604165402649853e-308, 1.81763249996309e-308, 1.5178342784825666e-308, 1.8635450072666283e-308, 1.7003060661660134e-308, 2.6352922280652386e-308, 1.407682484426563e-308, 2.4109088900720596e-308]"
doc_00732,11446968,2015,14,1.0,unknown,2015,AIR BAGS,,medium,1,"[5.224675751317439e-308, 1.769080052339287e-308, 2.6335807322986492e-308, 1.552204663132417e-308, 1.5069352546589083e-308, 5.088089264993525e-308, 4.728418479202646e-308, 2.8504731311289956e-308, 8.247156402195145e-308, 2.3861542504681994e-308, 2.521250965598363e-308, 2.288941384620765e-308, 1.749147816910989e-308, 1.0, 2.0659701186834375e-308, 1.5270839474838987e-308, 1.5313301407065755e-308, 1.8288501838859497e-308, 2.6281499089187887e-308]"
doc_00733,11444518,2015,14,0.4484497885281316,TDI_unknown,2015,AIR BAGS,,low,0,"[0.04328277495115265, 0.013817329665491901, 0.020993140293717155, 0.01153345885109459, 0.011033382317047756, 0.04991584551170143, 0.03857838282941401, 0.024474623244417276, 0.07435441229787189, 0.01852991429114281, 0.018523848999837663, 0.016525427378722455, 0.012761153866732473, 0.4484497885281316, 0.015053275854555214, 0.011130722583642356, 0.01165577854559572, 0.01327439245037775, 0.01931816400517892]"
doc_00734,11436071,2015,14,1.0,unknown,2015,AIR BAGS,,low,0,"[5.377448511259536e-308, 1.7025221947656277e-308, 2.535883086629812e-308, 1.510369265310042e-308, 1.471099099826328e-308, 4.53442579608691e-308, 5.7887312496388e-308, 2.631875112625013e-308, 1.0998165728889997e-307, 2.290864252899837e-308, 2.5354747719936703e-308, 2.3618863975863412e-308, 1.751209298942445e-308, 1.0, 2.08176838849688e-308, 1.5285566487025093e-308, 1.4757288961396193e-308, 1.860139479472297e-308, 2.6094441036261737e-308]"
doc_00735,11431916,2015,16,0.339664914387018,unknown,2015,STRUCTURE,,low,0,"[0.0075153540291396405, 0.005919305040813309, 0.0066661269791115675, 0.005743640518796229, 0.008220094219057691, 0.0069726224199453, 0.006572505872898964, 0.006386400880271685, 0.00688573342938817, 0.007580140144290331, 0.005629106018528012, 0.014440919497523316, 0.0689160041296785, 0.007199247966786722, 0.005262860817629079, 0.339664914387018, 0.005427982206533082, 0.02271835020996378, 0.006461996653598599]"
doc_00736,11421601,2015,1,0.007013497817710199,unknown,2015,UNKNOWN OR OTHER,,low,0,"[0.007013497817710199, 0.004030639960437984, 0.004931282722972457, 0.0033489986111136286, 0.0036937533985795436, 0.007733344252524313, 0.010223272677859292, 0.006099244671647294, 0.009668407936000637, 0.004901548338259335, 0.004248122993590052, 0.01064006843152331, 0.00630433875425379, 0.007692693214354423, 0.003720705952499617, 0.005500495756486513, 0.003512138867744976, 0.008018610868051574, 0.004582251897692799]"
doc_00737,11421339,2015,1,0.1432825472439976,unknown,2015,AIR BAGS,,medium,0,"[0.1432825472439976, 0.030469329852742748, 0.07305597383575203, 0.02612330991542387, 0.02365217394117265, 0.06011509452688636, 0.032983765691885554, 0.039743835978536556, 0.043947024551063765, 0.04850872802512037, 0.053929483860132715, 0.022016501481418566, 0.020461563487714548, 0.0600839129197427, 0.04070760800936735, 0.0178307948594864, 0.024272744110131306, 0.019204029691076843, 0.06174020708778634]"
doc_00738,11418487,2015,6,0.3980451096079485,unknown,2015,SUSPENSION,,low,0,"[0.04482042720041952, 0.015504176529902259, 0.028188319369655664, 0.011061329413732045, 0.01014032523855972, 0.3980451096079485, 0.018288200890154472, 0.03573236695578325, 0.024583146767493663, 0.022665474954043363, 0.017636398665681823, 0.011299109749044576, 0.010141028275935299, 0.03217623698148943, 0.013612977716906451, 0.00880562201425206, 0.011874433210682087, 0.009750750254605084, 0.02030698227202192]"
doc_00739,11406568,2015,14,1.0,unknown,2015,"ELECTRICAL SYSTEM,AIR BAGS",,low,0,"[5.444130637708173e-308, 1.781577996556427e-308, 2.6652601556859066e-308, 1.5649621589677177e-308, 1.523197881072704e-308, 5.076052066698101e-308, 4.735217527813055e-308, 2.856965930451497e-308, 8.27926434166611e-308, 2.419344096895389e-308, 2.5522224050211183e-308, 2.310362114715917e-308, 1.768637333833365e-308, 1.0, 2.086188285885408e-308, 1.5414071699179125e-308, 1.5402369883077236e-308, 1.844860074630011e-308, 2.6706203976748213e-308]"
doc_00740,11402868,2015,1,0.0070361680967728065,unknown,2015,STRUCTURE,,low,0,"[0.0070361680967728065, 0.004061038119245016, 0.00496510173509591, 0.0033610114671865318, 0.0036993438197471867, 0.007798605085014735, 0.010245365233472078, 0.006174319855897062, 0.009700459118703725, 0.004927416542335093, 0.004258975513570242, 0.010421711092258342, 0.006263617263852048, 0.007717192628759776, 0.003729969369840579, 0.0054720016104603045, 0.003531075131176436, 0.007908013587708334, 0.004592031852205549]"
doc_00741,11400372,2015,15,0.08064669763690216,unknown,2015,FUEL/PROPULSION SYSTEM,,high,1,"[0.03162767053054285, 0.02714610104623378, 0.0539495060194887, 0.03681334100615355, 0.023179755277499336, 0.026435980582454204, 0.01676263672614232, 0.02170853340710489, 0.018441517296126555, 0.03658222048452253, 0.0729155345201023, 0.012075993211226732, 0.012724233787318767, 0.022458103448391845, 0.08064669763690216, 0.011568672001255751, 0.02688793598007361, 0.011474188503744962, 0.12594150309722182]"
doc_00742,11384851,2015,5,0.36698220610901017,unknown,2015,UNKNOWN OR OTHER,,low,0,"[0.027483445459925347, 0.032645215239647016, 0.03633186046034928, 0.05459658564743365, 0.36698220610901017, 0.023581154488941932, 0.017302904755097742, 0.02365411253446365, 0.01872740706326568, 0.04946293350202824, 0.026469086801653812, 0.019654198601389315, 0.026256233947877614, 0.021401719851259684, 0.026729652209434802, 0.025062983310392126, 0.03577803563740448, 0.02049171370293353, 0.03283473200051605]"
doc_00743,11384383,2015,2,1.0,unknown,2015,"FUEL SYSTEM, GASOLINE",,low,0,"[2.701297013463552e-308, 1.0, 4.947723023287279e-308, 3.7052601216949103e-308, 2.2749984658295855e-308, 2.5963591893579656e-308, 1.4116339762512243e-308, 3.5404919361318193e-308, 1.595303759370295e-308, 5.647819625570632e-308, 2.491896748224493e-308, 1.1920977222640304e-308, 1.311411962639419e-308, 1.766082248829572e-308, 2.223475274560671e-308, 1.1980049773319853e-308, 6.17070920958062e-308, 1.14924282165479e-308, 3.128396103661213e-308]"
doc_00744,11355305,2015,14,1.0,unknown,2015,"AIR BAGS,VEHICLE SPEED CONTROL,UNKNOWN OR OTHER",,low,1,"[5.378356532070263e-308, 1.7748931791948683e-308, 2.649550445710645e-308, 1.5613021832324493e-308, 1.521323942771103e-308, 5.020699385015912e-308, 4.722676503835973e-308, 2.839555624807608e-308, 8.228619012362225e-308, 2.408096228372084e-308, 2.541406082140689e-308, 2.31536087042153e-308, 1.7695022278331273e-308, 1.0, 2.0798986120665523e-308, 1.5423952120413174e-308, 1.5359512825744907e-308, 1.847453474550024e-308, 2.658986561965235e-308]"
doc_00745,11348575,2015,6,0.37188587380590354,unknown,2015,"SUSPENSION,SEATS,UNKNOWN OR OTHER",,low,0,"[0.04511200870408978, 0.01932078606777639, 0.031208342169486918, 0.013966074955634594, 0.012891466967410725, 0.37188587380590354, 0.02549431338338334, 0.04675399937885751, 0.034359236241329805, 0.026013656503841215, 0.021440686903001684, 0.015475956790048494, 0.013461067437604116, 0.048598624764793354, 0.016978531472496523, 0.011745974039854385, 0.015145611415978595, 0.013210108186232326, 0.023816479813365397]"
doc_00746,11338906,2015,5,1.0,unknown,2015,ENGINE,,low,0,"[1.9634565775922077e-308, 2.340050892023797e-308, 2.631430149949843e-308, 3.494399480362642e-308, 1.0, 1.7130908786251504e-308, 1.220660159846887e-308, 1.7126240890455495e-308, 1.328614076836294e-308, 4.002487663955498e-308, 1.827601700261255e-308, 1.4096010244326837e-308, 1.936235808481996e-308, 1.5263671737699924e-308, 1.803059333742254e-308, 1.8147207604558376e-308, 2.431303622710983e-308, 1.472687240314567e-308, 2.3242407663730316e-308]"
doc_00747,11310624,2015,5,1.0,unknown,2019,ENGINE,,medium,0,"[1.973448139933295e-308, 2.3661465422089404e-308, 2.6556964998447486e-308, 3.6037851725405875e-308, 1.0, 1.7121514406937544e-308, 1.21683258730369e-308, 1.7165439019108074e-308, 1.3249660569839253e-308, 4.0454421238552274e-308, 1.8366211566853296e-308, 1.3968336363257003e-308, 1.906862789829159e-308, 1.522047442102883e-308, 1.814217406756565e-308, 1.787236599098671e-308, 2.468512817659319e-308, 1.4564754585200024e-308, 2.3385094825773007e-308]"
doc_00748,11287513,2015,5,1.0,2.0_TSI,2015,ENGINE,,high,3,"[1.977813719718701e-308, 2.3927514494997344e-308, 2.670685773029831e-308, 3.839386821144165e-308, 1.0, 1.6893227156236684e-308, 1.1995805928554414e-308, 1.705977736525783e-308, 1.306321231322495e-308, 4.0215232016929753e-308, 1.8355892265936607e-308, 1.362165671687093e-308, 1.838001794038513e-308, 1.497680955300826e-308, 1.8206075850671878e-308, 1.726186854353872e-308, 2.519510502758251e-308, 1.4157095943815754e-308, 2.3322862770147665e-308]"
doc_00749,11233314,2015,9,0.020098287890914272,unknown,2018,UNKNOWN OR OTHER,,low,0,"[0.09857942251325841, 0.022000092987469615, 0.08166379044501929, 0.017100647427172475, 0.013788585622397069, 0.03214754675531803, 0.01573347886399546, 0.025303665843160114, 0.020098287890914272, 0.03706684555105112, 0.032693156047432656, 0.009756336832166784, 0.009610972058370141, 0.023300773347253605, 0.024984823608052, 0.008471399051533554, 0.01599712227930468, 0.008779278204476233, 0.04009862691164982]"
doc_00750,11232586,2015,1,0.09191516189950595,unknown,2015,UNKNOWN OR OTHER,,low,1,"[0.09191516189950595, 0.024268809352714252, 0.0882735407326354, 0.020255175930376824, 0.017409969369526913, 0.03615607795916088, 0.018612227688451916, 0.027574214674842695, 0.023799247410120815, 0.04140809812667308, 0.038878913090043786, 0.01321056298393173, 0.013014911664259467, 0.028963334526872896, 0.03002437443544619, 0.011448252573024063, 0.018575804129732292, 0.011869390182678342, 0.04816751996267052]"
doc_00751,11230853,2015,9,0.30060112268489053,unknown,2015,"AIR BAGS,UNKNOWN OR OTHER,SERVICE BRAKES",,medium,0,"[0.0374627453849114, 0.01478025145467649, 0.020697511183035287, 0.012909186176151569, 0.012526776289362995, 0.03682381939651503, 0.10011846407059515, 0.023048683315267843, 0.30060112268489053, 0.01884671142171347, 0.02062167151428175, 0.02254621213035793, 0.015668953118503717, 0.10359957837942728, 0.01752018788102371, 0.01387044713230714, 0.01284095813004191, 0.017401832555766578, 0.020647051813042244]"
doc_00752,11230514,2015,1,0.01123903669430861,unknown,2015,"SERVICE BRAKES,ENGINE",,medium,0,"[0.01123903669430861, 0.009479133496831514, 0.01697405015808148, 0.006824563890950125, 0.006433524559355868, 0.010358172610176077, 0.004683206714170809, 0.009915739120246146, 0.005468071495863185, 0.03466028272070592, 0.007068283315547964, 0.0034641031016999333, 0.0038940260004388695, 0.006477054628631539, 0.005903299912030996, 0.003364575980407427, 0.007160643016001017, 0.0032790798136621865, 0.010562533139481753]"
doc_00753,11208694,2015,14,1.0,unknown,2015,"STEERING,AIR BAGS",,medium,0,"[5.129925350354943e-308, 1.6885106394929233e-308, 2.4884576838065174e-308, 1.493083466169955e-308, 1.4537496329041525e-308, 4.559083533870131e-308, 5.757304083410669e-308, 2.6374453383132635e-308, 1.128196630983683e-307, 2.258159422412627e-308, 2.4783176920969796e-308, 2.351603311796907e-308, 1.7353810012376117e-308, 1.0, 2.042902078274311e-308, 1.5169584490225678e-308, 1.4640459505315795e-308, 1.848869887613151e-308, 2.5450793187383033e-308]"
doc_00754,11208271,2015,1,0.16533796689238747,unknown,2015,SERVICE BRAKES,,low,0,"[0.16533796689238747, 0.02833084222339992, 0.07278509890306235, 0.02322879557506677, 0.019746865595404915, 0.04997130286094753, 0.02920237542292802, 0.03452855974686371, 0.037089764613054355, 0.04313792504363468, 0.05466184015985776, 0.01769703531904007, 0.016553835735722607, 0.040748335885793616, 0.03983956322109375, 0.014586228528374675, 0.021815515899911046, 0.015630683410052287, 0.05881432478453948]"
doc_00755,11180694,2015,11,0.14336361468228112,unknown,2015,POWER TRAIN,,medium,0,"[0.036944936088019284, 0.023374705912884788, 0.07033753197348307, 0.02107218155310084, 0.014755976878806537, 0.026289484958654137, 0.015433740837864586, 0.02043351152082038, 0.017762542921991392, 0.031158721825405963, 0.14336361468228112, 0.010600973980905645, 0.010485129762510849, 0.01970564074447469, 0.056325978354757826, 0.009439947896497072, 0.019153761212138683, 0.009751382962461643, 0.08013041891804845]"
doc_00756,11175917,2015,14,1.0,unknown,2015,"ELECTRICAL SYSTEM,AIR BAGS",,low,0,"[5.279345903069979e-308, 1.7124955481379115e-308, 2.546443071899194e-308, 1.5176221224411677e-308, 1.480642608810653e-308, 4.618732339277913e-308, 5.400552584063655e-308, 2.670766506434316e-308, 1.0045692833751167e-307, 2.3061248333925826e-308, 2.517130693603689e-308, 2.3569863050548834e-308, 1.7560548740833304e-308, 1.0, 2.0688627750834577e-308, 1.532628562490412e-308, 1.4853037886439874e-308, 1.859432903137278e-308, 2.6013091703578674e-308]"
doc_00757,11170856,2015,2,1.0,unknown,2016,FUEL/PROPULSION SYSTEM,,low,0,"[2.4931955240349234e-308, 1.0, 4.1909294880932766e-308, 3.614189147153571e-308, 2.508550847756498e-308, 2.459901333011358e-308, 1.359803857347511e-308, 3.3996239328081327e-308, 1.528732889595724e-308, 6.245594031344024e-308, 2.194206795644174e-308, 1.2273005992421645e-308, 1.391736457019749e-308, 1.7101075983452915e-308, 1.9896156158226993e-308, 1.272321373498326e-308, 6.26527202596038e-308, 1.1964079382903694e-308, 2.7964590589233472e-308]"
doc_00758,11166092,2015,1,0.23899630896714744,unknown,2015,POWER TRAIN,,low,0,"[0.23899630896714744, 0.02373687849500871, 0.05965036758128783, 0.019182036535242364, 0.01641653312985245, 0.040132650274658864, 0.023519087907983065, 0.029250759414887792, 0.030632949418199152, 0.03552439862438972, 0.042053159635998, 0.014610742756397625, 0.013676608885228156, 0.03349759720644115, 0.03152119452147369, 0.012071954606657229, 0.018070459329090006, 0.012888403270118205, 0.044492397111051706]"
doc_00759,11163156,2015,1,0.05521869465469903,unknown,2015,"POWER TRAIN,ELECTRICAL SYSTEM",,low,0,"[0.05521869465469903, 0.017632030614262488, 0.07241086288072905, 0.014467822920123366, 0.011603535269038632, 0.024645737617685383, 0.012382902396132229, 0.01926212397998288, 0.01565846688180443, 0.03155137416301524, 0.025442032860751963, 0.007697649923163161, 0.007686043325909229, 0.018694858872249424, 0.019584691759993327, 0.006764043257913604, 0.0133609702926646, 0.0069627703593178126, 0.03320178495153673]"
doc_00760,11163155,2015,8,0.016080990760047435,unknown,2015,POWER TRAIN,,low,0,"[0.05104962661830688, 0.014212711747615108, 0.05348055240528949, 0.011347685205086085, 0.009221342661334963, 0.02070624588798215, 0.010190317293194508, 0.016080990760047435, 0.013009168005431317, 0.024625869620199872, 0.020820569287751806, 0.0063421952287493815, 0.0062793772254142585, 0.015571504377601063, 0.016099337190603105, 0.005524557872105058, 0.010500318197966159, 0.005711726085647705, 0.026229412357859392]"
doc_00761,11142378,2015,14,0.4841750828959527,unknown,2015,"AIR BAGS,UNKNOWN OR OTHER",,medium,1,"[0.037775641261225505, 0.013043951909469545, 0.019081306762790268, 0.011489320265421574, 0.011174981529169218, 0.03589805503809586, 0.04263350773836425, 0.02067278714726802, 0.08299136630994372, 0.01733196426427484, 0.01877383920709073, 0.01804506246575654, 0.013321120173437286, 0.4841750828959527, 0.015536762019855582, 0.011665026102106053, 0.011316367872310835, 0.014201339439185737, 0.019264920030116817]"
doc_00762,11129335,2015,6,1.0,unknown,2015,STRUCTURE,,medium,0,"[5.601787345077474e-308, 2.312794952071263e-308, 3.642765701433788e-308, 1.69505614557857e-308, 1.570705444483366e-308, 1.0, 3.486913402044584e-308, 5.344560742793836e-308, 4.664367732261848e-308, 3.0806062064977804e-308, 2.641673242261378e-308, 1.9842781147100085e-308, 1.6890090681083687e-308, 6.26877636789011e-308, 2.090289628872854e-308, 1.4736962370675143e-308, 1.8325411780813455e-308, 1.678271580976911e-308, 2.9017305592997613e-308]"
doc_00763,11119793,2015,11,1.0,unknown,2015,POWER TRAIN,,low,0,"[3.7040449802200154e-308, 2.6144153543805137e-308, 6.305538398275472e-308, 2.751058827728736e-308, 1.895541747668318e-308, 2.902188685078087e-308, 1.9023888728498106e-308, 2.2514287734516727e-308, 2.109474095185947e-308, 3.404127189848412e-308, 1.0, 1.337826639529035e-308, 1.3275641075314515e-308, 2.4049972972968364e-308, 1.2303717791898888e-307, 1.2013925436948126e-308, 2.3495847454676656e-308, 1.238126537055517e-308, 1.3448902100853587e-307]"
doc_00764,11096430,2015,10,0.050673666752106425,unknown,2015,UNKNOWN OR OTHER,,high,0,"[0.04748802526901339, 0.03450101370801341, 0.10774426497199639, 0.028351214374278427, 0.018777314319533774, 0.03763376481945811, 0.018892327509207264, 0.029357126857366918, 0.021810505502428322, 0.050673666752106425, 0.10310044919509066, 0.012246186149223676, 0.012357576555916266, 0.024674938188022123, 0.05730192482440775, 0.011065960598129723, 0.026580153498644177, 0.011328643287415233, 0.1359426028056997]"
doc_00765,11092378,2015,9,0.5279371761147529,unknown,2015,AIR BAGS,,low,0,"[0.022781543517583453, 0.008644410075790282, 0.01225375566920136, 0.007420149880651032, 0.0071808834192335184, 0.02322056715772465, 0.05605527450457848, 0.013957854422375175, 0.5279371761147529, 0.01108062499849362, 0.011814773302253561, 0.012678446752299039, 0.008929353629738944, 0.06248987949000753, 0.009952099707731307, 0.007875364345593458, 0.007438384692417991, 0.00982284027255624, 0.011918933087863666]"
doc_00766,11076024,2015,8,1.0,2.0_TSI,2015,"STEERING,AIR BAGS",,low,0,"[3.9170449720286196e-308, 3.4454088048473916e-308, 4.784574966333486e-308, 1.844234041840734e-308, 1.6785789735474444e-308, 5.307851454735907e-308, 2.055093891536593e-308, 1.0, 2.5164919248302034e-308, 3.934548617806722e-308, 2.167254140196163e-308, 1.5810075307556873e-308, 1.54167960117229e-308, 2.8337290169896566e-308, 1.7958180645863455e-308, 1.3671099515681685e-308, 2.206004566378503e-308, 1.43024462025652e-308, 2.438881487287564e-308]"
doc_00767,11061634,2015,2,0.1261125773651056,TDI_unknown,2018,"ELECTRICAL SYSTEM,SERVICE BRAKES,ENGINE",,medium,1,"[0.023092385988776394, 0.1261125773651056, 0.048532115300097274, 0.03570133709127055, 0.01946699000321849, 0.02364914163429915, 0.01212895194495677, 0.028079688952388746, 0.01368622787117498, 0.06003429245968355, 0.024957708672563025, 0.009724469986241019, 0.010664524858993775, 0.015414456193395022, 0.021764198178558587, 0.00967904452303404, 0.05467637064315911, 0.009340108828262157, 0.034549016972098084]"
doc_00768,11054733,2015,4,1.0,TDI_unknown,2015,FUEL/PROPULSION SYSTEM,,low,0,"[1.9759940304390493e-308, 3.302701039533791e-308, 2.8409234062082583e-308, 1.0, 3.8894458812951567e-308, 1.618065787932858e-308, 1.102269203070729e-308, 1.747315676019121e-308, 1.205658583642454e-308, 3.8852238948912567e-308, 2.0225914216993873e-308, 1.0750902421970543e-308, 1.2800090545483327e-308, 1.3400005077692817e-308, 2.0725454294660943e-308, 1.2030544470079777e-308, 4.616645364750234e-308, 1.079137756482041e-308, 2.540807706317341e-308]"
doc_00769,11054737,2015,14,1.0,unknown,2015,ELECTRICAL SYSTEM,,low,0,"[5.305836199404362e-308, 1.780560975792654e-308, 2.658468656362581e-308, 1.540105940682655e-308, 1.4889813673314937e-308, 5.44373696876233e-308, 4.935003926199358e-308, 2.948413511060584e-308, 9.055962850296697e-308, 2.39086595470321e-308, 2.4895294712718774e-308, 2.275333810761406e-308, 1.734029260182481e-308, 1.0, 2.0383165867886316e-308, 1.514224046413785e-308, 1.530882059723876e-308, 1.816027918743681e-308, 2.5895514956431677e-308]"
doc_00770,11047379,2015,9,0.41694101689288693,unknown,2015,"STEERING,AIR BAGS,UNKNOWN OR OTHER",,medium,0,"[0.037387223709799015, 0.012686785689312826, 0.018324024110294622, 0.010759903444505798, 0.0105483563618361, 0.03732690780148955, 0.07385725364257593, 0.02110139559089153, 0.41694101689288693, 0.01670125167709976, 0.016985076475343728, 0.018898603105307506, 0.013340138560106346, 0.09325019129036827, 0.014113159720712178, 0.01163310891539414, 0.010830662602475232, 0.014547416989937053, 0.017560910258456654]"
doc_00771,10993125,2015,19,0.019252723131842245,unknown,2015,"STEERING,UNKNOWN OR OTHER,SERVICE BRAKES",,low,0,"[0.015294735432258363, 0.006123335730356014, 0.014384725138762385, 0.005648106367516052, 0.00464557580619857, 0.010480115027869611, 0.006348853328974574, 0.006742606854236207, 0.007284196739005056, 0.009824281292510905, 0.015121731884744093, 0.0035250527002498346, 0.0033840025502486367, 0.008528301521948944, 0.009535414305563617, 0.002974896701344813, 0.005181753276590318, 0.003166465491561144, 0.019252723131842245]"
doc_00772,10992348,2015,8,0.29810619782145575,unknown,2015,"WHEELS,SERVICE BRAKES",,low,0,"[0.02416213768462959, 0.025245495855609718, 0.03527270271268368, 0.012250143205798038, 0.01092023771288072, 0.029744362544980127, 0.011826827069689192, 0.29810619782145575, 0.014296643286948229, 0.029135464622072674, 0.013857973066227294, 0.00935746358235364, 0.009397007102024181, 0.016070207126405472, 0.011454726411020643, 0.008337999523258604, 0.014942226828329831, 0.008570097506703102, 0.015900346475491708]"
doc_00773,10983166,2015,2,0.014345772214914348,unknown,2015,FUEL/PROPULSION SYSTEM,,low,0,"[0.008085470497219508, 0.014345772214914348, 0.012657674646929056, 0.050487370275906766, 0.016017585105078603, 0.006933516094439365, 0.0044319930909509754, 0.00740051975351321, 0.0048870818745853925, 0.022527997106125852, 0.008390636029778912, 0.00360689646676864, 0.00433017749481091, 0.005555975512654932, 0.008330175928420515, 0.004010108155158545, 0.021608158298642117, 0.003610041686701843, 0.011463660794425444]"
doc_00774,10972323,2015,8,0.2552561392735183,unknown,2015,"ENGINE,FUEL/PROPULSION SYSTEM",,low,0,"[0.020577567344576612, 0.020680000344657452, 0.028051073760443294, 0.01049552402717303, 0.00932709886531014, 0.028037692137448868, 0.010691163647828572, 0.2552561392735183, 0.012923578723228638, 0.023146677281859648, 0.012079949047318324, 0.008315657197559443, 0.00822974205352621, 0.014627509316431492, 0.00997951479400883, 0.00731021644902769, 0.012806296904367092, 0.007577605236807781, 0.013701019260071015]"
doc_00775,10957577,2015,18,1.0,unknown,2015,VISIBILITY/WIPER,,low,1,"[1.8092250335555787e-308, 1.197563774959029e-308, 1.4032918488667036e-308, 1.1096330309470804e-308, 1.453582332284843e-308, 1.669102779910531e-308, 1.784593522772578e-308, 1.4466360902009765e-308, 1.8419105579219226e-308, 1.496815816019124e-308, 1.2472762647767916e-308, 7.696282704102711e-308, 5.833394102802599e-308, 1.8461163259871976e-308, 1.139864374991747e-308, 4.619565244504216e-308, 1.089917499532013e-308, 1.0, 1.400455881758043e-308]"
doc_00776,10947669,2015,9,0.21766906709429776,unknown,2015,AIR BAGS,,medium,1,"[0.04332801763002743, 0.017098904356330036, 0.02394666799500634, 0.015132381585655635, 0.014686251866708822, 0.041321812331836384, 0.09786653414901679, 0.0261359062591703, 0.21766906709429776, 0.02184511966949937, 0.024397766651068877, 0.026008977728358453, 0.018181274428514135, 0.138656162414496, 0.02076578729001785, 0.016111369316911348, 0.01492660516544665, 0.020123065096978435, 0.0243304930025313]"
doc_00777,10944510,2015,2,0.47371966949711725,2.0_TSI,2015,"ELECTRICAL SYSTEM,ENGINE,FUEL/PROPULSION SYSTEM",,medium,0,"[0.027018150490129907, 0.47371966949711725, 0.045657881305544025, 0.03800703683736145, 0.023433521815026028, 0.02738884631055712, 0.015062424936083965, 0.038192146004687025, 0.016894859252896473, 0.05283719129855791, 0.025331195805913757, 0.012410524238917612, 0.013657712026243746, 0.018679179079648205, 0.022855735623568314, 0.012538835409792164, 0.0694648312222664, 0.012000864787790642, 0.031242217774381846]"
doc_00778,10940224,2015,19,1.0,unknown,2015,"POWER TRAIN,ELECTRICAL SYSTEM",,medium,0,"[4.3289056850675695e-308, 3.257914757036084e-308, 8.742323730054186e-308, 3.494830932561261e-308, 2.475521473228959e-308, 3.6711273902510565e-308, 2.1020779701666795e-308, 2.7757114048955636e-308, 2.3388439872517823e-308, 5.241971609789678e-308, 1.133607980803995e-307, 1.5108739609439515e-308, 1.56608200773295e-308, 2.79408009925474e-308, 7.747942039478541e-308, 1.3984708682593047e-308, 2.892027782553218e-308, 1.4137155336344384e-308, 1.0]"
doc_00779,10939555,2015,8,1.0,unknown,2015,"WHEELS,SERVICE BRAKES",,low,0,"[3.899022729363729e-308, 3.283721375039207e-308, 4.575765246535643e-308, 1.813214622680163e-308, 1.6513075662308776e-308, 5.682620645278007e-308, 2.1081197412242655e-308, 1.0, 2.587694587076634e-308, 3.7564439979306e-308, 2.1660831712397215e-308, 1.5986149838211724e-308, 1.5420162647751714e-308, 2.934847914014058e-308, 1.7914110689485327e-308, 1.366883298683497e-308, 2.1606747563048145e-308, 1.4396056323187243e-308, 2.427977582659806e-308]"
doc_00780,10936537,2015,19,1.0,unknown,2015,ENGINE,,high,0,"[4.1907550971957346e-308, 3.619138587352205e-308, 9.28773668789067e-308, 3.936555613064198e-308, 2.5354780579599777e-308, 3.6011837910393003e-308, 1.974538757438539e-308, 2.8668000422615375e-308, 2.232028080280406e-308, 5.625468859523452e-308, 1.0651238144205376e-307, 1.4399040925882074e-308, 1.50520188483845e-308, 2.6857477034430546e-308, 7.880758941430602e-308, 1.350324911693534e-308, 3.237833693842511e-308, 1.35314624033536e-308, 1.0]"
doc_00781,10936218,2015,7,0.5043301176871094,unknown,2015,"AIR BAGS,UNKNOWN OR OTHER",,low,0,"[0.03633736954220751, 0.01550547198635957, 0.020979242309748923, 0.013403143459193762, 0.013275854387367414, 0.03656945226982836, 0.5043301176871094, 0.023327190849288033, 0.08859883868056752, 0.019502254659409756, 0.021369655005966378, 0.02439945922014976, 0.0172093728301248, 0.049735401936796785, 0.018078634013298296, 0.015248970738447488, 0.013552510570779323, 0.019298925572404063, 0.021615089523197534]"
doc_00782,10935556,2015,3,1.0,unknown,2015,ENGINE,,medium,0,"[6.537094733166768e-308, 4.1037030206367974e-308, 1.0, 3.6827052260615374e-308, 2.877413833059384e-308, 3.640754284661815e-308, 1.9303883324352836e-308, 3.3230653565265093e-308, 2.291401377754495e-308, 8.482766889516185e-308, 5.345411254905034e-308, 1.5058617316468093e-308, 1.6185711359622114e-308, 2.688082601923504e-308, 4.555568543471108e-308, 1.439399636561162e-308, 3.1221230369561427e-308, 1.4132719272607426e-308, 8.158003006524458e-308]"
doc_00783,10929773,2015,9,0.0633794391683674,unknown,2015,"AIR BAGS,WHEELS",,low,1,"[0.026501772320896726, 0.009912647804851136, 0.0140420663714293, 0.008308873714748945, 0.007526646859666423, 0.026846661756182548, 0.07583204800864753, 0.015900701374420054, 0.0633794391683674, 0.012726099496990021, 0.013588529454744733, 0.011721488144958483, 0.008666557312852877, 0.03380409992904102, 0.011238504461758435, 0.007625707812026677, 0.008469489205710036, 0.009379185065018704, 0.013833077242795797]"
doc_00784,10924689,2015,2,0.1459231803717074,unknown,2015,"ENGINE,FUEL/PROPULSION SYSTEM",,low,0,"[0.024195501360297186, 0.1459231803717074, 0.05260518670549274, 0.023152929306283813, 0.01647342459415555, 0.02428252256724689, 0.011870157434669317, 0.03820818540241901, 0.013677951697493518, 0.05948185274409355, 0.019645535210508346, 0.009507901887121667, 0.010316001934287515, 0.015253323025381467, 0.01689964322910086, 0.009315787490798233, 0.032670853552836616, 0.00906081649880904, 0.024242484023409946]"
doc_00785,10915886,2015,1,0.1060807588480282,unknown,2015,VEHICLE SPEED CONTROL,,low,0,"[0.1060807588480282, 0.025353134235458062, 0.072213440855794, 0.021921735141375107, 0.019103494423347016, 0.042645450208169684, 0.02334049244745661, 0.029917108482296766, 0.029877683820672928, 0.041695370670516284, 0.04777271818084089, 0.01584759530882712, 0.015206338489862206, 0.03757959206139813, 0.035425989131495875, 0.013340022029981113, 0.02000086818146798, 0.014079759817357, 0.05601065673803796]"
doc_00786,10899470,2015,4,0.41871762471081536,unknown,2015,FUEL/PROPULSION SYSTEM,,high,1,"[0.029001518138401804, 0.04914304249905115, 0.045815799255378584, 0.41871762471081536, 0.052245553148863734, 0.02384839575375101, 0.015744218161133437, 0.025195138421354613, 0.01734964701348985, 0.061776513417954995, 0.031578377617731745, 0.014996319014818703, 0.01758721780557401, 0.01958313829242421, 0.032448008140631784, 0.01637429315712255, 0.07184343263965184, 0.01491829994057257, 0.04183346287127795]"
doc_00787,10864490,2015,7,0.010244694553811502,unknown,2015,UNKNOWN OR OTHER,,low,0,"[0.0070217448311803874, 0.004045875805076629, 0.0049476160232842, 0.003355282451708513, 0.0036961224321459, 0.007765659511803788, 0.010244694553811502, 0.006136612415082146, 0.00969117665027561, 0.004913016815018077, 0.004254122654222685, 0.010523976408501048, 0.006280273545375004, 0.007708049954585883, 0.00372623607112477, 0.00548434344881238, 0.0035218702254978295, 0.00796008986266899, 0.004586653463126412]"
doc_00788,10863545,2015,3,1.0,unknown,2015,ELECTRICAL SYSTEM,,low,0,"[7.408753627196349e-308, 4.567423815398766e-308, 1.0, 3.3072225810965013e-308, 2.4826131281095296e-308, 4.1522996254419813e-308, 2.0331596432074457e-308, 3.8903706563690494e-308, 2.4454048852716754e-308, 8.94402237397998e-308, 5.521333506320826e-308, 1.4838987024270247e-308, 1.5512835614727603e-308, 2.7670683233393954e-308, 4.3273543338730724e-308, 1.3794197839731624e-308, 3.1032591167433374e-308, 1.3786603856076756e-308, 7.740494398016598e-308]"
doc_00789,10855306,2015,18,1.0,unknown,2015,UNKNOWN OR OTHER,,low,0,"[1.7790850152384153e-308, 1.1796794791380695e-308, 1.375664150959887e-308, 1.0902815285076674e-308, 1.417688376934524e-308, 1.6495147840044423e-308, 1.784639166749778e-308, 1.4301420486354807e-308, 1.832496240305651e-308, 1.4645458237569926e-308, 1.2300625540353116e-308, 7.766591787453025e-308, 5.336120971196e-308, 1.824016030323873e-308, 1.1240482171059995e-308, 4.342178500289627e-308, 1.074457816873138e-308, 1.0, 1.3766248684452275e-308]"
doc_00790,10854580,2015,1,0.15940037632179485,unknown,2016,UNKNOWN OR OTHER,,medium,1,"[0.15940037632179485, 0.023162009049905844, 0.04426967671402572, 0.018929692242552528, 0.016966365069387337, 0.05615164869341425, 0.036237991287034255, 0.032916979711926385, 0.04746041765482161, 0.0340343271218744, 0.04136997113692351, 0.01883441181275914, 0.016503058948523365, 0.051867529242886616, 0.03079023966915412, 0.0143740960010321, 0.01826138230348391, 0.016106320733646862, 0.044245638231845505]"
doc_00791,10850575,2015,10,0.20576086407283287,TDI_unknown,2015,ENGINE AND ENGINE COOLING,,low,0,"[0.03186164662294613, 0.05120102176791437, 0.1007323614601098, 0.02221652796793854, 0.017685718588743328, 0.030396944123339018, 0.01312110127201122, 0.04126718948482864, 0.015448568611730103, 0.20576086407283287, 0.022172217335276984, 0.00988296764568906, 0.010809269532907114, 0.017712843105767973, 0.018526993187379857, 0.009577491588152126, 0.02645467062467586, 0.009351422375505784, 0.02900252775436081]"
doc_00792,10850324,2015,11,0.07091512551879707,unknown,2015,"POWER TRAIN,ELECTRICAL SYSTEM,ENGINE",,high,1,"[0.04335369072680762, 0.024165295269258445, 0.11930589452193613, 0.020491375859739487, 0.013339510951407722, 0.023909514517345538, 0.013418997644912119, 0.02020118077862263, 0.015700982947346058, 0.03292537756151985, 0.07091512551879707, 0.008128433371712686, 0.00818347545295976, 0.017282909099486866, 0.04278966233565234, 0.0073708362019434, 0.018220668720063952, 0.007512055536877908, 0.06079033439839826]"
doc_00793,10825932,2015,1,0.09738499417913885,TDI_unknown,2015,VEHICLE SPEED CONTROL,,low,0,"[0.09738499417913885, 0.027901530277629108, 0.11191593429586665, 0.023453860539303414, 0.018081281876381725, 0.03718024410331816, 0.02105969291700942, 0.028202842254857998, 0.025463593149594805, 0.04205089375133643, 0.06948379904102733, 0.013593872158219696, 0.013272364117865077, 0.028297069858079595, 0.044594132375340066, 0.01182653135821332, 0.021406048772419306, 0.012318598541062183, 0.07075726767303195]"
doc_00794,10824898,2015,2,0.11233065345172968,unknown,2015,"SERVICE BRAKES,ENGINE",,medium,0,"[0.026388004622651815, 0.11233065345172968, 0.060340235096528035, 0.023235035965789238, 0.017019238230646692, 0.026945786629897665, 0.012814451411978577, 0.04428859673542682, 0.014852340221061733, 0.0654649522161883, 0.02081973297885505, 0.010178039954589078, 0.010973204684592328, 0.016587728689562365, 0.01774518655493215, 0.009882014544565759, 0.03176681102295771, 0.009661125613323187, 0.02549010041083644]"
doc_00795,10822447,2015,18,1.0,2.0_TSI,2015,STRUCTURE,,low,0,"[1.815739545727627e-308, 1.202986508371879e-308, 1.411129342587976e-308, 1.1157662014099744e-308, 1.465542112830051e-308, 1.6725863283918093e-308, 1.7799645852528992e-308, 1.4504425847882533e-308, 1.840097893152028e-308, 1.506740484541974e-308, 1.251309839044665e-308, 7.559689274514632e-308, 6.042798466303112e-308, 1.849054914954356e-308, 1.1437816126879905e-308, 4.738275204473771e-308, 1.094544126603378e-308, 1.0, 1.406546826098969e-308]"
doc_00796,10821849,2015,9,0.41172860719640497,unknown,2014,AIR BAGS,,low,0,"[0.04021501355212528, 0.013620395415247151, 0.019801644645936037, 0.011415368749956328, 0.011072119384027777, 0.03912733273575402, 0.07950897067425378, 0.02286900753140484, 0.41172860719640497, 0.0178023301793583, 0.018119126530307755, 0.019097362475352535, 0.013736196873231975, 0.08370434725662386, 0.01507360199040112, 0.01202028283725097, 0.011520152855394556, 0.014862561178623342, 0.018576497668466332]"
doc_00797,10808181,2015,10,1.0,TDI_unknown,2015,ENGINE,,high,1,"[3.780492462040531e-308, 6.661263633579167e-308, 6.170426583837857e-308, 4.947152396209039e-308, 4.380444780945852e-308, 3.3668975002011897e-308, 1.763990208009685e-308, 3.724892492788841e-308, 2.0022478107961505e-308, 1.0, 3.17703799049492e-308, 1.498410034641402e-308, 1.7914098904399617e-308, 2.3158587834618244e-308, 2.8772125325047584e-308, 1.601544253136185e-308, 4.916033799595867e-308, 1.472276537988178e-308, 4.565989942484652e-308]"
doc_00798,10786213,2015,4,0.02884982020112483,unknown,2015,"UNKNOWN OR OTHER,ENGINE",,low,1,"[0.027742484128884904, 0.02314770302655681, 0.0514893236138758, 0.02884982020112483, 0.017533249545174028, 0.022586658499051837, 0.01389701123721319, 0.018313298297700807, 0.015357907236958648, 0.03144985049031253, 0.08281118257509623, 0.009595184377452253, 0.009980034331418884, 0.01833194279615665, 0.08315027956117804, 0.009046250400697974, 0.021947727941569423, 0.009055365727721362, 0.1750548505743624]"
doc_00799,10781635,2015,3,0.21767767772702606,unknown,2015,"STEERING,POWER TRAIN",,low,0,"[0.07707825690206738, 0.047479288717165925, 0.21767767772702606, 0.03336028821972869, 0.023919162627548413, 0.057448022882879785, 0.026076080398497913, 0.045956683685180744, 0.03116327499823342, 0.07005849199470503, 0.08377273463384935, 0.017019837981314366, 0.016967799324299912, 0.03471734291195686, 0.05441293243249939, 0.015131996730695174, 0.03334198023533792, 0.01560961271181165, 0.09880853488520218]"
doc_00800,10777992,2015,3,1.0,unknown,2015,UNKNOWN OR OTHER,,low,0,"[7.526717063178635e-308, 4.127899879155199e-308, 1.0, 3.487630521686223e-308, 2.792724007205571e-308, 3.684783822175407e-308, 1.939319640212507e-308, 3.4473754739260027e-308, 2.3225603533012433e-308, 8.379340020640512e-308, 5.011501030363017e-308, 1.5101354195235107e-308, 1.6166257497402044e-308, 2.69490471997164e-308, 4.26557032515626e-308, 1.4366058906821485e-308, 3.0420678362383997e-308, 1.413055053337955e-308, 7.251661516902211e-308]"
doc_00801,10748597,2015,3,1.0,unknown,2015,"ELECTRICAL SYSTEM,ENGINE",,low,1,"[7.032979761161717e-308, 4.707957382400574e-308, 1.0, 3.460723959973025e-308, 2.5546278352381144e-308, 3.9931299645336075e-308, 1.983573322936325e-308, 3.7909780931598107e-308, 2.3719135218890676e-308, 9.356744627420952e-308, 5.489118789764786e-308, 1.466986668475984e-308, 1.5459124029967927e-308, 2.688332942225042e-308, 4.38082354680832e-308, 1.376669242922791e-308, 3.2080347891594593e-308, 1.368457054256153e-308, 7.83994782453871e-308]"
doc_00802,10746890,2015,3,1.0,unknown,2015,"POWER TRAIN,ELECTRICAL SYSTEM",,low,2,"[6.664838223542926e-308, 4.2715271063635935e-308, 1.0, 3.6963631428321604e-308, 2.8966837295348414e-308, 3.681280714046881e-308, 1.924514124146051e-308, 3.421961536623955e-308, 2.285512911541266e-308, 9.27298931446648e-308, 5.162691623511985e-308, 1.5057167664065214e-308, 1.624332154370579e-308, 2.663252914727562e-308, 4.394424571885044e-308, 1.443714646111577e-308, 3.1842128478349516e-308, 1.414802992157192e-308, 7.847918740342986e-308]"
doc_00803,10745257,2015,19,0.056133167583770995,unknown,2015,POWER TRAIN,,low,0,"[0.01711878166307532, 0.012700404333980562, 0.029759700797155092, 0.014518878308157923, 0.009231030203332043, 0.012837795284231976, 0.008638613939501912, 0.010406342122542924, 0.009484739504869047, 0.015804705579432327, 0.1082116331524837, 0.005905603543784581, 0.0059430283724528216, 0.010831522891262147, 0.20721749443664866, 0.005417612106030359, 0.01167550657059439, 0.005517296295325485, 0.056133167583770995]"
doc_00804,10744652,2015,6,0.29603515012337545,TDI_unknown,2015,WHEELS,,low,0,"[0.04518628438673741, 0.019986782978557258, 0.033654080150210215, 0.01409905457784608, 0.012644760675231653, 0.29603515012337545, 0.023637747881202646, 0.04362395721521382, 0.029189242089081885, 0.027664088670562522, 0.022561711125776266, 0.014065908772100785, 0.012627557831329433, 0.0341200532202912, 0.017362111399011414, 0.011026234542293067, 0.015486586891617934, 0.012208897911307262, 0.025708443551158755]"
doc_00805,10734705,2015,4,0.22673711042414646,unknown,2015,FUEL/PROPULSION SYSTEM,,low,1,"[0.022576506827201838, 0.042283064127137476, 0.03474707069300748, 0.22673711042414646, 0.04282417526200444, 0.019059824547936536, 0.012241750294033472, 0.020688391209856244, 0.013514619929883682, 0.05899015590739736, 0.023057255291192586, 0.011108216321355318, 0.013250838906747945, 0.01524554409759995, 0.022951236347001316, 0.012297772197673012, 0.06537366101184039, 0.01110127502428338, 0.03090157570310862]"
doc_00806,10726947,2015,3,1.0,unknown,2015,ELECTRICAL SYSTEM,,low,0,"[6.818321154048144e-308, 3.975912343644179e-308, 1.0, 3.605881332240309e-308, 2.948647192934898e-308, 3.5403650602775856e-308, 1.9140981120085527e-308, 3.2675156181387346e-308, 2.2709981237780004e-308, 8.147462847012233e-308, 4.999250433882022e-308, 1.5197808333101604e-308, 1.6450619192532976e-308, 2.659882490399962e-308, 4.33214486518582e-308, 1.461672387896464e-308, 3.0427530711267867e-308, 1.4285752285928115e-308, 7.412277452518924e-308]"
doc_00807,10726334,2015,18,1.0,unknown,2015,UNKNOWN OR OTHER,,low,0,"[1.787829984707968e-308, 1.18679624195489e-308, 1.3872965391570945e-308, 1.0994454010854763e-308, 1.4360615467879734e-308, 1.651865249467532e-308, 1.775259286514807e-308, 1.433554851295667e-308, 1.8275222383025297e-308, 1.4786388718454546e-308, 1.235917808451154e-308, 7.576433424258269e-308, 5.641354835744318e-308, 1.8256365947639723e-308, 1.129988008042526e-308, 4.531153424036802e-308, 1.080686014322319e-308, 1.0, 1.3854705637533125e-308]"
doc_00808,10725422,2015,3,1.0,unknown,2015,"ELECTRICAL SYSTEM,ENGINE",,low,2,"[7.025417172735575e-308, 4.4278283212406314e-308, 1.0, 3.574783439994097e-308, 2.7134389583176576e-308, 3.8094400891759224e-308, 1.9530218437555843e-308, 3.5619654171060295e-308, 2.330544687228116e-308, 9.218292935738623e-308, 5.366714480043447e-308, 1.486370581889236e-308, 1.5829730680784905e-308, 2.673261368377298e-308, 4.437392337465663e-308, 1.40844816390344e-308, 3.1745695597161587e-308, 1.3907191681609326e-308, 7.958160689442651e-308]"
doc_00809,10724109,2015,1,0.10035011043933433,TDI_unknown,2015,VEHICLE SPEED CONTROL,,medium,0,"[0.10035011043933433, 0.030120910763238612, 0.11560918305894535, 0.02579838822501295, 0.019703421591765254, 0.03988192684217089, 0.02325228372641594, 0.030102124167571107, 0.027878409374738938, 0.04436813459404937, 0.08448096034419997, 0.0148727394313226, 0.014479262918873923, 0.030962339023905487, 0.05246302694225714, 0.012924997042936006, 0.02340129697595221, 0.013482585724077416, 0.07957475863436772]"
doc_00810,10715076,2015,1,0.12181794116945684,TDI_unknown,2015,VEHICLE SPEED CONTROL,,medium,0,"[0.12181794116945684, 0.029721304905545285, 0.1079184620188322, 0.025244407106099827, 0.019916484918014697, 0.04166484252290997, 0.0241686407562017, 0.031012596033565973, 0.0294160184697314, 0.04487641176308887, 0.0724430122471902, 0.015464603058405253, 0.014972662954766762, 0.03287311529822362, 0.04817934572503374, 0.01332126058539511, 0.023002815149264916, 0.013947180565835045, 0.07374575457357364]"
doc_00811,10714197,2015,19,0.03004184441959273,unknown,2015,"STRUCTURE,ENGINE",,low,0,"[0.04787515174158415, 0.017947641897788993, 0.033442881744521646, 0.01304340979823363, 0.010433391980308068, 0.07552885597880588, 0.01826843171129712, 0.028585768946933814, 0.022666896515379266, 0.026879839403127832, 0.025407238288424373, 0.009198421170460089, 0.008507584378128125, 0.02761110636344432, 0.018154010096445426, 0.007431490508585687, 0.013575032368311767, 0.008090383138289954, 0.03004184441959273]"
doc_00812,10714200,2015,2,0.09032441720838906,unknown,2015,"STRUCTURE,ENGINE",,low,0,"[0.02377869249008834, 0.09032441720838906, 0.04567091913142723, 0.04118209079360658, 0.021541705537186522, 0.025464039365130874, 0.013141429149310145, 0.028671566535356723, 0.014708154203644927, 0.06068153211184484, 0.027446442178531198, 0.010620961632211575, 0.01167738170024811, 0.01670010650005174, 0.024097994162124926, 0.010606753753881475, 0.06512416393537702, 0.01022228508490774, 0.03959297199395715]"
doc_00813,10702350,2015,1,1.0,unknown,2015,EXTERIOR LIGHTING,,low,0,"[1.0, 2.4471797580702e-308, 5.751462369420363e-308, 1.9290572876520184e-308, 1.862960888274561e-308, 3.30687211914434e-308, 2.0987050998111737e-308, 3.0903154714579553e-308, 2.7209226942894083e-308, 3.614674053354866e-308, 2.8387052623384243e-308, 1.646393140664142e-308, 1.5965646883688415e-308, 2.9098103106383035e-308, 2.3908721801177287e-308, 1.411153148452988e-308, 1.8491427291501414e-308, 1.466415630643148e-308, 3.1345678615172827e-308]"
doc_00814,10692757,2015,11,1.0,unknown,2015,"POWER TRAIN,ENGINE",,medium,0,"[3.6100302244931077e-308, 2.505674916363113e-308, 5.744796320307139e-308, 2.5948166052046743e-308, 1.774092830480548e-308, 2.7074722356867714e-308, 1.847398118778921e-308, 2.154083088213385e-308, 2.048324492528085e-308, 3.084481573088197e-308, 1.0, 1.2775747377289304e-308, 1.2576710849136443e-308, 2.2849446377445944e-308, 1.5363308062050178e-307, 1.1431296760285297e-308, 2.237467181663082e-308, 1.180916821307228e-308, 9.16927863282586e-308]"
doc_00815,10690247,2015,12,1.0,unknown,2015,VISIBILITY,,low,0,"[2.1105076748005314e-308, 1.2226535022548667e-308, 1.496249722323158e-308, 1.119090167911403e-308, 1.3941494458099726e-308, 1.925189550941522e-308, 2.2346541013883717e-308, 1.5886133895921254e-308, 2.342237780313896e-308, 1.550315504983e-308, 1.346487586414814e-308, 1.0, 3.743342081304575e-308, 2.3104268831241033e-308, 1.2113979967006747e-308, 3.0445547516143983e-308, 1.1024551207809077e-308, 7.457684735373494e-308, 1.492894355645096e-308]"
doc_00816,10678632,2015,17,0.3370070280885176,unknown,2015,FUEL/PROPULSION SYSTEM,,low,0,"[0.010328658631599208, 0.042504170256450494, 0.016288440829579927, 0.02902396506174978, 0.012895983254407571, 0.01046868107938589, 0.006276693464537944, 0.012249890033623366, 0.006915789743669439, 0.02441519672645148, 0.011409782259297886, 0.005717505979470028, 0.0064641448799421086, 0.007742760003560042, 0.010784071911646898, 0.005974711985891411, 0.3370070280885176, 0.005606354025516261, 0.015205816143521858]"
doc_00817,11688624,2016,3,0.05410870869606355,unknown,2016,"POWER TRAIN,ENGINE,FUEL/PROPULSION SYSTEM",,medium,0,"[0.03223197284816106, 0.027921279928145932, 0.05410870869606355, 0.03828201491378893, 0.024442662958323844, 0.02724607896591923, 0.017283123038587006, 0.02241429293806872, 0.01901425655596702, 0.03772175638331645, 0.07044038536689949, 0.01258131303596116, 0.013305374747951416, 0.023290078678418244, 0.07680508385786798, 0.012098422825726573, 0.027872824820717113, 0.011972559458677843, 0.12030793454394514]"
doc_00818,11656404,2016,2,0.5071010599978016,unknown,2016,FUEL/PROPULSION SYSTEM,,low,1,"[0.023687680048941902, 0.5071010599978016, 0.042703396299141355, 0.03142939611387061, 0.021463005100751, 0.023273963582667128, 0.012238426368967074, 0.03233988444669965, 0.013847281779672269, 0.06425362904336496, 0.020508258631166423, 0.010428295289314798, 0.01176890728885383, 0.015555648097800034, 0.018363996598454484, 0.010702232730132362, 0.050885688955230046, 0.010120214555291591, 0.026450672225178183]"
doc_00819,11627766,2016,17,1.0,unknown,2016,FUEL/PROPULSION SYSTEM,,low,0,"[2.009170323704514e-308, 7.0695899581488875e-308, 3.107279418038978e-308, 6.940002849469036e-308, 2.607410994837066e-308, 1.9948586141647097e-308, 1.2195284795257944e-308, 2.2756855107376264e-308, 1.3416327056754844e-308, 4.58355912117849e-308, 2.2850915757059927e-308, 1.1129470975961855e-308, 1.259824116503503e-308, 1.502161238031691e-308, 2.1986052796243303e-308, 1.1674186053355645e-308, 1.0, 1.093242024043281e-308, 3.0646903510787833e-308]"
doc_00820,11623672,2016,2,0.02504594512950346,unknown,2024,"ENGINE,FUEL/PROPULSION SYSTEM",,high,2,"[0.021688403772331326, 0.02504594512950346, 0.05833182257581694, 0.02386773202441594, 0.016512011908085072, 0.018418795297097404, 0.00951594950329099, 0.017165777722860966, 0.010973575874824948, 0.06874895615378555, 0.022667200833693803, 0.006764466851503854, 0.007551078309997518, 0.01300064297635449, 0.019462185120605664, 0.006718414931703977, 0.02054445154485163, 0.006473839233464442, 0.041011172449365925]"
doc_00821,11598685,2016,2,1.0,unknown,2016,"FUEL SYSTEM, GASOLINE",,low,0,"[2.702252367929756e-308, 1.0, 4.918003853894201e-308, 3.4571328036458057e-308, 2.287087674833933e-308, 2.6500766821700636e-308, 1.423352417644271e-308, 3.7876135768583017e-308, 1.6111532738159293e-308, 5.86291492839915e-308, 2.383705678229516e-308, 1.216989473221267e-308, 1.3447701987451327e-308, 1.788236007893364e-308, 2.121199136126497e-308, 1.226408341565407e-308, 5.669557878720551e-308, 1.174007690007776e-308, 2.980087764672612e-308]"
doc_00822,11594770,2016,2,1.0,unknown,2016,"FUEL SYSTEM, GASOLINE",,low,0,"[2.6421139061530636e-308, 1.0, 4.772842291238745e-308, 3.4443780441553487e-308, 2.243403684009065e-308, 2.619153825361867e-308, 1.4136652811834345e-308, 3.7279985263385624e-308, 1.5975244588414175e-308, 5.563418878414787e-308, 2.3728168579194357e-308, 1.203995783556364e-308, 1.3266096906705997e-308, 1.770942358368203e-308, 2.1134909628297813e-308, 1.211259259262616e-308, 5.77448902777511e-308, 1.161102211016209e-308, 2.956135115811427e-308]"
doc_00823,11590634,2016,2,1.0,unknown,2016,FUEL/PROPULSION SYSTEM,,low,0,"[2.4436397549639833e-308, 1.0, 4.081222799938059e-308, 3.5855584831855227e-308, 2.4441558028494765e-308, 2.4286908891512423e-308, 1.3488813770190603e-308, 3.361034644025217e-308, 1.514535903977735e-308, 5.852931759047507e-308, 2.1775799974705674e-308, 1.211949118364322e-308, 1.3692494852735987e-308, 1.6913501718970847e-308, 1.976209618020377e-308, 1.253445232052418e-308, 6.402493766999444e-308, 1.180806219664899e-308, 2.7621239114630413e-308]"
doc_00824,11588794,2016,2,1.0,unknown,2016,FUEL/PROPULSION SYSTEM,,low,0,"[2.559640186256011e-308, 1.0, 4.4047089638027827e-308, 3.607638005512624e-308, 2.5171253859443044e-308, 2.526926655732902e-308, 1.3810753558232486e-308, 3.509480837148422e-308, 1.555830041725858e-308, 6.546489708770036e-308, 2.2391911590810636e-308, 1.2413564705155163e-308, 1.404959832719986e-308, 1.742246377007805e-308, 2.020822837591788e-308, 1.2819856472482063e-308, 6.116707452476103e-308, 1.208104704925401e-308, 2.8622403240231217e-308]"
doc_00825,11586168,2016,2,0.21343021391529907,unknown,2016,FUEL/PROPULSION SYSTEM,,low,0,"[0.0216273496140052, 0.21343021391529907, 0.03559084995095935, 0.04047627409614393, 0.021449454390507654, 0.0206512239589814, 0.011602848942224162, 0.026227964636763756, 0.012967812165095871, 0.05174650042439842, 0.021123690459334685, 0.009777625664214605, 0.010987171639971467, 0.014432305127584161, 0.019496429007137526, 0.010102953656456106, 0.08803479031371722, 0.00953129701760409, 0.027309526629554874]"
doc_00826,11581003,2016,8,0.021934859951134096,unknown,2021,"ENGINE,FUEL/PROPULSION SYSTEM",,high,2,"[0.018654663862918197, 0.05642863660136523, 0.03705750495513817, 0.025381805714102725, 0.01622544881309976, 0.018166797321086087, 0.009005362572592414, 0.021934859951134096, 0.010247143342887342, 0.09749805159045873, 0.017054181155560923, 0.006565587160233647, 0.007456477549627376, 0.0117510374254024, 0.015083830288946751, 0.006715339185681523, 0.03357212336508746, 0.0063567418893130815, 0.024090890776135576]"
doc_00827,11577026,2016,12,0.019191168525437122,unknown,2024,"ELECTRICAL SYSTEM,STRUCTURE",,low,0,"[0.058563028702003084, 0.01438659345177774, 0.021891754035665473, 0.012213185098542294, 0.011963397504942417, 0.038242714330605485, 0.03961860640949564, 0.02363169508739718, 0.06656748148220795, 0.02063327808481841, 0.01858121051967883, 0.019191168525437122, 0.014370192593181057, 0.08018133630337658, 0.015206606803048724, 0.012192983540401818, 0.01210637320673174, 0.014857275962910534, 0.020518957820419768]"
doc_00828,11571071,2016,2,1.0,unknown,2016,"FUEL SYSTEM, GASOLINE",,low,0,"[2.636952026683516e-308, 1.0, 4.782825236749982e-308, 4.017915130296281e-308, 2.312846663123466e-308, 2.546773679668137e-308, 1.397660480065733e-308, 3.3390151256530217e-308, 1.5738516108705944e-308, 5.698402029173497e-308, 2.550695034452455e-308, 1.1807106482150507e-308, 1.3008616386807103e-308, 1.745121344147563e-308, 2.289612978674921e-308, 1.1900293609855e-308, 7.099929948148159e-308, 1.1399155835578374e-308, 3.2472060806316963e-308]"
doc_00829,11568365,2016,16,1.0,unknown,2016,UNKNOWN OR OTHER,,low,0,"[1.5629550058943426e-308, 1.265770296912848e-308, 1.4189851607152357e-308, 1.241636213240435e-308, 1.811883947113748e-308, 1.4485086018405394e-308, 1.3423113065175785e-308, 1.3405927284144333e-308, 1.4086924465736666e-308, 1.6312165261123785e-308, 1.186791674354668e-308, 2.7629001886186575e-308, 1.2010197058969452e-307, 1.48044391938443e-308, 1.113683142393196e-308, 1.0, 1.1635718533326233e-308, 4.0709173818685534e-308, 1.368222232974224e-308]"
doc_00830,11556624,2016,5,0.024781852081066515,unknown,2016,ENGINE,,high,0,"[0.03231147681100357, 0.028136951437583404, 0.054322457522477656, 0.03888746186768637, 0.024781852081066515, 0.027293350489439105, 0.01732179162909115, 0.022509113263656098, 0.01904944473959367, 0.038013874212805526, 0.06979628445772124, 0.012647384815679983, 0.013401088588953489, 0.023313969795323925, 0.07640160057197348, 0.012188318931642727, 0.028156675293390495, 0.012045468331251245, 0.11876155972216701]"
doc_00831,11549709,2016,17,1.0,unknown,2016,FUEL/PROPULSION SYSTEM,,low,0,"[2.0234372976637826e-308, 7.013950086004569e-308, 3.131201322357683e-308, 7.337184266993189e-308, 2.6393231224106205e-308, 1.9889545025191966e-308, 1.2182122846042046e-308, 2.262354017098724e-308, 1.341110636036949e-308, 4.629706928783475e-308, 2.300755534268166e-308, 1.1122198961213254e-308, 1.260010007120032e-308, 1.501640651822189e-308, 2.2204064654182995e-308, 1.1676407281712477e-308, 1.0, 1.0927672068419057e-308, 3.093815552980138e-308]"
doc_00832,11544872,2016,6,0.2524429808719466,unknown,2023,WHEELS,,low,0,"[0.0528061774567997, 0.021792439409183337, 0.03757557931204727, 0.01569769765438417, 0.01402285144357754, 0.2524429808719466, 0.025921596873047004, 0.04336310635895865, 0.03176700750807477, 0.030974481463177776, 0.0260859755310571, 0.015351339266027376, 0.013844381648099152, 0.03704015247608669, 0.019766759525501443, 0.012075583188011822, 0.01702484286861379, 0.013347508593901419, 0.029988192544409455]"
doc_00833,11539859,2016,1,1.0,unknown,2016,"EXTERIOR LIGHTING,STRUCTURE",,low,0,"[1.0, 2.4379076214342693e-308, 5.698888295002691e-308, 1.917425938640933e-308, 1.8386132821465224e-308, 3.333245321032981e-308, 2.1213779159052135e-308, 3.091017334182593e-308, 2.757394541019928e-308, 3.5780585656860164e-308, 2.871399094838277e-308, 1.639879885774169e-308, 1.582341713939707e-308, 2.9315379018988676e-308, 2.408899459595688e-308, 1.3993728973488494e-308, 1.840754054244918e-308, 1.458429521522447e-308, 3.144587229414793e-308]"
doc_00834,11530543,2016,17,1.0,unknown,2016,FUEL/PROPULSION SYSTEM,,low,0,"[1.9938754591988183e-308, 6.63948006991449e-308, 3.050840386095524e-308, 7.407013003632803e-308, 2.617940101796697e-308, 1.9566021265060063e-308, 1.205229103786023e-308, 2.222400281065275e-308, 1.3267050391822776e-308, 4.458461121909842e-308, 2.271956420559655e-308, 1.101766023755372e-308, 1.247609753824747e-308, 1.4863155979773483e-308, 2.203017084603699e-308, 1.1575307578753113e-308, 1.0, 1.082950644105901e-308, 3.043640101080901e-308]"
doc_00835,11529540,2016,5,1.0,unknown,2016,ENGINE,,medium,0,"[1.9893685777407444e-308, 2.425541250051693e-308, 2.6985730746048723e-308, 3.996032259161071e-308, 1.0, 1.6893625928340577e-308, 1.195972046429735e-308, 1.711466537777677e-308, 1.3028843077949795e-308, 4.065762453368271e-308, 1.846764428829369e-308, 1.3488643695847455e-308, 1.8078303133445854e-308, 1.493473042816713e-308, 1.834125511226574e-308, 1.697580305248695e-308, 2.5674057362887455e-308, 1.39888686358014e-308, 2.3493112171367204e-308]"
doc_00836,11524045,2016,5,0.5605093028932013,unknown,2016,ENGINE,,medium,0,"[0.01642138055116213, 0.01960967125692598, 0.022128681468866703, 0.03228258697944664, 0.5605093028932013, 0.014069910643923083, 0.01012251782020888, 0.01410668614627885, 0.010998931251798204, 0.0316915458439101, 0.01561187388596859, 0.011471153812727862, 0.015372790432165578, 0.012622157815418122, 0.015621782927329282, 0.014518889812300881, 0.02114731409060035, 0.011925644615998108, 0.019704541904387224]"
doc_00837,11521624,2016,14,0.4119594460662148,unknown,2016,"ELECTRICAL SYSTEM,AIR BAGS,FORWARD COLLISION AVOIDANCE",,low,0,"[0.04027322781558067, 0.011761120128044473, 0.018077418568590707, 0.010346787640363763, 0.010031285317497187, 0.032298895970236115, 0.03206333735829526, 0.018499448675294128, 0.05709400376736052, 0.016156385841153552, 0.017437297072014562, 0.014954649694046538, 0.011535244010263467, 0.4119594460662148, 0.01413032965464277, 0.01003645075498265, 0.010110592138342775, 0.011966488846419987, 0.018201146536354663]"
doc_00838,11517819,2016,2,1.0,unknown,2016,FUEL/PROPULSION SYSTEM,,low,0,"[2.353568566278172e-308, 1.0, 3.857000197790784e-308, 3.680435075028927e-308, 2.4043692654900496e-308, 2.3543064005261693e-308, 1.323596000532677e-308, 3.201745530313126e-308, 1.481877924046791e-308, 5.471882399205787e-308, 2.159098052701786e-308, 1.1865889353000014e-308, 1.337812221435214e-308, 1.653884852976308e-308, 1.970400584883638e-308, 1.227932021780126e-308, 7.05998798826561e-308, 1.15695043169723e-308, 2.737989520895132e-308]"
doc_00839,11514895,2016,18,1.0,unknown,2016,"UNKNOWN OR OTHER,VISIBILITY/WIPER",,low,0,"[1.7760083656257264e-308, 1.1810158742835456e-308, 1.3786246779028206e-308, 1.0939696527437543e-308, 1.4272199469892905e-308, 1.6445844684092856e-308, 1.7717388499551e-308, 1.4268061875162334e-308, 1.8214410007852775e-308, 1.4692065574815866e-308, 1.2310513209535477e-308, 7.530934996847431e-308, 5.506738839506325e-308, 1.8186952511945746e-308, 1.125790646406661e-308, 4.46371974871436e-308, 1.0763161828876737e-308, 1.0, 1.3788816325655705e-308]"
doc_00840,11511460,2016,16,0.37212343307902934,unknown,2016,UNKNOWN OR OTHER,,low,0,"[0.008799672371838818, 0.006821181437671565, 0.0077265894954735605, 0.006585678415224846, 0.00939577889359657, 0.008132586769175693, 0.007676185404398651, 0.007420032413669444, 0.008054407961527342, 0.008764584335223534, 0.006508927346107687, 0.017349898754607098, 0.10534523589360674, 0.00841298539185679, 0.006068551820751507, 0.37212343307902934, 0.006233851329180575, 0.02788223068784804, 0.007483096885216748]"
doc_00841,11510372,2016,6,1.0,unknown,2016,SUSPENSION,,medium,0,"[6.560315266122829e-308, 2.66369881372355e-308, 4.643773698741689e-308, 1.886114780983146e-308, 1.7156011007801754e-308, 1.0, 3.083155824289399e-308, 6.167473495778582e-308, 3.969832644185879e-308, 3.80061312463622e-308, 2.9713950826994714e-308, 1.9078106733088575e-308, 1.7155176557210725e-308, 5.055295878841044e-308, 2.298061813293847e-308, 1.4925304727880827e-308, 2.053506104882821e-308, 1.651401178193414e-308, 3.4248186110426774e-308]"
doc_00842,11509371,2016,5,1.0,unknown,2016,ENGINE,,medium,0,"[1.9727499022909034e-308, 2.4269002263528716e-308, 2.685208420463693e-308, 4.139567348917444e-308, 1.0, 1.6729903615217974e-308, 1.185029891525113e-308, 1.696719048463788e-308, 1.290063393876381e-308, 4.002052757441238e-308, 1.849514133399545e-308, 1.3270237888900283e-308, 1.765275593364483e-308, 1.478420548336151e-308, 1.8435254153980774e-308, 1.6602589246407035e-308, 2.6053252605106895e-308, 1.3742267516037217e-308, 2.351287769540001e-308]"
doc_00843,11507592,2016,16,1.0,unknown,2016,UNKNOWN OR OTHER,,low,0,"[1.571581442506666e-308, 1.2640688827025236e-308, 1.418981314254125e-308, 1.2363867501884246e-308, 1.796493872419476e-308, 1.456131557830966e-308, 1.3535934285961415e-308, 1.3449115108640175e-308, 1.4204560673712208e-308, 1.62748374889197e-308, 1.1882457337129764e-308, 2.8269978691113223e-308, 1.2745424496993624e-307, 1.4910978027867833e-308, 1.113889513338359e-308, 1.0, 1.1606930178258767e-308, 4.218465925055508e-308, 1.3690509670266067e-308]"
doc_00844,11505133,2016,8,0.23089998909767454,unknown,2016,AIR BAGS,,low,0,"[0.02867999689317467, 0.0326560628947675, 0.04462274425880315, 0.015238048447971678, 0.013470804237829497, 0.034395449427536764, 0.013985277998094021, 0.23089998909767454, 0.016851408056994144, 0.03716689675162581, 0.016904378846542705, 0.011176384830566011, 0.011321400075384718, 0.01895626051745224, 0.014005244833159647, 0.010058671651334576, 0.01872267473628612, 0.01027793659995506, 0.019458629983409477]"
doc_00845,11504539,2016,17,1.0,unknown,2016,FUEL/PROPULSION SYSTEM,,medium,1,"[1.9662910788273467e-308, 6.798557421116095e-308, 2.991657246225879e-308, 6.798568272655106e-308, 2.5688565833781756e-308, 1.94168774351998e-308, 1.197859096318342e-308, 2.2234514018003123e-308, 1.31708013531122e-308, 4.350640096613247e-308, 2.2205501092179057e-308, 1.096019942117235e-308, 1.2410585709980937e-308, 1.4729120342788926e-308, 2.147338350882457e-308, 1.152185337420603e-308, 1.0, 1.07768541711933e-308, 2.946217560285286e-308]"
doc_00846,11503331,2016,14,0.6139925242428077,unknown,2016,"ELECTRICAL SYSTEM,AIR BAGS,VEHICLE SPEED CONTROL",,medium,0,"[0.03604973265054525, 0.010867674045068608, 0.01664377048375733, 0.009620080084889076, 0.009394790051792008, 0.02941684776122949, 0.028932486572082326, 0.016979996471493414, 0.049871962875681054, 0.01495372190502451, 0.016020722253782683, 0.014135765771985833, 0.010875095374021992, 0.6139925242428077, 0.013019805186361135, 0.009451570484336213, 0.009385114253739934, 0.011290378830800484, 0.016834564498627202]"
doc_00847,11502623,2016,12,0.13448691909968094,unknown,2016,STRUCTURE,,medium,1,"[0.010925161401979078, 0.006182888460711589, 0.007622264875932064, 0.00565116762179084, 0.007094081580492089, 0.009853413472298855, 0.011141595810795126, 0.008048839759029806, 0.011750245037403982, 0.007956323450490197, 0.006824391194652227, 0.13448691909968094, 0.01958362988554308, 0.011700622517087566, 0.006107826328560529, 0.015370184135395802, 0.005564256835921925, 0.03605007832596856, 0.0076482248286990125]"
doc_00848,11497479,2016,13,1.0,unknown,2016,"ELECTRICAL SYSTEM,UNKNOWN OR OTHER,SERVICE BRAKES",,medium,1,"[1.8456647743087693e-308, 1.355913520119278e-308, 1.5699848606577995e-308, 1.2871543996085725e-308, 1.8339038235068316e-308, 1.683339148464644e-308, 1.5684652842879855e-308, 1.5145529677100007e-308, 1.664665062732645e-308, 1.777310027100769e-308, 1.303849012551811e-308, 3.8582268936540376e-308, 1.0, 1.747082200352153e-308, 1.2033122763373926e-308, 1.6488605202924599e-307, 1.224336125753262e-308, 6.118960979384042e-308, 1.513675847352738e-308]"
doc_00849,11490211,2016,17,1.0,unknown,2016,FUEL/PROPULSION SYSTEM,,medium,1,"[1.957376105913581e-308, 6.678391726104348e-308, 2.970037788674298e-308, 6.845129479657909e-308, 2.562498868420311e-308, 1.932642696153672e-308, 1.194529891004371e-308, 2.2093080760639145e-308, 1.313164113376144e-308, 4.3003927364732677e-308, 2.2166608794476787e-308, 1.0930300888940824e-308, 1.2373422240708047e-308, 1.4686748104018034e-308, 2.1470335944228456e-308, 1.1491214289007953e-308, 1.0, 1.074844510442031e-308, 2.93954763685164e-308]"
doc_00850,11488155,2016,8,1.0,unknown,2016,AIR BAGS,,low,0,"[3.935973416182529e-308, 3.80451157432337e-308, 5.271277531685887e-308, 1.931662765570631e-308, 1.7439607804616964e-308, 5.014169510374782e-308, 1.98358898926382e-308, 1.0, 2.412909294816092e-308, 4.360999394502081e-308, 2.213536395247914e-308, 1.5580864284817753e-308, 1.5466982337715856e-308, 2.7166143659454046e-308, 1.8345824165857163e-308, 1.371921065783902e-308, 2.334615264721755e-308, 1.4199665083415377e-308, 2.5184623182492854e-308]"
doc_00851,11484279,2016,6,1.0,unknown,2016,SUSPENSION,,low,0,"[5.994675580424636e-308, 2.5668318230753026e-308, 4.3098351927436177e-308, 1.817356763071089e-308, 1.648538745861024e-308, 1.0, 3.1618311569871305e-308, 6.212152619146782e-308, 4.1184567142034294e-308, 3.5087981725661244e-308, 2.8552999895770824e-308, 1.8884104914269927e-308, 1.672116300178865e-308, 5.25464845207924e-308, 2.225091395702809e-308, 1.459838288218488e-308, 1.9861627059937866e-308, 1.626436921801569e-308, 3.205460787521763e-308]"
doc_00852,11482782,2016,2,0.5037836577710555,unknown,2016,FUEL/PROPULSION SYSTEM,,low,0,"[0.023735123021148094, 0.5037836577710555, 0.038063460413419584, 0.04151902818292379, 0.02491181210721053, 0.02369281639507829, 0.013590807794166429, 0.0311138746097821, 0.015143082518926348, 0.053266675692934674, 0.02281000785577494, 0.012113305057433556, 0.013618508338707754, 0.016850877649333885, 0.021007251854362034, 0.012544795917234898, 0.09147233003892381, 0.01182326167180146, 0.028939323109782207]"
doc_00853,11482655,2016,2,1.0,unknown,2016,FUEL/PROPULSION SYSTEM,,low,0,"[2.2530557529603746e-308, 1.0, 3.636891837336865e-308, 3.5237258231364343e-308, 2.1842112574362227e-308, 2.2506367720981195e-308, 1.2907463077538996e-308, 3.0558615988586623e-308, 1.4412032352462665e-308, 4.520658524666271e-308, 2.130005988940018e-308, 1.1320107846202605e-308, 1.2574713251864573e-308, 1.593331376649363e-308, 1.9481592012676104e-308, 1.1584360538322135e-308, 6.878632646500229e-308, 1.1002732180155517e-308, 2.6375599442337523e-308]"
doc_00854,11480310,2016,2,0.5802782788015166,unknown,2016,"UNKNOWN OR OTHER,FUEL/PROPULSION SYSTEM",,low,0,"[0.02002847807883773, 0.5802782788015166, 0.031946190414340866, 0.03521828196364917, 0.02092644884079641, 0.02005329814515518, 0.011561690621499626, 0.02629062590763503, 0.012868353941654554, 0.043618180317008814, 0.019407669406539572, 0.010274801006533532, 0.011523367989151014, 0.014298245941770578, 0.01789666401521019, 0.010625300811019575, 0.07865034674050617, 0.010025991838098887, 0.0245077852190764]"
doc_00855,11480145,2016,8,0.2603544418007558,unknown,2016,POWER TRAIN,,low,1,"[0.02684125349367596, 0.02857436022633687, 0.03917383055301392, 0.013890493808820807, 0.012536441182079291, 0.033045268156567664, 0.013144721606187033, 0.2603544418007558, 0.01586677452657293, 0.03371583850364366, 0.015387379382139845, 0.01063365693068067, 0.010763930779689209, 0.01801939051455062, 0.012778470864904209, 0.009535276471553967, 0.016962257691012474, 0.009761506402059365, 0.017862967244318066]"
doc_00856,11478891,2016,5,0.37514219256952885,unknown,2016,ENGINE AND ENGINE COOLING,,low,0,"[0.02692270480667033, 0.03244520201815321, 0.03584602284135386, 0.055991735349129594, 0.37514219256952885, 0.023024150952338913, 0.016787485025746004, 0.023176871188781343, 0.018177441582878637, 0.04919122950787729, 0.02600011252533828, 0.018896049065141994, 0.025064240964495273, 0.020772644757344718, 0.026275774406971077, 0.023877759440216452, 0.03584363752749026, 0.019650073187313974, 0.03236085360625415]"
doc_00857,11476454,2016,1,0.2973244651452417,unknown,2016,"UNKNOWN OR OTHER,FORWARD COLLISION AVOIDANCE",,low,0,"[0.2973244651452417, 0.023214446598079908, 0.04872390124533717, 0.01875827262369012, 0.01739388812538438, 0.05611074261791924, 0.029600016269590686, 0.03380947879423445, 0.0407658072733048, 0.03684340296718915, 0.03655293186353134, 0.018364266202825177, 0.01656507311471134, 0.05009302423525753, 0.027680996451769222, 0.014297650742745636, 0.01803577349482459, 0.015747975976967792, 0.04224651532683423]"
doc_00858,11474603,2016,2,1.0,2.0_TSI,2016,"ENGINE,FUEL/PROPULSION SYSTEM",,low,0,"[2.231772666644517e-308, 1.0, 3.550740739080021e-308, 3.4955377470238295e-308, 2.2165073672448174e-308, 2.2286308555380783e-308, 1.281974965562704e-308, 3.036692406814439e-308, 1.4308861309164365e-308, 4.553461912385834e-308, 2.0841057119974454e-308, 1.1355802632387107e-308, 1.267843496905318e-308, 1.5844274932372967e-308, 1.911264405395464e-308, 1.1685575427526425e-308, 6.78545632058418e-308, 1.105931215831145e-308, 2.5847953239366083e-308]"
doc_00859,11469525,2016,3,0.0542347582707009,unknown,2016,ENGINE,,low,0,"[0.0323154230351014, 0.028154170016917605, 0.0542347582707009, 0.03892651041819108, 0.024822465733995686, 0.02732730782631332, 0.017355083374634508, 0.022532753653860833, 0.019079561425883386, 0.038016012380268645, 0.06981586108878064, 0.012673954629857046, 0.013429276173411333, 0.02335215915197572, 0.07642487661348484, 0.012214717649049425, 0.02819152439144274, 0.012071655270940717, 0.11840205345769687]"
doc_00860,11452318,2016,5,1.0,unknown,2016,ENGINE,,high,0,"[1.9904900765252013e-308, 2.4299748324930515e-308, 2.6897645589170655e-308, 3.904568632914037e-308, 1.0, 1.698557693774908e-308, 1.2016126858885665e-308, 1.7209616001432505e-308, 1.3089727721645567e-308, 4.105313814140842e-308, 1.839342277682387e-308, 1.361972862956881e-308, 1.8366683443832145e-308, 1.4998037610072274e-308, 1.8216412146770976e-308, 1.723405704176694e-308, 2.5503134159026254e-308, 1.414808283980689e-308, 2.3401193640891036e-308]"
doc_00861,11446672,2016,5,0.36862595645388746,unknown,2016,UNKNOWN OR OTHER,,medium,0,"[0.027389238879019537, 0.03261310423945652, 0.036248834180796045, 0.05497909799990224, 0.36862595645388746, 0.023459230465185964, 0.01719432886430228, 0.023557387517487746, 0.018612088595731588, 0.04937606170378871, 0.02637140266089383, 0.019491033929635884, 0.025992974235361736, 0.021266024806488586, 0.026639162495101884, 0.024803791516396532, 0.03579397440337155, 0.020308666763778783, 0.03272382161243728]"
doc_00862,11443427,2016,2,1.0,unknown,2016,FUEL/PROPULSION SYSTEM,,low,0,"[2.229376544357536e-308, 1.0, 3.5171651500793106e-308, 3.528321737348893e-308, 2.3064164961281726e-308, 2.231989984782132e-308, 1.282692429095403e-308, 3.0353939166466384e-308, 1.4306124600361716e-308, 4.788599165255928e-308, 2.0572387673835557e-308, 1.152696910932009e-308, 1.298413618452977e-308, 1.5891049352830607e-308, 1.8900238385063753e-308, 1.1962977592354913e-308, 6.836788155359849e-308, 1.1258646584355844e-308, 2.570559749134635e-308]"
doc_00863,11441391,2016,17,1.0,unknown,2016,FUEL/PROPULSION SYSTEM,,low,0,"[1.969442066865976e-308, 6.865331074857845e-308, 3.0035080083741854e-308, 6.727710374319278e-308, 2.562525326942021e-308, 1.9487782789415577e-308, 1.200390843486796e-308, 2.2333599848414363e-308, 1.320005337087744e-308, 4.3639112456783638e-308, 2.224847429460779e-308, 1.0974864361331836e-308, 1.2421049994531674e-308, 1.476346017033503e-308, 2.148843029386599e-308, 1.152897259448309e-308, 1.0, 1.0788279711310674e-308, 2.952822872219766e-308]"
doc_00864,11440745,2016,5,0.024933445722635776,unknown,2016,POWER TRAIN,,low,0,"[0.032355165099412136, 0.028212961782451675, 0.05426096265509186, 0.03908178659194677, 0.024933445722635776, 0.027362929913893146, 0.017388061795542142, 0.022572767611889373, 0.01911232763165996, 0.03808936114097999, 0.06966204846059089, 0.01270927234566972, 0.013472477236870731, 0.023391584325901188, 0.07633297591831593, 0.012255003149002266, 0.0282712246457538, 0.012107838541721403, 0.11776792999317796]"
doc_00865,11436458,2016,5,1.0,unknown,2021,POWER TRAIN,,medium,0,"[1.9639821157785005e-308, 2.346186250405023e-308, 2.6387280574197134e-308, 3.5566885188010533e-308, 1.0, 1.70743196609467e-308, 1.2161161741422295e-308, 1.7089193022605314e-308, 1.323777682331084e-308, 3.9980799718697137e-308, 1.8314243974633135e-308, 1.3989385381377476e-308, 1.912960856746716e-308, 1.520914074254628e-308, 1.809651705257333e-308, 1.7939100055122267e-308, 2.449003970181322e-308, 1.4597621095924664e-308, 2.3295967866379184e-308]"
doc_00866,11433810,2016,2,0.5979442223862252,2.0_TSI,2015,FUEL/PROPULSION SYSTEM,,low,0,"[0.02124396820956836, 0.5979442223862252, 0.035185041682183504, 0.03073566281137933, 0.01989013347881391, 0.021283647955093483, 0.01197587597503363, 0.029753508783314262, 0.013429461511895188, 0.043084881407557445, 0.01950366517224799, 0.010487492690317223, 0.011637612893820036, 0.014873101663565902, 0.01768367463857335, 0.01068847421280937, 0.056267185073977655, 0.010172118800106536, 0.024160270653517744]"
doc_00867,11423690,2016,5,1.0,unknown,2016,ENGINE,,high,1,"[1.989633742329303e-308, 2.422862194782229e-308, 2.688611268890323e-308, 3.873396327274569e-308, 1.0, 1.7002961952643947e-308, 1.2034526187092207e-308, 1.7204707811314223e-308, 1.310906666080446e-308, 4.1014262778204754e-308, 1.84041729133349e-308, 1.365572549381465e-308, 1.8434848848223084e-308, 1.502455907901701e-308, 1.8223591774239977e-308, 1.729523002097162e-308, 2.5419573830420425e-308, 1.4189915825686477e-308, 2.3419506836629476e-308]"
doc_00868,11417362,2016,11,0.00426017888336573,unknown,2016,UNKNOWN OR OTHER,,low,0,"[0.007039311229408067, 0.004064785466545046, 0.004969399981936171, 0.0033623937293867116, 0.0036999705913067296, 0.007807912161978813, 0.010246267846041076, 0.006184161175536043, 0.009704041939446415, 0.004930800007104529, 0.00426017888336573, 0.010395158237271444, 0.00625860616243439, 0.007720729105784943, 0.003730892514047292, 0.00546824436036441, 0.003533365131687225, 0.007893934268694124, 0.004593264330962607]"
doc_00869,11416723,2016,16,1.0,unknown,2016,UNKNOWN OR OTHER,,low,0,"[1.572101466816347e-308, 1.2634917529324956e-308, 1.4175957331176525e-308, 1.234603959588422e-308, 1.79142059605249e-308, 1.4571282068217923e-308, 1.355354520869315e-308, 1.345569749285902e-308, 1.421970534534038e-308, 1.6256781578168754e-308, 1.1876161182711907e-308, 2.8374098612253146e-308, 1.284732395331997e-307, 1.491772253840012e-308, 1.113012133537611e-308, 1.0, 1.1597845383340945e-308, 4.24755430113008e-308, 1.3681118974036864e-308]"
doc_00870,11416209,2016,5,1.0,2.0_TSI,2016,ENGINE,,high,0,"[1.9810595065460105e-308, 2.3811295002411896e-308, 2.6589288982798715e-308, 3.5778185805623436e-308, 1.0, 1.721314869784835e-308, 1.2212379669303513e-308, 1.7284141969806105e-308, 1.330046896382072e-308, 4.096306238902014e-308, 1.8325996322261876e-308, 1.4056980913944987e-308, 1.9266221532643486e-308, 1.5268815027564896e-308, 1.80611805683956e-308, 1.8040607486903057e-308, 2.4661645623667586e-308, 1.4669128853849107e-308, 2.3337008205607274e-308]"
doc_00871,11405153,2016,16,1.0,unknown,2016,STRUCTURE,,low,0,"[1.558390593757204e-308, 1.2612828508090905e-308, 1.4135202215404703e-308, 1.23678701526029e-308, 1.801717115753985e-308, 1.444883095008887e-308, 1.3410488674418127e-308, 1.3368311300527475e-308, 1.4068716836905387e-308, 1.6234657689781834e-308, 1.1835138730948278e-308, 2.7674200467502006e-308, 1.185568341900759e-307, 1.477786832129661e-308, 1.110634561798445e-308, 1.0, 1.159624054851506e-308, 4.090693971310932e-308, 1.3635514199879814e-308]"
doc_00872,11385092,2016,17,1.0,unknown,2016,FUEL/PROPULSION SYSTEM,,low,0,"[1.9791684419339197e-308, 7.0301741774455585e-308, 3.036128934923152e-308, 6.563419739247473e-308, 2.5770892490699617e-308, 1.973007386725988e-308, 1.209773208544491e-308, 2.264184215041332e-308, 1.3296653979537585e-308, 4.465130744827665e-308, 2.2324832089440857e-308, 1.1067862058031016e-308, 1.2537473209737484e-308, 1.487361172440123e-308, 2.1471067459926244e-308, 1.1627849559520626e-308, 1.0, 1.0879534340709333e-308, 2.9701037630034675e-308]"
doc_00873,11383440,2016,14,1.0,unknown,2016,"ELECTRICAL SYSTEM,AIR BAGS,FORWARD COLLISION AVOIDANCE",,low,0,"[5.656124293843436e-308, 1.77394586457341e-308, 2.6749443832899577e-308, 1.5655401363796815e-308, 1.528344640454754e-308, 4.894124035579477e-308, 4.899750420649632e-308, 2.7998621759203645e-308, 8.694138157495094e-308, 2.420360263592126e-308, 2.5827442515158216e-308, 2.3421559171038295e-308, 1.7839336548932504e-308, 1.0, 2.1085769906547043e-308, 1.552687736880275e-308, 1.5332329564123396e-308, 1.8634200282756197e-308, 2.7018467163304635e-308]"
doc_00874,11376865,2016,16,0.7203680141509676,unknown,2016,STRUCTURE,,low,0,"[0.007833179552523254, 0.0060950239128988596, 0.00691412980392398, 0.005896501585111276, 0.008469063142101467, 0.007220170395552482, 0.006765733126356721, 0.006606367897556469, 0.0071131590252368655, 0.007867899668390342, 0.005790338839299335, 0.015043446059808905, 0.10082366867631816, 0.007446628898775651, 0.005399807935793123, 0.7203680141509676, 0.005563916693537744, 0.023543457760173487, 0.00667418614636607]"
doc_00875,11372726,2016,5,1.0,unknown,2016,POWER TRAIN,,high,1,"[1.9668254025124007e-308, 2.3478941428711873e-308, 2.6513003055462207e-308, 3.601916354724074e-308, 1.0, 1.7055386864310663e-308, 1.214419769573037e-308, 1.706364763457197e-308, 1.3221841654557006e-308, 3.9958194177507543e-308, 1.8397234464351563e-308, 1.3923834586402503e-308, 1.896059922857307e-308, 1.5200791294892905e-308, 1.8204960900503574e-308, 1.7782483846677645e-308, 2.4623588844378045e-308, 1.451139235971005e-308, 2.3420294312196193e-308]"
doc_00876,11300201,2016,16,1.0,unknown,2016,UNKNOWN OR OTHER,,low,0,"[1.5477909481047457e-308, 1.255649499716967e-308, 1.4036252825720267e-308, 1.229957596072292e-308, 1.7877691123639373e-308, 1.4376707226775683e-308, 1.335099322195548e-308, 1.3314193007778847e-308, 1.400409090550634e-308, 1.6121210558697303e-308, 1.1763591470410734e-308, 2.755977475184461e-308, 1.14379400942507e-307, 1.470018173729971e-308, 1.1041079070984235e-308, 1.0, 1.154359594678992e-308, 4.0792240500363557e-308, 1.354140061716336e-308]"
doc_00877,11270298,2016,13,1.0,unknown,2016,"ELECTRICAL SYSTEM,AIR BAGS,STRUCTURE",,medium,1,"[1.8236135406434833e-308, 1.3546053028275076e-308, 1.564429971011425e-308, 1.29039530901448e-308, 1.8481204699827015e-308, 1.6648771872821023e-308, 1.5456104381267436e-308, 1.5024339151760287e-308, 1.6396712947282687e-308, 1.7767411443347954e-308, 1.297304008640679e-308, 3.7124894027566985e-308, 1.0, 1.7230352642277246e-308, 1.1991844040316103e-308, 1.8679247224989272e-307, 1.224581803362529e-308, 5.808652333577537e-308, 1.5068354158294744e-308]"
doc_00878,11245909,2016,2,0.34918597207899493,2.0_TSI,2016,FUEL/PROPULSION SYSTEM,,low,0,"[0.026192561624512025, 0.34918597207899493, 0.044310083831161584, 0.03817547141815832, 0.023553559834118942, 0.025063484428826454, 0.013722687345222946, 0.03430209894493731, 0.015464072756470819, 0.05904314792552638, 0.023590093421106934, 0.011520054293049345, 0.012871752695964188, 0.01720395979968586, 0.021406909502333073, 0.011792321310651858, 0.06755893510195929, 0.01118191357276838, 0.02981085606313649]"
doc_00879,11234534,2016,13,1.0,unknown,2016,STRUCTURE,,high,2,"[1.8306541565763324e-308, 1.358726921742152e-308, 1.568770152222015e-308, 1.293364848104309e-308, 1.85344064103924e-308, 1.672876237151059e-308, 1.551212672220863e-308, 1.5075210422280165e-308, 1.645360726228728e-308, 1.783894017710578e-308, 1.3019320660155287e-308, 3.723795436982435e-308, 1.0, 1.729768112040768e-308, 1.202976291888528e-308, 1.8158034936953872e-307, 1.228572911382753e-308, 5.833071339123449e-308, 1.5131419133272747e-308]"
doc_00880,11186523,2016,2,1.0,2.0_TSI,2016,"ENGINE,FUEL/PROPULSION SYSTEM",,medium,0,"[2.675101408041824e-308, 1.0, 4.914993231387591e-308, 3.8884156127664043e-308, 2.286608682987299e-308, 2.581610467651415e-308, 1.4083224047096994e-308, 3.427206781304806e-308, 1.5889011894260203e-308, 5.658052963217865e-308, 2.5542555228384224e-308, 1.185261970481571e-308, 1.302604910596926e-308, 1.760790135933356e-308, 2.283216170867574e-308, 1.1906973520818786e-308, 6.648573222398873e-308, 1.142745900465653e-308, 3.2340294424440004e-308]"
doc_00881,11140077,2016,18,1.0,unknown,2016,UNKNOWN OR OTHER,,low,0,"[1.778087892533155e-308, 1.1798621225676146e-308, 1.3760037721037865e-308, 1.090958461229967e-308, 1.4192521902468854e-308, 1.647043721324996e-308, 1.780835546872168e-308, 1.4290145570244974e-308, 1.828639798238981e-308, 1.4651988700597445e-308, 1.2295123410013524e-308, 7.683776056099397e-308, 5.383909265415402e-308, 1.82019868305702e-308, 1.123735318812537e-308, 4.3755934433463183e-308, 1.0745218783666623e-308, 1.0, 1.3762352324774497e-308]"
doc_00882,11119886,2016,1,0.43786173603284523,unknown,2016,"AIR BAGS,ELECTRONIC STABILITY CONTROL (ESC),SERVICE BRAKES",,medium,0,"[0.43786173603284523, 0.023455137844428566, 0.047309348121254396, 0.019050827800691963, 0.01791367714091287, 0.060803996957584296, 0.030913692418438356, 0.03483534575703533, 0.042520757993170455, 0.037442844730805516, 0.036545823332736566, 0.019493343646215227, 0.017507254433128384, 0.053840538821227635, 0.027610176861126136, 0.015065913649248627, 0.01839777499417185, 0.016673925552433966, 0.042757883912544696]"
doc_00883,11110420,2016,14,1.0,unknown,2016,AIR BAGS,,low,0,"[5.335749760228162e-308, 1.7909877720028756e-308, 2.677363146483167e-308, 1.575390106451836e-308, 1.533758524241636e-308, 5.086882693265415e-308, 4.534444114975331e-308, 2.873030355166681e-308, 7.664643805334452e-308, 2.4329126532992867e-308, 2.5523088654349e-308, 2.2961063054219246e-308, 1.770341217218972e-308, 1.0, 2.087049326048955e-308, 1.5432848074740763e-308, 1.550964639780816e-308, 1.8404982561338437e-308, 2.678881568819722e-308]"
doc_00884,11105166,2016,6,0.21586277874556833,unknown,2016,WHEELS,,low,0,"[0.05413624370096562, 0.02349474335495666, 0.03836510046693299, 0.01695446865137612, 0.01528399023900195, 0.21586277874556833, 0.030143214715608723, 0.04715908746150916, 0.036254180968774134, 0.03248261928711697, 0.027534319105329923, 0.017469491521307508, 0.015554854303779939, 0.040534254791588266, 0.021149039028538603, 0.013571040868569709, 0.01850497784770848, 0.015119828718843788, 0.03131442021542825]"
doc_00885,11099933,2016,14,1.0,unknown,2015,"STEERING,ELECTRICAL SYSTEM,AIR BAGS",,high,2,"[5.625826678885127e-308, 1.8322423191681946e-308, 2.7674338108977092e-308, 1.558637565327953e-308, 1.4986647564115025e-308, 6.081667776705704e-308, 4.956255496769339e-308, 3.133214184944964e-308, 9.120969291301585e-308, 2.466423037801313e-308, 2.5134059962605325e-308, 2.2473644377466947e-308, 1.7319167904670685e-308, 1.0, 2.0464400365130054e-308, 1.510759911558959e-308, 1.5611740383294485e-308, 1.802832784272979e-308, 2.623990528163311e-308]"
doc_00886,11099415,2016,10,1.0,unknown,2016,ENGINE,,low,0,"[3.764706745593936e-308, 6.783243463780274e-308, 6.146936730763816e-308, 4.908774210621452e-308, 4.307523803290173e-308, 3.394218865921303e-308, 1.768840931284042e-308, 3.758271099356928e-308, 2.007297892287322e-308, 1.0, 3.193248502451188e-308, 1.4974358043239735e-308, 1.7855066828508517e-308, 2.3226935042783305e-308, 2.886328482153289e-308, 1.5961893351542647e-308, 4.98300660743863e-308, 1.470024072987995e-308, 4.598472458552041e-308]"
doc_00887,11030441,2016,2,0.12930480049492998,unknown,2016,FUEL/PROPULSION SYSTEM,,low,0,"[0.02450293358785011, 0.12930480049492998, 0.05516205961840511, 0.02445755756603957, 0.017413611193166704, 0.023753617243944654, 0.011621953616825565, 0.03480005910582018, 0.013375099666503147, 0.07293561422441285, 0.019849624525183695, 0.009463104569574466, 0.010403742970333307, 0.015004597416827532, 0.01713117022529283, 0.009374789549854774, 0.03396503756114496, 0.009052604812078606, 0.02521126108792474]"
doc_00888,11018861,2016,13,0.38781673532103433,unknown,2016,VISIBILITY,,low,0,"[0.021183450490447522, 0.01502838360413682, 0.01763755752772982, 0.01408435785059541, 0.020096759283590424, 0.019216789595275497, 0.017532327622216595, 0.017058336975719138, 0.01875354831766007, 0.02006645761851727, 0.014517599062989361, 0.042902854796454525, 0.38781673532103433, 0.019815048754605862, 0.01329184696931062, 0.10677484599683912, 0.013480288790659682, 0.062059517305536965, 0.017028632188313016]"
doc_00889,10992847,2016,2,0.14876024246738417,unknown,2016,"ENGINE,FUEL/PROPULSION SYSTEM",,low,0,"[0.023820579296774048, 0.14876024246738417, 0.05110446888032211, 0.023340977454838725, 0.01672229446210575, 0.023665605940136374, 0.011616102018952959, 0.036635268675076584, 0.013369107338779659, 0.06195290736979584, 0.019229693385689136, 0.009414182215411746, 0.010288419471107552, 0.014949608491195697, 0.01661400255828686, 0.009286647491341104, 0.03305025950019422, 0.008993513044398193, 0.023969358974321984]"
doc_00890,10984229,2016,3,0.313321815728792,unknown,2016,VEHICLE SPEED CONTROL,,low,0,"[0.06885968422799343, 0.0427593158605493, 0.313321815728792, 0.03068729916983759, 0.021705117387731572, 0.04440547944515419, 0.021586850990463285, 0.03766012686063295, 0.025601336140560337, 0.06514834788890515, 0.07380329170578125, 0.014587587693026939, 0.014759282812784718, 0.028294050262378825, 0.049045965304834606, 0.013182213963253898, 0.029830649164644972, 0.013460358995054584, 0.09130122639762041]"
doc_00891,10971575,2016,17,1.0,unknown,2016,FUEL/PROPULSION SYSTEM,,high,1,"[1.9872359543677e-308, 7.389467312116742e-308, 3.0722893144069783e-308, 6.189285799605063e-308, 2.561714127422222e-308, 2.0012077172829846e-308, 1.2199427220859293e-308, 2.3082470346706446e-308, 1.340254176339284e-308, 4.536292401565465e-308, 2.2330740070713795e-308, 1.1150694023718754e-308, 1.2627163022529565e-308, 1.498549519612269e-308, 2.1344594899994504e-308, 1.170063834342843e-308, 1.0, 1.095569717083362e-308, 2.9680322702349957e-308]"
doc_00892,10968443,2016,17,1.0,unknown,2016,FUEL/PROPULSION SYSTEM,,low,0,"[2.0048666838206716e-308, 7.577638820880453e-308, 3.1197062861778245e-308, 6.132869553001099e-308, 2.5575823653821367e-308, 2.0191758701549924e-308, 1.2264008031711505e-308, 2.334350716654819e-308, 1.3483077254412273e-308, 4.604058976162459e-308, 2.2492371108299513e-308, 1.1187445017404887e-308, 1.265720614062369e-308, 1.5075601544018117e-308, 2.1446357103831694e-308, 1.1721028727823383e-308, 1.0, 1.0984422252193707e-308, 2.992390064341561e-308]"
doc_00893,10955589,2016,1,0.14369838837003743,unknown,2016,STEERING,,low,0,"[0.14369838837003743, 0.028974883284566762, 0.062036500334471036, 0.025021583606005947, 0.02252877161038758, 0.06243516779325247, 0.03613632974099449, 0.03911608018195466, 0.04874792357308664, 0.04428815825605243, 0.05453097877904992, 0.022576813692411546, 0.020369240596498243, 0.07070602002046487, 0.040483381919480886, 0.017764507923590394, 0.023403166197797157, 0.019475230975630628, 0.05983550221370533]"
doc_00894,10948507,2016,1,0.3731110209951933,unknown,2016,SERVICE BRAKES,,high,1,"[0.3731110209951933, 0.03095413510745802, 0.07146015191669486, 0.022784810140849387, 0.020532765880349253, 0.06380646599782194, 0.029324885920036355, 0.044322679523113105, 0.03854364329950622, 0.05107182227854001, 0.040608370064889904, 0.019127676851957983, 0.01812608636889354, 0.041709562733783, 0.031106973093953105, 0.015787401931305695, 0.02254424493391677, 0.01685949274102631, 0.04821781022071128]"
doc_00895,10897865,2016,19,0.6293874833841107,unknown,2016,ENGINE,,low,0,"[0.018648114372998317, 0.01597608458602926, 0.038248667452560114, 0.018335519676965967, 0.01133715175433375, 0.015742581411427193, 0.00920160189464012, 0.01261095120829658, 0.010294184627441425, 0.022192597632019594, 0.06490861617306624, 0.0065994372831961684, 0.006823480684648398, 0.012293850325304579, 0.04976215130696543, 0.006161533041101218, 0.014778282866741549, 0.006199100278097487, 0.6293874833841107]"
doc_00896,10897131,2016,3,0.2145799661198398,unknown,2016,"SERVICE BRAKES, HYDRAULIC",,medium,0,"[0.0697626094310193, 0.0477624048630475, 0.2145799661198398, 0.02687982208040037, 0.020900174701298544, 0.058691434439983654, 0.02216672537568541, 0.05727788911925124, 0.026767100904089753, 0.08521422971476418, 0.04547663225276198, 0.014944715290794587, 0.015171605176143419, 0.02982952469114838, 0.03424697993850087, 0.01341255729415917, 0.029442369306694697, 0.013728287448037712, 0.0573314968461506]"
doc_00897,10888512,2016,4,1.0,unknown,2016,"UNKNOWN OR OTHER,ENGINE,FUEL/PROPULSION SYSTEM",,low,0,"[2.1709664388392503e-308, 4.3656610276483593e-308, 3.4587430989063206e-308, 1.0, 3.28715456374578e-308, 1.9539159731226162e-308, 1.2653643738853445e-308, 2.0447894202294803e-308, 1.3861369465455654e-308, 4.642610334797068e-308, 2.6727038850277196e-308, 1.114030995964657e-308, 1.280648705418536e-308, 1.5632056321510443e-308, 2.735919265979418e-308, 1.190897641174036e-308, 8.734875688601229e-308, 1.102409278468641e-308, 3.6684869164519153e-308]"
doc_00898,10885240,2016,3,0.29803221674090097,unknown,2016,UNKNOWN OR OTHER,,low,0,"[0.0615487682636953, 0.0308677483169779, 0.29803221674090097, 0.027727743991269177, 0.023435491142319284, 0.03247463697453694, 0.01717341203546998, 0.028320013249588, 0.02072259157067244, 0.06188477059479914, 0.04369538669811046, 0.013359051832968233, 0.014167465737222162, 0.02496826092054553, 0.03692832923917245, 0.012522404174103217, 0.023896951101463733, 0.012414838685195873, 0.06410918192806846]"
doc_00899,10853372,2016,1,0.13675757196792648,unknown,2016,VEHICLE SPEED CONTROL,,medium,0,"[0.13675757196792648, 0.029240609702861402, 0.09920138291474784, 0.024877854788949785, 0.0200270050244465, 0.042429487455131885, 0.02494911788863616, 0.03135259161819261, 0.03062073273023374, 0.04434879218254341, 0.06746385142575206, 0.015927707384542033, 0.015333455893612102, 0.034352227390169146, 0.04650222305308753, 0.013620500273604489, 0.022687974042787634, 0.014309131572455879, 0.06970464251145421]"
doc_00900,10816865,2016,3,1.0,unknown,2016,"ELECTRICAL SYSTEM,ENGINE,FUEL/PROPULSION SYSTEM",,low,0,"[6.90446093480453e-308, 4.1287136921905723e-308, 1.0, 3.593305627760274e-308, 2.8568428297958895e-308, 3.7028967562677536e-308, 1.9454474421865336e-308, 3.40220410662016e-308, 2.316879264832586e-308, 8.757492881674311e-308, 5.192657145808474e-308, 1.517781536204721e-308, 1.6305918390564364e-308, 2.7059060722305034e-308, 4.407826277454523e-308, 1.448108149651425e-308, 3.0945562690608943e-308, 1.4228346391479447e-308, 7.843671364548888e-308]"
doc_00901,11712343,2017,2,0.13733341878664732,unknown,2017,UNKNOWN OR OTHER,,low,0,"[0.0240693509388976, 0.13733341878664732, 0.05110347878253512, 0.02416615585192618, 0.017606576248819554, 0.024005730005607292, 0.011786028577344648, 0.03662110445997741, 0.01354097403435429, 0.06717210192124004, 0.019375960309018357, 0.009686355969394022, 0.010673912376340158, 0.015198844684856582, 0.01680233829441993, 0.009624226599432687, 0.034318588194412164, 0.00927745928671978, 0.024420633714169554]"
doc_00902,11704039,2017,1,0.08471379945517869,unknown,2017,"ELECTRICAL SYSTEM,UNKNOWN OR OTHER",,low,0,"[0.08471379945517869, 0.027620380436134493, 0.07966375651646049, 0.024976092107023506, 0.02273102709065619, 0.043169580396318866, 0.023602823389511373, 0.031481132593757497, 0.029724061146571217, 0.04749437246040559, 0.04692313102611572, 0.017624853941581028, 0.017411038618085548, 0.03959028198428132, 0.036930547277087354, 0.015214162755006463, 0.022330067051592926, 0.015805539785391804, 0.06018199360611574]"
doc_00903,11696778,2017,3,0.30616566104734555,unknown,2017,VEHICLE SPEED CONTROL,,low,0,"[0.07139378197632106, 0.04692733400885917, 0.30616566104734555, 0.029849813036325966, 0.022469863867460662, 0.05315086496726714, 0.023200113770319657, 0.04656717040334165, 0.027712851306835314, 0.07734424385217231, 0.05781549029000886, 0.015722007122571744, 0.015945366119134816, 0.03047600078252506, 0.04157018945137736, 0.014153342687913848, 0.030646338457553636, 0.014478677352665366, 0.07441088950000092]"
doc_00904,11696492,2017,1,0.08527271134016665,unknown,2017,ELECTRICAL SYSTEM,,low,1,"[0.08527271134016665, 0.028256070645700352, 0.08397116898162056, 0.02532904232154882, 0.02344803202787663, 0.042570743329928384, 0.023183098148678492, 0.032182961392664945, 0.029321432687535523, 0.048828190703004815, 0.0440878498842208, 0.017791500988045772, 0.017740731963269606, 0.038837586867278846, 0.03560185296090518, 0.015497298240648773, 0.022697607180228493, 0.015992697792214655, 0.056578064181738545]"
doc_00905,11689572,2017,2,0.268700296084838,unknown,2021,FUEL/PROPULSION SYSTEM,,low,0,"[0.02399682812621993, 0.268700296084838, 0.038994285637194426, 0.04237861850770944, 0.02402108247530533, 0.02276531728640672, 0.0127860920386754, 0.029457258084423787, 0.014304245891811578, 0.058569794105550396, 0.022601470372763367, 0.010882994397073185, 0.012296515853655808, 0.01592038648469919, 0.020845706411321645, 0.011303540476371434, 0.08552142789602504, 0.010625850838117533, 0.029048012684749075]"
doc_00906,11635574,2017,3,0.2500366913196748,unknown,2017,POWER TRAIN,,low,0,"[0.08949557006753193, 0.04439207910515545, 0.2500366913196748, 0.031074448235195666, 0.023059547427054787, 0.052197526487511095, 0.02458339558669248, 0.043527319798658544, 0.02950679620236504, 0.07090779911394839, 0.07101508195177199, 0.016099431117299137, 0.016171856932546157, 0.03229234625596687, 0.04873571068798464, 0.01438019299206537, 0.030510846591030927, 0.014767009569674458, 0.08782094004926023]"
doc_00907,11635575,2017,3,0.054312367256909,unknown,2017,"ELECTRICAL SYSTEM,ENGINE,FUEL/PROPULSION SYSTEM",,low,3,"[0.03253385130797521, 0.028506216792895105, 0.054312367256909, 0.03984144652174009, 0.025472841069082867, 0.02754995320808617, 0.017554220019115722, 0.022778370905710228, 0.01927880258571664, 0.03843019575803214, 0.06891392913934177, 0.012884784535859634, 0.013685346728866753, 0.02359774287446619, 0.07582536875988265, 0.012453974756789533, 0.028676685047999487, 0.012287320438823197, 0.11475670685521434]"
doc_00908,11635576,2017,1,0.14284420663794678,unknown,2017,"STEERING,POWER TRAIN",,medium,0,"[0.14284420663794678, 0.02910750956622994, 0.07896906993748577, 0.024063998503609817, 0.020022340505325767, 0.04996147176504035, 0.028890020078732318, 0.03442750075008846, 0.03606034736521202, 0.044271094152797515, 0.06100584535493479, 0.017456213012892602, 0.016429077122911206, 0.039785094254627604, 0.04305702257732481, 0.014509070861597249, 0.022510916698548857, 0.01549578661441396, 0.06484027406141538]"
doc_00909,11622253,2017,2,0.08567425554986174,unknown,2017,FUEL/PROPULSION SYSTEM,,low,0,"[0.018778230798314758, 0.08567425554986174, 0.031493192324531426, 0.039414258978627964, 0.02044519771129891, 0.01765997708595789, 0.009719187214723356, 0.021234036885154173, 0.010900920018492459, 0.06365599180738522, 0.018478865153363565, 0.008341590208508116, 0.009522639384763033, 0.012310309679718023, 0.01707595476931486, 0.008706861033774434, 0.0676294699324837, 0.008152573195579577, 0.025446932514340295]"
doc_00910,11616046,2017,2,0.472116326245045,unknown,2017,FUEL/PROPULSION SYSTEM,,low,0,"[0.024157896244305366, 0.472116326245045, 0.03943105079556897, 0.03669843308004516, 0.02319744465544444, 0.02286191667076646, 0.012641988995358795, 0.030967423135721043, 0.014234557659754265, 0.058249681323191395, 0.021427056502836328, 0.010824999931043272, 0.012236904882396822, 0.015899326788364202, 0.019616164448099025, 0.011222044210110419, 0.0644614386993144, 0.010554074014835466, 0.02728605700701692]"
doc_00911,11612975,2017,5,0.26937381364386453,unknown,2017,UNKNOWN OR OTHER,,medium,0,"[0.02619389072683121, 0.03466048929380242, 0.037061216194487205, 0.07051740944632189, 0.26937381364386453, 0.022103322222820077, 0.015266252997390036, 0.022649150673258716, 0.016631758214486106, 0.056831582739657514, 0.025358965009431973, 0.016391778891551665, 0.021049213166653386, 0.01908308069016217, 0.02539368389584803, 0.019711883539012074, 0.03929829461268019, 0.016789259003024158, 0.03280245985141385]"
doc_00912,11611590,2017,2,1.0,unknown,2017,FUEL/PROPULSION SYSTEM,,low,0,"[2.530354600648147e-308, 1.0, 4.302794962382019e-308, 3.611613104368441e-308, 2.5181106168791954e-308, 2.494415015537998e-308, 1.3709398618137325e-308, 3.45620009882225e-308, 1.542996584128717e-308, 6.425652563114508e-308, 2.2167886569402694e-308, 1.2353788458316695e-308, 1.4000560841812334e-308, 1.7270738525836047e-308, 2.0053838796180013e-308, 1.278603216783211e-308, 6.173063036855571e-308, 1.203372314510439e-308, 2.829917951130361e-308]"
doc_00913,11610366,2017,1,0.24708707228221144,unknown,2017,"STEERING,ELECTRICAL SYSTEM,AIR BAGS",,medium,0,"[0.24708707228221144, 0.021290659027358362, 0.04414828755634596, 0.017387929396202918, 0.01618139486721135, 0.05361656205389405, 0.027092660944191004, 0.031128450146376756, 0.03709360094835986, 0.03412177386043999, 0.03392042759026697, 0.017092070162624675, 0.015436631975413485, 0.048874304280967035, 0.025594166740323204, 0.01329330000270237, 0.01669764868632447, 0.0146563512661948, 0.03987075412037133]"
doc_00914,11609661,2017,13,0.006150786979757081,unknown,2017,UNKNOWN OR OTHER,,low,1,"[0.007119050805738313, 0.0041171302890720815, 0.005039462361719987, 0.003376217468301977, 0.0036993412343051635, 0.007976362245947525, 0.010311028429512687, 0.006344291652381397, 0.009812707300033406, 0.004983861351602498, 0.004277278641168805, 0.009943478550997883, 0.006150786979757081, 0.007795754205767357, 0.0037411445303112568, 0.0053795808344906425, 0.0035601818105883997, 0.007623746508743284, 0.004612011922861994]"
doc_00915,11608176,2017,2,1.0,unknown,2017,"FUEL SYSTEM, GASOLINE",,low,0,"[2.753503592828459e-308, 1.0, 5.111030463230326e-308, 3.4401083855686106e-308, 2.264234842905633e-308, 2.684992157384701e-308, 1.4351314711728607e-308, 3.841690814953238e-308, 1.6274412013114826e-308, 5.968983055004058e-308, 2.4270028777357075e-308, 1.217658463968731e-308, 1.340155396945985e-308, 1.8046736027117417e-308, 2.1518057956093218e-308, 1.221441767910224e-308, 5.525470192933057e-308, 1.1725492496441177e-308, 3.0267339324472244e-308]"
doc_00916,11607650,2017,2,1.0,unknown,2023,FUEL/PROPULSION SYSTEM,,low,0,"[2.539431850284431e-308, 1.0, 4.323352094307932e-308, 3.596712961970197e-308, 2.493065837253683e-308, 2.4902706874619537e-308, 1.3698083990378636e-308, 3.4629621509511357e-308, 1.5424460391627293e-308, 6.320099773116277e-308, 2.2199740555195327e-308, 1.2302616253769796e-308, 1.3914822951805814e-308, 1.7241439206982996e-308, 2.0073644069231364e-308, 1.271027098985721e-308, 6.132705994459202e-308, 1.1976288994318424e-308, 2.825841582950754e-308]"
doc_00917,11605426,2017,2,0.5426184141868021,unknown,2024,FUEL/PROPULSION SYSTEM,,low,0,"[0.024285768510070978, 0.5426184141868021, 0.040033229296017304, 0.034842447714961554, 0.022897078712095488, 0.024188195867744608, 0.013608267229837052, 0.033960454104047896, 0.01526769153202194, 0.04999035902936962, 0.022011487106536144, 0.011979563687439757, 0.013335587775947927, 0.016918415261910638, 0.01997033583980198, 0.012244453162765376, 0.06292058694485513, 0.011629843896200814, 0.02729782014157372]"
doc_00918,11605490,2017,2,0.681704552023706,unknown,2024,FUEL/PROPULSION SYSTEM,,low,1,"[0.01658322212636542, 0.681704552023706, 0.027053956741412182, 0.02528191040798628, 0.016548431235873504, 0.015998166115833382, 0.00903706142486382, 0.021860185302641895, 0.010142226514930245, 0.03816080081599947, 0.014842042270288222, 0.008086046552201822, 0.009120716626516064, 0.011281840957018388, 0.013559223048795286, 0.008370822126913143, 0.045759350257680804, 0.007882888703521143, 0.01872655674745292]"
doc_00919,11604755,2017,2,1.0,unknown,2017,"FUEL SYSTEM, GASOLINE",,low,0,"[2.778960160343957e-308, 1.0, 5.194214215887934e-308, 3.338418814943692e-308, 2.249322030942217e-308, 2.7272283323550216e-308, 1.446694919258918e-308, 3.9840256176815637e-308, 1.643498477873681e-308, 6.068825069030205e-308, 2.4106288446635175e-308, 1.227306063415964e-308, 1.349200507328129e-308, 1.82360179797696e-308, 2.1310238286542994e-308, 1.228480595958449e-308, 5.267371716269091e-308, 1.1806933173879863e-308, 2.995676750969395e-308]"
doc_00920,11604527,2017,2,0.21476584438777857,unknown,2024,FUEL/PROPULSION SYSTEM,,low,1,"[0.020629216308963454, 0.21476584438777857, 0.03630239666509419, 0.035277126091720075, 0.01974755255647814, 0.021052891493196887, 0.011336533631297115, 0.026940998803500267, 0.01269999181718346, 0.052294699654467, 0.020573813945441003, 0.009464681442750611, 0.010563397283528378, 0.01425417472368645, 0.018602346164104475, 0.00966242220511389, 0.07526120305080146, 0.009182255630998525, 0.027093395298588504]"
doc_00921,11595545,2017,2,1.0,2.0_TSI,2023,FUEL/PROPULSION SYSTEM,,low,0,"[2.2383617524004655e-308, 1.0, 3.544250669554424e-308, 3.483535198840649e-308, 2.261986126699829e-308, 2.236979773241962e-308, 1.2842311833950995e-308, 3.0602006143453673e-308, 1.433774670053351e-308, 4.685521184424558e-308, 2.065358330423196e-308, 1.14684642880738e-308, 1.286413369922973e-308, 1.5906824600707186e-308, 1.8946575925260303e-308, 1.1851749506418995e-308, 6.678539272032723e-308, 1.1184378004770855e-308, 2.570145767393478e-308]"
doc_00922,11595149,2017,18,1.0,unknown,2017,STRUCTURE,,low,0,"[1.7707429262209206e-308, 1.176188686143126e-308, 1.37012755429805e-308, 1.087116590507257e-308, 1.412617539385747e-308, 1.6431406765023007e-308, 1.7795351580918847e-308, 1.425233555403494e-308, 1.825502215462984e-308, 1.4587998178307275e-308, 1.226071955457261e-308, 7.659618381170009e-308, 5.290051528569404e-308, 1.8156058969822136e-308, 1.1206527855052557e-308, 4.3237892590057594e-308, 1.0715843374308554e-308, 1.0, 1.3715660629727896e-308]"
doc_00923,11588685,2017,2,1.0,2.0_TSI,2017,FUEL/PROPULSION SYSTEM,,medium,1,"[2.4982992840236087e-308, 1.0, 4.215736903830622e-308, 3.5629627338792845e-308, 2.4899016290495096e-308, 2.475247506713046e-308, 1.364317958421221e-308, 3.4439317077004203e-308, 1.534521199831177e-308, 6.18892707350466e-308, 2.192069611852805e-308, 1.2299878839964966e-308, 1.393132874677637e-308, 1.71660038196658e-308, 1.984516401422661e-308, 1.273125625672101e-308, 6.134146449759374e-308, 1.1983162729663557e-308, 2.7888642068399086e-308]"
doc_00924,11585888,2017,14,0.34170882484556553,unknown,2023,STEERING,,low,0,"[0.04420589177274538, 0.013591086134519611, 0.02079129773624248, 0.011328199827652638, 0.01082660489798069, 0.049772627434862035, 0.03799506553432045, 0.024112470150803717, 0.0740106401044225, 0.018324241333141873, 0.01830734426696241, 0.016123736676272614, 0.012492674028776312, 0.34170882484556553, 0.014826252477310628, 0.010885663043603885, 0.011444755368307198, 0.012965971669074958, 0.019124964586788383]"
doc_00925,11581571,2017,2,1.0,unknown,2017,FUEL/PROPULSION SYSTEM,,low,0,"[2.37385918036401e-308, 1.0, 3.8955793200278873e-308, 3.5755005994641977e-308, 2.40276954653147e-308, 2.3702612786829445e-308, 1.329230985332421e-308, 3.264705767557867e-308, 1.489479001387888e-308, 5.495673461598917e-308, 2.1416141849291427e-308, 1.1943883983591036e-308, 1.3480531288368774e-308, 1.661380223191117e-308, 1.950646284347201e-308, 1.2364580229784335e-308, 6.589061738228133e-308, 1.1645261373526536e-308, 2.7059217124147725e-308]"
doc_00926,11579405,2017,3,1.0,TSI_unknown,2015,ENGINE,,high,1,"[6.632459431348904e-308, 3.9272718998827125e-308, 1.0, 3.4729475057803826e-308, 2.452788781652758e-308, 3.683459656539503e-308, 2.0028540181033874e-308, 3.1756132465283404e-308, 2.356715305974705e-308, 6.628342607785306e-308, 7.494069802964139e-308, 1.440668231125807e-308, 1.4962150036254594e-308, 2.68016925812206e-308, 5.724501041329125e-308, 1.3380872908017593e-308, 2.982787719977652e-308, 1.341123104358659e-308, 1.126256217748386e-307]"
doc_00927,11578065,2017,6,1.0,unknown,2017,SUSPENSION,,low,0,"[6.613647245616303e-308, 2.6497939090082475e-308, 4.599778352108956e-308, 1.8779362020795686e-308, 1.7091835155919927e-308, 1.0, 3.1250852702230904e-308, 6.051275286964314e-308, 3.9965323056100106e-308, 3.780162946583637e-308, 2.9710839225775993e-308, 1.913594554159061e-308, 1.7174439568649344e-308, 4.98379501959766e-308, 2.294691249148478e-308, 1.493788834989802e-308, 2.0442562924414213e-308, 1.655175411077931e-308, 3.423436187191606e-308]"
doc_00928,11564743,2017,2,1.0,2.0_TSI,2017,FUEL/PROPULSION SYSTEM,,low,0,"[2.2470463539498644e-308, 1.0, 3.588510592949781e-308, 3.391917596373853e-308, 2.193414833325061e-308, 2.248734021453548e-308, 1.288884998385654e-308, 3.105056503999426e-308, 1.440088357512384e-308, 4.51878885028236e-308, 2.0755626379628277e-308, 1.1400029386725986e-308, 1.270828801865418e-308, 1.5934750115880657e-308, 1.8979026404896326e-308, 1.1705746420541484e-308, 6.374624079110547e-308, 1.1092578847381283e-308, 2.563857296101999e-308]"
doc_00929,11558501,2017,4,0.050889045544792136,unknown,2017,FUEL/PROPULSION SYSTEM,,low,0,"[0.008339323421249446, 0.020310944142118374, 0.012680709495924399, 0.050889045544792136, 0.011671100437184298, 0.00727765060793196, 0.004601558820844629, 0.00809435696232561, 0.005084531695218629, 0.019973217300998356, 0.008899150027239646, 0.003587281849329774, 0.004165706074686555, 0.0056768613875843015, 0.008825027971514954, 0.003868560794855854, 0.04053893605345033, 0.003555536054050125, 0.011895144071075588]"
doc_00930,11552952,2017,2,0.22123501958316447,unknown,2017,"ENGINE,FUEL/PROPULSION SYSTEM",,low,0,"[0.021933031375570608, 0.22123501958316447, 0.03434824337864884, 0.04514032108613547, 0.023541835735086253, 0.02184008581597496, 0.012545787762971605, 0.027325250670860463, 0.013910439099203222, 0.049883421198602604, 0.02221941953828373, 0.010705957522094047, 0.012071887733086626, 0.015502038257389581, 0.02075450669876204, 0.011154303556016812, 0.13107867064539633, 0.010479335817101736, 0.02857135149729496]"
doc_00931,11548647,2017,2,1.0,2.0_TSI,2017,FUEL/PROPULSION SYSTEM,,high,0,"[2.3721043756150024e-308, 1.0, 3.857625339321744e-308, 3.711132307463236e-308, 2.4187895399724503e-308, 2.329496429622494e-308, 1.316379222337818e-308, 3.165518570834512e-308, 1.474850923874888e-308, 5.501568835064645e-308, 2.1545729082830954e-308, 1.18110001708635e-308, 1.3332847199255235e-308, 1.6436725942312503e-308, 1.9705573385572373e-308, 1.224309715000158e-308, 6.98243096939048e-308, 1.1522009170060806e-308, 2.726998583598112e-308]"
doc_00932,11547266,2017,17,1.0,unknown,2017,FUEL/PROPULSION SYSTEM,,low,0,"[1.995320783102893e-308, 6.51974525668729e-308, 3.056595930504844e-308, 7.663038066691545e-308, 2.6421270754068226e-308, 1.9582253102213327e-308, 1.2070980342632335e-308, 2.214173692311602e-308, 1.32811425442969e-308, 4.483113403308673e-308, 2.2864288161359634e-308, 1.1043162828762424e-308, 1.2515187810453325e-308, 1.4882481318245625e-308, 2.2187569175140617e-308, 1.161065033681266e-308, 1.0, 1.085781493675162e-308, 3.0721447537120755e-308]"
doc_00933,11546976,2017,14,1.0,unknown,2017,"AIR BAGS,VEHICLE SPEED CONTROL,FORWARD COLLISION AVOIDANCE",,medium,1,"[5.373486875244897e-308, 1.794608988148914e-308, 2.6858607343224854e-308, 1.579145744040324e-308, 1.536901231590658e-308, 5.088566235590951e-308, 4.527803714681687e-308, 2.874987333161664e-308, 7.638442155981468e-308, 2.4402978886123627e-308, 2.5633685005658496e-308, 2.2940131350286916e-308, 1.771232717274181e-308, 1.0, 2.0945129855317417e-308, 1.543861810688419e-308, 1.553859360219852e-308, 1.8399315002457127e-308, 2.6912387841474356e-308]"
doc_00934,11546483,2017,3,0.054333288157212827,unknown,2017,"UNKNOWN OR OTHER,ENGINE,FUEL/PROPULSION SYSTEM",,high,1,"[0.03253802678555982, 0.028594017506731118, 0.054333288157212827, 0.03978098432299787, 0.025529477897729923, 0.027720806503778308, 0.017559177575481377, 0.02288926971157469, 0.019306951269054923, 0.03874220164462737, 0.06832849402812831, 0.012902518846687878, 0.013711322736255565, 0.02369508900836687, 0.07386907450932186, 0.012469304170665626, 0.028754600869551, 0.012302438997903568, 0.11631308002087778]"
doc_00935,11542548,2017,2,1.0,unknown,2016,FUEL/PROPULSION SYSTEM,,high,1,"[2.213473940261908e-308, 1.0, 3.535379888015799e-308, 3.509976961596544e-308, 2.1743302932107244e-308, 2.218919124363097e-308, 1.27960899350682e-308, 3.0014109490008066e-308, 1.4267152472528127e-308, 4.4167475219890724e-308, 2.1020605997531364e-308, 1.1251890008588663e-308, 1.2510036155011373e-308, 1.5769789314597715e-308, 1.927370914850991e-308, 1.153597820910857e-308, 6.940362294538128e-308, 1.0946029191850523e-308, 2.599725299491692e-308]"
doc_00936,11536956,2017,9,0.14711995837427996,unknown,2017,SEAT BELTS,,low,0,"[0.034980757556384565, 0.01346670904720117, 0.018721352914546043, 0.01125333041789106, 0.011031006065394864, 0.03732244764605041, 0.08787605287868873, 0.022507190393601384, 0.14711995837427996, 0.017440747103387215, 0.016759222042759526, 0.021944040795303488, 0.014620367540139019, 0.061630522167218774, 0.014111394229617803, 0.012720529521862327, 0.011487480583193951, 0.016423567154064466, 0.017568917591857764]"
doc_00937,11537018,2017,2,1.0,2.0_TSI,2015,FUEL/PROPULSION SYSTEM,,low,0,"[2.2256626943579913e-308, 1.0, 3.533559476556827e-308, 3.512246078948327e-308, 2.24928037316148e-308, 2.233665460162892e-308, 1.2832614286652794e-308, 3.039350599771479e-308, 1.4315198976430304e-308, 4.641550123017689e-308, 2.0752599395455696e-308, 1.1428930589474354e-308, 1.2800869745537496e-308, 1.5876306518757577e-308, 1.9039713228415515e-308, 1.1796351818599924e-308, 6.879351709947724e-308, 1.114230793078284e-308, 2.583399653503529e-308]"
doc_00938,11535411,2017,17,1.0,unknown,2017,FUEL/PROPULSION SYSTEM,,low,0,"[1.9904484285065896e-308, 7.039288085110915e-308, 3.071561624523102e-308, 6.61233101917753e-308, 2.590730306287481e-308, 1.9917542227902314e-308, 1.2179257936750396e-308, 2.278926189683548e-308, 1.338172545752834e-308, 4.537217280284833e-308, 2.256817277086133e-308, 1.1132487256975655e-308, 1.2610615630296175e-308, 1.4971628783657297e-308, 2.1666314298062416e-308, 1.1688117911763073e-308, 1.0, 1.0940299196101196e-308, 3.014393585209552e-308]"
doc_00939,11534630,2017,2,1.0,unknown,2017,FUEL/PROPULSION SYSTEM,,low,0,"[2.2156672355950936e-308, 1.0, 3.5261232496076804e-308, 3.5867196548302744e-308, 2.2066308996163185e-308, 2.2086541804391274e-308, 1.276202673224767e-308, 2.9689530702507536e-308, 1.422452818054666e-308, 4.496678539510644e-308, 2.1046560528003216e-308, 1.1258783567733504e-308, 1.2550484027832916e-308, 1.5731194445714164e-308, 1.9337069265190785e-308, 1.157556925000427e-308, 7.203229453862509e-308, 1.096362184138713e-308, 2.6116968856019583e-308]"
doc_00940,11533709,2017,2,0.3035222660753557,unknown,2017,FUEL/PROPULSION SYSTEM,,low,0,"[0.027209649542787498, 0.3035222660753557, 0.04323749687912948, 0.052112808061714914, 0.02789693243615172, 0.026186234124363696, 0.01494609768728548, 0.03334082212528208, 0.01664853143310533, 0.062373457145941766, 0.02659022303411244, 0.012693824634560803, 0.014302156949777814, 0.018498841206140208, 0.02471893054401332, 0.013190182895178398, 0.12113321861188052, 0.012405276218804825, 0.03401560492075515]"
doc_00941,11531806,2017,19,1.0,unknown,2017,"SERVICE BRAKES,ENGINE,FUEL/PROPULSION SYSTEM",,low,0,"[3.908506017245183e-308, 3.6951838643334907e-308, 8.2924228785841035e-308, 4.0438752108153283e-308, 2.4114974365994564e-308, 3.4327137662283864e-308, 1.910249076662758e-308, 2.79659844877851e-308, 2.143527079534535e-308, 5.162922312389424e-308, 1.1603632326104157e-307, 1.372911662148074e-308, 1.42908457143839e-308, 2.5351986287128283e-308, 8.641894284357272e-308, 1.288982247809457e-308, 3.3651641636854033e-308, 1.292404147487393e-308, 1.0]"
doc_00942,11530737,2017,2,1.0,2.0_TSI,2016,FUEL/PROPULSION SYSTEM,,low,2,"[2.328904851241988e-308, 1.0, 3.748394220356378e-308, 3.661626915097647e-308, 2.392059736734617e-308, 2.298111832141721e-308, 1.3057108641078367e-308, 3.123796283184039e-308, 1.460853886754416e-308, 5.288725300919405e-308, 2.1227366405027497e-308, 1.173200982899275e-308, 1.324439807968092e-308, 1.6264833633434816e-308, 1.944649008887972e-308, 1.217427653308531e-308, 6.957213140241801e-308, 1.145187827546581e-308, 2.676823335258233e-308]"
doc_00943,11529296,2017,17,0.561988755710888,unknown,2017,FUEL/PROPULSION SYSTEM,,low,0,"[0.011023652983166222, 0.03422782627713948, 0.01665239779176964, 0.044490692928095835, 0.01481188602799046, 0.010738670742313019, 0.00667975885373789, 0.012112235427418933, 0.007345732790369496, 0.024173425215025558, 0.012634285430195877, 0.006128493650853882, 0.006951737259771051, 0.00822798186572287, 0.012339301409586672, 0.006459582800709959, 0.561988755710888, 0.006032181088640418, 0.01687248580439473]"
doc_00944,11527665,2017,18,1.0,unknown,2017,UNKNOWN OR OTHER,,low,0,"[1.769802021074017e-308, 1.175136736725146e-308, 1.36865222306471e-308, 1.0858721611648476e-308, 1.4102164251164483e-308, 1.6436729117429976e-308, 1.7817102718518386e-308, 1.424735652168535e-308, 1.826982358353355e-308, 1.456921016680375e-308, 1.2257573596375133e-308, 7.696120303804216e-308, 5.241303976974697e-308, 1.8166081038392954e-308, 1.120273281448426e-308, 4.2925155837301726e-308, 1.070827138308844e-308, 1.0, 1.3708882468227233e-308]"
doc_00945,11527425,2017,5,1.0,unknown,2017,ENGINE,,high,1,"[1.968445276519891e-308, 2.392613570781674e-308, 2.653589814380069e-308, 3.8925386409964974e-308, 1.0, 1.676244789220922e-308, 1.1911547481072896e-308, 1.6974583409199473e-308, 1.2969352147637094e-308, 3.976091975479492e-308, 1.8253432958900473e-308, 1.349938925530766e-308, 1.817163007597514e-308, 1.48569241688236e-308, 1.8128676768363686e-308, 1.7088414424176997e-308, 2.5263285252941696e-308, 1.40245819348769e-308, 2.314988228333612e-308]"
doc_00946,11526428,2017,17,0.6680288941580161,unknown,2017,FUEL/PROPULSION SYSTEM,,low,0,"[0.007946705686983992, 0.02528321925807123, 0.012244326245096556, 0.03234015641289772, 0.010514334910001286, 0.007773418648098287, 0.004783513651228094, 0.008725224656038137, 0.005268793268177058, 0.017910374081164138, 0.009207644787346564, 0.004367966774039282, 0.0049452912737821585, 0.0059146709190984435, 0.008950751250146806, 0.004585164295602002, 0.6680288941580161, 0.004291809421301745, 0.012476247897270575]"
doc_00947,11525140,2017,13,0.41846344282430875,unknown,2017,UNKNOWN OR OTHER,,low,0,"[0.01922964448060151, 0.013715362241312873, 0.016047209302365376, 0.012874699777562018, 0.01834877934848072, 0.017484746668543327, 0.016038587480572342, 0.015543873028868227, 0.01712255870978011, 0.018236003193265477, 0.013254009669449259, 0.0396445440871166, 0.41846344282430875, 0.018062765815579206, 0.012150106106264796, 0.10537261746590726, 0.012322241092169034, 0.05892356348648522, 0.015510583292999872]"
doc_00948,11523521,2017,13,0.4047793296205364,unknown,2017,UNKNOWN OR OTHER,,low,0,"[0.010148765355911278, 0.00775914969108084, 0.008864875607157973, 0.007446027730390375, 0.010760836115988099, 0.009325736676309034, 0.008617901491192416, 0.008477963859733893, 0.009109383971227104, 0.010149404673754863, 0.007366260170203712, 0.01969459866326447, 0.4047793296205364, 0.009579296757322062, 0.006836464687990241, 0.16960746040007385, 0.007046212952592759, 0.030433358003972896, 0.008552254776760335]"
doc_00949,11519371,2017,2,1.0,2.0_TSI,2015,FUEL/PROPULSION SYSTEM,,low,0,"[2.207810887383359e-308, 1.0, 3.5302218100115444e-308, 3.5541306145853056e-308, 2.1709849850271754e-308, 2.214168446418921e-308, 1.278326088931575e-308, 2.976026333352893e-308, 1.424613383179255e-308, 4.400268157906794e-308, 2.1149719659080814e-308, 1.121811492828173e-308, 1.2461631648758644e-308, 1.574436179859464e-308, 1.940465944327591e-308, 1.149370973094891e-308, 7.142319921857929e-308, 1.0911385372425155e-308, 2.617912915301956e-308]"
doc_00950,11516400,2017,13,1.0,2.0_TSI,2017,STRUCTURE,,medium,0,"[1.7990179448299396e-308, 1.3302393584869484e-308, 1.5361101109413893e-308, 1.2668860910078696e-308, 1.8010465097430565e-308, 1.643621706491492e-308, 1.542824366898055e-308, 1.4816267690505854e-308, 1.6330437622879243e-308, 1.7343119703210034e-308, 1.2811959986303407e-308, 3.8051341245244023e-308, 1.0, 1.710537273606019e-308, 1.1846699218550085e-308, 1.9308128981440283e-307, 1.2041154161962676e-308, 6.187487004331298e-308, 1.482616903718872e-308]"
doc_00951,11513185,2017,18,0.11459335123592455,unknown,2017,VISIBILITY,,low,0,"[0.006898494689247295, 0.00441616490331375, 0.005228582612087607, 0.004061414999016767, 0.005293129664984678, 0.006328199862923129, 0.006808453761641107, 0.005427729622089653, 0.007062666183736907, 0.005542631428992236, 0.0046401441191892285, 0.03612814902026476, 0.019857252879458376, 0.0070641806821719845, 0.004218146540959732, 0.015352557272244521, 0.00400268679166649, 0.11459335123592455, 0.005218597709521811]"
doc_00952,11512060,2017,17,1.0,unknown,2015,FUEL/PROPULSION SYSTEM,,low,0,"[2.006193980892798e-308, 6.541193979286427e-308, 3.0815551273173673e-308, 7.764034035757433e-308, 2.6398806949674396e-308, 1.9669088820250203e-308, 1.2103121930027617e-308, 2.221195687399947e-308, 1.33290215409347e-308, 4.502693094012751e-308, 2.3058938168418434e-308, 1.105421305952175e-308, 1.251253423737465e-308, 1.495120572432265e-308, 2.2383368847663756e-308, 1.160463397105826e-308, 1.0, 1.086195080352864e-308, 3.1075581466622315e-308]"
doc_00953,11510454,2017,11,0.04029563652392293,unknown,2017,ENGINE,,low,0,"[0.041569310548346415, 0.0912085475541724, 0.11423590468694836, 0.04182588552785448, 0.024236764958198626, 0.030533909606339907, 0.015665777139393437, 0.03482822197255301, 0.018039023830360556, 0.08199158590234502, 0.04029563652392293, 0.011374742068071103, 0.01241185865349061, 0.020075536706568073, 0.035094475715575696, 0.011230680439297272, 0.04514436818334798, 0.010874167536957389, 0.053257196321104795]"
doc_00954,11505083,2017,6,1.0,unknown,2012,SUSPENSION,,high,1,"[5.776138355263799e-308, 2.4096104488280747e-308, 3.8815699797755993e-308, 1.7402038648263504e-308, 1.597370717767649e-308, 1.0, 3.3719725068091477e-308, 5.687177705466531e-308, 4.441691698422864e-308, 3.2359281687801055e-308, 2.7282704185522605e-308, 1.9415377310160863e-308, 1.6791475337506437e-308, 5.743277888950878e-308, 2.143374499594019e-308, 1.46557159653046e-308, 1.8912595387844115e-308, 1.6545712197798307e-308, 3.019172756125762e-308]"
doc_00955,11504304,2017,14,1.0,unknown,2022,"ELECTRICAL SYSTEM,AIR BAGS,VEHICLE SPEED CONTROL",,low,0,"[5.333959894410156e-308, 1.7839947429257345e-308, 2.665823323971192e-308, 1.563884207056019e-308, 1.5196529788837395e-308, 5.149468771178583e-308, 4.660396007044774e-308, 2.880426070327746e-308, 8.071674362065011e-308, 2.4160041931699943e-308, 2.5373202288319624e-308, 2.2930908628176813e-308, 1.7597834489867954e-308, 1.0, 2.0756204618790785e-308, 1.5348816624148663e-308, 1.5426753908806646e-308, 1.8345765256592354e-308, 2.654219856532333e-308]"
doc_00956,11502182,2017,15,1.0,unknown,2021,"ELECTRICAL SYSTEM,ENGINE,FUEL/PROPULSION SYSTEM",,medium,1,"[3.032371517384376e-308, 2.391828631626981e-308, 4.933863292026826e-308, 2.9231216237400904e-308, 1.8696618601020146e-308, 2.285540844636097e-308, 1.6347267479526135e-308, 1.9088438110557244e-308, 1.778905260609922e-308, 2.8436475228668315e-308, 1.2825440768015928e-307, 1.1982367183591693e-308, 1.212234442824396e-308, 2.012731710137294e-308, 1.0, 1.1120010728434167e-308, 2.2902775709805087e-308, 1.1258028611468254e-308, 7.960909504478061e-308]"
doc_00957,11498054,2017,18,1.0,unknown,2017,UNKNOWN OR OTHER,,low,0,"[1.7924135851105465e-308, 1.1868797282890584e-308, 1.386174438207463e-308, 1.097389120858451e-308, 1.4301721170929235e-308, 1.659840879574437e-308, 1.7892395816780966e-308, 1.438029232006943e-308, 1.8400031888125997e-308, 1.476900822932466e-308, 1.2376050628413787e-308, 7.819290410676162e-308, 5.47544729439133e-308, 1.8351802237037684e-308, 1.1307002567659126e-308, 4.416530848321181e-308, 1.0807891525368906e-308, 1.0, 1.38671960648728e-308]"
doc_00958,11496908,2017,6,0.6817872333054914,unknown,2018,SUSPENSION,,low,0,"[0.02467134550172353, 0.010209966956379811, 0.01647441047977959, 0.0073626186275041845, 0.006752188401327341, 0.6817872333054914, 0.014390057396154734, 0.023965553038553366, 0.018868901779752006, 0.013729083307262758, 0.01158714805464064, 0.008209434309446453, 0.007101155289358847, 0.02377803857874923, 0.009086840231599736, 0.006197144741755111, 0.008005458314736171, 0.0069972482323346265, 0.012828748066422237]"
doc_00959,11496535,2017,1,1.0,unknown,2017,"POWER TRAIN,ELECTRICAL SYSTEM",,low,0,"[1.0, 2.728184627269195e-308, 7.23320501127406e-308, 2.1503868774199197e-308, 1.8613486046222767e-308, 4.160031599935817e-308, 2.4429801680576147e-308, 3.310932783080676e-308, 3.170685501696575e-308, 4.0360065274664113e-308, 4.2611207426974805e-308, 1.6129757208740934e-308, 1.5314915002277084e-308, 3.3849281185526653e-308, 3.2808009572089834e-308, 1.355700671274785e-308, 2.0405572551109537e-308, 1.4316743690894867e-308, 4.496561273501479e-308]"
doc_00960,11495771,2017,16,0.00545722865714918,unknown,2017,UNKNOWN OR OTHER,,low,0,"[0.007044181342158002, 0.004062243315618577, 0.004968677135409994, 0.003360178304141603, 0.0036962847365564094, 0.007815844518112972, 0.010274537029313172, 0.006184063555042083, 0.009728372673935535, 0.004928700181963056, 0.004260200698842843, 0.010376315905526085, 0.006246288561148911, 0.007731545915905768, 0.003730394719617225, 0.00545722865714918, 0.003530793352894279, 0.007874897612250378, 0.004592668907715677]"
doc_00961,11493720,2017,2,1.0,2.0_TSI,2017,"ENGINE,FUEL/PROPULSION SYSTEM",,high,1,"[2.3805251692777295e-308, 1.0, 3.889272660131255e-308, 3.519691036076268e-308, 2.4100226479261224e-308, 2.367335209615971e-308, 1.3287184149773205e-308, 3.281192565412067e-308, 1.489468207281759e-308, 5.500316121944065e-308, 2.1223747499111544e-308, 1.1978893075427347e-308, 1.354430263680894e-308, 1.660782064705534e-308, 1.933218912300568e-308, 1.2421160164268693e-308, 6.329522669878611e-308, 1.1685279805281246e-308, 2.675504347320377e-308]"
doc_00962,11493376,2017,5,0.42880052730152435,unknown,2017,ENGINE,,medium,0,"[0.02428420888154997, 0.028808424864059705, 0.03225820156753944, 0.04781285158952404, 0.42880052730152435, 0.020775461138992254, 0.015146616121955135, 0.020852133902638244, 0.01642237498889277, 0.04462488279363462, 0.02317203571817801, 0.017225804666375973, 0.023077962465822655, 0.01879200813590252, 0.023314330537022795, 0.021946312667803905, 0.03128535774441574, 0.01794672108224897, 0.028899965154943044]"
doc_00963,11492055,2017,17,1.0,unknown,2017,FUEL/PROPULSION SYSTEM,,low,0,"[1.993503340927611e-308, 6.989714004760658e-308, 3.0621471922367833e-308, 6.834575743265329e-308, 2.5813798736788797e-308, 1.9721812982669004e-308, 1.209661635746414e-308, 2.257972777371296e-308, 1.3312435793793106e-308, 4.47579052880876e-308, 2.255600741301872e-308, 1.104406181886507e-308, 1.249529766651067e-308, 1.490035368673632e-308, 2.174587009658938e-308, 1.158800635476729e-308, 1.0, 1.085014038530671e-308, 3.008459295053222e-308]"
doc_00964,11485522,2017,17,1.0,unknown,2017,FUEL/PROPULSION SYSTEM,,low,0,"[1.9922252721354585e-308, 6.665143438271165e-308, 3.061985678441441e-308, 7.291673821727248e-308, 2.6076695115686996e-308, 1.9702643672436983e-308, 1.2109399279972704e-308, 2.233587615098406e-308, 1.332104835968121e-308, 4.466647277147827e-308, 2.28506032857019e-308, 1.105527976275493e-308, 1.2508959169050534e-308, 1.492623326129545e-308, 2.2113000546069377e-308, 1.1601324650199056e-308, 1.0, 1.086260119146221e-308, 3.0677913139139783e-308]"
doc_00965,11485047,2017,17,0.3217226264346102,unknown,2015,FUEL/PROPULSION SYSTEM,,medium,0,"[0.01059432731350436, 0.032547945781991834, 0.01635470380112563, 0.04647486088196951, 0.014295914040955843, 0.010340087404712834, 0.006373730137885602, 0.011513509665095761, 0.007013303505159388, 0.024205606951448057, 0.012370505103616675, 0.005834018910227322, 0.006621608303617205, 0.007873139776381412, 0.012040738759945824, 0.006137973959917734, 0.3217226264346102, 0.0057371539983988645, 0.01685810886337704]"
doc_00966,11484804,2017,12,0.02254558614423568,unknown,2017,STRUCTURE,,low,0,"[0.05167048674527157, 0.01458266223659468, 0.02148694954015123, 0.012629055235667935, 0.01265428232318279, 0.03731088179927209, 0.04211295446774123, 0.023168927872139106, 0.06503251302404153, 0.020822232189099458, 0.018853781056027172, 0.02254558614423568, 0.016143570230177925, 0.07626573789546938, 0.015548524453656553, 0.013582461984822535, 0.012483698895307581, 0.017023379527409448, 0.021000153842374025]"
doc_00967,11484535,2017,17,0.29452751396743265,unknown,2017,"FUEL SYSTEM, GASOLINE",,low,0,"[0.011708126613120167, 0.034430572352257056, 0.01784175582906746, 0.05491103530950884, 0.015992473644417287, 0.011339851640239195, 0.007052122612032419, 0.012596729994282303, 0.007756406569835906, 0.026040015499558422, 0.013690440779108314, 0.006468277655797414, 0.007344935277705514, 0.008702775451655369, 0.013416315634030309, 0.006818854313726987, 0.29452751396743265, 0.006366611191314854, 0.01853743955954514]"
doc_00968,11483955,2017,9,0.07266924486686982,unknown,2017,ELECTRICAL SYSTEM,,low,0,"[0.05355824751771403, 0.013600620669553296, 0.020495964479942674, 0.011664088507359694, 0.01130235276230498, 0.03885798011345424, 0.04280839516624983, 0.0221902886422388, 0.07266924486686982, 0.01932317543128624, 0.01823203793521825, 0.01838145173278285, 0.013582594097385894, 0.08605216754591338, 0.014827498475873535, 0.011557264814197037, 0.011580937940318156, 0.01423210383850301, 0.0200014249254762]"
doc_00969,11480048,2017,2,0.18275065748669528,unknown,2017,FUEL/PROPULSION SYSTEM,,low,0,"[0.024929145148462502, 0.18275065748669528, 0.042115983714436776, 0.04736680624561316, 0.025654509663131004, 0.02388788964079261, 0.013130779261796484, 0.02981401019787788, 0.014717417116735701, 0.07253698551907468, 0.024198391714846074, 0.011178650708822476, 0.012668372802288205, 0.016529419994622287, 0.022220286066650073, 0.011598911643346655, 0.09430709737052109, 0.010905018857449598, 0.032333180060505055]"
doc_00970,11477257,2017,14,1.0,unknown,2017,AIR BAGS,,low,0,"[5.755038337386679e-308, 1.825700967281941e-308, 2.764031898435602e-308, 1.5590856857444745e-308, 1.5031644728963294e-308, 5.862154372634319e-308, 4.987890864848916e-308, 3.091478407219301e-308, 9.375354549573195e-308, 2.4677786711714257e-308, 2.523235666992642e-308, 2.265842077782101e-308, 1.7414381575791845e-308, 1.0, 2.0549184302971995e-308, 1.517929264012865e-308, 1.556046361853105e-308, 1.813085254163086e-308, 2.6347064847250723e-308]"
doc_00971,11476600,2017,2,1.0,unknown,2017,"FUEL SYSTEM, GASOLINE",,medium,0,"[2.65563786672247e-308, 1.0, 4.844013979923806e-308, 3.9872520856430467e-308, 2.3108397484757485e-308, 2.560243843546095e-308, 1.402286582038029e-308, 3.365407227117652e-308, 1.57987183210454e-308, 5.727313751041683e-308, 2.557321904604133e-308, 1.1834294615476393e-308, 1.3033051492023475e-308, 1.751142123638332e-308, 2.292070123589538e-308, 1.191830419720198e-308, 6.948748157142046e-308, 1.1421373499957215e-308, 3.252003355237111e-308]"
doc_00972,11475578,2017,17,1.0,unknown,2017,FUEL/PROPULSION SYSTEM,,low,0,"[1.983948861837727e-308, 6.824406310826851e-308, 3.038341240950621e-308, 6.851438501674404e-308, 2.612951210210071e-308, 1.9710209762492284e-308, 1.2100924445929594e-308, 2.2513913818877655e-308, 1.329914821580051e-308, 4.506957989655997e-308, 2.2443994537354187e-308, 1.1087732827808004e-308, 1.257679732363823e-308, 1.4884061838913215e-308, 2.1633586276333936e-308, 1.166438740334532e-308, 1.0, 1.090418076310221e-308, 2.997573124623149e-308]"
doc_00973,11475466,2017,2,1.0,2.0_TSI,2017,"POWER TRAIN,UNKNOWN OR OTHER,FUEL/PROPULSION SYSTEM",,low,0,"[2.178909385954691e-308, 1.0, 3.4389267899883935e-308, 3.457796455707614e-308, 2.1630347543807457e-308, 2.187689328562632e-308, 1.2684771317787713e-308, 2.9615682948696604e-308, 1.4128195979908486e-308, 4.3119194733678037e-308, 2.0641233697550554e-308, 1.1195955271577936e-308, 1.246440544423747e-308, 1.5609277480848354e-308, 1.896579536759161e-308, 1.150431350420886e-308, 6.804442141223072e-308, 1.090214649957265e-308, 2.5461168655634503e-308]"
doc_00974,11475400,2017,2,0.4533335288600939,2.0_TSI,2017,"ENGINE,FUEL/PROPULSION SYSTEM",,medium,0,"[0.026808486110640035, 0.4533335288600939, 0.04515552886977671, 0.03723537934956347, 0.023218098461557746, 0.027218971451490777, 0.014965873722407055, 0.03822559589568078, 0.016790938684136784, 0.0521531193497338, 0.024966506440718822, 0.012347980416833862, 0.013591256438264284, 0.018563985931445773, 0.022522285901431682, 0.012477585136934097, 0.06739905854544483, 0.011940834044574791, 0.030735142857447592]"
doc_00975,11474307,2017,2,1.0,2.0_TSI,2017,FUEL/PROPULSION SYSTEM,,low,0,"[2.1594925432931975e-308, 1.0, 3.3920027812416304e-308, 3.4152335054784814e-308, 2.140739535850022e-308, 2.1713786327970143e-308, 1.2628450544706215e-308, 2.941266805583014e-308, 1.4058267944273125e-308, 4.2160137152653134e-308, 2.048025189946286e-308, 1.1140675830705343e-308, 1.2392013778291784e-308, 1.551968879444642e-308, 1.882975222025059e-308, 1.1443414715648665e-308, 6.677161311022009e-308, 1.0848229616755555e-308, 2.5188189022865373e-308]"
doc_00976,11469482,2017,14,1.0,unknown,2017,AIR BAGS,,low,0,"[5.418221440657851e-308, 1.7953134735130755e-308, 2.6884890460350507e-308, 1.5828062800565467e-308, 1.542561729843284e-308, 5.034825946460249e-308, 4.518150976214503e-308, 2.8621220842034085e-308, 7.59708380572934e-308, 2.4462979027157083e-308, 2.573395274385826e-308, 2.3021222072164552e-308, 1.7780868646091115e-308, 1.0, 2.102000399669448e-308, 1.549101655191794e-308, 1.5549497090787885e-308, 1.845938461603121e-308, 2.7048057570842113e-308]"
doc_00977,11467619,2017,13,1.0,unknown,2021,"ELECTRICAL SYSTEM,AIR BAGS,BACK OVER PREVENTION",,low,1,"[1.8727979563126424e-308, 1.3837761090651783e-308, 1.6044362690846524e-308, 1.315781577121046e-308, 1.891957339277731e-308, 1.7035358102821837e-308, 1.5677771380733575e-308, 1.536530049252647e-308, 1.667665664349798e-308, 1.8278382833563784e-308, 1.322219088500461e-308, 3.716018664536457e-308, 1.0, 1.7563621305027013e-308, 1.220207917033441e-308, 1.5705829418894195e-307, 1.2476847867696696e-308, 5.615176838479584e-308, 1.5417980838881723e-308]"
doc_00978,11467645,2017,2,1.0,2.0_TSI,2015,FUEL/PROPULSION SYSTEM,,low,1,"[2.1580555386577654e-308, 1.0, 3.397380511630493e-308, 3.444274787205477e-308, 2.1406606704502333e-308, 2.1729677268476287e-308, 1.2636212235949443e-308, 2.9322181059507393e-308, 1.4062227451023656e-308, 4.219774097014935e-308, 2.058587953509139e-308, 1.113220815465341e-308, 1.237593637854604e-308, 1.552405203439592e-308, 1.8927772243457925e-308, 1.142861276222321e-308, 6.815770453048863e-308, 1.0838316012111967e-308, 2.5340940134034284e-308]"
doc_00979,11466014,2017,10,1.0,unknown,2017,ENGINE,,high,0,"[3.7824982828636464e-308, 6.886041788419185e-308, 6.136445723346349e-308, 4.906734228779701e-308, 4.2800883179044297e-308, 3.3899877122098615e-308, 1.7662631923120587e-308, 3.780807617567521e-308, 2.005587658359296e-308, 1.0, 3.1736613148261743e-308, 1.4948814659910493e-308, 1.78214685143382e-308, 2.318508809373331e-308, 2.8689077605448976e-308, 1.593406783512343e-308, 4.978767357448147e-308, 1.467379120632691e-308, 4.548968003472336e-308]"
doc_00980,11465326,2017,2,1.0,2.0_TSI,2015,FUEL/PROPULSION SYSTEM,,medium,0,"[2.167491950324911e-308, 1.0, 3.377178524205438e-308, 3.5006570084254074e-308, 2.230808421825669e-308, 2.1707000116412555e-308, 1.26160719833793e-308, 2.930235077518884e-308, 1.404409462407404e-308, 4.4418447823695037e-308, 2.032416767143957e-308, 1.1275186737697986e-308, 1.264583614063999e-308, 1.555546754580576e-308, 1.873646178010744e-308, 1.1675865262773017e-308, 6.924749595513977e-308, 1.1009105967265334e-308, 2.521342978881784e-308]"
doc_00981,11462854,2017,1,0.13291731165174994,unknown,2017,UNKNOWN OR OTHER,,low,0,"[0.13291731165174994, 0.029277731534663894, 0.07884553405570988, 0.024289467696826272, 0.020023318540703102, 0.05083139626428858, 0.029330899749251724, 0.034714821468832424, 0.036615149756470775, 0.044028636602996496, 0.06440222803231203, 0.017493946775494547, 0.016411720373139885, 0.04058564248271761, 0.04467610931126461, 0.014511053136476831, 0.022739048939184894, 0.015522939125067428, 0.0664899043239842]"
doc_00982,11460207,2017,14,0.2786052264299789,unknown,2017,AIR BAGS,,low,0,"[0.048706645206998446, 0.01414960122474592, 0.021790199835500464, 0.012465438462540834, 0.012315387946511342, 0.03904034488216469, 0.03456047797208679, 0.022408788864067317, 0.05760873718105856, 0.019822973170719474, 0.020275839208641205, 0.018407506944179888, 0.014318388682725164, 0.2786052264299789, 0.01642197872919247, 0.012373262643068716, 0.01218767996416291, 0.014725654870328777, 0.02178066694815206]"
doc_00983,11458954,2017,5,0.367433910929518,unknown,2017,ENGINE,,medium,0,"[0.02746424159847299, 0.03267538239533132, 0.036302988584965896, 0.05491750772142243, 0.367433910929518, 0.023528996735934792, 0.017258049288859857, 0.023627925080651698, 0.018679100843841865, 0.049430299941937574, 0.026421009445237773, 0.0195843399137435, 0.026143214443338184, 0.02133760380297644, 0.026684688042091308, 0.024956065631496382, 0.035821741657963806, 0.020413637903277312, 0.03276547736196301]"
doc_00984,11458345,2017,2,0.6641571693580941,unknown,2017,FUEL/PROPULSION SYSTEM,,low,1,"[0.016799900407628552, 0.6641571693580941, 0.029868286537247386, 0.028543641994016076, 0.015453378198355515, 0.016339917029881898, 0.00909648205744982, 0.020809870605511163, 0.01019834643739827, 0.03684918539282958, 0.016913721176044415, 0.0077106639109825355, 0.008514542709786944, 0.011314983316037221, 0.015320198034367988, 0.007805503984674205, 0.05512315913710849, 0.007459898574250134, 0.02172115113833554]"
doc_00985,11454485,2017,11,0.004270965572813724,2.0_TSI,2017,UNKNOWN OR OTHER,,low,0,"[0.007072833394817348, 0.004096874231206702, 0.0050081050530143435, 0.0033731710757720127, 0.003703021542662136, 0.007892282792646782, 0.010272715490491566, 0.006272523723837079, 0.009751168109888145, 0.004960060411765371, 0.004270965572813724, 0.010149455958644707, 0.006205355198637164, 0.007756411460773067, 0.0037389651842870252, 0.005427303245370182, 0.0035517823915277554, 0.007756661979470992, 0.004603760305675657]"
doc_00986,11453632,2017,5,0.29274257857319935,unknown,2017,ENGINE,,medium,1,"[0.025193657030697574, 0.033124809061642765, 0.03559801841243309, 0.06547194133524198, 0.29274257857319935, 0.021219879992337643, 0.014641481470309409, 0.021750175653514475, 0.015962433049957248, 0.055220369504110994, 0.024150764326179446, 0.01578617200467891, 0.02035213184622459, 0.018317278257848894, 0.024118208745327385, 0.01903971060849909, 0.03703823764721181, 0.016178761660878064, 0.03126089563240455]"
doc_00987,11453005,2017,1,0.15563416978616515,unknown,2017,"SERVICE BRAKES,FORWARD COLLISION AVOIDANCE",,low,0,"[0.15563416978616515, 0.02757243823515491, 0.05949394111308341, 0.023130138557982755, 0.020553710674154894, 0.057033306644945735, 0.03620132772651037, 0.03580791339858534, 0.04530713466111549, 0.042052044210207536, 0.05308842091132367, 0.02078740510408716, 0.01885886689204485, 0.0510345745763862, 0.03878613923048711, 0.016461206918255745, 0.02181392434607372, 0.018071238320901115, 0.05799958103132914]"
doc_00988,11449598,2017,5,1.0,unknown,2016,POWER TRAIN,,low,0,"[2.0066238160643913e-308, 2.450944008266192e-308, 2.722391799702581e-308, 3.950617136648969e-308, 1.0, 1.709995239047429e-308, 1.206421307891196e-308, 1.732351744222796e-308, 1.315000341693328e-308, 4.1746903930401615e-308, 1.85400906390351e-308, 1.3643000760402637e-308, 1.83565714518254e-308, 1.5079904835266335e-308, 1.8354765297108114e-308, 1.720349953226889e-308, 2.572829451264549e-308, 1.415664918875096e-308, 2.364462031651119e-308]"
doc_00989,11448469,2017,2,0.18720921826212442,unknown,2021,FUEL/PROPULSION SYSTEM,,low,0,"[0.02376436865487332, 0.18720921826212442, 0.03790665464770089, 0.046053377745304463, 0.024317889461180943, 0.022449839091168995, 0.012803790996705523, 0.028429776279293422, 0.01428183505749992, 0.055818587355083576, 0.02306822337186251, 0.010873622305145946, 0.01227096692445681, 0.015866777147701138, 0.021460341313102867, 0.01130858858616848, 0.10106751479987791, 0.010627172468203355, 0.0296387084082385]"
doc_00990,11446531,2017,2,0.6624156315371076,2.0_TSI,2015,FUEL/PROPULSION SYSTEM,,medium,0,"[0.016635130125862017, 0.6624156315371076, 0.026065785070886426, 0.027919004557434655, 0.017621509199335562, 0.01655025767426438, 0.009570611028627806, 0.022073707513348275, 0.010660524070988286, 0.03632631544660077, 0.015598906126769025, 0.008608423268694964, 0.009712555578029337, 0.01184865642416181, 0.014398444327329974, 0.008958133559491195, 0.05702209900510358, 0.008417459233075747, 0.01959684625288866]"
doc_00991,11446261,2017,5,0.37757895776065464,unknown,2017,ENGINE,,medium,0,"[0.02687663150555845, 0.032157652941966285, 0.03567096211939351, 0.05469499640801946, 0.37757895776065464, 0.022996462240361986, 0.016809152552204165, 0.023119183681718336, 0.018200667951285318, 0.048808468055849666, 0.025882174729969808, 0.019001923526430046, 0.025291731509616725, 0.02079933071206927, 0.026140766117559035, 0.024109803702083828, 0.03535423647195537, 0.019781780705071732, 0.03217129863125642]"
doc_00992,11442725,2017,14,1.0,unknown,2017,"STEERING,AIR BAGS",,low,0,"[5.248238150588822e-308, 1.770624236777912e-308, 2.6386295223518087e-308, 1.551913774835523e-308, 1.505964997024401e-308, 5.102398604628743e-308, 4.736855965386739e-308, 2.8579790781745047e-308, 8.311154794106279e-308, 2.388343766952774e-308, 2.5212998987548536e-308, 2.2860966108176036e-308, 1.7472901016674627e-308, 1.0, 2.0658141133699435e-308, 1.525504572053699e-308, 1.5314763231385624e-308, 1.826511985277677e-308, 2.6270612702838213e-308]"
doc_00993,11442323,2017,5,0.003698881198752447,unknown,2017,UNKNOWN OR OTHER,,low,0,"[0.007026842360725296, 0.0040535323466654736, 0.004955737922635851, 0.003358626856594269, 0.003698881198752447, 0.007778106972509542, 0.0102349793133139, 0.006153418817200369, 0.009686284475429168, 0.004920359684148922, 0.004256366397622517, 0.010484426337834557, 0.006277314140514271, 0.0077080148716159825, 0.0037280785059707736, 0.005482682914181882, 0.0035269154683128016, 0.007943368875145511, 0.004589479664128207]"
doc_00994,11441821,2017,2,0.8775994740579512,unknown,2021,FUEL/PROPULSION SYSTEM,,low,0,"[0.006007008299338075, 0.8775994740579512, 0.009353706456381346, 0.010220857643239425, 0.00625788467596771, 0.005997918680204863, 0.0035012666675671945, 0.007953454743782415, 0.0038926292412377246, 0.012391482511114283, 0.005745370678039923, 0.0031209460141353603, 0.0034985289726949284, 0.004311632244015005, 0.0053142817078381185, 0.003232628268587698, 0.021397101958007248, 0.0030481051915179935, 0.007155721988379291]"
doc_00995,11441191,2017,14,1.0,unknown,2017,AIR BAGS,,low,0,"[5.183668879871745e-308, 1.6924054869003727e-308, 2.503688318254235e-308, 1.5006475330085406e-308, 1.4635186137598675e-308, 4.533728344038299e-308, 5.68114767382837e-308, 2.6299349240751316e-308, 1.0831454717833346e-307, 2.2696548265136736e-308, 2.4946383299465636e-308, 2.3639387823243984e-308, 1.7468367713720233e-308, 1.0, 2.054494718182218e-308, 1.525839245402301e-308, 1.4688084200014724e-308, 1.859046119834067e-308, 2.567728258037385e-308]"
doc_00996,11441159,2017,8,0.006438226358842146,unknown,2017,UNKNOWN OR OTHER,,low,1,"[0.007204617278880388, 0.004130975973120225, 0.005077189593207346, 0.0033691206874529433, 0.0036787553479917775, 0.00812520384621664, 0.01044466691445824, 0.006438226358842146, 0.009976690182775607, 0.0050074420564430455, 0.004282955721184174, 0.009621172180234677, 0.006036437402204073, 0.00788847385825454, 0.003738629880907042, 0.0052762772047051645, 0.0035584359784891022, 0.0073882882281153155, 0.004619858429819319]"
doc_00997,11438570,2017,13,0.366696805201119,unknown,2017,VISIBILITY,,low,0,"[0.018299440445598097, 0.012974730738311614, 0.015183987380302078, 0.012165873767059033, 0.017234151484063216, 0.016653119594622724, 0.015411208481710466, 0.014780427267535833, 0.01643163322173038, 0.01717057944728919, 0.012599558420458956, 0.03928459388209227, 0.366696805201119, 0.017290870956506516, 0.011547641940379213, 0.1008004173480397, 0.011664983979061853, 0.06016957187386473, 0.01470322556498964]"
doc_00998,11437456,2017,11,0.004264019711193358,unknown,2017,STRUCTURE,,low,0,"[0.007055740359923326, 0.004077838253550743, 0.004985870313739586, 0.0033662823316549795, 0.0037008007903664725, 0.00784515133935884, 0.010256372957422691, 0.006221911503563263, 0.0097261450123, 0.004943429063550558, 0.004264019711193358, 0.01029096565616098, 0.006236029349040673, 0.007737398942478558, 0.003733434128783354, 0.005450228086756405, 0.0035404215001446065, 0.007834025617489417, 0.0045973522058239446]"
doc_00999,11436229,2017,2,1.0,unknown,2017,FUEL/PROPULSION SYSTEM,,high,0,"[2.254548674111083e-308, 1.0, 3.621375788589537e-308, 3.438547403177941e-308, 2.1930869692500977e-308, 2.2551576986858565e-308, 1.291557493507342e-308, 3.0979486097361614e-308, 1.4428280553819335e-308, 4.542010094093937e-308, 2.097793085787405e-308, 1.1387844305451346e-308, 1.2679669062256807e-308, 1.59595587130291e-308, 1.91744163912935e-308, 1.1677917851071657e-308, 6.54566209384826e-308, 1.107569084498625e-308, 2.594239429550535e-308]"
doc_01000,11434613,2017,2,0.4464983598211475,unknown,2017,FUEL/PROPULSION SYSTEM,,low,0,"[0.02980535734439106, 0.4464983598211475, 0.05107749571897443, 0.041467782093497094, 0.026409080384741428, 0.029974567456375886, 0.016685155875369118, 0.04208199910020139, 0.018750968406553988, 0.05782681693652187, 0.027673519928773364, 0.014345009335189155, 0.015763067198349256, 0.02071440370770727, 0.024884901575587856, 0.014456237249346514, 0.07364392881225411, 0.013855290000534029, 0.03408605905448476]"
doc_01001,11432701,2017,6,1.0,unknown,2020,"STEERING,SUSPENSION,WHEELS",,low,0,"[5.823765770693814e-308, 2.396185938892171e-308, 3.855815097638988e-308, 1.734315297113407e-308, 1.595474013937741e-308, 1.0, 3.4041582828029524e-308, 5.632815209938548e-308, 4.496606716490817e-308, 3.222524192543068e-308, 2.7198542262727906e-308, 1.952693164762713e-308, 1.68463767229519e-308, 5.817647238822696e-308, 2.137639593682905e-308, 1.4696844961980465e-308, 1.8823220632607693e-308, 1.66173447623591e-308, 3.009544098694179e-308]"
doc_01002,11432063,2017,5,0.607255686079722,unknown,2017,ENGINE,,high,1,"[0.017851226836770005, 0.02175714371370295, 0.024208479800784218, 0.03315630064810737, 0.607255686079722, 0.015375026163641874, 0.010781613317191735, 0.01553173953798289, 0.011761434023340062, 0.03850534607223125, 0.016364506940456658, 0.012284770266940586, 0.016702932021813534, 0.013498963278898424, 0.016084813475621365, 0.0155782984443565, 0.02242925771712794, 0.012770201770051667, 0.02097349854702766]"
doc_01003,11428661,2017,5,1.0,unknown,2016,ENGINE,,high,1,"[1.9649373317044924e-308, 2.363184609512151e-308, 2.651614617459405e-308, 3.812363919251257e-308, 1.0, 1.6774694887936915e-308, 1.1954945138850784e-308, 1.690561786887162e-308, 1.3009848058278267e-308, 3.9440780695859983e-308, 1.83119523129383e-308, 1.357807949761013e-308, 1.831365979767892e-308, 1.491052399287828e-308, 1.819305623204573e-308, 1.7219233964855656e-308, 2.4982988648701027e-308, 1.411644455052292e-308, 2.3222317465255193e-308]"
doc_01004,11428113,2017,13,0.4866152517294507,unknown,2017,VISIBILITY/WIPER,,low,0,"[0.010374118926658531, 0.007913986666992485, 0.009066911938549086, 0.007600296744111675, 0.01099649492952053, 0.009503235427085196, 0.008772657475148752, 0.008646948529602301, 0.009281204949535994, 0.010373002190043333, 0.007511613648351025, 0.020000544647033294, 0.4866152517294507, 0.009763050345222134, 0.006970242840785183, 0.16016690830327976, 0.0071796331148298274, 0.0305856813774176, 0.008727960643379015]"
doc_01005,11426634,2017,1,0.17323714770701962,unknown,2017,UNKNOWN OR OTHER,,medium,0,"[0.17323714770701962, 0.030147868166052392, 0.07719760355755287, 0.02521784247705867, 0.02296533821421611, 0.05758925631561804, 0.030383338686524555, 0.039360986196870715, 0.040628461912137315, 0.04899129892627332, 0.049116938215852765, 0.020787454565840715, 0.019574634942112763, 0.05292751067482077, 0.037651549170375026, 0.017042666236169273, 0.023566171112817516, 0.01820693818620569, 0.05753562380592027]"
doc_01006,11426639,2017,13,0.615093207437708,unknown,2017,"ELECTRICAL SYSTEM,STRUCTURE",,low,0,"[0.009813856511192435, 0.0071852703139686875, 0.008314018072463382, 0.006814937161087572, 0.00963818154581491, 0.008960525398650415, 0.008431057471691138, 0.008065363217091927, 0.008939829101639145, 0.009356876423020938, 0.006933996441930152, 0.021359448268311473, 0.615093207437708, 0.009356052395262361, 0.006401708103999772, 0.08947273976364685, 0.006491110957877131, 0.03509631439882891, 0.008018994657366342]"
doc_01007,11426388,2017,1,0.16460113735528878,unknown,2017,AIR BAGS,,medium,0,"[0.16460113735528878, 0.027838704050003264, 0.058473507001343544, 0.023607482422331353, 0.021623105139957858, 0.06276675045525429, 0.03634620311111972, 0.039133394880316696, 0.05066172717469773, 0.042318853789236714, 0.048589293662006525, 0.022643419186600473, 0.02018554464180969, 0.07387504406646338, 0.036781217413491, 0.017546020566975372, 0.022296446525052274, 0.019365314015594742, 0.053475463611895105]"
doc_01008,11425017,2017,13,1.0,unknown,2017,"UNKNOWN OR OTHER,VISIBILITY/WIPER",,low,0,"[1.8579550646483267e-308, 1.394187471080607e-308, 1.6104578327095643e-308, 1.3313828612986557e-308, 1.9354503096869735e-308, 1.6951613111293614e-308, 1.545864888682908e-308, 1.533133335661447e-308, 1.6436284776733445e-308, 1.849657383166186e-308, 1.325042102275909e-308, 3.530004733826804e-308, 1.0, 1.7372311739025015e-308, 1.2247915391995545e-308, 1.6689488156897903e-307, 1.2597940868639333e-308, 5.230620988150434e-308, 1.5490273268161904e-308]"
doc_01009,11407718,2017,16,0.3737128907112021,unknown,2021,"STRUCTURE,UNKNOWN OR OTHER",,low,0,"[0.008638609440275476, 0.0066970740137809156, 0.0076153633864378826, 0.0064685853470240985, 0.009325310870664587, 0.007950570885466718, 0.007408250678502474, 0.007268071452389303, 0.007805344037780974, 0.008686804523004275, 0.006353432021613493, 0.016482756720832718, 0.134434200251771, 0.008187308687529728, 0.005917780342087455, 0.3737128907112021, 0.006102872902144925, 0.025578180806995192, 0.007342199813639952]"
doc_01010,11406710,2017,5,0.3774708341866616,unknown,2017,ENGINE,,medium,0,"[0.026899744633880864, 0.03212251696654255, 0.03565701283890286, 0.054347130117059696, 0.3774708341866616, 0.023030581765381572, 0.016850351545091447, 0.023142805424323724, 0.018243166587353733, 0.048761438407154606, 0.025887236694685293, 0.019078304674836295, 0.025429270375747548, 0.020845495125257386, 0.026139148452644655, 0.024248649651570656, 0.0352611637764097, 0.019871251470889882, 0.03216007862863024]"
doc_01011,11405839,2017,13,0.3324310218863528,unknown,2017,VISIBILITY,,low,0,"[0.024836266574784202, 0.01748323726092029, 0.020614531234416245, 0.016337370198636268, 0.023374962501578594, 0.022461108775868696, 0.020267143262201085, 0.019882670498617264, 0.02174860776753306, 0.02353032691104703, 0.0168698785514469, 0.04843453117563171, 0.3324310218863528, 0.0230546132559851, 0.015412057425541298, 0.10923408332893435, 0.015642723007976887, 0.06685405089345257, 0.01987615356070759]"
doc_01012,11403092,2017,2,1.0,2.0_TSI,2015,FUEL/PROPULSION SYSTEM,,low,0,"[2.180706204965809e-308, 1.0, 3.4746627410058293e-308, 3.4873555725710474e-308, 2.1222962280744624e-308, 2.194409819042124e-308, 1.272241868047799e-308, 2.947741843344396e-308, 1.41657667257127e-308, 4.221899366885766e-308, 2.1037794675036297e-308, 1.11149856475144e-308, 1.230703384785299e-308, 1.56242819864837e-308, 1.930354330164852e-308, 1.135877961941813e-308, 6.936433515393303e-308, 1.080339311528374e-308, 2.588655024840321e-308]"
doc_01013,11397212,2017,16,0.6866660802125616,unknown,2017,STRUCTURE,,low,0,"[0.006703618647516781, 0.005257245244735048, 0.005958310311352987, 0.005100422692567685, 0.0073831429186174795, 0.006179823124906128, 0.005748914935678397, 0.005666324648156114, 0.006049753331497921, 0.006812545721260796, 0.004974169370385171, 0.01251022513853671, 0.08061989395457551, 0.006350577441842651, 0.004642301201469469, 0.6866660802125616, 0.004802211039980336, 0.019145333773954505, 0.005746098649488063]"
doc_01014,11396779,2017,1,0.1664161598781357,unknown,2017,"EXTERIOR LIGHTING,AIR BAGS",,medium,1,"[0.1664161598781357, 0.02896594688800722, 0.06583708201235296, 0.024412979991097945, 0.022411164158133448, 0.06086000740328146, 0.03416698706451298, 0.0394531232243867, 0.04662832453885934, 0.04536862592513498, 0.049230271764147994, 0.022215830594339733, 0.020273844306468208, 0.06306760959430538, 0.03742994868435313, 0.01761482244714338, 0.022934081657065227, 0.019182115787272858, 0.05565970315043977]"
doc_01015,11394610,2017,5,1.0,unknown,2017,ENGINE,,low,0,"[1.9695913477130305e-308, 2.361808412088947e-308, 2.646452966441899e-308, 3.5941396617638936e-308, 1.0, 1.708581551719316e-308, 1.215173433134277e-308, 1.713813312530051e-308, 1.322967139375982e-308, 4.0280995833685627e-308, 1.8311334918102356e-308, 1.3960843092583815e-308, 1.907597752508737e-308, 1.5191060973044656e-308, 1.808775600892685e-308, 1.788630038267355e-308, 2.462087128065544e-308, 1.4562303285614704e-308, 2.3294628557696214e-308]"
doc_01016,11394609,2017,6,0.07681389972093014,unknown,2017,SUSPENSION,,low,0,"[0.026244587847135785, 0.013507405998767931, 0.023192677563515996, 0.008618706754104028, 0.007824522814252421, 0.07681389972093014, 0.012393029450545115, 0.04919147675018352, 0.015956150505548994, 0.018114467992327896, 0.012284671095790895, 0.008259069470369779, 0.0076177486713286105, 0.019431416683791367, 0.00976714649770321, 0.006664534676490391, 0.009748840112008036, 0.007243448978101978, 0.014023506068174136]"
doc_01017,11377939,2017,13,0.1327099455867291,unknown,2017,VISIBILITY,,low,0,"[0.011287714708316151, 0.008042182343278857, 0.009485008625438135, 0.007535693916244742, 0.010921417559091092, 0.010197498574219028, 0.009045060939071247, 0.009048507766355608, 0.009724295235273713, 0.010942458286798268, 0.007698628908608885, 0.021282293636100232, 0.1327099455867291, 0.010364380476608478, 0.007036265022278343, 0.051418739747501434, 0.007191393036950139, 0.02830531871866218, 0.009124501620811078]"
doc_01018,11375741,2017,14,1.0,unknown,2017,"STEERING,AIR BAGS,SEAT BELTS",,low,0,"[5.387571150529275e-308, 1.80081110782292e-308, 2.698268172125658e-308, 1.5844052210727044e-308, 1.539921673477161e-308, 5.11930200455619e-308, 4.498278495880444e-308, 2.885499977603085e-308, 7.540822065215497e-308, 2.4495314390002673e-308, 2.575962045774905e-308, 2.283658596671808e-308, 1.768580281013875e-308, 1.0, 2.102772791645597e-308, 1.5417753566364143e-308, 1.5591495855585663e-308, 1.834739507646965e-308, 2.7047708799275297e-308]"
doc_01019,11352458,2017,16,1.0,unknown,2017,ELECTRICAL SYSTEM,,low,0,"[1.589289065114849e-308, 1.2637805665049544e-308, 1.4234535476762144e-308, 1.231346133525954e-308, 1.779733024956678e-308, 1.470881912783834e-308, 1.3731164977928443e-308, 1.354025602148227e-308, 1.441791107668098e-308, 1.6264389039509123e-308, 1.1932448069883684e-308, 2.937637347635812e-308, 1.4392882935626343e-307, 1.5120070733132273e-308, 1.1168079522709787e-308, 1.0, 1.158378699959846e-308, 4.466199665202827e-308, 1.373840669694365e-308]"
doc_01020,11344021,2017,2,0.21631324078033598,unknown,2017,FUEL/PROPULSION SYSTEM,,low,0,"[0.021682426790337755, 0.21631324078033598, 0.03961091313222261, 0.0394435658210791, 0.02037722352894561, 0.021738895658287172, 0.011682959051148276, 0.02668349120487745, 0.013095651533435206, 0.05585565682096638, 0.022601895353623627, 0.009630094052863114, 0.010704017679483348, 0.014695248776787751, 0.020386541591562803, 0.009780020900738122, 0.07901986379974622, 0.009324689359446012, 0.03043054440998583]"
doc_01021,11339536,2017,13,0.5960254449911202,unknown,2019,"ELECTRICAL SYSTEM,STRUCTURE,UNKNOWN OR OTHER",,medium,1,"[0.013283869518332084, 0.009646714521195894, 0.011225720452699206, 0.009116565456397826, 0.013031869718779173, 0.012091315791210887, 0.011148897312584198, 0.010823139984236807, 0.01186966804653137, 0.012758233694922575, 0.00928276834649147, 0.027222282412114412, 0.5960254449911202, 0.012500237144527793, 0.008541020340275828, 0.09186280459061176, 0.008688806399501018, 0.04159812537873281, 0.01083022579606949]"
doc_01022,11338528,2017,16,1.0,unknown,2017,"STRUCTURE,UNKNOWN OR OTHER",,low,0,"[1.5745514452128086e-308, 1.264950516522045e-308, 1.420533236392533e-308, 1.236867544975103e-308, 1.796676186847737e-308, 1.4585497673864345e-308, 1.3562589614416536e-308, 1.34651847008138e-308, 1.423099315913771e-308, 1.629032006017168e-308, 1.189698664972057e-308, 2.8369759741654336e-308, 1.2933254566797718e-307, 1.4936331710681455e-308, 1.115031809666098e-308, 1.0, 1.1613547303435183e-308, 4.2408003759610903e-308, 1.3708599962336766e-308]"
doc_01023,11331893,2017,2,1.0,unknown,2017,"FUEL SYSTEM, GASOLINE",,low,1,"[2.8415206086738804e-308, 1.0, 5.503482493430424e-308, 3.9180475622130114e-308, 2.363288079520563e-308, 2.704025348496537e-308, 1.448548508414872e-308, 3.574094519774504e-308, 1.639820777025275e-308, 6.401416276543881e-308, 2.6597257021787186e-308, 1.2178624890750713e-308, 1.340645805392877e-308, 1.8205369509757634e-308, 2.3561144096667275e-308, 1.2213328476546753e-308, 6.242908897496965e-308, 1.1727448180439813e-308, 3.4051135766691804e-308]"
doc_01024,11322047,2017,2,0.4255666752017299,unknown,2017,FUEL/PROPULSION SYSTEM,,low,0,"[0.025408550706308392, 0.4255666752017299, 0.04328545611425377, 0.04030544164565668, 0.02245007195837022, 0.024618845268615897, 0.013698915228464623, 0.03232182540181019, 0.015348101199806924, 0.052126444827873035, 0.024741083119663294, 0.011237035915878279, 0.012405168838535737, 0.016951642680822353, 0.022491786134007437, 0.01139566641333052, 0.07665291527072365, 0.010881153804288592, 0.031026822060179003]"
doc_01025,11318119,2017,10,1.0,unknown,2017,POWER TRAIN,,low,0,"[4.752957917329361e-308, 6.60213441916266e-308, 1.035434405846617e-307, 4.0916542944845337e-308, 3.3430418229560036e-308, 4.252752415135924e-308, 1.9941951407556563e-308, 4.562853395113232e-308, 2.308661475643494e-308, 1.0, 3.77590992855446e-308, 1.565082899155411e-308, 1.770821804097913e-308, 2.6694710909068354e-308, 3.2125539810962897e-308, 1.5644370128056326e-308, 4.2939503194475976e-308, 1.4996048583332924e-308, 5.570574060293263e-308]"
doc_01026,11317776,2017,6,0.3859007057565457,unknown,2017,SUSPENSION,,low,0,"[0.049801419928610036, 0.021703657564110163, 0.0333205044550974, 0.01609442501095982, 0.015012677999068424, 0.3859007057565457, 0.033052247448935604, 0.04940615335477173, 0.044798263353414865, 0.02845619148514138, 0.024620500061036034, 0.019336581047755753, 0.016313667939530388, 0.06582879199784136, 0.01971270258398965, 0.014257817306788918, 0.017348818553256026, 0.016299619982548662, 0.026833881462405]"
doc_01027,11317038,2017,14,0.3353459492008007,unknown,2017,"ELECTRICAL SYSTEM,AIR BAGS",,medium,0,"[0.046806525327307266, 0.01371277125484972, 0.02113443954080292, 0.012161460157741203, 0.0117646264183986, 0.03648716951876218, 0.038640879084176995, 0.021145287606672405, 0.06717964130744139, 0.0187771837075904, 0.020819695397163506, 0.01754476769389649, 0.01350846218125188, 0.3353459492008007, 0.0168656181170899, 0.01176729767842408, 0.011829576859611828, 0.014047687262852847, 0.021603979611393032]"
doc_01028,11316403,2017,6,0.06585509844916083,unknown,2017,UNKNOWN OR OTHER,,high,2,"[0.02921731494062975, 0.010454897724025943, 0.01625479918317574, 0.008179839540868027, 0.00775629399908447, 0.06585509844916083, 0.019236092053524414, 0.02094815309930763, 0.029138215026919632, 0.01403856325764687, 0.013082796504542383, 0.010608389543092298, 0.008663324434475175, 0.05962464538783324, 0.010462986019552502, 0.007550125563802567, 0.008525206155674854, 0.008783850966803706, 0.014022606537549663]"
doc_01029,11292290,2017,13,1.0,unknown,2017,"ELECTRICAL SYSTEM,UNKNOWN OR OTHER,VISIBILITY/WIPER",,medium,1,"[1.9054648239473783e-308, 1.4045722670140575e-308, 1.630764736068395e-308, 1.3336892253747533e-308, 1.9252379429372317e-308, 1.7333859298444015e-308, 1.5842255869679047e-308, 1.559437138134326e-308, 1.6869298248969153e-308, 1.8655282384207253e-308, 1.34165335469264e-308, 3.710024842371054e-308, 1.0, 1.780913697925035e-308, 1.2366536929788246e-308, 1.4184026626595992e-307, 1.2657965676235935e-308, 5.506917877742433e-308, 1.569239763222121e-308]"
doc_01030,11291139,2017,16,1.0,unknown,2017,"ELECTRICAL SYSTEM,AIR BAGS",,low,0,"[1.631587161054848e-308, 1.2804661920427123e-308, 1.448872389200646e-308, 1.241673002556892e-308, 1.790748059518703e-308, 1.5060340533493515e-308, 1.4058526928574587e-308, 1.3815560547326084e-308, 1.4784373434207385e-308, 1.6533959175434583e-308, 1.212056039641696e-308, 3.07469128719723e-308, 1.870534420519821e-307, 1.549955856565357e-308, 1.1316028727135553e-308, 1.0, 1.1700080212231457e-308, 4.739999308521333e-308, 1.397685954197024e-308]"
doc_01031,11290702,2017,5,1.0,unknown,2019,ENGINE,,high,0,"[1.954349310116501e-308, 2.3595409142671254e-308, 2.6335469272013265e-308, 3.8399891287139564e-308, 1.0, 1.666696506853806e-308, 1.188561031957367e-308, 1.6826700101825677e-308, 1.29339292161385e-308, 3.900370917696868e-308, 1.822187136288982e-308, 1.3483680155639996e-308, 1.8152462422739773e-308, 1.4821046607690627e-308, 1.812532448555216e-308, 1.7086944349585034e-308, 2.501689991657813e-308, 1.401487100901692e-308, 2.307953969079424e-308]"
doc_01032,11287740,2017,18,1.0,unknown,2017,STRUCTURE,,low,0,"[1.804092474314017e-308, 1.1974223525100686e-308, 1.401831277743659e-308, 1.109970449772733e-308, 1.4552330002544475e-308, 1.6647951983292007e-308, 1.776706696523675e-308, 1.444212806012941e-308, 1.833499428688793e-308, 1.4967819720276983e-308, 1.2453450009272607e-308, 7.525598990920695e-308, 5.907453707655425e-308, 1.8381777516345866e-308, 1.138454505029394e-308, 4.675281777837909e-308, 1.089892617530093e-308, 1.0, 1.3986428340959807e-308]"
doc_01033,11282273,2017,11,0.10298573284272317,unknown,2017,POWER TRAIN,,high,1,"[0.05793357128659336, 0.03161408451026284, 0.12097140772045743, 0.025537966492283626, 0.017567271941160565, 0.03691269897917229, 0.019386603287107153, 0.028875592853757234, 0.02286442696037538, 0.044252908378655066, 0.10298573284272317, 0.012149034145019687, 0.012030576183168266, 0.02537727256945674, 0.055002771065522954, 0.01078546524327124, 0.023874469297419095, 0.011141677658719599, 0.09372959159324414]"
doc_01034,11279870,2017,13,0.32415940992195724,unknown,2017,VISIBILITY,,low,0,"[0.02533431855221348, 0.01778320058979252, 0.020982066144222215, 0.01660249503165952, 0.023724898032344722, 0.02290623998241289, 0.02067524159273933, 0.020259257502766033, 0.0221910516256972, 0.02393366923330434, 0.017174599377773245, 0.049577231911299084, 0.32415940992195724, 0.02351899791064103, 0.015683347061523977, 0.10943120848233637, 0.015906327777616087, 0.0682659985969585, 0.020235778744374204]"
doc_01035,11257402,2017,16,1.0,unknown,2017,STRUCTURE,,low,0,"[1.5824700519007155e-308, 1.272613201964002e-308, 1.4300985824896985e-308, 1.245160621926533e-308, 1.8138635628736557e-308, 1.4645028831303385e-308, 1.358090789781074e-308, 1.353034231791557e-308, 1.4260592038750614e-308, 1.6422678042547514e-308, 1.195098342492773e-308, 2.8279216666599973e-308, 1.3267323387503965e-307, 1.49802288336228e-308, 1.1200604592507536e-308, 1.0, 1.167927298240148e-308, 4.1996264592488474e-308, 1.378603750121289e-308]"
doc_01036,11234807,2017,13,0.29180542843848395,unknown,2017,"POWER TRAIN,ENGINE",,low,0,"[0.02546472235275893, 0.017841672374052518, 0.021091634138021394, 0.016648729554746177, 0.023837785281086325, 0.02299316084978958, 0.02065178737208806, 0.020319074030438918, 0.022194196272040636, 0.024099020707611607, 0.017219910325843753, 0.04887833590795351, 0.29180542843848395, 0.023562608003961306, 0.01571476311757867, 0.10527698381596606, 0.015946047358426762, 0.06613211327432524, 0.02032787891107106]"
doc_01037,11231067,2017,13,1.0,unknown,2017,STRUCTURE,,low,1,"[1.791214443212034e-308, 1.337045325796865e-308, 1.54098875285753e-308, 1.276359889429021e-308, 1.8250791970894128e-308, 1.637227091792132e-308, 1.5269534179898215e-308, 1.480097878040946e-308, 1.6175041552171996e-308, 1.7468079670239983e-308, 1.2809510994375355e-308, 3.6724336847506877e-308, 1.0, 1.697597469909024e-308, 1.185677876593845e-308, 2.1389361219661798e-307, 1.2104468618443646e-308, 5.820574997379456e-308, 1.4845017655520087e-308]"
doc_01038,11230797,2017,13,0.2495272386003313,unknown,2017,"STRUCTURE,UNKNOWN OR OTHER",,low,1,"[0.006242915778894318, 0.004580553254350717, 0.005349813781503484, 0.004347147207530327, 0.0063146007741387775, 0.005651461258798578, 0.005107896835015238, 0.005085017201323863, 0.005460453859169488, 0.006139968816071307, 0.004364872245034253, 0.01220086603556013, 0.2495272386003313, 0.0057886509042699595, 0.004017843151232847, 0.04343410729512224, 0.0041169879346134065, 0.017325662836895992, 0.005128433332587222]"
doc_01039,11229526,2017,13,0.3563120849770828,unknown,2017,VISIBILITY,,low,0,"[0.02307092402504452, 0.016252879161654344, 0.019129068875224628, 0.015203394559858065, 0.021668349909004774, 0.020889219461067175, 0.019022282301393915, 0.018507171882561964, 0.020373001918063387, 0.021748359441406254, 0.015721872765665022, 0.04656018012762957, 0.3563120849770828, 0.02153710437131693, 0.01437682950011849, 0.10866955913836582, 0.014560938683104459, 0.06627995044864834, 0.01846216652442152]"
doc_01040,11222846,2017,16,1.0,unknown,2017,"AIR BAGS,ELECTRONIC STABILITY CONTROL (ESC),VISIBILITY/WIPER",,medium,0,"[1.607583714636308e-308, 1.2705814108057915e-308, 1.4351072591666966e-308, 1.2362904896562713e-308, 1.78576990760409e-308, 1.48492430946352e-308, 1.386822715624348e-308, 1.3649148793468127e-308, 1.4569411993922004e-308, 1.6381378591135843e-308, 1.201697920734813e-308, 2.9928451478478987e-308, 1.5943437777810676e-307, 1.5276466477762664e-308, 1.123641744379193e-308, 1.0, 1.163208942270902e-308, 4.573106756866066e-308, 1.384525624938583e-308]"
doc_01041,11219516,2017,13,1.0,unknown,2019,"STRUCTURE,UNKNOWN OR OTHER,VISIBILITY/WIPER",,low,0,"[1.8054084154175074e-308, 1.3471821315499676e-308, 1.5551219062356614e-308, 1.2866712870955624e-308, 1.8449708853188164e-308, 1.6474369498177895e-308, 1.531210104949832e-308, 1.489788181174964e-308, 1.623300735406805e-308, 1.7653264489431767e-308, 1.2894170435796485e-308, 3.6510674081161597e-308, 1.0, 1.7055721797880356e-308, 1.1932241188193743e-308, 2.0477938994762735e-307, 1.2189221625282895e-308, 5.701148375589727e-308, 1.4966101690046113e-308]"
doc_01042,11210177,2017,1,0.14606195047304357,unknown,2017,"STEERING,VEHICLE SPEED CONTROL,SERVICE BRAKES",,low,0,"[0.14606195047304357, 0.027845505283245222, 0.05893515398097627, 0.02348003262634827, 0.020835451030641997, 0.057265664018723295, 0.03778749773710422, 0.03587972093307986, 0.04612981860109645, 0.042094600736618776, 0.05455629865446718, 0.021303543613776194, 0.01928001598444782, 0.05156976046067365, 0.039803405577287364, 0.016837028975972584, 0.022148367452984843, 0.01853501598775605, 0.059338650210550827]"
doc_01043,11209670,2017,9,0.2672422496815872,unknown,2019,"ELECTRICAL SYSTEM,SEAT BELTS,SEATS",,high,2,"[0.04035919616493382, 0.015586910379118716, 0.021954105707722108, 0.013664349229638504, 0.01328900152095243, 0.03877127018253342, 0.0926044368303431, 0.024258123905561306, 0.2672422496815872, 0.01999475396523797, 0.021882688874494925, 0.02374224180600617, 0.016555691991937512, 0.12563083818917734, 0.018564488048372237, 0.014635161523780084, 0.013542588961562685, 0.01830732981907932, 0.02194673724983298]"
doc_01044,11197072,2017,18,1.0,unknown,2017,UNKNOWN OR OTHER,,low,0,"[1.7776644277028836e-308, 1.176568153148637e-308, 1.3707146149742826e-308, 1.0857709535187064e-308, 1.407668858167433e-308, 1.650614959384005e-308, 1.793124343363389e-308, 1.429820299560246e-308, 1.8382226948971474e-308, 1.457801849651519e-308, 1.2276357113302045e-308, 7.903049343258234e-308, 5.178905759725109e-308, 1.824536140113921e-308, 1.121315421376178e-308, 4.236868884838303e-308, 1.0713891167363317e-308, 1.0, 1.3726384242611417e-308]"
doc_01045,11186850,2017,13,1.0,unknown,2017,"ELECTRICAL SYSTEM,AIR BAGS,VISIBILITY/WIPER",,low,0,"[1.8088651902437653e-308, 1.3493586934966947e-308, 1.5558977461698784e-308, 1.28733636553631e-308, 1.8454445800534226e-308, 1.6529766205797217e-308, 1.5355804080632054e-308, 1.4929030006974816e-308, 1.6271225285650287e-308, 1.7683678067341987e-308, 1.2917328497832007e-308, 3.6638081794179783e-308, 1.0, 1.709313628611439e-308, 1.194906138294337e-308, 2.0140349629764984e-307, 1.2211575514161046e-308, 5.749639225093869e-308, 1.4997777556711494e-308]"
doc_01046,11184512,2017,16,0.6883821275785325,unknown,2017,STRUCTURE,,low,0,"[0.008107920255092556, 0.006325242325823768, 0.007154071053673809, 0.006111454657733985, 0.00876277515410772, 0.007488447453086912, 0.007017864766340262, 0.0068568382912215665, 0.007373571923225898, 0.008148715458081652, 0.00599771911918361, 0.015582390391264989, 0.099977730149233, 0.007711184196688557, 0.005593209721810231, 0.6883821275785325, 0.005773955856105781, 0.02446454771177403, 0.006910332415267677]"
doc_01047,11181731,2017,16,0.7690302273317201,unknown,2017,"STRUCTURE,UNKNOWN OR OTHER,VISIBILITY/WIPER",,low,0,"[0.005897373317781464, 0.00471316443961972, 0.005291034231433597, 0.004590894335620874, 0.006628711744857336, 0.005468779841759981, 0.005102417985736433, 0.005044389420860738, 0.0053567110899757206, 0.006050874563805543, 0.004436890438912645, 0.01086018558214906, 0.050448451512489105, 0.005614673672779139, 0.004154783691776605, 0.7690302273317201, 0.004320576112327906, 0.016456040577974392, 0.005105021766717338]"
doc_01048,11180563,2017,2,1.0,2.0_TSI,2017,FUEL/PROPULSION SYSTEM,,low,0,"[2.1703388781413605e-308, 1.0, 3.386886318229111e-308, 3.694345068987815e-308, 2.2579031652063166e-308, 2.158862114515727e-308, 1.257951421572406e-308, 2.8635631982618317e-308, 1.399686684413726e-308, 4.511147456678791e-308, 2.0701612415837227e-308, 1.121352659950933e-308, 1.257477292642827e-308, 1.5512420551517934e-308, 1.9144792985575026e-308, 1.161506163192796e-308, 7.714079199338906e-308, 1.095059524245247e-308, 2.5827097464615667e-308]"
doc_01049,11180256,2017,2,0.08387256895737372,unknown,2017,"STEERING,ELECTRICAL SYSTEM",,low,0,"[0.028330179426306216, 0.08387256895737372, 0.07279328184380333, 0.022478795918834945, 0.01677334588574352, 0.029167623650311166, 0.013291622958612689, 0.04855258258553435, 0.015538468249054855, 0.07157297464004289, 0.02165416817413092, 0.010385149076494399, 0.011092650382467794, 0.017419777374484476, 0.01818026521496693, 0.009952681642523772, 0.02952487472182825, 0.00980227473956234, 0.026399953594036147]"
doc_01050,11175989,2017,16,1.0,unknown,2017,"ELECTRICAL SYSTEM,AIR BAGS,UNKNOWN OR OTHER",,low,0,"[1.5647578201930845e-308, 1.263106698198257e-308, 1.416399802387335e-308, 1.2369189801665165e-308, 1.7998473319198557e-308, 1.450461068057628e-308, 1.34675772241977e-308, 1.341212822347859e-308, 1.4132883111456264e-308, 1.6259639401940734e-308, 1.1856877229618016e-308, 2.7945943242844055e-308, 1.2277219847030416e-307, 1.4841675409762087e-308, 1.1121033349278e-308, 1.0, 1.1604325842713774e-308, 4.146891270179761e-308, 1.366139285269429e-308]"
doc_01051,11173521,2017,16,1.0,unknown,2017,"STRUCTURE,VISIBILITY/WIPER",,low,0,"[1.600575242428962e-308, 1.2652119233949404e-308, 1.426012062657283e-308, 1.228512052860573e-308, 1.7687357139824374e-308, 1.481310561919709e-308, 1.3852782601713346e-308, 1.3619199684609505e-308, 1.4553485924743077e-308, 1.626808816622367e-308, 1.195578441524493e-308, 3.0080809356515176e-308, 1.5784806519613853e-307, 1.5246203165780066e-308, 1.1177008609196977e-308, 1.0, 1.15772393690209e-308, 4.627230892443185e-308, 1.3760853612904885e-308]"
doc_01052,11156600,2017,6,1.0,unknown,2017,SUSPENSION,,medium,1,"[6.398610686375852e-308, 2.6082010749321423e-308, 4.471948869863653e-308, 1.85891199359947e-308, 1.6849208854609984e-308, 1.0, 3.158532221085179e-308, 5.953076442820254e-308, 4.0562247816212207e-308, 3.660320359820753e-308, 2.9647049625002854e-308, 1.900860985425365e-308, 1.6957136630099725e-308, 5.1063866043475335e-308, 2.2892881107615495e-308, 1.477481795541337e-308, 2.022795632948386e-308, 1.6413543950722286e-308, 3.375976508400743e-308]"
doc_01053,11155541,2017,1,0.0890248384944936,unknown,2017,UNKNOWN OR OTHER,,low,0,"[0.0890248384944936, 0.027445854388845742, 0.07714353521665566, 0.024531678900026343, 0.022627164030325154, 0.04414830734034888, 0.024101846492830446, 0.03206141001698626, 0.03060931129257315, 0.04694544116132711, 0.045214613697685375, 0.018037777097100766, 0.017727837872079277, 0.04100556428067892, 0.03573107152451124, 0.01545734968243594, 0.022098015160365404, 0.01611286104659095, 0.05716416394141571]"
doc_01054,11154690,2017,11,0.10066659385351362,unknown,2018,POWER TRAIN,,low,0,"[0.053995637299725535, 0.03374450671362752, 0.12025828958271569, 0.02672623046497713, 0.017659920402170123, 0.036665495918711155, 0.018985891495219603, 0.02939153165136947, 0.022147555939678893, 0.04657582654769245, 0.10066659385351362, 0.011605421502015217, 0.011591839610540769, 0.024485170989932477, 0.05510621412490581, 0.010404081449956566, 0.02515171593443567, 0.010693862823034408, 0.09780545225874412]"
doc_01055,11140311,2017,18,0.3599986853172413,unknown,2018,UNKNOWN OR OTHER,,low,0,"[0.009256976324102419, 0.006119330557293685, 0.007208163609829602, 0.005680645037479875, 0.00751281386367143, 0.008490172128046107, 0.008912262413760037, 0.007363673307058321, 0.009268269732263865, 0.007715191719358004, 0.006344033123190731, 0.03708446443651651, 0.03318054441012256, 0.009381661722913836, 0.0057964095341224596, 0.025046350392718436, 0.005557534470673971, 0.3599986853172413, 0.007157024056278505]"
doc_01056,11139439,2017,13,0.3905699394237544,unknown,2017,STRUCTURE,,low,0,"[0.021134256553422322, 0.015027670897578352, 0.017628597735234997, 0.014085692342807571, 0.020134675992137956, 0.01917740195385092, 0.01744703600079729, 0.01703232433865992, 0.018669578417666775, 0.020090752440956233, 0.014492216969003036, 0.042330099654670904, 0.3905699394237544, 0.01974191292267968, 0.013269531659729132, 0.10621370569327941, 0.013477223511669278, 0.06081008070847371, 0.017012640855260098]"
doc_01057,11138732,2017,18,0.37323758651947236,unknown,2017,VISIBILITY,,low,0,"[0.009279044274581347, 0.006144370138894673, 0.007233303796179077, 0.0057072462393044894, 0.007552936493696403, 0.008514071679263146, 0.00893458007089306, 0.007382969558970444, 0.009281799101994549, 0.007748763361376505, 0.006370966134659752, 0.03670527883704303, 0.03352869227975307, 0.00939515676574336, 0.005822160018976463, 0.0253326947617755, 0.005583473228788492, 0.37323758651947236, 0.0071887156242864]"
doc_01058,11132017,2017,6,0.19726647040165013,unknown,2017,WHEELS,,low,0,"[0.058279635319452336, 0.02362543819620381, 0.03832390157684195, 0.01732735301288891, 0.015750913686875187, 0.19726647040165013, 0.03266482366140873, 0.046146289637915984, 0.03919457958190641, 0.032862633545626484, 0.028432640969624043, 0.018505802865942562, 0.016317953015989005, 0.04318690190093796, 0.021849076798082664, 0.014212158591997875, 0.01875033848552815, 0.0159361549874127, 0.032255587756620095]"
doc_01059,11124316,2017,3,0.2145357269536494,unknown,2017,FORWARD COLLISION AVOIDANCE,,low,0,"[0.07386855876533976, 0.038350348545434426, 0.2145357269536494, 0.025219965994734122, 0.01932276431462771, 0.04733923803103568, 0.020009300573977085, 0.04108210576715159, 0.024597848800346284, 0.06825055682197942, 0.04887576093690733, 0.013454941363560062, 0.013576529684963265, 0.027814121231759192, 0.035766579442938366, 0.012019892638685862, 0.02533987516557707, 0.012312616870403014, 0.06297978914029184]"
doc_01060,11122026,2017,18,1.0,2.0_TSI,2017,UNKNOWN OR OTHER,,low,0,"[1.8272692511576067e-308, 1.2076906229969187e-308, 1.418512583319434e-308, 1.1199277562090853e-308, 1.471991288486564e-308, 1.6815586910868174e-308, 1.787400779837378e-308, 1.457049852258445e-308, 1.8494474648058817e-308, 1.5144890253073376e-308, 1.256798964510031e-308, 7.657642889962628e-308, 6.094742588771437e-308, 1.860141029345837e-308, 1.148386255275621e-308, 4.749853992144573e-308, 1.0984346324585274e-308, 1.0, 1.413532746205142e-308]"
doc_01061,11121660,2017,3,1.0,unknown,2017,"POWER TRAIN,FUEL/PROPULSION SYSTEM",,high,1,"[7.006297742923632e-308, 3.8943843264021826e-308, 1.0, 3.359871473908328e-308, 2.3937767676220446e-308, 3.733467711633273e-308, 2.0272027603022653e-308, 3.208960533308302e-308, 2.391519823913532e-308, 6.476328054829975e-308, 7.573464220859571e-308, 1.4421504249813136e-308, 1.489784260119892e-308, 2.700580420301827e-308, 5.625493085823774e-308, 1.331988356452888e-308, 2.9264317194288996e-308, 1.3394256786423967e-308, 1.0793986079745438e-307]"
doc_01062,11121667,2017,3,1.0,unknown,2017,"POWER TRAIN,FUEL/PROPULSION SYSTEM",,high,2,"[6.984042846099443e-308, 3.9562129349359983e-308, 1.0, 3.353668939358309e-308, 2.368353052886668e-308, 3.758864239439259e-308, 2.027898340614817e-308, 3.241265808647432e-308, 2.391391556982348e-308, 6.496959021568104e-308, 7.680234959071926e-308, 1.4341977759180383e-308, 1.4796054890522993e-308, 2.686073016692954e-308, 5.610644888750714e-308, 1.3234484957676085e-308, 2.9475342254577153e-308, 1.3319500050590535e-308, 1.0741467002236132e-307]"
doc_01063,11115725,2017,13,1.0,unknown,2017,VISIBILITY/WIPER,,low,0,"[1.809454259102131e-308, 1.347380995244049e-308, 1.5543698376530317e-308, 1.2846324412300945e-308, 1.8390019775694264e-308, 1.653245449440033e-308, 1.537432600135079e-308, 1.4929966525154415e-308, 1.6299700484463594e-308, 1.764372650338309e-308, 1.2904161208014894e-308, 3.6934406750606297e-308, 1.0, 1.712111652180928e-308, 1.193521229982143e-308, 1.98085708137823e-307, 1.21888041855259e-308, 5.812472842839553e-308, 1.4974756393928566e-308]"
doc_01064,11115079,2017,6,0.3566104324480875,unknown,2017,SUSPENSION,,medium,1,"[0.05212924221467275, 0.02298236366633107, 0.03516432491623038, 0.017073413807514138, 0.015931476627596735, 0.3566104324480875, 0.03479631834030237, 0.05208651321969839, 0.04713715359768145, 0.03007088127339522, 0.026046288004494086, 0.020509648980157336, 0.017305270559755635, 0.07017787570583285, 0.0208860606435019, 0.01512989492950293, 0.01839922648262326, 0.017293075429628265, 0.02836916644480051]"
doc_01065,11113145,2017,1,0.2609496923243166,unknown,2017,SERVICE BRAKES,,low,0,"[0.2609496923243166, 0.025963227213700864, 0.055072070668986776, 0.019971563873873374, 0.01811199743657739, 0.05946790812263711, 0.029662497240893825, 0.03735658879217295, 0.03911680777670629, 0.04145869052884373, 0.038270976348497694, 0.018093428119851266, 0.016706452188892666, 0.042139728153019224, 0.028950815452186904, 0.01448312722691696, 0.019510202310863024, 0.015750728158558703, 0.044613137033351666]"
doc_01066,11112275,2017,16,1.0,unknown,2017,UNKNOWN OR OTHER,,low,0,"[1.567927609269842e-308, 1.26248512234312e-308, 1.4167877260727453e-308, 1.235506023824087e-308, 1.7955994120470217e-308, 1.45293942404458e-308, 1.350745054918813e-308, 1.3423103611874655e-308, 1.4172221042408895e-308, 1.6250342165385404e-308, 1.1866616904704893e-308, 2.815334644739553e-308, 1.2509820316474512e-307, 1.4877325558556247e-308, 1.11266830690874e-308, 1.0, 1.159624243223211e-308, 4.1955732371408217e-308, 1.367031008346657e-308]"
doc_01067,11104887,2017,13,1.0,unknown,2017,UNKNOWN OR OTHER,,medium,1,"[1.815743733195475e-308, 1.3602444948000985e-308, 1.5667211256032435e-308, 1.2981493216660895e-308, 1.8683936627758036e-308, 1.6601440002458136e-308, 1.5338356356436117e-308, 1.501109536083396e-308, 1.6261581017814947e-308, 1.7873155980914483e-308, 1.2979135982972896e-308, 3.603386783889233e-308, 1.0, 1.710640931200706e-308, 1.2006655263685495e-308, 1.9888079643841152e-307, 1.2307341439010297e-308, 5.566660465407979e-308, 1.509632714355825e-308]"
doc_01068,11102380,2017,16,1.0,unknown,2017,"ELECTRICAL SYSTEM,AIR BAGS,SEATS",,low,0,"[1.598671247865584e-308, 1.2694596641762627e-308, 1.431589177897366e-308, 1.236822025503511e-308, 1.7896672379658667e-308, 1.4778703390520917e-308, 1.378113102779851e-308, 1.3603240160303195e-308, 1.447642522477055e-308, 1.6362950485008423e-308, 1.1984381608540105e-308, 2.948405308980557e-308, 1.4962218817922856e-307, 1.518584655975388e-308, 1.1213300627441635e-308, 1.0, 1.1629619085848355e-308, 4.473910117482258e-308, 1.380863137207192e-308]"
doc_01069,11101498,2017,16,1.0,unknown,2017,"ELECTRICAL SYSTEM,VISIBILITY/WIPER",,low,0,"[1.6231262892901363e-308, 1.2815465178973934e-308, 1.4478625515519996e-308, 1.245475999183036e-308, 1.8024147084718623e-308, 1.4991181549904505e-308, 1.395850425060839e-308, 1.377261686511536e-308, 1.4673935464745167e-308, 1.656022706995417e-308, 1.21060137725922e-308, 3.010677917250187e-308, 1.7082117073905852e-307, 1.5396001454544517e-308, 1.1311886262117024e-308, 1.0, 1.172259057364898e-308, 4.592485179807821e-308, 1.3967918014947474e-308]"
doc_01070,11097329,2017,16,0.7291081386867192,unknown,2017,VISIBILITY/WIPER,,low,0,"[0.007799993902648227, 0.006070239724065642, 0.006886525308350354, 0.005871661450813316, 0.008437309490269607, 0.007189115671407726, 0.0067308260938423615, 0.006580008563011388, 0.007079817567520179, 0.007838397708302252, 0.005763143370123112, 0.01496410653418488, 0.10178182646208205, 0.007414238870820254, 0.005374209438568448, 0.7291081386867192, 0.005539686649408698, 0.02336984936858649, 0.006644167854609909]"
doc_01071,11093635,2017,13,1.0,unknown,2017,"STRUCTURE,UNKNOWN OR OTHER",,low,0,"[1.8466681340526846e-308, 1.3719732707669487e-308, 1.5849951539594663e-308, 1.305726674823016e-308, 1.8776005453114033e-308, 1.686544317983756e-308, 1.5554606246157143e-308, 1.5204644181991993e-308, 1.651943359368769e-308, 1.8072750672805944e-308, 1.3116212093755477e-308, 3.691849046243608e-308, 1.0, 1.7396041008262526e-308, 1.2115046237530437e-308, 1.7269793909061537e-307, 1.239594630336406e-308, 5.678830378368169e-308, 1.527346685705335e-308]"
doc_01072,11083743,2017,1,0.29296173891292376,unknown,2018,SERVICE BRAKES,,high,1,"[0.29296173891292376, 0.029481252737639744, 0.06951464174245847, 0.022430872935878803, 0.019980366145438758, 0.05856447375666179, 0.029474669748765635, 0.0401265235918067, 0.03848411151949257, 0.04752819614870107, 0.04273205144050225, 0.01856746146707686, 0.01748174844821479, 0.04139380049070153, 0.03246396045914733, 0.015241260105877816, 0.021798188677246144, 0.01633191644011407, 0.05005902699310097]"
doc_01073,11081299,2017,1,1.0,unknown,2017,EXTERIOR LIGHTING,,low,0,"[1.0, 2.4275140041630736e-308, 5.631425006436029e-308, 1.908228183382731e-308, 1.832359238099411e-308, 3.3514334536789085e-308, 2.135616664385392e-308, 3.097681439156066e-308, 2.7815765916544223e-308, 3.5630605022159994e-308, 2.8611718910145214e-308, 1.647127771071195e-308, 1.5859854967292583e-308, 2.9537875844293167e-308, 2.3987103546548987e-308, 1.402020031890565e-308, 1.8337249080014453e-308, 1.463204835172148e-308, 3.133474042238204e-308]"
doc_01074,11067286,2017,6,0.6122739606465188,unknown,2017,STRUCTURE,,medium,1,"[0.03505765533726897, 0.014213769377721135, 0.022280475399259193, 0.01042060825475098, 0.009677404626436669, 0.6122739606465188, 0.022394554129512217, 0.0325722334988457, 0.029899440513889028, 0.018915102731885153, 0.01628561239453499, 0.012428383003435003, 0.010514859947740617, 0.038294561111174644, 0.012895038155816578, 0.00916980597751767, 0.011263490451173062, 0.010481905392154477, 0.017864138550502343]"
doc_01075,11066846,2017,8,1.0,unknown,2017,VEHICLE SPEED CONTROL,,low,2,"[4.0624033194840426e-308, 3.2635390246631736e-308, 4.707154441347639e-308, 1.8221463196107876e-308, 1.662661888557498e-308, 6.019325062704693e-308, 2.146717214896793e-308, 1.0, 2.6525897695747403e-308, 3.814549969560834e-308, 2.206137048233355e-308, 1.616988197409715e-308, 1.5556302131328346e-308, 3.025051013564318e-308, 1.8178466517213903e-308, 1.376791226518802e-308, 2.159679088373169e-308, 1.4530442570142876e-308, 2.4790709020193016e-308]"
doc_01076,11066587,2017,10,0.303735411667293,unknown,2017,ENGINE,,medium,0,"[0.036847157279960234, 0.05273258902681612, 0.06788781827758086, 0.04336241258560769, 0.03715227721417792, 0.03425783214202904, 0.01727281265113477, 0.03496134983480989, 0.01968593207246458, 0.303735411667293, 0.033456129410540845, 0.014249208602365082, 0.016656400453390768, 0.02302957579794561, 0.02956388611358523, 0.014784191258540554, 0.04235214554798521, 0.013855715631151228, 0.05157781941760043]"
doc_01077,11064526,2017,18,1.0,unknown,2017,VISIBILITY/WIPER,,low,0,"[1.786649476026085e-308, 1.184525578021532e-308, 1.383796173386953e-308, 1.096221044087692e-308, 1.429430428484025e-308, 1.6537474063637437e-308, 1.782379059426882e-308, 1.4335753578119067e-308, 1.833275557883636e-308, 1.4740654455196797e-308, 1.235262702372331e-308, 7.723654398095367e-308, 5.49505824342e-308, 1.829831940952433e-308, 1.1290267392109103e-308, 4.4379686339371727e-308, 1.078941828408952e-308, 1.0, 1.383870465046425e-308]"
doc_01078,11063855,2017,1,1.0,unknown,2017,EXTERIOR LIGHTING,,low,0,"[1.0, 2.433318390157142e-308, 5.679805433629137e-308, 1.9143692352155996e-308, 1.8387704736516585e-308, 3.3557727063065307e-308, 2.1337805315255245e-308, 3.0990855142461216e-308, 2.778031832071672e-308, 3.5801883102511676e-308, 2.8688228458982454e-308, 1.6482849495693674e-308, 1.5885824436618344e-308, 2.9551511621587817e-308, 2.4046636561802646e-308, 1.4040910174990963e-308, 1.8383427062740673e-308, 1.464674590017915e-308, 3.1474881689939863e-308]"
doc_01079,11058284,2017,1,1.0,unknown,2017,SERVICE BRAKES,,medium,0,"[1.0, 2.543659159923699e-308, 4.862440655321441e-308, 1.9691611685056454e-308, 1.8777248349508447e-308, 6.7323472355939e-308, 3.3316133537744313e-308, 4.005731548104772e-308, 4.523170102092403e-308, 4.1006598836965465e-308, 3.4743458489557343e-308, 2.103313709988318e-308, 1.8963250686323693e-308, 5.001527435729113e-308, 2.6877072991068726e-308, 1.625855454521855e-308, 1.948422452516903e-308, 1.7998473176747944e-308, 4.097931435587401e-308]"
doc_01080,11043590,2017,7,0.11236227027161515,unknown,2017,"STRUCTURE,UNKNOWN OR OTHER",,medium,1,"[0.0276622576394128, 0.011454707069835528, 0.015751488437484036, 0.009479738537430175, 0.00879251059013161, 0.03135409432050074, 0.11236227027161515, 0.01899451514196139, 0.08571486726859845, 0.014480576664192035, 0.01445062497113516, 0.015279235390282033, 0.010717714096109898, 0.04025546797758644, 0.012151600386209663, 0.009426118001248266, 0.009778226501862376, 0.011907106447965086, 0.014890865701513777]"
doc_01081,11019841,2017,3,1.0,unknown,2017,"POWER TRAIN,ENGINE,FUEL/PROPULSION SYSTEM",,high,0,"[6.328579907793404e-308, 4.2715527636458636e-308, 1.0, 3.6476398136088206e-308, 2.557326498085733e-308, 3.6693600400333627e-308, 1.950437822192267e-308, 3.29771217403403e-308, 2.299361326736795e-308, 7.566998349273699e-308, 6.575507713010843e-308, 1.433651494436833e-308, 1.50706345578272e-308, 2.6110264715168257e-308, 5.241178184309081e-308, 1.3476772386204045e-308, 3.156548327446353e-308, 1.340257499271981e-308, 9.930866849254867e-308]"
doc_01082,11003718,2017,1,0.027597150726694778,unknown,2016,UNKNOWN OR OTHER,,low,0,"[0.027597150726694778, 0.011385320639364137, 0.015686780490473545, 0.009387850919600203, 0.008701256137580906, 0.031607592194162724, 0.09937340575343385, 0.019006806733446114, 0.08042479408250983, 0.014411816357272835, 0.014299441798762786, 0.015002938764968382, 0.010582213162628683, 0.038712721662299734, 0.01200342645238674, 0.009299445232642704, 0.00970090084822581, 0.01171529406705134, 0.0147644510939274]"
doc_01083,10972264,2017,3,1.0,unknown,2017,"ELECTRICAL SYSTEM,ENGINE",,medium,0,"[5.64190101360816e-308, 5.858635466679932e-308, 1.0, 3.2185689902119685e-308, 2.3080056001695894e-308, 4.351881143701141e-308, 1.960821966670966e-308, 4.622190791663099e-308, 2.338533374709061e-308, 9.888441061217696e-308, 4.829330327373068e-308, 1.4217870468077223e-308, 1.484573593516278e-308, 2.6259414829632124e-308, 3.7571616418885536e-308, 1.3247630100168685e-308, 3.4029093632454137e-308, 1.325870848129346e-308, 6.258984257113062e-308]"
doc_01084,10950307,2017,9,0.1383676533442095,unknown,2017,SEATS,,low,0,"[0.038669087489323864, 0.014204975193813743, 0.0203622945474944, 0.011533033994721477, 0.01091747172643187, 0.04719389608521506, 0.0788033039376171, 0.025320382552381598, 0.1383676533442095, 0.018363723293226747, 0.01775971211151102, 0.018424776884315326, 0.01338609386993431, 0.06441309782765027, 0.01470773020861667, 0.011692981685817238, 0.011919613232487929, 0.014463979528356182, 0.018481786510318163]"
doc_01085,10944077,2017,3,0.054249021321194614,unknown,2017,FUEL/PROPULSION SYSTEM,,medium,0,"[0.03237743971815636, 0.02832454683935607, 0.054249021321194614, 0.039414308979662686, 0.025146218946864828, 0.02741375647911844, 0.01743946012723725, 0.02263188976618479, 0.01915250429463997, 0.038237311576084634, 0.06940510745741459, 0.012768214722555408, 0.013549818364215541, 0.023426525779964718, 0.07611971042505424, 0.012327189078322691, 0.028437023511544153, 0.012170747383843118, 0.11674932979109275]"
doc_01086,11704994,2018,18,1.0,unknown,2018,UNKNOWN OR OTHER,,low,0,"[1.824780380950561e-308, 1.2053993207305236e-308, 1.4149437064137724e-308, 1.1170356461994283e-308, 1.4660358967157016e-308, 1.6803016960200515e-308, 1.789965714638755e-308, 1.455908596617638e-308, 1.8508542789137136e-308, 1.5099106980043567e-308, 1.254686549607613e-308, 7.738139840030787e-308, 5.996988130013964e-308, 1.858683693294215e-308, 1.1462868225026966e-308, 4.693794620535575e-308, 1.096277162990233e-308, 1.0, 1.410400439361737e-308]"
doc_01087,11661666,2018,10,0.0812239983521633,unknown,2018,ENGINE,,medium,0,"[0.03894491516154064, 0.09459827097655704, 0.10143652726668909, 0.040114002669430604, 0.023321276452274355, 0.0291134356028452, 0.014903063353591052, 0.033632797963361036, 0.01713237454957018, 0.0812239983521633, 0.03689839350687728, 0.010868058731542802, 0.011896168261006718, 0.0190653725918702, 0.032199711932386244, 0.010766118911821628, 0.04446169225519588, 0.010405253737089198, 0.048846362279084725]"
doc_01088,11625316,2018,11,0.004277821688551564,2.0_TSI,2018,STRUCTURE,,medium,1,"[0.007125334818503627, 0.004118342528607045, 0.005042414832286254, 0.0033757704392555297, 0.003697767891568466, 0.007987035676264352, 0.010323216924205899, 0.006351565097853178, 0.009826448835394607, 0.004985561689548603, 0.004277821688551564, 0.009917411555424393, 0.006141503430633775, 0.007803076884762355, 0.003741140644018846, 0.005371429593782105, 0.003560135004576297, 0.007604909954475713, 0.004612529633589121]"
doc_01089,11602381,2018,2,0.6491772620535052,unknown,2024,FUEL/PROPULSION SYSTEM,,low,1,"[0.019201756740668287, 0.6491772620535052, 0.033765079736575124, 0.02541799983832494, 0.016772027694484205, 0.0191726551073827, 0.010427965679863739, 0.02740984265123805, 0.01175898192658517, 0.039890610763924826, 0.017191599590701764, 0.008958108054997239, 0.009907627225918807, 0.013037045256367367, 0.01537864542613708, 0.00905586576396368, 0.04343456251205919, 0.00865590916651505, 0.021386454810787624]"
doc_01090,11600571,2018,2,1.0,unknown,2018,FUEL/PROPULSION SYSTEM,,medium,1,"[2.5005355904339546e-308, 1.0, 4.229606767526341e-308, 3.583691217731679e-308, 2.482921693107713e-308, 2.475507623547239e-308, 1.3643095474559213e-308, 3.4386650791874135e-308, 1.5345720257772586e-308, 6.179009377365993e-308, 2.201571700415814e-308, 1.227391589802912e-308, 1.388659957296316e-308, 1.7162188908766905e-308, 1.9928118787900466e-308, 1.269163251185218e-308, 6.209087927197918e-308, 1.1953842315082843e-308, 2.8018550187462335e-308]"
doc_01091,11570664,2018,14,0.00773947319935253,unknown,2018,STEERING,,low,0,"[0.007043742227014224, 0.004054451514896885, 0.004961932063759543, 0.0033554243916853427, 0.0036923931394291015, 0.007812374969091976, 0.01027591372101661, 0.006172967046378417, 0.009739612587695614, 0.004922599524325453, 0.004255903948605219, 0.010410789211416938, 0.0062473808002576105, 0.00773947319935253, 0.0037261398796905316, 0.005455767971650778, 0.00352459566222424, 0.007883343592337706, 0.004588611672473048]"
doc_01092,11565903,2018,1,0.141936425537508,2.0_TSI,2018,"STEERING,SUSPENSION,ELECTRICAL SYSTEM",,high,1,"[0.141936425537508, 0.02884030537903569, 0.060694601061249666, 0.024920940736664367, 0.022461564576630948, 0.06305162188994778, 0.036580284652218915, 0.039259148937773214, 0.04955792262596348, 0.043824578038799876, 0.05409393948689195, 0.02275566183744486, 0.02044432422283182, 0.07350160812993316, 0.04024344640540945, 0.017828789332521147, 0.023349929513353074, 0.019593357540578386, 0.05919017916468279]"
doc_01093,11565501,2018,1,0.14748779441813728,unknown,2018,FORWARD COLLISION AVOIDANCE,,medium,1,"[0.14748779441813728, 0.02784923263893652, 0.05910307590847698, 0.023427730615519463, 0.02077810340032165, 0.05734261767688023, 0.03754363262870086, 0.0359423792446506, 0.04601010196962303, 0.04213332388029546, 0.054319391660724387, 0.02119608371284476, 0.019194013018075898, 0.051318577668343565, 0.039636725161177055, 0.01676264705001018, 0.022113160304959245, 0.01844260885067337, 0.0590862825304438]"
doc_01094,11544849,2018,1,1.0,unknown,2021,EXTERIOR LIGHTING,,low,0,"[1.0, 2.5628838639429304e-308, 6.406789573462333e-308, 2.00848033143383e-308, 1.9277341896396026e-308, 3.2891242092970443e-308, 2.0311713843068074e-308, 3.1419888036793947e-308, 2.6063804534181263e-308, 3.8432877749245106e-308, 2.897334104195221e-308, 1.6181384414257033e-308, 1.5933255824927024e-308, 2.815940958946595e-308, 2.440789187753571e-308, 1.4094999896836123e-308, 1.920462524395208e-308, 1.45159672817709e-308, 3.2406226749493546e-308]"
doc_01095,11538196,2018,2,0.47359094430941345,unknown,2018,FUEL/PROPULSION SYSTEM,,high,1,"[0.024537380031828787, 0.47359094430941345, 0.037793741894677005, 0.04623459167842181, 0.027117474604622074, 0.024096227887676895, 0.014139518420096175, 0.031079481696245588, 0.015707049429464954, 0.05419592119592122, 0.02369565798751359, 0.012735973671515138, 0.014405115416517424, 0.017457734424255626, 0.02209474376740616, 0.013317192683041625, 0.1053363055085456, 0.01247959533449319, 0.02998535005834365]"
doc_01096,11530629,2018,2,0.5502131391841141,2.0_TSI,2018,"ELECTRICAL SYSTEM,FUEL/PROPULSION SYSTEM",,medium,0,"[0.02289438154939056, 0.5502131391841141, 0.03634760617660912, 0.03699926446129921, 0.024312589865641315, 0.02206106295454478, 0.012573236390567415, 0.029675835054317857, 0.014094282401434836, 0.054965965913588065, 0.020513208753185706, 0.0114225523467958, 0.012996341413980877, 0.015746504135744677, 0.018887876958464913, 0.011944801786926253, 0.06709610863951129, 0.011176314831585956, 0.026078927182297318]"
doc_01097,11508588,2018,18,1.0,unknown,2018,UNKNOWN OR OTHER,,low,0,"[1.7685096690383446e-308, 1.1754162739428854e-308, 1.3690904992863407e-308, 1.086710443203402e-308, 1.412346659882687e-308, 1.641190484924447e-308, 1.7774130630562244e-308, 1.4236177279776893e-308, 1.8229592738485473e-308, 1.457861616693162e-308, 1.225421032956569e-308, 7.614812081453257e-308, 5.290910213145251e-308, 1.813403362098073e-308, 1.12019540706599e-308, 4.3284687765704826e-308, 1.071104354866167e-308, 1.0, 1.3708061772858665e-308]"
doc_01098,11500614,2018,1,1.0,unknown,2015,EXTERIOR LIGHTING,,high,3,"[1.0, 2.4996687523151857e-308, 6.044426633373769e-308, 1.972713316281323e-308, 1.9126653030462306e-308, 3.261332689846526e-308, 2.046295735337761e-308, 3.096988716343795e-308, 2.633022392114556e-308, 3.731379200888022e-308, 2.8350878010875986e-308, 1.637267214677401e-308, 1.6059827116272226e-308, 2.840564701505306e-308, 2.398072570425854e-308, 1.4196152093611205e-308, 1.88505956318272e-308, 1.465202210329945e-308, 3.167160426258367e-308]"
doc_01099,11490647,2018,5,0.4075586213885929,unknown,2018,POWER TRAIN,,high,1,"[0.0253543754677689, 0.030194832979717773, 0.03366092672587979, 0.05055740568493118, 0.4075586213885929, 0.021705317444263402, 0.015843355439189112, 0.021798093922755477, 0.0171668053239586, 0.046384674729537834, 0.0242903609537556, 0.017979291168454925, 0.024032827007140704, 0.019632025933728883, 0.024475196824414746, 0.022878819179592027, 0.032952106078509916, 0.018729175256515605, 0.030251969814316913]"
doc_01100,11484494,2018,15,1.0,unknown,2018,"POWER TRAIN,ENGINE",,high,0,"[3.0515222805763654e-308, 2.368835496992045e-308, 4.892998329345698e-308, 2.849864749188796e-308, 1.8423686786410033e-308, 2.299820159190085e-308, 1.6527458935732945e-308, 1.910262705487397e-308, 1.797018702233348e-308, 2.8185308717067795e-308, 1.3795961522748177e-307, 1.2012006230426787e-308, 1.2102035115122425e-308, 2.0301934999814463e-308, 1.0, 1.109807482427902e-308, 2.256688911080086e-308, 1.126689038755489e-308, 7.835810875590997e-308]"
doc_01101,11476551,2018,17,0.3391381124996194,unknown,2018,FUEL/PROPULSION SYSTEM,,low,0,"[0.012237079498834024, 0.05035823098940614, 0.019462191661277883, 0.036714509216078786, 0.0150852664126889, 0.012204867035738925, 0.0073110225952916, 0.014167317759501035, 0.008078951538888735, 0.028840442592987223, 0.013663625604664859, 0.006624200651754501, 0.0074679619544352985, 0.009061593264677592, 0.012965907481534027, 0.006899795121303867, 0.3391381124996194, 0.006486370045554558, 0.018381704293196563]"
doc_01102,11469462,2018,18,1.0,unknown,2018,UNKNOWN OR OTHER,,low,0,"[1.761975370363668e-308, 1.168663200402577e-308, 1.361677652494041e-308, 1.080101557055487e-308, 1.400102365795251e-308, 1.636593038115839e-308, 1.7810050662594657e-308, 1.418215601697204e-308, 1.8249446075123766e-308, 1.446767068509603e-308, 1.2208157198687283e-308, 7.748174798162014e-308, 5.120456866303381e-308, 1.8128098802532246e-308, 1.115959295266943e-308, 4.2180957848608873e-308, 1.0650995520657776e-308, 1.0, 1.3637462172324955e-308]"
doc_01103,11459292,2018,1,0.14584167940109097,unknown,2018,FORWARD COLLISION AVOIDANCE,,low,0,"[0.14584167940109097, 0.027865654194751614, 0.0588339057312064, 0.023472271055462138, 0.02081938131229771, 0.05738423861469306, 0.0379246642493504, 0.035943570643688916, 0.046277578817314126, 0.04206129605263594, 0.054522459982591885, 0.02131632821331438, 0.019281322282640644, 0.051593621688642476, 0.03979527411381378, 0.01684016409180772, 0.02215624258951377, 0.018544180042558617, 0.059213649261419754]"
doc_01104,11440068,2018,6,0.2072564679570935,2.0_TSI,2018,TIRES,,low,0,"[0.054960730853547225, 0.023994984427512894, 0.03913749667120381, 0.017302889504866244, 0.015588761562662985, 0.2072564679570935, 0.030688180315569438, 0.047805888458190504, 0.0367645570938156, 0.03316645001162869, 0.028106944531691457, 0.017783322223680495, 0.01585157419198482, 0.0407838374456349, 0.021587663059896917, 0.013831732963333239, 0.018892513677857197, 0.015402056256688331, 0.031982602786046685]"
doc_01105,11413606,2018,16,0.005478021127962196,unknown,2018,UNKNOWN OR OTHER,,low,0,"[0.0070307034360641936, 0.004057457615910123, 0.004960362807889005, 0.003360027060753367, 0.0036993549306543667, 0.007787629421923322, 0.010239187405369216, 0.0061637335263234295, 0.009692118802399084, 0.004923851488793935, 0.004257753668196495, 0.010453998797010521, 0.0062710523408685765, 0.007712024285643897, 0.0037291819851796157, 0.005478021127962196, 0.0035292240338514534, 0.007926968287376816, 0.004590766101132135]"
doc_01106,11395424,2018,1,0.15419892737326335,unknown,2018,FORWARD COLLISION AVOIDANCE,,low,0,"[0.15419892737326335, 0.02815725503466689, 0.06353659370518679, 0.02346816484032083, 0.020760809189385505, 0.05661359438486352, 0.0342616973501897, 0.03624337228833661, 0.04351943230009994, 0.04350197709697017, 0.05342205099746611, 0.020282687869346443, 0.018595711877014403, 0.04933608108417572, 0.03901264428723073, 0.01624563342714567, 0.022092247023932525, 0.017697304507864553, 0.05874129770133477]"
doc_01107,11390636,2018,6,0.5338508344732047,unknown,2018,FUEL/PROPULSION SYSTEM,,medium,0,"[0.045410084511731064, 0.01888217962859229, 0.03004236835224219, 0.013931117953168237, 0.012901852770259636, 0.5338508344732047, 0.02679734560049125, 0.043061960236896624, 0.03599244171975333, 0.025408803128035538, 0.021669153834012883, 0.015913130517075658, 0.0136759503594262, 0.05215154152505662, 0.01713755497892211, 0.011927853426154449, 0.015012153117722332, 0.013511505604586959, 0.02394821188452524]"
doc_01108,11385067,2018,11,0.1531417019632905,2.0_TSI,2018,"SUSPENSION,POWER TRAIN,LANE DEPARTURE",,high,4,"[0.057275371593891684, 0.030774450900553755, 0.12167744064261221, 0.026892658037556055, 0.01828471409746852, 0.03399485034566851, 0.019669472154755955, 0.0271371559097034, 0.02288093273969652, 0.041534341850860496, 0.1531417019632905, 0.012448312359928845, 0.012337615940330051, 0.0252450598235657, 0.07196907728193594, 0.011107324099877757, 0.02411770787473995, 0.011444716180220053, 0.09928888850594902]"
doc_01109,11384548,2018,5,1.0,unknown,2018,"POWER TRAIN,ENGINE",,high,0,"[1.9980375507332863e-308, 2.4394112511846413e-308, 2.707309998692715e-308, 3.9463711611575185e-308, 1.0, 1.70209090104155e-308, 1.2026494693894536e-308, 1.724512892800392e-308, 1.3105492451022954e-308, 4.1300783850459054e-308, 1.847831145242307e-308, 1.3602339471153667e-308, 1.8298430905498986e-308, 1.502461465950211e-308, 1.8308191704697513e-308, 1.7162650419275423e-308, 2.5650754929571647e-308, 1.4117253330226295e-308, 2.3536920029215666e-308]"
doc_01110,11281526,2018,18,0.8121928307631051,unknown,2019,STRUCTURE,,low,0,"[0.0070107165992272895, 0.004638908288105889, 0.005452323565476579, 0.004304335416539798, 0.005672935919785385, 0.006443802109054499, 0.006812100604996346, 0.005587000456099092, 0.007060199893639663, 0.005829915233264699, 0.004817991553414831, 0.028656062315823082, 0.024209751023823778, 0.007117907109395489, 0.004402720162042419, 0.01863369405681881, 0.00421718793580307, 0.8121928307631051, 0.005425971471966373]"
doc_01111,11269976,2018,16,0.495749178249914,unknown,2018,"STRUCTURE,VISIBILITY/WIPER",,low,0,"[0.00870923804912386, 0.006792545296646124, 0.007676738873110364, 0.006561373536693755, 0.009381744685191722, 0.008061243501521587, 0.007580743773390361, 0.007374467049190891, 0.007965119346706587, 0.008723799152623746, 0.006455311728341318, 0.01699055232712681, 0.0995242148619503, 0.008331287299090972, 0.006022583864030628, 0.495749178249914, 0.00620653267859735, 0.02694421327844502, 0.0074225522546272436]"
doc_01112,11265296,2018,16,1.0,unknown,2018,STRUCTURE,,low,0,"[1.562324605355609e-308, 1.2617629209887424e-308, 1.4143004993619203e-308, 1.2356707222975125e-308, 1.7973823530529095e-308, 1.448511858607033e-308, 1.345390980979638e-308, 1.33951562716173e-308, 1.4114509598842703e-308, 1.623577518815716e-308, 1.184380034127748e-308, 2.789502985759796e-308, 1.2151379783123278e-307, 1.481854432205639e-308, 1.1109596803137893e-308, 1.0, 1.159374846903719e-308, 4.1405207025356374e-308, 1.364435948220222e-308]"
doc_01113,11220197,2018,3,0.25350996537212994,unknown,2018,VEHICLE SPEED CONTROL,,low,0,"[0.05673125171964237, 0.04895230328166539, 0.25350996537212994, 0.027148505191568285, 0.020410797870373965, 0.04881066350840352, 0.019616086899318284, 0.047948374078236974, 0.02329694897998514, 0.09243793186861289, 0.044349406611980356, 0.013584903109219797, 0.014024343271090737, 0.026072335071104465, 0.03344781642697734, 0.012426155019676038, 0.029633270793867898, 0.012583671448366087, 0.058601794471551685]"
doc_01114,11185500,2018,17,0.6987614999428055,unknown,2018,FUEL/PROPULSION SYSTEM,,medium,1,"[0.004684243207937792, 0.018135606835173727, 0.0072929049792662395, 0.013982207193324353, 0.0059463314939612825, 0.004733314792403836, 0.0028721286532904814, 0.005488471862447593, 0.0031572225777187863, 0.01072646161397192, 0.005243194471143165, 0.002618969867026118, 0.002961608739256415, 0.0035291086837279362, 0.004991439898010278, 0.0027424490380520057, 0.6987614999428055, 0.002571000042488801, 0.006959388645189502]"
doc_01115,11183961,2018,13,1.0,unknown,2018,UNKNOWN OR OTHER,,low,0,"[1.799056678543158e-308, 1.3412252596681117e-308, 1.5459548449949397e-308, 1.2793699937584446e-308, 1.829909593018323e-308, 1.644919704297011e-308, 1.5326133981767467e-308, 1.4855456731667035e-308, 1.623600019469375e-308, 1.75382765350726e-308, 1.285282522741167e-308, 3.6874258934305087e-308, 1.0, 1.7044173703509024e-308, 1.1891919647367304e-308, 2.0658229190339732e-307, 1.214089963054881e-308, 5.845102027500098e-308, 1.49035407330096e-308]"
doc_01116,11183564,2018,1,0.13116117971177157,2.0_TSI,2018,SERVICE BRAKES,,low,0,"[0.13116117971177157, 0.029673034940364617, 0.09529039695663176, 0.02478685893513769, 0.02022621086519675, 0.04598835616438246, 0.02588647052891315, 0.03275432814723157, 0.031689131486896456, 0.046673229793798725, 0.06402886428287247, 0.01638447965730855, 0.015776619325527604, 0.03537292186073257, 0.044206147219818165, 0.013953237565213114, 0.02288986276964079, 0.014702373478145495, 0.0722631561315515]"
doc_01117,11181349,2018,1,0.7358670869216222,unknown,2018,UNKNOWN OR OTHER,,low,1,"[0.7358670869216222, 0.013088580300591115, 0.0346016150128974, 0.010395045648625369, 0.008963592721296492, 0.020188664633316627, 0.011910777575399585, 0.015818356540270345, 0.015449177248428488, 0.01937346434286289, 0.021061035531937812, 0.007769378407597787, 0.007362763536124428, 0.01656346877975644, 0.016145612720044267, 0.00651544666022997, 0.009827452697683387, 0.006890422587717286, 0.02220805813359817]"
doc_01118,11128345,2018,1,0.14820394935060932,unknown,2018,SERVICE BRAKES,,low,0,"[0.14820394935060932, 0.0279094542836207, 0.058840665365441976, 0.02335906019529444, 0.020688837099273653, 0.05784207154311572, 0.0377217786243518, 0.03618165476511247, 0.04625453543650686, 0.04210178110731894, 0.05397020314919281, 0.02115040731878489, 0.01913933286423569, 0.05109711694033119, 0.03941610810450946, 0.01671802979531926, 0.022108229219544476, 0.01840133171100606, 0.05858293546522448]"
doc_01119,11110481,2018,15,0.14955112750168154,unknown,2018,ENGINE,,high,1,"[0.022872641567920123, 0.017416512592346566, 0.03970678404039476, 0.020365154006715104, 0.012264836808146001, 0.017183829643307297, 0.011066508373236273, 0.014002546572721231, 0.012194436476317407, 0.022262849071408648, 0.09624168250263448, 0.007007069697437576, 0.0071407264713461574, 0.014090501410118838, 0.14955112750168154, 0.006499545411838512, 0.015923864977144788, 0.006571811894185529, 0.07955173921479723]"
doc_01120,11709174,2019,11,0.21165812513031082,unknown,2019,POWER TRAIN,,medium,1,"[0.02887312743189059, 0.019337730922168044, 0.05246681250650753, 0.018396838304214323, 0.012645381536586627, 0.021222845908495238, 0.013046630581339461, 0.01662184926885487, 0.014819209204357763, 0.025044344298495353, 0.21165812513031082, 0.009006125324932899, 0.00891151078044858, 0.01652354701967072, 0.059248300321308026, 0.008047623231933818, 0.016365428265956404, 0.008304202345740613, 0.07598055060189525]"
doc_01121,11677470,2019,2,0.1285948304617181,unknown,2019,UNKNOWN OR OTHER,,low,0,"[0.025113528419752423, 0.1285948304617181, 0.053665722872292515, 0.023388203663775687, 0.017233519763537784, 0.025746192123968607, 0.012443790637546826, 0.042172528004232795, 0.01436112485085261, 0.0630570943922737, 0.019931404643189998, 0.010061624576366644, 0.01094504328401009, 0.016076725795371883, 0.01715681690729479, 0.009867401155562753, 0.03278453556081548, 0.009588908777645323, 0.024594243145904648]"
doc_01122,11653958,2019,3,0.20146855283022802,unknown,2019,AIR BAGS,,low,0,"[0.07503668962224175, 0.04687494067149865, 0.20146855283022802, 0.026792501238077204, 0.02100073846973495, 0.06234493526625431, 0.023091072904177033, 0.05961865989925119, 0.028070620821959866, 0.08171112404944286, 0.04622007689451881, 0.015382487879555921, 0.015510284490238488, 0.031246712132064085, 0.034712818307133186, 0.013703604817253443, 0.029248255451786196, 0.01408529043395862, 0.057467158814396464]"
doc_01123,11636066,2019,3,0.6056168016188701,unknown,2019,"POWER TRAIN,ENGINE,FUEL/PROPULSION SYSTEM",,high,0,"[0.03372877307693576, 0.01844811036908366, 0.6056168016188701, 0.016061467438312726, 0.011293884811948304, 0.017955738121241797, 0.009839680371009138, 0.015280142985613114, 0.011593710054010692, 0.029533662642909228, 0.039706337604154755, 0.006885462636099513, 0.007074122613337301, 0.013080691279401521, 0.02863892789628802, 0.006332534293419408, 0.013967439532630034, 0.006386741520795486, 0.0538753569996216]"
doc_01124,11609117,2019,8,0.0750266287084823,unknown,2019,FUEL/PROPULSION SYSTEM,,low,0,"[0.022101801216132845, 0.021899024478867997, 0.036727252009326784, 0.010877809236956415, 0.009823542454447096, 0.026579124448517368, 0.009771845147822063, 0.0750266287084823, 0.01187875180434222, 0.030571449623202143, 0.01225456958337842, 0.007947944731275832, 0.008132816237997421, 0.013781362644286829, 0.010064168878670229, 0.007168047468171956, 0.013081883588425502, 0.007305197919129296, 0.014689099970378887]"
doc_01125,11587310,2019,1,0.14249040451931225,unknown,2019,FORWARD COLLISION AVOIDANCE,,medium,0,"[0.14249040451931225, 0.02799953068500646, 0.059066220384903806, 0.023620895876082425, 0.0209071987978079, 0.05753569567082375, 0.0381190139130624, 0.035980895226640316, 0.04618662907406983, 0.042226201065083534, 0.055303566317657246, 0.02136451121310541, 0.01933815914787802, 0.05147341438848439, 0.04023262261588646, 0.01689490346623436, 0.022292710846786093, 0.018601978795644056, 0.060052930334325544]"
doc_01126,11584895,2019,1,0.1517398059993238,unknown,2019,FORWARD COLLISION AVOIDANCE,,low,0,"[0.1517398059993238, 0.02764165938925383, 0.05895734103811626, 0.023265498188052874, 0.020700245440366957, 0.056836118325460656, 0.03715792495792149, 0.03577772007608255, 0.04599248255819281, 0.04190832125368405, 0.05348119487905797, 0.021137192262222403, 0.01912665470399892, 0.0515933171832141, 0.039188706108604233, 0.01669782418260868, 0.02193378329589629, 0.018367849227146803, 0.05818384326958949]"
doc_01127,11581354,2019,10,1.0,unknown,2022,SERVICE BRAKES,,high,2,"[5.182608799463314e-308, 6.335918528990434e-308, 1.252193371537549e-307, 3.678427096098962e-308, 3.10311580932986e-308, 4.664837510733364e-308, 2.0772180422971084e-308, 5.133205779479223e-308, 2.4288546204581403e-308, 1.0, 3.701040572728413e-308, 1.609500810929366e-308, 1.797729601036739e-308, 2.8128528608716566e-308, 3.0982387292417735e-308, 1.5808533891541685e-308, 3.975512501450034e-308, 1.5306714988949327e-308, 5.325687055329278e-308]"
doc_01128,11573196,2019,1,0.2632506528710647,unknown,2019,SERVICE BRAKES,,high,2,"[0.2632506528710647, 0.03127943934517046, 0.07384584738584647, 0.023601684015316985, 0.02099436132633352, 0.061853015069750474, 0.030281162916527837, 0.042305223638070044, 0.03912963517785727, 0.051207557996758885, 0.04453665245482508, 0.019239126389517705, 0.018241275180591557, 0.04209214165966938, 0.03372823495871176, 0.01589304146050117, 0.02300225668785844, 0.016979351456711284, 0.05302539750015632]"
doc_01129,11562500,2019,2,0.09890990952980597,unknown,2019,ELECTRICAL SYSTEM,,low,0,"[0.02729826184447202, 0.09890990952980597, 0.06282763179799032, 0.022963997310485165, 0.01718569296227259, 0.028342732585580854, 0.013245397251987095, 0.04852420794302907, 0.015407374176090487, 0.06725331450577993, 0.021085789526576516, 0.010504448814115554, 0.011292076077417184, 0.01724940301186586, 0.017910110869963778, 0.010152238058892945, 0.03097091782144335, 0.009950314545947674, 0.025709420402396318]"
doc_01130,11549494,2019,18,0.3798756858405734,unknown,2019,UNKNOWN OR OTHER,,low,0,"[0.009266871805729103, 0.006145193620810124, 0.0072346907490975325, 0.005713639609800205, 0.00756428454496805, 0.008503440111410444, 0.008928691662013372, 0.007375639253582686, 0.009273088577902712, 0.007748479260881461, 0.0063758013419555545, 0.03641974869273202, 0.0335806890596019, 0.009392059789738061, 0.005829157134889203, 0.025470936783155058, 0.005587409771928449, 0.3798756858405734, 0.007191812281659101]"
doc_01131,11549292,2019,6,1.0,2.0_TSI,2020,UNKNOWN OR OTHER,,medium,0,"[6.448254091650754e-308, 2.5522770741438103e-308, 4.296696937695317e-308, 1.832004160911882e-308, 1.6853957191513135e-308, 1.0, 3.2080378618638484e-308, 5.90023325255278e-308, 4.1500674824497546e-308, 3.596691630465422e-308, 2.867814670016107e-308, 1.9580674633220505e-308, 1.734215219701927e-308, 5.373045683459081e-308, 2.233220313381544e-308, 1.5068550825243404e-308, 1.988501495430541e-308, 1.682475770945524e-308, 3.2786761311800606e-308]"
doc_01132,11545891,2019,3,1.0,unknown,2019,ELECTRICAL SYSTEM,,high,2,"[8.629776597009001e-308, 4.1460645690863907e-308, 1.0, 3.2695909782409837e-308, 2.605543100231541e-308, 3.898317055756632e-308, 1.996745402924211e-308, 3.659942284874355e-308, 2.4194196240658856e-308, 8.07025911266294e-308, 5.044287308372782e-308, 1.513801127387465e-308, 1.594940656171606e-308, 2.7786935177321903e-308, 4.170085905840775e-308, 1.4163097321118327e-308, 2.9562173961307066e-308, 1.406575030522073e-308, 6.985364102569239e-308]"
doc_01133,11544677,2019,3,1.0,unknown,2019,ELECTRICAL SYSTEM,,medium,0,"[7.491317611488957e-308, 4.04836337903688e-308, 1.0, 3.4728682830251806e-308, 2.8400463627745033e-308, 3.693546873897751e-308, 1.9425127844241195e-308, 3.4404464396045827e-308, 2.330576615247016e-308, 8.314812264606142e-308, 4.909753007348579e-308, 1.527372116765337e-308, 1.6391866768555335e-308, 2.7308066271427484e-308, 4.2066205706130037e-308, 1.4548550757897773e-308, 3.019188457033099e-308, 1.429195696577195e-308, 7.111736327639007e-308]"
doc_01134,11541513,2019,3,0.19997739564288264,unknown,2019,"VISIBILITY,AIR BAGS",,medium,0,"[0.07226286114587292, 0.04801134244263973, 0.19997739564288264, 0.026295922525297794, 0.020783874911827517, 0.06598866850795314, 0.023280641908569533, 0.0691493542538015, 0.02835473476397719, 0.07968205802634691, 0.04346393729522136, 0.0155277826859995, 0.015612428458249854, 0.03163415888354943, 0.03312514144289703, 0.013796647964783007, 0.029534299675014048, 0.014200547063034226, 0.052904727395853744]"
doc_01135,11539008,2019,3,1.0,unknown,2019,"ELECTRICAL SYSTEM,ENGINE,FUEL/PROPULSION SYSTEM",,medium,1,"[8.157518415158219e-308, 4.1630659242662217e-308, 1.0, 3.291255197692128e-308, 2.602331366258601e-308, 4.030785729685478e-308, 2.024995015710744e-308, 3.707418975811332e-308, 2.4562082982645283e-308, 8.376340206605618e-308, 5.235419429923207e-308, 1.5250482767785795e-308, 1.6025715412080074e-308, 2.841222678528128e-308, 4.2732700199049753e-308, 1.4215833238555924e-308, 2.981790049291603e-308, 1.415458477416521e-308, 7.427666631061329e-308]"
doc_01136,11539035,2019,3,1.0,unknown,2019,ELECTRICAL SYSTEM,,high,1,"[8.957973510216879e-308, 4.111588853566867e-308, 1.0, 3.2662936935655754e-308, 2.6662041230416297e-308, 3.783479223593857e-308, 1.9674075068983515e-308, 3.6186453068985323e-308, 2.380026068688563e-308, 8.000594909776627e-308, 4.767908725094887e-308, 1.5176403073957083e-308, 1.6108243927847595e-308, 2.7327687749653984e-308, 4.014944988166177e-308, 1.430163507106042e-308, 2.941325687919071e-308, 1.413331886469509e-308, 6.545621754715689e-308]"
doc_01137,11531201,2019,18,1.0,unknown,2019,VISIBILITY/WIPER,,low,0,"[1.7804610926106826e-308, 1.179194088953359e-308, 1.3746839635767134e-308, 1.0889505837594215e-308, 1.414225652445808e-308, 1.65190213058174e-308, 1.789865245908246e-308, 1.4314455141675567e-308, 1.837015086271011e-308, 1.4628773563128235e-308, 1.229877133577537e-308, 7.861068617186052e-308, 5.272170548179348e-308, 1.8264657133119303e-308, 1.123560301012092e-308, 4.2964379788639487e-308, 1.07380910286161e-308, 1.0, 1.3759821538174043e-308]"
doc_01138,11530947,2019,3,1.0,unknown,2023,"ELECTRICAL SYSTEM,VEHICLE SPEED CONTROL,VISIBILITY/WIPER",,high,2,"[9.014235492438148e-308, 4.2679342077837716e-308, 1.0, 3.1787563897513883e-308, 2.515947507847855e-308, 4.0551864936881964e-308, 2.027670504362488e-308, 3.855579149578818e-308, 2.4646326338486436e-308, 8.221604352698723e-308, 5.035925906148085e-308, 1.51129164661938e-308, 1.582232153884875e-308, 2.8042062681246727e-308, 4.0720078077994545e-308, 1.404534669995674e-308, 2.952375482069329e-308, 1.4009224017669985e-308, 6.81691658928419e-308]"
doc_01139,11521144,2019,3,1.0,unknown,2019,ENGINE,,medium,0,"[6.088941689578034e-308, 4.331270628312885e-308, 1.0, 3.897986074964832e-308, 2.86218964705114e-308, 3.517421015161907e-308, 1.882607558520682e-308, 3.2655375366831146e-308, 2.2167920302457235e-308, 8.547565397789902e-308, 5.523195946603543e-308, 1.4572954030984707e-308, 1.569093082274039e-308, 2.5655263428196963e-308, 4.732412638126387e-308, 1.400946782979243e-308, 3.268788364423257e-308, 1.3724887696056996e-308, 8.461894658633224e-308]"
doc_01140,11510411,2019,2,0.014246334613164786,unknown,2022,"SEATS,LANE DEPARTURE",,low,0,"[0.0387594320197143, 0.014246334613164786, 0.020341830568235613, 0.011584013551911404, 0.011068968879406128, 0.04693556644827929, 0.0759956354075166, 0.02539871679508765, 0.1377531392368798, 0.018484178230005508, 0.01760957967042257, 0.019237352643933885, 0.013798659623359886, 0.06574746295823587, 0.014614332952062289, 0.012023506546625054, 0.011965698217837464, 0.014974001954090554, 0.018447183706673857]"
doc_01141,11509555,2019,3,1.0,unknown,2019,ELECTRICAL SYSTEM,,low,0,"[6.435795920471624e-308, 4.990102716768539e-308, 1.0, 3.182947013613005e-308, 2.2937547757634926e-308, 4.2564553560477574e-308, 2.0087476148791003e-308, 4.102458064395112e-308, 2.3919389422446827e-308, 8.480032427906675e-308, 5.474904011729001e-308, 1.435666664388758e-308, 1.488728216497782e-308, 2.6608323096659674e-308, 4.1136230299881685e-308, 1.3275540866007634e-308, 3.1787526384576527e-308, 1.334639536413118e-308, 7.24718675932157e-308]"
doc_01142,11504407,2019,8,0.23118539658854834,unknown,2019,WHEELS,,low,0,"[0.028273705685331878, 0.0284928593622346, 0.040970595212265336, 0.014100976032229673, 0.012811023623083239, 0.0348226528535862, 0.013491779924458158, 0.23118539658854834, 0.016341186625564056, 0.03503265513183384, 0.015778820565685685, 0.010910478832605198, 0.01104027171346052, 0.018631793775425787, 0.013066919291750896, 0.009758989572789067, 0.017098971498549196, 0.010001894126584596, 0.018436691012179752]"
doc_01143,11500632,2019,5,0.4090934102648892,unknown,2019,"UNKNOWN OR OTHER,ENGINE",,high,0,"[0.025249042337403244, 0.030144202126302012, 0.033582418268038254, 0.05081135534986495, 0.4090934102648892, 0.02160066249112651, 0.015747331281732634, 0.02170283129997602, 0.017064490193877686, 0.046322296797421794, 0.0242171424615676, 0.01783309970736749, 0.023794208292683694, 0.019517619703353632, 0.024409063873809228, 0.022642845316244328, 0.03296447042920689, 0.018565140569899715, 0.030184550558259336]"
doc_01144,11491552,2019,6,1.0,2.0_TSI,2019,SUSPENSION,,medium,1,"[5.679980957482618e-308, 2.35031320601764e-308, 3.737038052035768e-308, 1.71464509437041e-308, 1.582884808501589e-308, 1.0, 3.4329595278184996e-308, 5.471507629535473e-308, 4.570345393625674e-308, 3.142389986591289e-308, 2.6799200091626135e-308, 1.9668854560400497e-308, 1.685352239373721e-308, 6.101651709124522e-308, 2.114380861433955e-308, 1.4706894812006925e-308, 1.8565067811051676e-308, 1.6687288028455707e-308, 2.952008606673938e-308]"
doc_01145,11489503,2019,1,0.14384359585243506,unknown,2019,"SERVICE BRAKES,FORWARD COLLISION AVOIDANCE",,low,0,"[0.14384359585243506, 0.02811380115346839, 0.0594462552137291, 0.02360168005962572, 0.020873883120079935, 0.057644566014542646, 0.03788300083964006, 0.03617737796731678, 0.04607493839753324, 0.042397149567910956, 0.05491106239519757, 0.021260111149984308, 0.01926881684643832, 0.05089373238635338, 0.04003029519630722, 0.016837409823531897, 0.02230793693467418, 0.018520717775651955, 0.059601151644373684]"
doc_01146,11464370,2019,3,1.0,unknown,2019,"ELECTRICAL SYSTEM,AIR BAGS,ENGINE",,medium,1,"[6.917302326805619e-308, 4.054067215132712e-308, 1.0, 3.5812147592998255e-308, 2.8899547877116423e-308, 3.6716065296358985e-308, 1.9388222919538253e-308, 3.374210733413925e-308, 2.312311195030002e-308, 8.490437637261515e-308, 5.093813692496414e-308, 1.524645479726086e-308, 1.6408342839787653e-308, 2.719108771815003e-308, 4.357741806292899e-308, 1.4567968960424336e-308, 3.068149101240905e-308, 1.42944704154931e-308, 7.603551544814425e-308]"
doc_01147,11455944,2019,1,0.21424289457327272,unknown,2019,SERVICE BRAKES,,medium,1,"[0.21424289457327272, 0.026947916925029035, 0.06858674908395562, 0.021673024250852616, 0.018562166532923505, 0.046139954530378585, 0.026563449475250436, 0.03296025146812802, 0.03405539899443531, 0.04112704979655924, 0.047800334465077476, 0.016466266047037995, 0.015488846554930229, 0.036883947721050823, 0.035458269213060854, 0.013644915880099185, 0.020457652201503973, 0.014560044806893298, 0.05208772730069608]"
doc_01148,11443870,2019,1,0.20755657718316395,unknown,2021,FORWARD COLLISION AVOIDANCE,,high,0,"[0.20755657718316395, 0.025969104982914316, 0.056128258384402954, 0.02111403994161755, 0.019038253259882634, 0.057258791459423336, 0.03142626023104536, 0.03530775952021078, 0.04115120917849707, 0.04095681583244605, 0.04443694039908962, 0.018999343519603473, 0.017402346855045853, 0.04745384397563711, 0.03283785958989113, 0.015112906015328621, 0.02013970140104195, 0.01649937017364865, 0.05089810043590383]"
doc_01149,11431238,2019,2,0.6206303225582297,unknown,2019,"VEHICLE SPEED CONTROL,ENGINE,FUEL/PROPULSION SYSTEM",,medium,0,"[0.02088966641468472, 0.6206303225582297, 0.036879620392797435, 0.028822914549463324, 0.018305507918177585, 0.019761821769804608, 0.010828087765586678, 0.02722897576138046, 0.012231914946012981, 0.04598199340471804, 0.01860735883018451, 0.009312302403502618, 0.010348980652445853, 0.013560366199955046, 0.016723005512367252, 0.009457796135236268, 0.04800073732909477, 0.009010587984801094, 0.023418039471557017]"
doc_01150,11428235,2019,1,0.15159505511028465,unknown,2019,VEHICLE SPEED CONTROL,,low,0,"[0.15159505511028465, 0.029799397092757893, 0.08110593836588416, 0.025221190509490336, 0.022769122499653332, 0.05352532549841751, 0.028406154726256586, 0.037362528541095896, 0.037344992885812674, 0.04912665735483092, 0.04959360877931891, 0.01971689936745619, 0.018798325366653785, 0.04828718828613984, 0.03798183076136968, 0.016401835576973764, 0.023350136018742255, 0.01738753006395585, 0.05877905008850652]"
doc_01151,11421493,2019,13,0.7796951910743639,unknown,2019,UNKNOWN OR OTHER,,low,1,"[0.005813667624756013, 0.004285269825767403, 0.00498291551567495, 0.004070310560511653, 0.0058876114078033346, 0.005279701438225974, 0.0048102744415373, 0.004755126652993047, 0.005128587206293065, 0.005704486551223455, 0.0040871316541686254, 0.011184711947505172, 0.7796951910743639, 0.005420281871849036, 0.0037668403094792704, 0.04166116295819929, 0.0038584583540040174, 0.01637026559420678, 0.004785714907772434]"
doc_01152,11407230,2019,5,1.0,2.0_TSI,2019,POWER TRAIN,,medium,0,"[1.952751957107519e-308, 2.3583732043705026e-308, 2.63229476727409e-308, 3.8542486526110673e-308, 1.0, 1.6641243492804985e-308, 1.186811782528086e-308, 1.680452706187628e-308, 1.2916179053702836e-308, 3.888611091273129e-308, 1.8219809140018185e-308, 1.3452664496879407e-308, 1.8087593296334303e-308, 1.4804091288129933e-308, 1.813411362081135e-308, 1.702978500997639e-308, 2.504522179518768e-308, 1.3977967916817596e-308, 2.3075146923806596e-308]"
doc_01153,11386904,2019,3,0.3803485841249095,unknown,2019,ELECTRICAL SYSTEM,,low,0,"[0.06378204852577123, 0.030742258288246872, 0.3803485841249095, 0.022951703112706143, 0.017857775797276723, 0.031634515546915626, 0.015565086898339804, 0.028543937747540736, 0.018913545018711227, 0.05879260919486865, 0.04100461689813583, 0.011191626617277975, 0.011576539598098939, 0.021401991258236556, 0.031818779159905664, 0.010266821053522397, 0.021404572479802163, 0.010332001825201874, 0.056316127878242424]"
doc_01154,11341069,2019,1,0.1591595119817589,unknown,2019,UNKNOWN OR OTHER,,low,0,"[0.1591595119817589, 0.027485061073841615, 0.05901350012289439, 0.02298018564246643, 0.02045940587221357, 0.057067877698206156, 0.036148449782454434, 0.03585278898286276, 0.04538630085683935, 0.04191465685046945, 0.05221084383330149, 0.02076042567858594, 0.018823181987180332, 0.050880351154914995, 0.038280232355165936, 0.016424308667449178, 0.02170354132045755, 0.018036611758111703, 0.05710024671962005]"
doc_01155,11323353,2019,11,1.0,unknown,2019,POWER TRAIN,,high,1,"[3.7305853390750854e-308, 2.5486864719912564e-308, 5.985055644454412e-308, 2.592856594550159e-308, 1.780190277364944e-308, 2.7820468577274195e-308, 1.8729435088087733e-308, 2.2034127399600185e-308, 2.0845576152616375e-308, 3.1588402590140637e-308, 1.0, 1.288339144960075e-308, 1.266959826843877e-308, 2.321337318627231e-308, 1.3384660342150074e-307, 1.1502143857171615e-308, 2.2526507287580584e-308, 1.1894169877628266e-308, 9.364812985907456e-308]"
doc_01156,11322344,2019,13,1.0,unknown,2019,STRUCTURE,,low,0,"[1.804079056389741e-308, 1.3405936686039415e-308, 1.546748325757582e-308, 1.277683709454891e-308, 1.824268486596924e-308, 1.6483468394225686e-308, 1.5380690653409107e-308, 1.4879365523530956e-308, 1.629710511473411e-308, 1.7522695093091047e-308, 1.2860850190781706e-308, 3.728280618491349e-308, 1.0, 1.709926784579951e-308, 1.1894799155697367e-308, 1.984626736969565e-307, 1.212943653529932e-308, 5.932759508292391e-308, 1.4908178708379053e-308]"
doc_01157,11310540,2019,6,1.0,unknown,2020,"STRUCTURE,UNKNOWN OR OTHER",,low,0,"[5.640914090858124e-308, 2.332384892566728e-308, 3.690512664359985e-308, 1.707575262586329e-308, 1.5797547047806736e-308, 1.0, 3.4505442310396995e-308, 5.392568467692543e-308, 4.597828642499228e-308, 3.116094887588652e-308, 2.664502731860792e-308, 1.9776688655443483e-308, 1.6898102644843537e-308, 6.199189135159096e-308, 2.1051451504007895e-308, 1.474271018504737e-308, 1.846931446341937e-308, 1.6755525391720517e-308, 2.933493349524676e-308]"
doc_01158,11308999,2019,13,1.0,unknown,2019,STRUCTURE,,low,0,"[1.832477591642098e-308, 1.35225299590201e-308, 1.5645907268278637e-308, 1.28625316542401e-308, 1.836110393709239e-308, 1.671606901223136e-308, 1.557065910522497e-308, 1.5057216923524825e-308, 1.6518291021252796e-308, 1.77227469772749e-308, 1.2992067442157853e-308, 3.798031744948214e-308, 1.0, 1.734316303936064e-308, 1.200058295897467e-308, 1.7580711456081042e-307, 1.2220159468264097e-308, 6.007625087993807e-308, 1.5080089150573134e-308]"
doc_01159,11307370,2019,15,1.0,2.0_TSI,2019,ENGINE,,high,0,"[3.092291299727757e-308, 2.312373867729956e-308, 4.783762126456788e-308, 2.6822068981914877e-308, 1.758465586120148e-308, 2.2182295379028716e-308, 1.62673609741135e-308, 1.870855208732156e-308, 1.771988474438729e-308, 2.6930194719017734e-308, 1.1910177569264391e-307, 1.1695189594672136e-308, 1.172433575575676e-308, 1.9653473898005403e-308, 1.0, 1.077013370851197e-308, 2.1566720067125957e-308, 1.095245760968573e-308, 6.4201491022898e-308]"
doc_01160,11306451,2019,19,1.0,unknown,2019,"POWER TRAIN,ENGINE",,medium,0,"[3.8615024541916764e-308, 3.378925819532898e-308, 7.852616048007191e-308, 3.825919802996781e-308, 2.3373760528075066e-308, 3.304679545451006e-308, 1.916849867546178e-308, 2.65190090308321e-308, 2.1442497351856606e-308, 4.630198782934078e-308, 1.3673670542748827e-307, 1.3676187611954005e-308, 1.41202714826695e-308, 2.5523677617790464e-308, 1.0247603969589633e-307, 1.275566824706654e-308, 3.120843863201873e-308, 1.2843791886221342e-308, 1.0]"
doc_01161,11298397,2019,15,1.0,unknown,2019,ENGINE,,medium,0,"[3.024811962031022e-308, 2.322358852546459e-308, 4.738046852058171e-308, 2.7618967214851547e-308, 1.800896681819418e-308, 2.270376464804253e-308, 1.650644830495638e-308, 1.8862079615217626e-308, 1.7911173111624214e-308, 2.7439106976107633e-308, 1.3605380801906835e-307, 1.191812411868844e-308, 1.1964183235043873e-308, 2.013890513107493e-308, 1.0, 1.097957153359483e-308, 2.2050023300756507e-308, 1.1168392129411195e-308, 7.292769280130976e-308]"
doc_01162,11281274,2019,15,1.0,2.0_TSI,2019,"STEERING,ENGINE,FUEL/PROPULSION SYSTEM",,high,1,"[3.0204838148816394e-308, 2.279067056774501e-308, 4.626690268617831e-308, 2.6692011917207415e-308, 1.7495469988160835e-308, 2.1814674915381524e-308, 1.6095407922721024e-308, 1.843459205799442e-308, 1.75026389975596e-308, 2.643246887857038e-308, 1.1182318708442904e-307, 1.161453713621844e-308, 1.164911891802702e-308, 1.943041999058248e-308, 1.0, 1.0710832064991567e-308, 2.1390348058460826e-308, 1.088553342983589e-308, 6.229445608574977e-308]"
doc_01163,11278695,2019,18,0.2684732465177427,unknown,2019,VISIBILITY/WIPER,,low,0,"[0.008419163684393972, 0.005485504297016789, 0.00644145625355953, 0.005053196323579973, 0.006577145991379722, 0.007767829097205916, 0.008376898691116866, 0.006700612703031009, 0.008645909807449498, 0.00684635105116918, 0.0057352890155451695, 0.04050777363358743, 0.024845649935477915, 0.008619771049559848, 0.005226076344744231, 0.019656980086156184, 0.004981706088741223, 0.2684732465177427, 0.006435622556845398]"
doc_01164,11270430,2019,15,1.0,unknown,2019,ENGINE,,medium,0,"[3.1212103513932674e-308, 2.4508745109989944e-308, 5.16584247739523e-308, 2.955750917486036e-308, 1.8977497384760176e-308, 2.3951790269941197e-308, 1.6846478311955506e-308, 1.971933316226953e-308, 1.8357681276400943e-308, 2.963963092351102e-308, 1.5441358819032923e-307, 1.2263869597666083e-308, 1.238494991845189e-308, 2.0896846985350287e-308, 1.0, 1.1333633545726935e-308, 2.3379958369914175e-308, 1.1501730950180875e-308, 9.22483967732624e-308]"
doc_01165,11268502,2019,3,0.2938475613076515,unknown,2019,POWER TRAIN,,medium,0,"[0.05237855101742877, 0.039445279158980384, 0.2938475613076515, 0.028780057014396183, 0.018891922481817827, 0.033678729933504084, 0.017420315621529788, 0.030303964213640688, 0.02038382923008907, 0.053842939223319126, 0.0686535512264823, 0.011789187197286272, 0.012060457635981157, 0.02238540622921289, 0.04635370191589225, 0.010839892068623569, 0.027433831839904752, 0.010963071022490329, 0.07828758031494767]"
doc_01166,11268696,2019,3,1.0,unknown,2019,ENGINE,,low,0,"[6.223187318613486e-308, 5.057951828002617e-308, 1.0, 3.255024238380418e-308, 2.2990077927035323e-308, 4.0896800269133595e-308, 1.9742550990588906e-308, 3.956797918581494e-308, 2.340166445606819e-308, 8.254991047759697e-308, 5.60303717664706e-308, 1.41468954936348e-308, 1.470171617026639e-308, 2.596576689361644e-308, 4.2092730133430393e-308, 1.3134332121216127e-308, 3.2271148223094683e-308, 1.31772983100557e-308, 7.361309112021324e-308]"
doc_01167,11265704,2019,3,0.37433162759688177,unknown,2019,"POWER TRAIN,ENGINE",,low,0,"[0.05997365256281348, 0.040679932983206574, 0.37433162759688177, 0.02925065304413149, 0.020234665171636926, 0.038360126442584117, 0.019200244998778777, 0.03360869631844789, 0.022620317674303742, 0.06042706569476336, 0.06797893099643601, 0.013163009219326257, 0.013416080196731293, 0.024905390467113785, 0.045867476744381366, 0.012008668937450909, 0.028218594574360066, 0.012195667375049228, 0.08355919900160307]"
doc_01168,11255801,2019,15,1.0,2.0_TSI,2019,"POWER TRAIN,ELECTRICAL SYSTEM,UNKNOWN OR OTHER",,high,1,"[3.019311240140963e-308, 2.272593736642311e-308, 4.607939403257997e-308, 2.654892916972175e-308, 1.742362930164596e-308, 2.170995506024419e-308, 1.604848572467992e-308, 1.838246787801791e-308, 1.745657268552063e-308, 2.6297722618138043e-308, 1.0894481025630565e-307, 1.15782873720565e-308, 1.161007453394134e-308, 1.9348959401477677e-308, 1.0, 1.067735635059796e-308, 2.129662220258364e-308, 1.0851232647682375e-308, 6.116037085082087e-308]"
doc_01169,11254728,2019,3,1.0,unknown,2019,"STEERING,POWER TRAIN",,medium,0,"[6.204049815790946e-308, 4.825017734210953e-308, 1.0, 3.210615132596578e-308, 2.2150029173504837e-308, 4.005024740576348e-308, 1.978024245730602e-308, 3.7718757485294787e-308, 2.337301789803685e-308, 7.146121473134324e-308, 6.164898988212289e-308, 1.389753632934439e-308, 1.431957724597246e-308, 2.577631900155329e-308, 4.459424902651764e-308, 1.282327047814677e-308, 3.158411014646259e-308, 1.2923537352304704e-308, 7.675647329296973e-308]"
doc_01170,11254088,2019,3,1.0,unknown,2019,ENGINE,,medium,1,"[6.105490291417755e-308, 4.993987546312293e-308, 1.0, 3.2358671263285907e-308, 2.253659381469339e-308, 4.1085998084732226e-308, 1.9859538207983777e-308, 3.903250139216413e-308, 2.3459536982840454e-308, 7.780264412272206e-308, 5.880655339549601e-308, 1.4051787087047186e-308, 1.4539707255740343e-308, 2.5953304408064173e-308, 4.3253410969414513e-308, 1.300078390808433e-308, 3.218108575621487e-308, 1.308103910333455e-308, 7.621544649106188e-308]"
doc_01171,11252435,2019,3,1.0,unknown,2019,ENGINE,,low,0,"[5.627632253995942e-308, 4.999954166532841e-308, 1.0, 3.422796649995485e-308, 2.2655868237985835e-308, 3.6343962456988986e-308, 1.882870060616099e-308, 3.504247660310146e-308, 2.2020410800203484e-308, 6.953078249477553e-308, 6.173533214815428e-308, 1.3490040076188294e-308, 1.4042221992218763e-308, 2.4190819580648844e-308, 4.599928651908399e-308, 1.2620649908749214e-308, 3.2932607210419155e-308, 1.262035459465298e-308, 7.607853377574512e-308]"
doc_01172,11245869,2019,15,0.08773548257007795,unknown,2019,"POWER TRAIN,ENGINE",,high,2,"[0.03451982104797964, 0.024256847475474068, 0.06489870895017508, 0.024803109537567238, 0.016629107232822564, 0.027565908872724997, 0.016622058680713557, 0.020971194166675162, 0.01848364681234873, 0.033664240634132446, 0.2549279951148889, 0.011071487869038167, 0.011100623360768799, 0.021353199837353093, 0.08773548257007795, 0.00999656706053607, 0.021167765917926087, 0.01026408460613292, 0.18723580987795435]"
doc_01173,11245936,2019,15,1.0,2.0_TSI,2019,POWER TRAIN,,high,0,"[3.031613691389231e-308, 2.282116630544782e-308, 4.644901808764071e-308, 2.6662581814619556e-308, 1.748547771115168e-308, 2.185238985404789e-308, 1.611665979449397e-308, 1.846606154759168e-308, 1.7531700148719236e-308, 2.6470984439843273e-308, 1.1243319549970081e-307, 1.161956843441901e-308, 1.1651057690750173e-308, 1.945304617600939e-308, 1.0, 1.0711555463693995e-308, 2.1388799313994355e-308, 1.0888206670794937e-308, 6.232483880381461e-308]"
doc_01174,11243518,2019,3,1.0,2.0_TSI,2019,ENGINE,,high,1,"[6.317547334819937e-308, 4.926703228697586e-308, 1.0, 3.22896332400682e-308, 2.26922539398753e-308, 4.133038755975054e-308, 1.9920316431435915e-308, 3.919522819964427e-308, 2.3634265869802705e-308, 7.898469252719802e-308, 5.848926500060575e-308, 1.4141804303929484e-308, 1.462925977081827e-308, 2.6247557491272604e-308, 4.32012366168811e-308, 1.3071832188000314e-308, 3.189743848082769e-308, 1.3151770397639493e-308, 7.629456987130164e-308]"
doc_01175,11235282,2019,15,1.0,unknown,2019,POWER TRAIN,,medium,0,"[3.1173289488433625e-308, 2.37194618239771e-308, 4.97771094900867e-308, 2.806724127778226e-308, 1.834961820320533e-308, 2.3491781010477716e-308, 1.6861731249302566e-308, 1.9349459405214653e-308, 1.8337858867724873e-308, 2.8456711785479054e-308, 1.574067131119307e-307, 1.214829640742991e-308, 1.2195056929768363e-308, 2.072834157102113e-308, 1.0, 1.117021001993627e-308, 2.2439775580297067e-308, 1.1371978077120976e-308, 8.044860376496542e-308]"
doc_01176,11232051,2019,15,1.0,unknown,2019,UNKNOWN OR OTHER,,high,1,"[3.1112458282950394e-308, 2.41591770524837e-308, 5.057110232049892e-308, 2.8780991518135827e-308, 1.856323898783534e-308, 2.358450938837427e-308, 1.6773041376360654e-308, 1.948517462713005e-308, 1.8249151366782607e-308, 2.8926900216779867e-308, 1.565945909920432e-307, 1.213251188017923e-308, 1.221816890649304e-308, 2.0623146509058593e-308, 1.0, 1.1190602326182486e-308, 2.2915805391419485e-308, 1.1371224497415817e-308, 8.392405033359225e-308]"
doc_01177,11229984,2019,15,1.0,unknown,2019,"POWER TRAIN,ENGINE",,medium,0,"[3.0508398460803315e-308, 2.32128104504887e-308, 4.757809768578945e-308, 2.7361613823070376e-308, 1.7929165605986585e-308, 2.290713201475356e-308, 1.665710100074798e-308, 1.8967178361196087e-308, 1.807504205602456e-308, 2.7490564080642797e-308, 1.4429948486822247e-307, 1.19664820169392e-308, 1.198731815807567e-308, 2.0316216456241596e-308, 1.0, 1.0995779941514594e-308, 2.196497162715571e-308, 1.120200038450735e-308, 7.334823710947159e-308]"
doc_01178,11229842,2019,15,1.0,unknown,2019,"UNKNOWN OR OTHER,ENGINE",,low,0,"[3.070527825712574e-308, 2.4058892533072316e-308, 5.005204479165144e-308, 2.9128138511093825e-308, 1.8735729259934214e-308, 2.336249335714286e-308, 1.662887059662998e-308, 1.9343570895305594e-308, 1.809133325457507e-308, 2.8837873220015517e-308, 1.424401711982054e-307, 1.2121309458177923e-308, 1.2237045176432365e-308, 2.0520933111619777e-308, 1.0, 1.1212562254131976e-308, 2.298426424124408e-308, 1.1374146512555233e-308, 8.436644761817185e-308]"
doc_01179,11228619,2019,18,1.0,unknown,2019,UNKNOWN OR OTHER,,low,0,"[1.7664991981193823e-308, 1.1769298036470448e-308, 1.371525979376021e-308, 1.0897159009146387e-308, 1.4196293642496466e-308, 1.6371790819055403e-308, 1.7667728861185366e-308, 1.4217474626847005e-308, 1.813965437710874e-308, 1.461779654634381e-308, 1.22560221594407e-308, 7.431479244516742e-308, 5.437293801116817e-308, 1.807862538106991e-308, 1.120965492857088e-308, 4.431637946139162e-308, 1.07261737862101e-308, 1.0, 1.3719450934753474e-308]"
doc_01180,11228804,2019,15,1.0,2.0_TSI,2019,ENGINE,,high,0,"[3.066061542540778e-308, 2.3237180789197557e-308, 4.792017259241176e-308, 2.738053041463927e-308, 1.7842441545184e-308, 2.2251173578349333e-308, 1.6241190428362804e-308, 1.873244728157041e-308, 1.7687703608808064e-308, 2.718110656101712e-308, 1.2098883074676583e-307, 1.174698013210524e-308, 1.180438335554862e-308, 1.9728729264618883e-308, 1.0, 1.084231456202271e-308, 2.184040150148702e-308, 1.101140398721721e-308, 6.676500279610855e-308]"
doc_01181,11228856,2019,15,1.0,2.0_TSI,2019,FUEL/PROPULSION SYSTEM,,high,0,"[3.028277142623772e-308, 2.282638461093294e-308, 4.641687262535998e-308, 2.6688150465584096e-308, 1.7492425308112756e-308, 2.1852803091697307e-308, 1.6113690685833807e-308, 1.8464780733380403e-308, 1.7526116942275826e-308, 2.647521259844333e-308, 1.125990933114976e-307, 1.16194660883615e-308, 1.1652153365003647e-308, 1.945004564781759e-308, 1.0, 1.071268128050393e-308, 2.140421855264886e-308, 1.08887966911602e-308, 6.243049654622898e-308]"
doc_01182,11228558,2019,15,1.0,unknown,2019,ENGINE,,high,1,"[3.1510836006172266e-308, 2.345468621474122e-308, 4.899421681732902e-308, 2.6924310587564954e-308, 1.783173591976944e-308, 2.3832176044746064e-308, 1.720229293896338e-308, 1.950964178764845e-308, 1.869153624358744e-308, 2.8042709809547335e-308, 1.8721142278606125e-307, 1.2170009155501036e-308, 1.2121503913630424e-308, 2.1026472426082405e-308, 1.0, 1.109762741183325e-308, 2.1973708154990612e-308, 1.135602578228156e-308, 7.821988531376967e-308]"
doc_01183,11218942,2019,15,0.2433981294593917,2.0_TSI,2019,"POWER TRAIN,ELECTRICAL SYSTEM,ENGINE",,high,1,"[0.029721126120528452, 0.020889806407506595, 0.04898476488234176, 0.02250682560229726, 0.014062404090523152, 0.020666563772883034, 0.014088409682596585, 0.01715393481652511, 0.015516863597075692, 0.02493504353878114, 0.1509273350707993, 0.00892044100552862, 0.008909582204149906, 0.01723511031580218, 0.2433981294593917, 0.008144875303697518, 0.018485298205182563, 0.008315807115015462, 0.06387414892944478]"
doc_01184,11217288,2019,15,1.0,unknown,2019,ENGINE,,medium,0,"[3.0987463559590996e-308, 2.339336364751968e-308, 4.835218753320781e-308, 2.7202292103291117e-308, 1.7871879391662847e-308, 2.3322113561125067e-308, 1.688544460741706e-308, 1.9229006295914143e-308, 1.8335322314040154e-308, 2.777805357859493e-308, 1.6231227482729858e-307, 1.204065336792693e-308, 1.2032336302661983e-308, 2.0592058358714435e-308, 1.0, 1.102788715507672e-308, 2.2017588777067917e-308, 1.125591929098469e-308, 7.539673682189607e-308]"
doc_01185,11210260,2019,15,1.0,2.0_TSI,2019,ENGINE,,medium,0,"[3.0348441792114293e-308, 2.30137183973201e-308, 4.699658000721525e-308, 2.713269370715135e-308, 1.769957697875035e-308, 2.193651308419074e-308, 1.6092725269690193e-308, 1.8542654502383095e-308, 1.7523947626293917e-308, 2.676893441261711e-308, 1.1325143500677908e-307, 1.1655208582282444e-308, 1.171119582406186e-308, 1.950898153640768e-308, 1.0, 1.0764735377916463e-308, 2.163940367900892e-308, 1.0928732619377337e-308, 6.409443743644353e-308]"
doc_01186,11208702,2019,15,1.0,unknown,2019,ENGINE,,high,0,"[3.0793821513648554e-308, 2.3544990464205205e-308, 4.884842329779445e-308, 2.794581330657313e-308, 1.8247906476025816e-308, 2.32355302828134e-308, 1.674720325859019e-308, 1.9184069150549554e-308, 1.8194721766652557e-308, 2.810957851290378e-308, 1.4990026896928413e-307, 1.2077559243386104e-308, 1.212463379416755e-308, 2.0542749679927174e-308, 1.0, 1.111272114746483e-308, 2.232617482697522e-308, 1.1310394024823013e-308, 7.820929388558418e-308]"
doc_01187,11206028,2019,15,1.0,unknown,2019,ENGINE,,medium,0,"[3.014952636106471e-308, 2.320387450953235e-308, 4.708539183740166e-308, 2.753202271933801e-308, 1.792199047634066e-308, 2.262972596485099e-308, 1.646395488535236e-308, 1.8829699765655323e-308, 1.786356650212915e-308, 2.731312696655736e-308, 1.3510070896091091e-307, 1.1873989210313306e-308, 1.191543214547498e-308, 2.005332847011225e-308, 1.0, 1.0937580079616384e-308, 2.202070129584389e-308, 1.1126912811996794e-308, 7.197788297550148e-308]"
doc_01188,11205657,2019,15,0.4758497852812186,unknown,2019,"ENGINE,FUEL/PROPULSION SYSTEM",,low,0,"[0.025050754430293202, 0.018842928447280485, 0.04075958243889793, 0.02193785987529961, 0.014443041949982086, 0.019179618866651447, 0.013497918130139725, 0.015567243855148086, 0.014716436610198114, 0.02308661689768046, 0.15772288665855036, 0.00965081169075428, 0.009668922769010012, 0.016751606007335464, 0.4758497852812186, 0.008831094817665537, 0.0177138283210734, 0.009014127432450805, 0.07261136409803075]"
doc_01189,11205774,2019,15,1.0,unknown,2019,ENGINE,,medium,0,"[2.9504192573857003e-308, 2.2355588785361797e-308, 4.456852441989091e-308, 2.636909550101007e-308, 1.7351184486694043e-308, 2.1509669063090277e-308, 1.5996261212345453e-308, 1.815941176690812e-308, 1.7355526369782457e-308, 2.587229928527969e-308, 1.0688026627890366e-307, 1.1560950996976684e-308, 1.158559651280974e-308, 1.929753466617626e-308, 1.0, 1.0660784492686797e-308, 2.1111920783567788e-308, 1.0838291883803926e-308, 6.075872222972686e-308]"
doc_01190,11204292,2019,15,1.0,2.0_TSI,2019,"UNKNOWN OR OTHER,ENGINE",,high,3,"[3.0385468135666864e-308, 2.287025518005923e-308, 4.663740925710981e-308, 2.6711049742740555e-308, 1.7510993444352765e-308, 2.1924689798591056e-308, 1.6150032877211586e-308, 1.8510270608892097e-308, 1.757056640328278e-308, 2.655479817261841e-308, 1.142180822388271e-307, 1.1638436494265594e-308, 1.1669053967326687e-308, 1.9505721004067064e-308, 1.0, 1.072638084638196e-308, 2.1432781938982e-308, 1.090468049552779e-308, 6.288892317413259e-308]"
doc_01191,11204142,2019,15,1.0,unknown,2019,"POWER TRAIN,ENGINE",,high,1,"[3.101525799728875e-308, 2.3382225051409353e-308, 4.839247686360968e-308, 2.7206246124289455e-308, 1.790226192084529e-308, 2.338826946892204e-308, 1.6929586040808407e-308, 1.9255608855146365e-308, 1.838055098614472e-308, 2.7826974639534063e-308, 1.6427852064749474e-307, 1.207155712828856e-308, 1.206123668104862e-308, 2.0666919387961745e-308, 1.0, 1.1052459914157135e-308, 2.201815378533658e-308, 1.1283374239029174e-308, 7.606431190276896e-308]"
doc_01192,11203618,2019,15,1.0,2.0_TSI,2019,UNKNOWN OR OTHER,,medium,0,"[3.026130283464056e-308, 2.276406003285006e-308, 4.623725513065934e-308, 2.658542433207511e-308, 1.743858962514036e-308, 2.170323837157352e-308, 1.6031255506117133e-308, 1.839611857219525e-308, 1.744881266594148e-308, 2.633232557307404e-308, 1.0815660127141265e-307, 1.1572623653037804e-308, 1.160767714617437e-308, 1.9337040448402835e-308, 1.0, 1.0675179852323743e-308, 2.1316818215117726e-308, 1.0846447902019897e-308, 6.104849995430789e-308]"
doc_01193,11197188,2019,15,0.06927216153053613,unknown,2019,ENGINE,,low,0,"[0.03756693220282879, 0.02695381013791492, 0.07838273733382588, 0.025872559109879432, 0.017084668184602518, 0.03013885704654876, 0.016803591788211985, 0.022907896566442622, 0.01893596096561063, 0.03900150347170968, 0.14795161014001867, 0.011024549634038122, 0.011129864802613756, 0.021780768588217293, 0.06927216153053613, 0.009990764528788462, 0.022640900926515266, 0.010225040521209606, 0.200014717361068]"
doc_01194,11196841,2019,15,1.0,unknown,2019,ENGINE,,high,1,"[3.0147081542496504e-308, 2.344282348421312e-308, 4.787623670488013e-308, 2.824092034119794e-308, 1.8298159284297203e-308, 2.2811844971688783e-308, 1.6480380988334517e-308, 1.894514075997524e-308, 1.7887310430813577e-308, 2.7816102483283876e-308, 1.3430700767646053e-307, 1.197238496301507e-308, 1.2053442200104197e-308, 2.019577585875792e-308, 1.0, 1.10586403512487e-308, 2.238405432978545e-308, 1.1230906444800094e-308, 7.645217634391568e-308]"
doc_01195,11196007,2019,15,1.0,2.0_TSI,2019,ENGINE,,medium,0,"[3.022234302243029e-308, 2.275709292716103e-308, 4.617934072486424e-308, 2.6582023001684517e-308, 1.7438151641315316e-308, 2.1745074647020533e-308, 1.6064304373171176e-308, 1.840484246425278e-308, 1.747279504374547e-308, 2.6344863938385274e-308, 1.0980887573656945e-307, 1.1587006260977253e-308, 1.161916189047123e-308, 1.936867563791322e-308, 1.0, 1.068487719936054e-308, 2.1324918056262567e-308, 1.085921861775338e-308, 6.144197363871604e-308]"
doc_01196,11195494,2019,15,1.0,2.0_TSI,2019,POWER TRAIN,,high,0,"[3.1760466272960096e-308, 2.350528264294079e-308, 4.965821952372379e-308, 2.69764576467028e-308, 1.7665217608472115e-308, 2.2395459112238507e-308, 1.6309062596970894e-308, 1.895661020266493e-308, 1.7836814253173524e-308, 2.7385036612786985e-308, 1.1974400206180187e-307, 1.1715500057771276e-308, 1.1750241679106773e-308, 1.9741952299509415e-308, 1.0, 1.07878122961888e-308, 2.173551204278177e-308, 1.096626424905747e-308, 6.455297191165526e-308]"
doc_01197,11194804,2019,11,0.34843923546417693,unknown,2019,"POWER TRAIN,ENGINE",,medium,0,"[0.017618255333257265, 0.012668813427438596, 0.02789984116739394, 0.013731390033812647, 0.00930825088335794, 0.013389417381626231, 0.009354202090153203, 0.010735087190374134, 0.010287330385995927, 0.015499781979018995, 0.34843923546417693, 0.006583380087100818, 0.006511213326296942, 0.011554273950901604, 0.1221837418092814, 0.005930956152704934, 0.011587943989530137, 0.006106189820856949, 0.04688230744621297]"
doc_01198,11194200,2019,15,0.20590145342203695,unknown,2019,"ENGINE,FUEL/PROPULSION SYSTEM",,medium,0,"[0.017953771094390284, 0.013383397112865823, 0.029395136261138145, 0.015302110375490867, 0.010093440003154642, 0.013781805910552733, 0.009585249001099281, 0.011124060019805294, 0.010481047794045746, 0.01648548642361201, 0.13556432912373098, 0.006800603126051714, 0.00679805810708504, 0.011933166501376364, 0.20590145342203695, 0.006201097787951336, 0.012481602706495438, 0.0063413591924330395, 0.054303673085830687]"
doc_01199,11193937,2019,15,1.0,2.0_TSI,2019,ENGINE,,medium,1,"[3.105265963750026e-308, 2.3240033501144767e-308, 4.821829302216385e-308, 2.692237220646014e-308, 1.7610505479264876e-308, 2.214231636287189e-308, 1.621097693639421e-308, 1.8735188166583377e-308, 1.7675522308855185e-308, 2.701349414053977e-308, 1.1624070496856877e-307, 1.166929308566286e-308, 1.1709161595042296e-308, 1.9575680300238034e-308, 1.0, 1.075693765722251e-308, 2.163109782149428e-308, 1.0931325486933204e-308, 6.371480046373995e-308]"
doc_01200,11193940,2019,15,1.0,unknown,2019,"ENGINE,FUEL/PROPULSION SYSTEM",,medium,0,"[3.0639567193049317e-308, 2.3314810247442815e-308, 4.795545691651803e-308, 2.7466716708922006e-308, 1.800354874193865e-308, 2.310689620090742e-308, 1.6750909276629093e-308, 1.9084196535959897e-308, 1.8178460330117764e-308, 2.77069246847716e-308, 1.5030988866556026e-307, 1.202467292498812e-308, 1.2043961036888813e-308, 2.0466221910808175e-308, 1.0, 1.104285772622173e-308, 2.2065568333783797e-308, 1.125375098819835e-308, 7.533414584347329e-308]"
doc_01201,11717877,2020,2,1.0,unknown,2022,"FUEL SYSTEM, GASOLINE",,high,0,"[2.802794511284838e-308, 1.0, 5.279710975778663e-308, 3.4166430661829125e-308, 2.2753918895751097e-308, 2.7299227068260795e-308, 1.4482683159986454e-308, 3.9332113357540807e-308, 1.6452239086243117e-308, 6.207953852386139e-308, 2.444645097099139e-308, 1.2281653527273876e-308, 1.3513615219758135e-308, 1.826381892667818e-308, 2.1614608821189057e-308, 1.2302746863474757e-308, 5.393249429113419e-308, 1.1818045416752644e-308, 3.0523136363409325e-308]"
doc_01202,11621140,2020,1,0.12030498169767263,unknown,2020,VEHICLE SPEED CONTROL,,medium,1,"[0.12030498169767263, 0.029791196618596322, 0.11117104022143397, 0.025200554551600283, 0.019875199693103293, 0.04189954392243891, 0.02381267182201817, 0.031086678221275428, 0.029045155773895066, 0.04559600893653405, 0.07100872565705117, 0.015321861272551378, 0.014871856935820835, 0.03263359065075244, 0.04722700101919715, 0.013220838333104033, 0.02299108201576236, 0.013825966731044666, 0.07482290574728287]"
doc_01203,11616969,2020,18,1.0,unknown,2020,UNKNOWN OR OTHER,,low,0,"[1.8046779320939165e-308, 1.1958385558219716e-308, 1.400369964565624e-308, 1.1081331367972624e-308, 1.4513119046106663e-308, 1.665889740209781e-308, 1.782030714728138e-308, 1.4439693158462643e-308, 1.838075613534256e-308, 1.494036208685997e-308, 1.245482495226072e-308, 7.641386713631449e-308, 5.809339980862971e-308, 1.84152007033807e-308, 1.138363471472247e-308, 4.613186211504563e-308, 1.0886551263121005e-308, 1.0, 1.398205286434673e-308]"
doc_01204,11558354,2020,1,0.09165171771942635,unknown,2023,ELECTRICAL SYSTEM,,low,0,"[0.09165171771942635, 0.02830335197008579, 0.08479385979129868, 0.024457694611314938, 0.02250241569280299, 0.044478237598587655, 0.022876020611213747, 0.033365196212950136, 0.02933040373553004, 0.049387931565713375, 0.042089832877547015, 0.01735445966760034, 0.017235639982772985, 0.038784711087352305, 0.03366552880085279, 0.015034126930023171, 0.02233440584474023, 0.015558894720679981, 0.053984212216783435]"
doc_01205,11352157,2020,3,0.34409527383647304,unknown,2020,"ELECTRICAL SYSTEM,EXTERIOR LIGHTING,ENGINE",,medium,1,"[0.05413521806159016, 0.0372904118971477, 0.34409527383647304, 0.02802578866148129, 0.019622500650977058, 0.03228879055015617, 0.016237975942261246, 0.029347901562948975, 0.019231411345048733, 0.06623825881124311, 0.05250395246880311, 0.01156790736546832, 0.012058984822724148, 0.02156970744414777, 0.03958324210772498, 0.010767567051334286, 0.02586718409313663, 0.010779027627600433, 0.07560608856028828]"
doc_01206,11343773,2020,1,0.1447617573621121,unknown,2020,ELECTRONIC STABILITY CONTROL (ESC),,low,0,"[0.1447617573621121, 0.02882938426842647, 0.07644100297923587, 0.024049462549913393, 0.020488259266294606, 0.050337927678665156, 0.029499604100938357, 0.03443703210589193, 0.03690622432831539, 0.04478776293022425, 0.057968302922014076, 0.018129480059551648, 0.0170569570918694, 0.0413281736662971, 0.041604994957238704, 0.015011058153704935, 0.022395012168795476, 0.01605320093005105, 0.06362126230159526]"
doc_01207,11603172,2021,1,0.003827595677928473,unknown,2021,EXTERIOR LIGHTING,,low,0,"[0.003827595677928473, 0.0026015340127819283, 0.00306231196137271, 0.002428674453927128, 0.0033078355728798797, 0.003484370551210112, 0.0034521446305780896, 0.0030573693226062914, 0.0036381396980395605, 0.003347706600697692, 0.0026204680609864454, 0.014722504961494298, 0.02926964219855152, 0.003752389859625344, 0.00239855561971847, 0.017446046645098398, 0.0023507245182075574, 0.032442865915750047, 0.003000189769858618]"
doc_01208,11569730,2021,1,0.1005409554990746,unknown,2021,SERVICE BRAKES,,low,0,"[0.1005409554990746, 0.02944325074463481, 0.09323455200405611, 0.025671759067363936, 0.02032480786004358, 0.0438464682057276, 0.02644888226006306, 0.03132085831417488, 0.03157560647868546, 0.0440052188440983, 0.08188626172872025, 0.016384776616712986, 0.015704157843419112, 0.03539466744323117, 0.05320103032924564, 0.013964105222165742, 0.023341172870570828, 0.014741744284715927, 0.08096264317791041]"
doc_01209,11567687,2021,18,0.0661128555839073,unknown,2021,UNKNOWN OR OTHER,,low,1,"[0.0070682355308410785, 0.004682161094110471, 0.00553332336700631, 0.004342968305186785, 0.005810630252217859, 0.006424891951765924, 0.006542661877283181, 0.005604618354196721, 0.006873281470958941, 0.005968960208860006, 0.00477781023722681, 0.02438514411215681, 0.030802583675838387, 0.00701144479589032, 0.004361101293384525, 0.02081778335869562, 0.004226148751924483, 0.0661128555839073, 0.005436171165619734]"
doc_01210,11502342,2021,12,0.017582494084799373,unknown,2021,"ELECTRICAL SYSTEM,AIR BAGS,SERVICE BRAKES",,low,0,"[0.06542754211745536, 0.014175793729172478, 0.022457353476588986, 0.01233391438864963, 0.011979827752774322, 0.03658743971724075, 0.035541947584355436, 0.022293901910496496, 0.05645215131626367, 0.020749831339604466, 0.019577466456788376, 0.017582494084799373, 0.013704799944029938, 0.09083755505713956, 0.015797657055582587, 0.011644699023475454, 0.012042305927607171, 0.013928431889220617, 0.02180272669139726]"
doc_01211,11475447,2021,1,0.09499210658263971,unknown,2022,"STEERING,ELECTRICAL SYSTEM",,low,0,"[0.09499210658263971, 0.020923446927322877, 0.04191204476726646, 0.01818016920079423, 0.016517107066928695, 0.047240873925167834, 0.028735999815302934, 0.028923679198452526, 0.03903432001275357, 0.03134020954023746, 0.03918187014573367, 0.017511555356376416, 0.01548787186369898, 0.06130368673358673, 0.02932713639700867, 0.013490098706099105, 0.017078279646109615, 0.014972278481067872, 0.04262776915880902]"
doc_01212,11579671,2023,1,0.08544704465220383,unknown,2023,"ELECTRICAL SYSTEM,EXTERIOR LIGHTING",,low,0,"[0.08544704465220383, 0.02816789366798861, 0.08295861231491532, 0.025260306664068425, 0.023368964619181573, 0.04278501569383444, 0.023305357766371684, 0.03216079978220433, 0.029490944556371718, 0.04858617685394662, 0.04429277601590654, 0.017836276332648362, 0.017753116761040903, 0.03917076631145704, 0.03567837569710036, 0.015505390450883585, 0.022646080516222484, 0.016020897935532817, 0.05675384504539723]"
doc_01213,11569945,2023,1,0.20659740193827922,unknown,2023,"ELECTRICAL SYSTEM,ENGINE,FUEL/PROPULSION SYSTEM",,low,0,"[0.20659740193827922, 0.027554479702037206, 0.06212946584231977, 0.022637236604956514, 0.020836241566792812, 0.060628710493159335, 0.03248632135131893, 0.03833412523197292, 0.044252340022939776, 0.043836594826706834, 0.044897726423422414, 0.02084499216102637, 0.019073038764059268, 0.056174029539236954, 0.03396603272412531, 0.01652154783652277, 0.021494520642365015, 0.01800585800507419, 0.051857965393122894]"
doc_01214,11559395,2023,1,0.08815226870772978,unknown,2023,"ELECTRICAL SYSTEM,FORWARD COLLISION AVOIDANCE",,low,2,"[0.08815226870772978, 0.02796040961588599, 0.08325452040210775, 0.0248980625998613, 0.022955676808225845, 0.04299303732616495, 0.023255608379158504, 0.03207640155164783, 0.029475015733348733, 0.04841855265715385, 0.04421105073060065, 0.01765372806832865, 0.017531697414262838, 0.038923633092646, 0.03536897083692672, 0.015305775755536355, 0.022386733230050967, 0.01584111416204103, 0.05652638456559813]"
doc_01215,11552167,2023,1,0.07837489157185062,unknown,2023,UNKNOWN OR OTHER,,low,1,"[0.07837489157185062, 0.02793947590177604, 0.07511877368983289, 0.025071074710331057, 0.022762790417131844, 0.04617520591053148, 0.02363460703778875, 0.03240232234459124, 0.0295999661926941, 0.049454728439674606, 0.04710133463531174, 0.017646316634935877, 0.017501753385314674, 0.04046319608072273, 0.03637698688752642, 0.015240563254163383, 0.022657416214641332, 0.015852440948575408, 0.06381479737988169]"
doc_01216,11547917,2023,1,0.08470841389851763,2.0_TSI,2023,"ELECTRICAL SYSTEM,FORWARD COLLISION AVOIDANCE",,low,0,"[0.08470841389851763, 0.0281838367310349, 0.08398072081858744, 0.025332850810256005, 0.023339108535320917, 0.04251162413324591, 0.023145990351740243, 0.03197528550396742, 0.02922737613589982, 0.04874634088465418, 0.04466613412744513, 0.017684151971015645, 0.017623376199591218, 0.038713324984852936, 0.035925642268931336, 0.015400253679984939, 0.022668611098171906, 0.01589978534544405, 0.05745581415861417]"
doc_01217,11542557,2023,1,0.13785356005259694,unknown,2023,POWER TRAIN,,high,1,"[0.13785356005259694, 0.029072685518386834, 0.08208534756856126, 0.02440076301685395, 0.020262844112793155, 0.048255953234823915, 0.028423804670459147, 0.033606446745459956, 0.035149857689812256, 0.04445052214742643, 0.06304818854353024, 0.01739953764854765, 0.016450934218987256, 0.03910005591305797, 0.044342159407681006, 0.014537410427040046, 0.02262821102506068, 0.015482700990266586, 0.06715587688978973]"
doc_01218,11540744,2023,1,0.1329479941884757,2.0_TSI,2022,SERVICE BRAKES,,high,1,"[0.1329479941884757, 0.029189714202989884, 0.08781456531903628, 0.024784377731060077, 0.020353492835680543, 0.04588357091585028, 0.02737415841316138, 0.03262823205404303, 0.03349388622023141, 0.044551727425745875, 0.06597557263841623, 0.01699711614771852, 0.016188232721955666, 0.03728356034450155, 0.04609456554272998, 0.014334501940179607, 0.022791255320512765, 0.015190757801506421, 0.0698295780573398]"
doc_01219,11523930,2023,5,0.20817161194734254,unknown,2023,"ELECTRICAL SYSTEM,VISIBILITY/WIPER,BACK OVER PREVENTION",,low,0,"[0.025857098535235407, 0.03006827083711889, 0.03772144803043274, 0.047865297023195245, 0.20817161194734254, 0.02104159044310976, 0.014237529018508535, 0.021193008213468655, 0.01570403886544195, 0.06090297069260705, 0.023112379001172707, 0.01559561733898625, 0.020287858168614767, 0.01823815359361641, 0.02261955471805778, 0.01862536030985405, 0.03072529208222761, 0.0158851577780194, 0.03063438429584385]"
doc_01220,11498915,2023,1,0.08607789617272724,2.0_TSI,2023,"ELECTRICAL SYSTEM,BACK OVER PREVENTION",,low,0,"[0.08607789617272724, 0.028289307726633982, 0.08444551746744659, 0.025263993600872052, 0.023439068950701098, 0.04260345611346497, 0.023137750833943694, 0.03230823043779624, 0.029296058978588824, 0.04897494082001667, 0.04365104799826804, 0.017788113146584975, 0.017748305667905903, 0.03871838912718569, 0.035296175096086985, 0.015499311612381685, 0.022674879659293268, 0.0159889727906278, 0.055987225436750145]"
doc_01221,11498753,2023,1,0.0895538195531538,2.0_TSI,2023,BACK OVER PREVENTION,,low,0,"[0.0895538195531538, 0.02809001353729809, 0.08455228264267244, 0.02481746074548881, 0.02300188530026263, 0.04302503365510797, 0.02310567453741768, 0.03239060864612721, 0.029344784205433686, 0.04889491233273403, 0.043168075161345854, 0.01764330693775801, 0.01756271551888873, 0.03857549669815975, 0.03468898481562563, 0.015323177234944054, 0.022386049408313978, 0.015836875164603918, 0.05522748554193971]"
doc_01222,11493796,2023,8,0.16060114603378328,2.0_TSI,2022,ENGINE,,medium,0,"[0.025654452757759624, 0.029699940942513915, 0.03976477286847735, 0.013908924167576709, 0.012478336767881062, 0.03083276852706934, 0.012487474372391033, 0.16060114603378328, 0.015005518800443506, 0.03500600158747468, 0.015074280908842178, 0.01022261624565858, 0.010454798869625933, 0.017056140077462763, 0.012545052359957674, 0.009268572409183011, 0.01711833459602895, 0.009426501801452549, 0.01761272269959096]"
