doc_name,thread_name,thread_url,dominant_topic,topic_gamma,displacement,fuel_type,year,mileage_km,mileage_bucket,engine_group,technical_bucket,chronic_score,n_messages,gamma_vector
doc_00001,(COZULDU) Golf 7 Direksiyonun Altindan Gelen Zirilti Trim Sesi,https://www.golftutkusu.com/topic/24669-cozuldu-golf-7-direksiyonun-altindan-gelen-zirilti-trim-sesi,19,0.981436996049596,1.2,petrol,NA,100000,90-120k,1.2_TSI,high,1,15,"[0.000343, 0.003184, 0.000148, 0.001035, 0.000170, 0.000419, 0.000135, 0.000382, 0.000478, 0.000826, 0.001665, 0.000092, 0.000463, 0.000531, 0.001416, 0.001620, 0.000237, 0.003214, 0.981437, 0.002205]"
doc_00002,(Cozuldu )Yagmur Sensoru Silecek Durmuyor,https://www.golftutkusu.com/topic/9630-cozuldu-yagmur-sensoru-silecek-durmuyor,3,0.7630756888103551,NA,unknown,NA,NA,unknown,unknown,high,3,34,"[0.001342, 0.000524, 0.763076, 0.000590, 0.222768, 0.001009, 0.000716, 0.000530, 0.000895, 0.000175, 0.000795, 0.000428, 0.000667, 0.001585, 0.000545, 0.001342, 0.000683, 0.001163, 0.000656, 0.000512]"
doc_00003,(Cozuldu) Aku sarj edilmiyor,https://www.golftutkusu.com/topic/22190-cozuldu-aku-sarj-edilmiyor,11,0.983677816080881,NA,unknown,NA,NA,unknown,unknown,medium,0,17,"[0.001000, 0.000067, 0.000769, 0.000990, 0.002041, 0.000988, 0.001270, 0.000631, 0.000867, 0.000072, 0.983678, 0.000677, 0.000603, 0.002449, 0.000147, 0.000785, 0.001110, 0.001084, 0.000664, 0.000106]"
doc_00004,(Cozuldu) Golf 7 Highline Yagmur Sensoru Arizasi,https://www.golftutkusu.com/topic/21840-cozuldu-golf-7-highline-yagmur-sensoru-arizasi,4,0.8084095053724942,NA,unknown,2013,NA,unknown,unknown,medium,0,16,"[0.001217, 0.000361, 0.001277, 0.808410, 0.172040, 0.001571, 0.001401, 0.001507, 0.001512, 0.000513, 0.001734, 0.000932, 0.000591, 0.002479, 0.000372, 0.001081, 0.000897, 0.000964, 0.001033, 0.000109]"
doc_00005,(Cozuldu)Afl Dinamik Viraj Fari Hatasi (C1036 15),https://www.golftutkusu.com/topic/25469-cozuldu-afl-dinamik-viraj-fari-hatasi-c1036-15,18,0.6426429920343786,NA,unknown,NA,NA,unknown,unknown,medium,1,18,"[0.002757, 0.000560, 0.005524, 0.004853, 0.300809, 0.003791, 0.002242, 0.002349, 0.004352, 0.001331, 0.003140, 0.003028, 0.002540, 0.009419, 0.002188, 0.002529, 0.004249, 0.642643, 0.001569, 0.000126]"
doc_00006,(⚙️Hata: Sanziman ) Hidrolik Pompasi Patlamis,https://www.golftutkusu.com/topic/13232-hata-sanziman-hidrolik-pompasi-patlamis,15,0.9953556072851856,1.6,diesel,2013,126000,120-150k,1.6_TDI,high,1,64,"[0.000131, 0.000100, 0.000462, 0.000062, 0.000035, 0.000218, 0.000080, 0.000129, 0.000206, 0.000414, 0.000098, 0.000202, 0.000071, 0.000088, 0.995356, 0.000117, 0.000091, 0.001124, 0.000357, 0.000659]"
doc_00007,**VCDS** Motor Hata Kodu Hakkinda Bilgisi Olan Var midir??,https://www.golftutkusu.com/topic/10284-vcds-motor-hata-kodu-hakkinda-bilgisi-olan-var-midir,17,0.9429714182608117,NA,unknown,NA,NA,unknown,unknown,high,2,17,"[0.000765, 0.000217, 0.000870, 0.000796, 0.002168, 0.001026, 0.001003, 0.000882, 0.000740, 0.000357, 0.041465, 0.000869, 0.000684, 0.000756, 0.000533, 0.001132, 0.942971, 0.001741, 0.000564, 0.000460]"
doc_00008,08 AUTO HVAC vcds hatasi,https://www.golftutkusu.com/topic/15428-08-auto-hvac-vcds-hatasi,5,0.8133529940518365,NA,unknown,NA,NA,unknown,unknown,low,0,1,"[0.017411, 0.003706, 0.021390, 0.017354, 0.813353, 0.016176, 0.007220, 0.010761, 0.017477, 0.004249, 0.008456, 0.010080, 0.005906, 0.017179, 0.001657, 0.004956, 0.007041, 0.004470, 0.010853, 0.000304]"
doc_00009,"1,4 tsi  ses sorunu",https://www.golftutkusu.com/topic/24375-1-4-tsi-ses-sorunu,3,0.5709329114115039,1.4,petrol,2017,NA,unknown,1.4_TSI,high,1,6,"[0.000544, 0.008864, 0.570933, 0.002880, 0.000987, 0.001415, 0.001775, 0.000949, 0.000735, 0.004350, 0.006628, 0.000951, 0.001730, 0.000733, 0.006650, 0.207702, 0.002216, 0.174023, 0.002412, 0.003523]"
doc_00010,1. Vites de stop etmiyor,https://www.golftutkusu.com/topic/14751-1-vites-de-stop-etmiyor,18,0.4831093304628396,1.4,petrol,2013,3000,0-30k,1.4_TSI,medium,0,12,"[0.000462, 0.003193, 0.001569, 0.003432, 0.000554, 0.000888, 0.001894, 0.000834, 0.000543, 0.472804, 0.002551, 0.001071, 0.000898, 0.000768, 0.005261, 0.014779, 0.003391, 0.483109, 0.001604, 0.000395]"
doc_00011,1.2 TSI CJZA Yuksek Yag Tuketimi,https://www.golftutkusu.com/topic/27058-1-2-tsi-cjza-yuksek-yag-tuketimi,20,0.9944104835940224,1.2,petrol,2013,200000,180-210k,1.2_TSI,high,4,28,"[0.000113, 0.000762, 0.000053, 0.000182, 0.000118, 0.000232, 0.000072, 0.000078, 0.000163, 0.000276, 0.000653, 0.000036, 0.000150, 0.000152, 0.000825, 0.000774, 0.000111, 0.000608, 0.000233, 0.994410]"
doc_00012,1.2 TSI Golf 7 Yag Eksiltme,https://www.golftutkusu.com/topic/20176-1-2-tsi-golf-7-yag-eksiltme,20,0.9984113179342914,1.2,petrol,2013,131500,120-150k,1.2_TSI,high,4,125,"[0.000081, 0.000468, 0.000000, 0.000037, 0.000020, 0.000055, 0.000011, 0.000014, 0.000024, 0.000071, 0.000027, 0.000000, 0.000001, 0.000021, 0.000214, 0.000390, 0.000047, 0.000083, 0.000025, 0.998411]"
doc_00013,1.2 TSI Golf Turbo bolgesindeki yag kalintisi,https://www.golftutkusu.com/topic/18731-1-2-tsi-golf-turbo-bolgesindeki-yag-kalintisi,16,0.9715964857572166,1.2,petrol,2014,30000,30-60k,1.2_TSI,medium,0,5,"[0.000343, 0.003367, 0.000546, 0.001416, 0.001302, 0.000614, 0.000824, 0.002942, 0.001508, 0.001738, 0.003422, 0.000201, 0.000573, 0.002354, 0.000767, 0.971596, 0.000698, 0.004532, 0.000409, 0.000848]"
doc_00014,1.2 TSI Rolantide titreme,https://www.golftutkusu.com/topic/10128-1-2-tsi-rolantide-titreme,18,0.853605411526284,1.2,petrol,2016,65000,60-90k,1.2_TSI,high,1,15,"[0.000254, 0.002204, 0.000680, 0.001898, 0.000249, 0.000921, 0.000291, 0.000556, 0.000816, 0.001603, 0.002030, 0.000261, 0.001108, 0.000614, 0.003145, 0.028539, 0.000806, 0.853605, 0.000743, 0.099678]"
doc_00015,1.2 TSI Su Eksiltme Sorunu,https://www.golftutkusu.com/topic/21260-1-2-tsi-su-eksiltme-sorunu,17,0.8052468149659311,1.2,petrol,2015,127000,120-150k,1.2_TSI,high,4,27,"[0.000928, 0.002483, 0.000169, 0.000840, 0.000612, 0.000813, 0.000592, 0.000827, 0.000716, 0.001228, 0.062311, 0.000203, 0.000568, 0.000818, 0.057371, 0.002992, 0.805247, 0.004396, 0.000918, 0.055967]"
doc_00016,1.2 TSI yag eksiltme problemi (yuksek basinc pompasi kaynakli),https://www.golftutkusu.com/topic/26208-1-2-tsi-yag-eksiltme-problemi-yuksek-basinc-pompasi-kaynakli,20,0.8599537012369922,1.2,petrol,NA,5000,0-30k,1.2_TSI,high,1,20,"[0.000424, 0.120058, 0.000332, 0.000939, 0.000501, 0.001059, 0.000466, 0.000517, 0.000713, 0.000821, 0.002861, 0.000189, 0.000913, 0.000779, 0.002574, 0.002900, 0.000563, 0.002239, 0.001199, 0.859954]"
doc_00017,1.2 midline donusum,https://www.golftutkusu.com/topic/15042-1-2-midline-donusum,14,0.5693637777719694,NA,unknown,NA,NA,unknown,unknown,medium,1,21,"[0.002799, 0.000408, 0.001085, 0.000655, 0.413898, 0.001333, 0.002080, 0.000969, 0.001038, 0.000558, 0.001537, 0.000804, 0.000707, 0.569364, 0.000479, 0.000484, 0.000732, 0.000587, 0.000447, 0.000037]"
doc_00018,1.2 midline plus tus takimi,https://www.golftutkusu.com/topic/9005-1-2-midline-plus-tus-takimi,9,0.9696762710362329,1.2,petrol,2012,NA,unknown,1.2_TSI,low,0,7,"[0.000595, 0.005808, 0.000383, 0.002024, 0.002541, 0.000662, 0.000431, 0.000627, 0.969676, 0.001661, 0.002415, 0.000161, 0.000324, 0.001434, 0.000898, 0.004068, 0.000614, 0.003074, 0.001877, 0.000727]"
doc_00019,1.2 tsi aractan gelen avans sesi??,https://www.golftutkusu.com/topic/15988-1-2-tsi-aractan-gelen-avans-sesi,2,0.9830065233841199,1.2,petrol,2000,1000,0-30k,1.2_TSI,high,2,13,"[0.000144, 0.983007, 0.000235, 0.000616, 0.000202, 0.000506, 0.000327, 0.000641, 0.000385, 0.000664, 0.000735, 0.000109, 0.000521, 0.000503, 0.001181, 0.002764, 0.000452, 0.004066, 0.000575, 0.002369]"
doc_00020,1.2 tsi kalkista gazi kesik kesik yeme,https://www.golftutkusu.com/topic/20246-1-2-tsi-kalkista-gazi-kesik-kesik-yeme,18,0.4020206608889566,1.2,petrol,2013,75000,60-90k,1.2_TSI,high,3,6,"[0.000669, 0.005938, 0.000731, 0.003239, 0.001002, 0.001426, 0.000735, 0.340022, 0.001115, 0.003118, 0.004437, 0.000476, 0.001849, 0.001456, 0.003331, 0.222589, 0.002292, 0.402021, 0.001037, 0.002517]"
doc_00021,1.2 tsi midline 2015 model Golf'e donanim ekleme hk,https://www.golftutkusu.com/topic/10225-1-2-tsi-midline-2015-model-golfe-donanim-ekleme-hk,14,0.7273945842037495,1.2,petrol,2015,NA,unknown,1.2_TSI,low,0,2,"[0.004721, 0.011902, 0.001777, 0.006495, 0.192677, 0.003934, 0.001051, 0.004126, 0.005034, 0.005136, 0.009917, 0.000971, 0.001524, 0.727395, 0.001759, 0.009543, 0.001550, 0.004397, 0.004535, 0.001555]"
doc_00022,1.2 tsi midlineplus sol tarafin sicak sag tarafin soguk uflemesi sorunu ve cozumu,https://www.golftutkusu.com/topic/21337-1-2-tsi-midlineplus-sol-tarafin-sicak-sag-tarafin-soguk-uflemesi-sorunu-ve-cozumu,13,0.9292370063350509,1.2,petrol,NA,NA,unknown,1.2_TSI,high,2,31,"[0.000247, 0.002629, 0.000097, 0.000403, 0.000197, 0.000343, 0.000231, 0.000484, 0.000250, 0.000705, 0.000951, 0.000104, 0.929237, 0.000753, 0.053141, 0.002283, 0.000262, 0.004188, 0.000721, 0.002774]"
doc_00023,1.2 tsi motora fazladan yag koyuldu.,https://www.golftutkusu.com/topic/10789-1-2-tsi-motora-fazladan-yag-koyuldu,11,0.5723720391712329,1.2,petrol,2016,NA,unknown,1.2_TSI,medium,0,7,"[0.002186, 0.003207, 0.000434, 0.002089, 0.001986, 0.001527, 0.001255, 0.001288, 0.002012, 0.000933, 0.572372, 0.000300, 0.001045, 0.003335, 0.002213, 0.005402, 0.001718, 0.003740, 0.002118, 0.390839]"
doc_00024,1.2 tsi rolanti ve dusuk devirde tekleme sorunu,https://www.golftutkusu.com/topic/21209-1-2-tsi-rolanti-ve-dusuk-devirde-tekleme-sorunu,7,0.6668045290506267,1.2,petrol,2013,4000,0-30k,1.2_TSI,high,6,52,"[0.000067, 0.001331, 0.000233, 0.000590, 0.000218, 0.000380, 0.666805, 0.000695, 0.000453, 0.000722, 0.004619, 0.000105, 0.000262, 0.000620, 0.000556, 0.318653, 0.000287, 0.001689, 0.000157, 0.001559]"
doc_00025,1.2tsi comfort Tlf baglanti sorunu,https://www.golftutkusu.com/topic/15720-1-2tsi-comfort-tlf-baglanti-sorunu,6,0.6308927479569968,1.2,petrol,2015,NA,unknown,1.2_TSI,low,0,1,"[0.005246, 0.185520, 0.002201, 0.016004, 0.039241, 0.630893, 0.002826, 0.008228, 0.008361, 0.009087, 0.011988, 0.001655, 0.003145, 0.010634, 0.004075, 0.025874, 0.004305, 0.016540, 0.009789, 0.004386]"
doc_00026,1.2tsi rolantide dusuk devir-titreme-motor sesi,https://www.golftutkusu.com/topic/15889-1-2tsi-rolantide-dusuk-devir-titreme-motor-sesi,2,0.8661844121905687,1.2,petrol,NA,90000,90-120k,1.2_TSI,medium,0,11,"[0.000452, 0.866184, 0.000829, 0.001910, 0.001339, 0.000908, 0.001154, 0.002797, 0.001770, 0.001610, 0.002145, 0.000253, 0.000975, 0.002552, 0.001275, 0.106397, 0.000910, 0.004492, 0.000913, 0.001136]"
doc_00027,1.4 Golf Tsi Act Eco Mod Titreme - Cozuldu,https://www.golftutkusu.com/topic/23750-1-4-golf-tsi-act-eco-mod-titreme-cozuldu,20,0.9964078495040004,1.4,petrol,2013,120000,120-150k,1.4_TSI,high,4,135,"[0.000040, 0.000209, 0.000110, 0.000112, 0.000039, 0.000141, 0.000064, 0.000020, 0.000031, 0.000235, 0.000323, 0.000062, 0.000070, 0.000018, 0.000734, 0.000896, 0.000068, 0.000278, 0.000140, 0.996408]"
doc_00028,1.4 Golf Tsi Act Sport Modda 2 silindire gecmesi normal mi ?,https://www.golftutkusu.com/topic/24054-1-4-golf-tsi-act-sport-modda-2-silindire-gecmesi-normal-mi,10,0.7679502763782624,NA,unknown,2013,NA,unknown,unknown,low,0,1,"[0.012291, 0.004572, 0.010405, 0.019914, 0.039671, 0.012720, 0.012768, 0.007400, 0.019699, 0.767950, 0.003446, 0.013748, 0.007866, 0.014169, 0.004647, 0.007317, 0.010642, 0.013541, 0.016906, 0.000329]"
doc_00029,1.4 TSI 122 HP ve 150 HP FARKI,https://www.golftutkusu.com/topic/13601-1-4-tsi-122-hp-ve-150-hp-farki,10,0.7180910238348048,1.4,petrol,2015,300000,210k+,1.4_TSI,high,0,22,"[0.000092, 0.000942, 0.000452, 0.000840, 0.000155, 0.000351, 0.000698, 0.000470, 0.000170, 0.718091, 0.000659, 0.000547, 0.000284, 0.000196, 0.001583, 0.267560, 0.000730, 0.004916, 0.000434, 0.000828]"
doc_00030,1.4 TSI ACT epc isigi,https://www.golftutkusu.com/topic/18616-1-4-tsi-act-epc-isigi,16,0.9908254554317169,1.4,petrol,2014,NA,unknown,1.4_TSI,high,3,13,"[0.000043, 0.000562, 0.000618, 0.000529, 0.000116, 0.000234, 0.000358, 0.000437, 0.000112, 0.001101, 0.001087, 0.000302, 0.000188, 0.000111, 0.000620, 0.990825, 0.000263, 0.001880, 0.000166, 0.000447]"
doc_00031,1.4 TSI DSG golf sarsintili calisma sorunu hakkinda yardim..,https://www.golftutkusu.com/topic/16234-1-4-tsi-dsg-golf-sarsintili-calisma-sorunu-hakkinda-yardim,19,0.9571444778537688,1.4,petrol,NA,90000,90-120k,1.4_TSI,high,1,6,"[0.000402, 0.003350, 0.001165, 0.002031, 0.000198, 0.000724, 0.000508, 0.000409, 0.000293, 0.004852, 0.002951, 0.000612, 0.000722, 0.000235, 0.004542, 0.009250, 0.000651, 0.007225, 0.957144, 0.002736]"
doc_00032,1.4 TSI EPC ve MOTOR ARIZA LAMBASI,https://www.golftutkusu.com/topic/15919-1-4-tsi-epc-ve-motor-ariza-lambasi,11,0.5797511821655204,1.4,petrol,2013,90000,90-120k,1.4_TSI,high,2,6,"[0.000389, 0.001395, 0.001733, 0.002218, 0.000517, 0.001068, 0.001485, 0.001355, 0.000394, 0.001543, 0.579751, 0.001195, 0.000766, 0.000852, 0.001347, 0.394249, 0.001493, 0.004409, 0.001229, 0.002611]"
doc_00033,1.4 TSI Rolantide Titreme,https://www.golftutkusu.com/topic/18216-1-4-tsi-rolantide-titreme,4,0.8087484894858492,1.4,petrol,NA,100000,90-120k,1.4_TSI,high,3,27,"[0.000077, 0.001066, 0.000816, 0.808748, 0.000137, 0.000476, 0.000438, 0.000486, 0.000186, 0.001762, 0.001222, 0.000454, 0.000339, 0.000126, 0.001860, 0.108109, 0.000502, 0.071973, 0.000557, 0.000666]"
doc_00034,1.4 TSI Rolantide titreme,https://www.golftutkusu.com/topic/18879-1-4-tsi-rolantide-titreme,16,0.49373503129962093,1.4,petrol,NA,NA,unknown,1.4_TSI,medium,0,3,"[0.000772, 0.003311, 0.001175, 0.002790, 0.001860, 0.000814, 0.001967, 0.413505, 0.000377, 0.061693, 0.003672, 0.000960, 0.000819, 0.000839, 0.002420, 0.493735, 0.002525, 0.005289, 0.001091, 0.000388]"
doc_00035,1.4 TSI YAG EKSILTMESI,https://www.golftutkusu.com/topic/20465-1-4-tsi-yag-eksiltmesi,2,0.9911048418520538,1.4,petrol,2014,5000,0-30k,1.4_TSI,high,3,15,"[0.000055, 0.991105, 0.000441, 0.000487, 0.000074, 0.000258, 0.000368, 0.000198, 0.000066, 0.000747, 0.000374, 0.000205, 0.000240, 0.000074, 0.001005, 0.001862, 0.000311, 0.001115, 0.000425, 0.000589]"
doc_00036,1.4 TSI egzos seti ses yuksekligi,https://www.golftutkusu.com/topic/22539-1-4-tsi-egzos-seti-ses-yuksekligi,7,0.9826153293580748,1.4,petrol,NA,NA,unknown,1.4_TSI,low,0,12,"[0.000145, 0.002284, 0.000606, 0.001461, 0.000538, 0.000353, 0.982615, 0.000363, 0.000268, 0.002805, 0.001652, 0.000309, 0.000172, 0.000186, 0.000499, 0.003820, 0.000445, 0.000830, 0.000553, 0.000097]"
doc_00037,1.4 tsi  rolantide titreme,https://www.golftutkusu.com/topic/12361-1-4-tsi-rolantide-titreme,16,0.9967247191977365,1.4,petrol,2016,45000,30-60k,1.4_TSI,high,3,74,"[0.000013, 0.000171, 0.000247, 0.000180, 0.000040, 0.000082, 0.000120, 0.000171, 0.000044, 0.000378, 0.000343, 0.000112, 0.000068, 0.000039, 0.000189, 0.996725, 0.000088, 0.000799, 0.000051, 0.000139]"
doc_00038,1.4 tsi 1.2 tsi yay,https://www.golftutkusu.com/topic/13472-1-4-tsi-1-2-tsi-yay,2,0.9597414289757408,1.4,petrol,NA,NA,unknown,1.4_TSI,low,0,2,"[0.000618, 0.959741, 0.002920, 0.003993, 0.001507, 0.001092, 0.001423, 0.001233, 0.000739, 0.005869, 0.001622, 0.001181, 0.000790, 0.000555, 0.001396, 0.007243, 0.001331, 0.002963, 0.003531, 0.000251]"
doc_00039,1.4 tsi bmt hararet dusmesi,https://www.golftutkusu.com/topic/15039-1-4-tsi-bmt-hararet-dusmesi,15,0.3306934649735578,1.4,petrol,NA,30000,30-60k,1.4_TSI,high,2,16,"[0.001107, 0.012118, 0.244479, 0.001567, 0.000853, 0.001658, 0.002512, 0.000549, 0.000745, 0.005304, 0.004068, 0.000767, 0.001453, 0.000640, 0.330693, 0.054852, 0.001417, 0.018568, 0.002792, 0.313857]"
doc_00040,1.4 tsi motor manuelde dsg benzeri olay,https://www.golftutkusu.com/topic/18042-1-4-tsi-motor-manuelde-dsg-benzeri-olay,18,0.9787226068862592,1.4,petrol,2015,107000,90-120k,1.4_TSI,medium,0,10,"[0.000147, 0.001070, 0.001054, 0.001149, 0.000163, 0.000387, 0.000426, 0.000279, 0.000219, 0.002102, 0.001750, 0.000337, 0.000467, 0.000220, 0.002536, 0.007282, 0.001022, 0.978723, 0.000547, 0.000120]"
doc_00041,1.4 tsi motor tarafindan gelen ses,https://www.golftutkusu.com/topic/23638-1-4-tsi-motor-tarafindan-gelen-ses,16,0.9106907470384005,1.4,petrol,2016,NA,unknown,1.4_TSI,high,1,5,"[0.000393, 0.005557, 0.002231, 0.003312, 0.000849, 0.001225, 0.001643, 0.039560, 0.000369, 0.005635, 0.005220, 0.001532, 0.001314, 0.000493, 0.003798, 0.910691, 0.001919, 0.011191, 0.001206, 0.001860]"
doc_00042,1.4 tsi oksijen lambda sensor (zengin karisim),https://www.golftutkusu.com/topic/15666-1-4-tsi-oksijen-lambda-sensor-zengin-karisim,9,0.8777560204943938,1.2,petrol,2014,116000,90-120k,1.2_TSI,high,0,13,"[0.000390, 0.001494, 0.000537, 0.000700, 0.001314, 0.002142, 0.001208, 0.001015, 0.877756, 0.001324, 0.004838, 0.000187, 0.000289, 0.002195, 0.006631, 0.039174, 0.000154, 0.012341, 0.003117, 0.043194]"
doc_00043,1.4 tsi yag eksiltme,https://www.golftutkusu.com/topic/26313-1-4-tsi-yag-eksiltme,17,0.9110530100476744,1.4,petrol,2014,130000,120-150k,1.4_TSI,low,0,11,"[0.000477, 0.002839, 0.001306, 0.001908, 0.001474, 0.000573, 0.000812, 0.001530, 0.000523, 0.007126, 0.002766, 0.000757, 0.000311, 0.000227, 0.000677, 0.061517, 0.911053, 0.003131, 0.000845, 0.000147]"
doc_00044,1.4 tsi yag seviyesini kontrol edin,https://www.golftutkusu.com/topic/24128-1-4-tsi-yag-seviyesini-kontrol-edin,16,0.9212262765733238,1.4,petrol,NA,2000,0-30k,1.4_TSI,high,1,2,"[0.000167, 0.000266, 0.000969, 0.000810, 0.000440, 0.001813, 0.002237, 0.001460, 0.000688, 0.048942, 0.002886, 0.000878, 0.000217, 0.000403, 0.004060, 0.921226, 0.000215, 0.009515, 0.001217, 0.001590]"
doc_00045,1.4-122 titreyerek calisma,https://www.golftutkusu.com/topic/19404-1-4-122-titreyerek-calisma,11,0.4124068223364442,NA,unknown,2013,NA,unknown,unknown,high,1,3,"[0.001594, 0.000387, 0.004053, 0.003113, 0.005556, 0.136635, 0.004049, 0.003221, 0.003024, 0.000642, 0.412407, 0.003700, 0.002576, 0.004203, 0.001050, 0.402474, 0.002554, 0.005305, 0.001650, 0.001805]"
doc_00046,1.4TSI rolantide sarsinti,https://www.golftutkusu.com/topic/21456-1-4tsi-rolantide-sarsinti,18,0.9524276662560996,1.4,petrol,NA,80000,60-90k,1.4_TSI,high,0,6,"[0.000137, 0.002281, 0.001645, 0.001790, 0.000118, 0.000775, 0.000567, 0.000350, 0.000249, 0.003578, 0.002256, 0.000708, 0.000959, 0.000175, 0.005684, 0.023157, 0.001293, 0.952428, 0.000884, 0.000965]"
doc_00047,1.4Tsi Dsg Retarder Sesi,https://www.golftutkusu.com/topic/27434-1-4tsi-dsg-retarder-sesi,17,0.97035638208785,1.4,petrol,2000,NA,unknown,1.4_TSI,medium,0,12,"[0.000274, 0.001648, 0.000539, 0.000958, 0.000536, 0.000337, 0.000599, 0.000690, 0.000176, 0.002647, 0.002612, 0.000269, 0.000210, 0.000155, 0.001588, 0.005556, 0.970356, 0.010234, 0.000399, 0.000215]"
doc_00048,1.6 Dizel sesli mi calisiyor,https://www.golftutkusu.com/topic/12616-1-6-dizel-sesli-mi-calisiyor,19,0.9957324385999026,1.6,diesel,2014,NA,unknown,1.6_TDI,high,2,61,"[0.000105, 0.000137, 0.000630, 0.000189, 0.000035, 0.000175, 0.000046, 0.000198, 0.000181, 0.000413, 0.000367, 0.000235, 0.000070, 0.000068, 0.000407, 0.000110, 0.000060, 0.000347, 0.995732, 0.000493]"
doc_00049,1.6 TDI  Sari Yay Isareti Arizasi Hk.,https://www.golftutkusu.com/topic/14945-1-6-tdi-sari-yay-isareti-arizasi-hk,6,0.9156840564822142,1.6,diesel,2000,NA,unknown,1.6_TDI,high,2,24,"[0.000727, 0.000500, 0.003427, 0.000718, 0.063754, 0.915684, 0.000320, 0.001502, 0.000672, 0.000880, 0.001717, 0.001641, 0.000184, 0.000849, 0.001125, 0.001157, 0.000492, 0.000933, 0.001375, 0.002343]"
doc_00050,"1.6 TDI CLH Baski, Volan Marka Onerisi",https://www.golftutkusu.com/topic/25800-1-6-tdi-clh-baski-volan-marka-onerisi,9,0.9767339298749391,1.6,diesel,NA,NA,unknown,1.6_TDI,high,0,11,"[0.000161, 0.000465, 0.002855, 0.000558, 0.000305, 0.000759, 0.000370, 0.000560, 0.976734, 0.001272, 0.001395, 0.000878, 0.000157, 0.000295, 0.002414, 0.001823, 0.000460, 0.005180, 0.001737, 0.001620]"
doc_00051,1.6 TDI Enjektor uzerinde mazot birikmesi,https://www.golftutkusu.com/topic/10564-1-6-tdi-enjektor-uzerinde-mazot-birikmesi,12,0.981994723631018,1.6,diesel,NA,NA,unknown,1.6_TDI,high,1,3,"[0.000226, 0.000451, 0.001845, 0.000571, 0.000332, 0.000796, 0.000271, 0.000900, 0.000492, 0.001286, 0.001787, 0.981995, 0.000252, 0.000437, 0.001391, 0.001550, 0.000366, 0.001989, 0.001516, 0.001548]"
doc_00052,"1.6 TDI Manuel Calismama, gec calisma ve beyaz duman",https://www.golftutkusu.com/topic/15633-1-6-tdi-manuel-calismama-gec-calisma-ve-beyaz-duman,14,0.9968275659574166,1.6,diesel,2015,1600,0-30k,1.6_TDI,high,5,93,"[0.000045, 0.000061, 0.000612, 0.000061, 0.000104, 0.000131, 0.000044, 0.000118, 0.000075, 0.000210, 0.000473, 0.000188, 0.000042, 0.996828, 0.000232, 0.000242, 0.000022, 0.000161, 0.000168, 0.000184]"
doc_00053,1.6 TDI Ses Sorunu,https://www.golftutkusu.com/topic/18734-1-6-tdi-ses-sorunu,3,0.9205659560777508,1.6,diesel,NA,160000,150-180k,1.6_TDI,medium,0,3,"[0.003382, 0.002574, 0.920566, 0.001075, 0.006593, 0.001798, 0.003741, 0.002782, 0.026084, 0.002791, 0.005315, 0.001144, 0.000505, 0.002668, 0.003073, 0.002655, 0.002277, 0.005945, 0.004175, 0.000857]"
doc_00054,1.6 TDI bakim sonrasi asiri yuksek yakit sorunu,https://www.golftutkusu.com/topic/16311-1-6-tdi-bakim-sonrasi-asiri-yuksek-yakit-sorunu,10,0.9892264906753062,1.6,diesel,2012,109500,90-120k,1.6_TDI,high,1,24,"[0.000153, 0.000208, 0.001017, 0.000382, 0.000130, 0.000418, 0.000341, 0.000724, 0.000350, 0.989226, 0.000271, 0.000807, 0.000120, 0.000246, 0.001311, 0.000888, 0.000439, 0.001148, 0.000938, 0.000883]"
doc_00055,1.6 TDI manuel yarim debriyajda gelen inilti sesi,https://www.golftutkusu.com/topic/15942-1-6-tdi-manuel-yarim-debriyajda-gelen-inilti-sesi,15,0.7701411104632624,1.6,diesel,NA,NA,unknown,1.6_TDI,high,1,5,"[0.001151, 0.001123, 0.007495, 0.001241, 0.000364, 0.002691, 0.000883, 0.002048, 0.002739, 0.004423, 0.002100, 0.003370, 0.001219, 0.000957, 0.770141, 0.002360, 0.002096, 0.183793, 0.004605, 0.005201]"
doc_00056,1.6 TDI motordan duman atma,https://www.golftutkusu.com/topic/24650-1-6-tdi-motordan-duman-atma,20,0.9916256176629025,1.6,diesel,2016,1000,0-30k,1.6_TDI,high,3,28,"[0.000180, 0.000125, 0.001175, 0.000170, 0.000123, 0.000491, 0.000128, 0.000206, 0.000319, 0.000379, 0.001568, 0.000418, 0.000122, 0.000120, 0.001414, 0.000300, 0.000150, 0.000377, 0.000610, 0.991626]"
doc_00057,1.6 Tdi Clh Rejenerasyon Sirasinda Koku,https://www.golftutkusu.com/topic/26970-1-6-tdi-clh-rejenerasyon-sirasinda-koku,8,0.9906161220044966,1.6,diesel,NA,NA,unknown,1.6_TDI,high,1,8,"[0.000261, 0.000320, 0.001085, 0.000375, 0.000329, 0.000395, 0.000182, 0.990616, 0.000166, 0.000563, 0.000869, 0.000524, 0.000163, 0.000144, 0.000528, 0.001339, 0.000384, 0.000624, 0.000684, 0.000447]"
doc_00058,1.6 Tdi DSG Hic bir sekilde patinaj'a dusmeme sorunu :),https://www.golftutkusu.com/topic/11996-1-6-tdi-dsg-hic-bir-sekilde-patinaja-dusmeme-sorunu,5,0.6731692037851822,1.6,diesel,2010,NA,unknown,1.6_TDI,medium,1,14,"[0.002754, 0.001174, 0.061059, 0.001626, 0.673169, 0.002834, 0.003648, 0.009980, 0.004303, 0.005773, 0.003845, 0.004268, 0.000617, 0.004209, 0.001243, 0.210258, 0.002950, 0.004038, 0.001662, 0.000591]"
doc_00059,1.6 Tdi-Dsg-Sehir Ici Yakit tuketimi,https://www.golftutkusu.com/topic/10095-1-6-tdi-dsg-sehir-ici-yakit-tuketimi,10,0.9941221261075124,1.6,diesel,2017,1500,0-30k,1.6_TDI,medium,1,54,"[0.000144, 0.000104, 0.000552, 0.000271, 0.000175, 0.000201, 0.000288, 0.000466, 0.000307, 0.994122, 0.000205, 0.000370, 0.000054, 0.000286, 0.000473, 0.000457, 0.000300, 0.000513, 0.000569, 0.000141]"
doc_00060,1.6 dizel gec calisma,https://www.golftutkusu.com/topic/15766-1-6-dizel-gec-calisma,11,0.9855618625457738,1.6,diesel,2013,100000,90-120k,1.6_TDI,high,2,22,"[0.000387, 0.000090, 0.002073, 0.000566, 0.000239, 0.000744, 0.000421, 0.000877, 0.000496, 0.000249, 0.985562, 0.001053, 0.000193, 0.000698, 0.000402, 0.000992, 0.000562, 0.001065, 0.001516, 0.001814]"
doc_00061,1.6 tdi 105 hp sabahlari ilk mars gec alma,https://www.golftutkusu.com/topic/16118-1-6-tdi-105-hp-sabahlari-ilk-mars-gec-alma,11,0.9620189718214391,1.6,diesel,NA,NA,unknown,1.6_TDI,medium,1,17,"[0.001075, 0.000232, 0.011748, 0.001332, 0.001159, 0.001222, 0.001215, 0.002491, 0.001478, 0.000691, 0.962019, 0.001999, 0.000328, 0.002251, 0.000584, 0.002500, 0.001236, 0.002241, 0.003123, 0.001076]"
doc_00062,1.6 tdi dsg,https://www.golftutkusu.com/topic/11382-1-6-tdi-dsg,3,0.975631410880456,1.6,diesel,NA,NA,unknown,1.6_TDI,medium,0,8,"[0.000739, 0.000832, 0.975631, 0.000625, 0.001406, 0.000684, 0.000665, 0.001785, 0.001343, 0.001167, 0.002499, 0.000616, 0.000257, 0.001166, 0.001097, 0.002866, 0.000596, 0.002966, 0.002446, 0.000614]"
doc_00063,1.6 tdi gaz vermeden arac calismadi,https://www.golftutkusu.com/topic/18087-1-6-tdi-gaz-vermeden-arac-calismadi,3,0.9814474217585762,1.6,diesel,2016,59000,30-60k,1.6_TDI,low,0,2,"[0.000761, 0.000870, 0.981447, 0.000816, 0.001778, 0.000659, 0.000365, 0.001181, 0.001605, 0.001022, 0.001454, 0.000805, 0.000206, 0.000711, 0.000350, 0.001187, 0.000387, 0.001480, 0.002699, 0.000218]"
doc_00064,1.6 tdi iceriye gelen ses hakkinda (muhtemel enjektor sesi),https://www.golftutkusu.com/topic/17358-1-6-tdi-iceriye-gelen-ses-hakkinda-muhtemel-enjektor-sesi,8,0.6047175881442197,1.6,diesel,NA,135000,120-150k,1.6_TDI,medium,0,10,"[0.000951, 0.001155, 0.374156, 0.000759, 0.001880, 0.000617, 0.000613, 0.604718, 0.000719, 0.000937, 0.002180, 0.000587, 0.000338, 0.000826, 0.000798, 0.003630, 0.000869, 0.002201, 0.001671, 0.000392]"
doc_00065,1.6tdi Egzoz teklemesi ?,https://www.golftutkusu.com/topic/22502-1-6tdi-egzoz-teklemesi,16,0.9413406903376038,1.6,diesel,2014,NA,unknown,1.6_TDI,high,1,3,"[0.000329, 0.000506, 0.009312, 0.001308, 0.000688, 0.001567, 0.000971, 0.021329, 0.001925, 0.002959, 0.003249, 0.003706, 0.000560, 0.000881, 0.001577, 0.941341, 0.000756, 0.003541, 0.001500, 0.001995]"
doc_00066,1.6tdi buji lambasi yaniyor cekisten dusuyor,https://www.golftutkusu.com/topic/23451-1-6tdi-buji-lambasi-yaniyor-cekisten-dusuyor,19,0.4870438678159751,1.6,diesel,2014,NA,unknown,1.6_TDI,high,2,7,"[0.001720, 0.003286, 0.435136, 0.002759, 0.001536, 0.003197, 0.001325, 0.006093, 0.006293, 0.003832, 0.007974, 0.003238, 0.001239, 0.001738, 0.005530, 0.009400, 0.001744, 0.008765, 0.487044, 0.008148]"
doc_00067,1.6tdi durduk yere fan calismasi ve cozumu (rejenerasyon degil),https://www.golftutkusu.com/topic/17577-1-6tdi-durduk-yere-fan-calismasi-ve-cozumu-rejenerasyon-degil,5,0.8939045054283759,1.6,diesel,2018,NA,unknown,1.6_TDI,medium,1,3,"[0.001010, 0.000354, 0.002786, 0.000754, 0.893905, 0.001267, 0.000367, 0.088964, 0.000826, 0.000918, 0.001601, 0.001517, 0.000158, 0.001351, 0.000515, 0.001417, 0.000753, 0.000342, 0.000798, 0.000396]"
doc_00068,10.2 multimedya easy connect sorunu,https://www.golftutkusu.com/topic/9259-10-2-multimedya-easy-connect-sorunu,2,0.8209723229653013,1.2,petrol,2016,NA,unknown,1.2_TSI,low,0,1,"[0.004936, 0.820972, 0.003293, 0.016702, 0.013668, 0.005644, 0.003255, 0.010203, 0.013439, 0.011668, 0.011469, 0.001550, 0.004319, 0.010996, 0.004059, 0.024831, 0.004847, 0.018998, 0.012135, 0.003016]"
doc_00069,15 derecenin altinda arka silecek yarida kalma sorunu,https://www.golftutkusu.com/topic/21284-15-derecenin-altinda-arka-silecek-yarida-kalma-sorunu,4,0.9683851357358381,NA,unknown,NA,NA,unknown,unknown,medium,1,3,"[0.001178, 0.000559, 0.001323, 0.968385, 0.004686, 0.001623, 0.002205, 0.001598, 0.001900, 0.000857, 0.002530, 0.001223, 0.000993, 0.002239, 0.000702, 0.001755, 0.001195, 0.003235, 0.001702, 0.000112]"
doc_00070,"18 "" den 17"" e mecburi donus yardim lutfen.",https://www.golftutkusu.com/topic/13422-18-den-17-e-mecburi-donus-yardim-lutfen,14,0.9559447901703119,1.2,petrol,2015,30000,30-60k,1.2_TSI,medium,0,7,"[0.000845, 0.010061, 0.000384, 0.001417, 0.002367, 0.000954, 0.000742, 0.001175, 0.001259, 0.002008, 0.005485, 0.000193, 0.000704, 0.955945, 0.002465, 0.006986, 0.000538, 0.004319, 0.000964, 0.001188]"
doc_00071,18” Orijinal Durban Jant boya Kodu,https://www.golftutkusu.com/topic/15650-18-orijinal-durban-jant-boya-kodu,7,0.7350858298518256,NA,unknown,NA,NA,unknown,unknown,low,0,1,"[0.015888, 0.006743, 0.006601, 0.008837, 0.038888, 0.006432, 0.735086, 0.004592, 0.117249, 0.006707, 0.006360, 0.006033, 0.004880, 0.009059, 0.002128, 0.001956, 0.007365, 0.005823, 0.009259, 0.000115]"
doc_00072,19 inc jant muayene,https://www.golftutkusu.com/topic/26741-19-inc-jant-muayene,9,0.39559521789382784,NA,unknown,NA,NA,unknown,unknown,low,0,1,"[0.023798, 0.008529, 0.008567, 0.013996, 0.096008, 0.017951, 0.180810, 0.145269, 0.395595, 0.005986, 0.007400, 0.012927, 0.008587, 0.020145, 0.004145, 0.009803, 0.010394, 0.016342, 0.013474, 0.000274]"
doc_00073,1bin Devirde Motor Kismindan Gelen Garip Ses,https://www.golftutkusu.com/topic/19597-1bin-devirde-motor-kismindan-gelen-garip-ses,15,0.9071416203570472,1.2,petrol,2016,63000,60-90k,1.2_TSI,medium,0,4,"[0.001691, 0.012072, 0.000454, 0.003085, 0.001504, 0.001318, 0.001299, 0.003271, 0.002550, 0.003548, 0.002708, 0.000297, 0.001458, 0.003725, 0.907142, 0.023020, 0.001549, 0.024359, 0.001628, 0.003323]"
doc_00074,2 Gun sonra muayeneye gidecegim sorum var,https://www.golftutkusu.com/topic/23969-2-gun-sonra-muayeneye-gidecegim-sorum-var,5,0.4940638476721758,NA,unknown,NA,NA,unknown,unknown,low,0,10,"[0.004205, 0.001211, 0.473443, 0.002361, 0.494064, 0.002388, 0.001475, 0.001802, 0.003515, 0.000571, 0.001477, 0.001262, 0.001325, 0.003589, 0.000339, 0.001743, 0.001413, 0.001515, 0.002210, 0.000093]"
doc_00075,2.0 swapli aracimda bayilma,https://www.golftutkusu.com/topic/17884-2-0-swapli-aracimda-bayilma,3,0.985646068686307,1.6,diesel,2000,2000,0-30k,1.6_TDI,high,1,8,"[0.000181, 0.000408, 0.985646, 0.000223, 0.000248, 0.000423, 0.000190, 0.000390, 0.000456, 0.000405, 0.000735, 0.000314, 0.000172, 0.000236, 0.000982, 0.001214, 0.000242, 0.005762, 0.000867, 0.000906]"
doc_00076,2.calistirmada titreme,https://www.golftutkusu.com/topic/21682-2-calistirmada-titreme,8,0.9751871606641166,1.6,diesel,NA,NA,unknown,1.6_TDI,high,2,6,"[0.000563, 0.000760, 0.003345, 0.000935, 0.000700, 0.000971, 0.000457, 0.975187, 0.000461, 0.001488, 0.002140, 0.001376, 0.000395, 0.000368, 0.001330, 0.003834, 0.000898, 0.002020, 0.001601, 0.001169]"
doc_00077,20 Gun veya 3400 km icinde servis,https://www.golftutkusu.com/topic/16974-20-gun-veya-3400-km-icinde-servis,7,0.9080596094071145,NA,unknown,NA,3400,0-30k,unknown,low,0,2,"[0.003263, 0.002929, 0.006182, 0.009391, 0.014870, 0.005546, 0.908060, 0.003438, 0.006662, 0.005081, 0.005177, 0.004529, 0.003384, 0.006354, 0.001340, 0.002952, 0.003206, 0.003292, 0.004206, 0.000137]"
doc_00078,20 Km hiza kadar olan vikvik ses sorunu,https://www.golftutkusu.com/topic/16006-20-km-hiza-kadar-olan-vikvik-ses-sorunu,18,0.9935187950318994,NA,unknown,NA,66000,60-90k,unknown,high,2,64,"[0.000032, 0.000020, 0.000066, 0.000785, 0.000213, 0.000129, 0.000339, 0.000152, 0.000086, 0.000068, 0.000069, 0.000051, 0.000885, 0.000649, 0.001586, 0.000584, 0.000676, 0.993519, 0.000035, 0.000057]"
doc_00079,20-30 km hizla giderken el freni,https://www.golftutkusu.com/topic/10697-20-30-km-hizla-giderken-el-freni,8,0.9207388090001342,NA,unknown,NA,NA,unknown,unknown,low,0,4,"[0.011243, 0.008581, 0.000008, 0.005929, 0.015392, 0.003611, 0.002118, 0.920739, 0.002981, 0.002611, 0.000317, 0.000026, 0.000151, 0.001962, 0.000678, 0.013861, 0.005434, 0.001606, 0.002206, 0.000546]"
doc_00080,200 bin km golf 7 1.6 tdi alinir mi,https://www.golftutkusu.com/topic/13898-200-bin-km-golf-7-1-6-tdi-alinir-mi,15,0.9951379200768794,1.6,diesel,2013,200000,180-210k,1.6_TDI,high,1,112,"[0.000138, 0.000104, 0.000610, 0.000059, 0.000037, 0.000181, 0.000080, 0.000125, 0.000193, 0.000353, 0.000125, 0.000207, 0.000071, 0.000092, 0.995138, 0.000117, 0.000087, 0.000825, 0.000359, 0.001097]"
doc_00081,2012 Golf 7 Xenon Far Otomatik Ayar Hakkinda,https://www.golftutkusu.com/topic/17914-2012-golf-7-xenon-far-otomatik-ayar-hakkinda,3,0.600339852632957,NA,unknown,2012,NA,unknown,unknown,low,0,7,"[0.363109, 0.001174, 0.600340, 0.001517, 0.012188, 0.001361, 0.000993, 0.001153, 0.002383, 0.000579, 0.001933, 0.000814, 0.001280, 0.002100, 0.000812, 0.001061, 0.001220, 0.002075, 0.003789, 0.000119]"
doc_00082,2012 Model Golf 7 Sorunu,https://www.golftutkusu.com/topic/22991-2012-model-golf-7-sorunu,15,0.990763567183829,NA,unknown,2012,15000,0-30k,unknown,high,2,14,"[0.000629, 0.000214, 0.000398, 0.000250, 0.000499, 0.000625, 0.000490, 0.000150, 0.000604, 0.000343, 0.000162, 0.000378, 0.000601, 0.000494, 0.990764, 0.000253, 0.000347, 0.001766, 0.000508, 0.000525]"
doc_00083,2013 1.4 Tsi Dsg Motor Yag Cesidi ve Oneri,https://www.golftutkusu.com/topic/13510-2013-1-4-tsi-dsg-motor-yag-cesidi-ve-oneri,7,0.5624236481231338,1.4,petrol,2013,NA,unknown,1.4_TSI,medium,1,2,"[0.000513, 0.007280, 0.001321, 0.005420, 0.001261, 0.001135, 0.562424, 0.001401, 0.000689, 0.369939, 0.004875, 0.000974, 0.000680, 0.001187, 0.004888, 0.023955, 0.002740, 0.006661, 0.001766, 0.000890]"
doc_00084,2013 Golf 7 Otomatik Vites Sorunu,https://www.golftutkusu.com/topic/13444-2013-golf-7-otomatik-vites-sorunu,3,0.7561148552204151,NA,unknown,2013,92000,90-120k,unknown,high,1,41,"[0.000720, 0.000295, 0.756115, 0.000807, 0.001192, 0.001284, 0.000796, 0.000289, 0.000987, 0.000113, 0.075869, 0.000590, 0.001063, 0.001062, 0.000791, 0.001516, 0.001050, 0.154153, 0.000861, 0.000447]"
doc_00085,2013 Golf 7 Servis Hemen Uyarisi,https://www.golftutkusu.com/topic/11418-2013-golf-7-servis-hemen-uyarisi,4,0.541399189082678,NA,unknown,2013,NA,unknown,unknown,low,0,1,"[0.013337, 0.005222, 0.010604, 0.541399, 0.041465, 0.196681, 0.012380, 0.005561, 0.090162, 0.005343, 0.011547, 0.008991, 0.005220, 0.015345, 0.002626, 0.005526, 0.005262, 0.009395, 0.013485, 0.000449]"
doc_00086,2013 Golf SD kart okumuyor,https://www.golftutkusu.com/topic/23763-2013-golf-sd-kart-okumuyor,6,0.9530748594497097,NA,unknown,2013,NA,unknown,unknown,medium,1,3,"[0.003695, 0.001148, 0.000886, 0.001673, 0.012357, 0.953075, 0.005800, 0.001193, 0.001906, 0.000915, 0.002423, 0.001174, 0.001257, 0.003942, 0.001220, 0.000698, 0.001809, 0.003400, 0.001321, 0.000109]"
doc_00087,2013 Highline Golf 7 Viraj Aydinlatma Hatasi,https://www.golftutkusu.com/topic/25331-2013-highline-golf-7-viraj-aydinlatma-hatasi,5,0.9075581554094315,NA,unknown,2013,NA,unknown,unknown,low,0,1,"[0.010903, 0.001674, 0.008981, 0.007005, 0.907558, 0.008531, 0.003173, 0.005497, 0.008478, 0.002100, 0.003973, 0.005462, 0.002850, 0.010201, 0.000844, 0.002399, 0.003599, 0.001877, 0.004738, 0.000159]"
doc_00088,2013 MK 7 Auto Hold Birakmiyor,https://www.golftutkusu.com/topic/22265-2013-mk-7-auto-hold-birakmiyor,18,0.9853019951911187,1.2,petrol,2013,144000,120-150k,1.2_TSI,high,0,8,"[0.000117, 0.001815, 0.000242, 0.000661, 0.000091, 0.000432, 0.000139, 0.000265, 0.000397, 0.000844, 0.001148, 0.000102, 0.000595, 0.000370, 0.002371, 0.003077, 0.000574, 0.985302, 0.000430, 0.001028]"
doc_00089,2013 golf 7 comfort multimedya?,https://www.golftutkusu.com/topic/19500-2013-golf-7-comfort-multimedya,10,0.424927123318642,NA,unknown,2013,NA,unknown,unknown,low,0,3,"[0.026221, 0.004836, 0.007321, 0.008268, 0.303817, 0.008532, 0.132045, 0.005529, 0.011861, 0.424927, 0.002943, 0.006883, 0.005038, 0.025411, 0.002251, 0.001914, 0.008572, 0.004759, 0.008749, 0.000126]"
doc_00090,2013 golf 7 sineklik citasi kirildi,https://www.golftutkusu.com/topic/15586-2013-golf-7-sineklik-citasi-kirildi,3,0.9610782802322144,NA,unknown,2013,NA,unknown,unknown,low,0,3,"[0.002226, 0.001383, 0.961078, 0.002009, 0.010428, 0.001335, 0.001455, 0.000807, 0.003999, 0.000490, 0.001329, 0.000812, 0.001408, 0.002523, 0.000351, 0.001868, 0.000960, 0.002785, 0.002688, 0.000065]"
doc_00091,2013 golf 7 star stop hata epec lambasi yakma nedeni,https://www.golftutkusu.com/topic/15853-2013-golf-7-star-stop-hata-epec-lambasi-yakma-nedeni,8,0.8869950525272948,1.2,petrol,2013,NA,unknown,1.2_TSI,medium,1,1,"[0.002034, 0.016560, 0.000435, 0.003837, 0.004708, 0.001533, 0.001593, 0.886995, 0.001444, 0.003252, 0.011821, 0.000322, 0.001539, 0.004125, 0.002192, 0.041587, 0.003877, 0.008857, 0.001683, 0.001608]"
doc_00092,2013 golf aydinlatma arizasi,https://www.golftutkusu.com/topic/13892-2013-golf-aydinlatma-arizasi,11,0.45534916550839216,NA,unknown,2013,NA,unknown,unknown,low,0,8,"[0.165315, 0.000772, 0.003296, 0.004860, 0.018349, 0.003964, 0.003033, 0.002996, 0.004469, 0.001134, 0.455349, 0.304716, 0.003585, 0.012538, 0.000792, 0.002007, 0.003588, 0.002833, 0.006093, 0.000311]"
doc_00093,2013 golf frene basinca gelen ses,https://www.golftutkusu.com/topic/12871-2013-golf-frene-basinca-gelen-ses,16,0.8501959018369748,NA,unknown,2013,NA,unknown,unknown,high,3,4,"[0.000560, 0.000355, 0.004189, 0.002361, 0.001798, 0.002189, 0.001998, 0.002102, 0.002788, 0.001421, 0.001867, 0.002865, 0.002645, 0.001747, 0.002118, 0.850196, 0.001784, 0.115938, 0.000719, 0.000361]"
doc_00094,2013 highline 1.6 tdi far sorunu,https://www.golftutkusu.com/topic/19042-2013-highline-1-6-tdi-far-sorunu,5,0.466054945420083,1.6,diesel,2013,NA,unknown,1.6_TDI,low,0,2,"[0.010257, 0.003933, 0.034415, 0.007995, 0.466055, 0.375613, 0.002113, 0.014565, 0.010657, 0.008617, 0.010747, 0.013677, 0.001106, 0.006710, 0.002876, 0.004200, 0.003822, 0.003488, 0.016912, 0.002243]"
doc_00095,2013 tdi CLH motor enjektor diplerinde yaglanma,https://www.golftutkusu.com/topic/20347-2013-tdi-clh-motor-enjektor-diplerinde-yaglanma,20,0.9970364250705352,1.6,diesel,2013,150000,150-180k,1.6_TDI,high,3,111,"[0.000069, 0.000055, 0.000525, 0.000066, 0.000052, 0.000200, 0.000047, 0.000075, 0.000128, 0.000164, 0.000310, 0.000173, 0.000047, 0.000041, 0.000454, 0.000106, 0.000051, 0.000113, 0.000288, 0.997036]"
doc_00096,2014 1.2 tsi golf motor rektefiye hk.,https://www.golftutkusu.com/topic/20623-2014-1-2-tsi-golf-motor-rektefiye-hk,2,0.9459871404290567,1.2,petrol,2014,114000,90-120k,1.2_TSI,medium,0,1,"[0.000999, 0.945987, 0.000751, 0.002851, 0.002010, 0.001464, 0.001702, 0.003425, 0.002136, 0.002738, 0.003872, 0.000276, 0.001430, 0.003927, 0.003228, 0.009293, 0.001809, 0.007769, 0.001958, 0.002374]"
doc_00097,2014 1.6 Tdi manuel yakit tuketimi,https://www.golftutkusu.com/topic/13143-2014-1-6-tdi-manuel-yakit-tuketimi,12,0.9888462797918528,1.6,diesel,2014,NA,unknown,1.6_TDI,high,1,27,"[0.000126, 0.000300, 0.000815, 0.000331, 0.000183, 0.000446, 0.000161, 0.000606, 0.000272, 0.000946, 0.000938, 0.988846, 0.000156, 0.000236, 0.000886, 0.001108, 0.000230, 0.001377, 0.000766, 0.001270]"
doc_00098,2014 1.6 tdi cay inleme sesi,https://www.golftutkusu.com/topic/27355-2014-1-6-tdi-cay-inleme-sesi,14,0.835381039872639,1.6,diesel,2014,NA,unknown,1.6_TDI,high,0,12,"[0.001054, 0.001370, 0.008730, 0.001453, 0.001571, 0.002707, 0.001232, 0.003637, 0.002246, 0.004261, 0.005781, 0.011542, 0.001091, 0.835381, 0.068985, 0.035844, 0.000646, 0.004549, 0.002987, 0.004932]"
doc_00099,2014 Golf 7 65 bin km'de triger seti degismeli mi?,https://www.golftutkusu.com/topic/17519-2014-golf-7-65-bin-kmde-triger-seti-degismeli-mi,20,0.6616025135697726,1.2,petrol,2014,180000,180-210k,1.2_TSI,high,1,128,"[0.000175, 0.000547, 0.000035, 0.000106, 0.000074, 0.000187, 0.000075, 0.000051, 0.000180, 0.000288, 0.000287, 0.000031, 0.000147, 0.000151, 0.334531, 0.000368, 0.000101, 0.000840, 0.000225, 0.661603]"
doc_00100,2014 Golf 7 Unite yazilim guncellemesi,https://www.golftutkusu.com/topic/25490-2014-golf-7-unite-yazilim-guncellemesi,13,0.9699347809033066,NA,unknown,2014,NA,unknown,unknown,low,0,5,"[0.001297, 0.001081, 0.002099, 0.001969, 0.005037, 0.001362, 0.001118, 0.001351, 0.001814, 0.000748, 0.001253, 0.001880, 0.969935, 0.002025, 0.000529, 0.000810, 0.000751, 0.002110, 0.002769, 0.000062]"
doc_00101,2014 Midline Hiz Sabitleyici Aktivasyon Sorunu,https://www.golftutkusu.com/topic/15555-2014-midline-hiz-sabitleyici-aktivasyon-sorunu,13,0.9680042556205363,NA,unknown,2014,NA,unknown,unknown,low,0,3,"[0.001605, 0.001046, 0.002495, 0.001829, 0.006357, 0.001489, 0.001102, 0.001313, 0.001761, 0.000752, 0.001336, 0.001726, 0.968004, 0.002077, 0.000578, 0.000831, 0.000816, 0.002315, 0.002501, 0.000068]"
doc_00102,2014 Model Golf 7 Comfortline Aracimin Kisa Far Ampul Degisimi,https://www.golftutkusu.com/topic/25670-2014-model-golf-7-comfortline-aracimin-kisa-far-ampul-degisimi,14,0.6230270464947829,NA,unknown,2014,NA,unknown,unknown,high,2,4,"[0.100333, 0.000578, 0.002912, 0.001218, 0.249347, 0.002770, 0.000962, 0.001526, 0.001323, 0.000958, 0.003190, 0.001753, 0.001309, 0.623027, 0.002511, 0.001633, 0.001052, 0.001334, 0.001343, 0.000921]"
doc_00103,2014 Model Golf 7 Havalandirma Izgarasi Yon Tusu,https://www.golftutkusu.com/topic/16389-2014-model-golf-7-havalandirma-izgarasi-yon-tusu,3,0.931929242486553,NA,unknown,2014,1000,0-30k,unknown,medium,1,4,"[0.007667, 0.002352, 0.931929, 0.001440, 0.015073, 0.001580, 0.007500, 0.001231, 0.003315, 0.000669, 0.003249, 0.000649, 0.002221, 0.006222, 0.001268, 0.002077, 0.002397, 0.006949, 0.002093, 0.000117]"
doc_00104,2014 golf 1.2tsi Sanzuman Uzerinde Lekeler,https://www.golftutkusu.com/topic/11973-2014-golf-1-2tsi-sanzuman-uzerinde-lekeler,14,0.5528260928926695,1.2,petrol,2014,NA,unknown,1.2_TSI,low,0,3,"[0.002477, 0.368519, 0.001876, 0.005958, 0.007004, 0.002592, 0.001640, 0.004206, 0.003991, 0.004975, 0.006711, 0.000884, 0.002161, 0.552826, 0.002064, 0.019951, 0.001218, 0.005777, 0.003841, 0.001329]"
doc_00105,2014 golf 7 comfortline 1.6 tdi aracimda yagmur sensoru aktif olmuyor neden,https://www.golftutkusu.com/topic/26060-2014-golf-7-comfortline-1-6-tdi-aracimda-yagmur-sensoru-aktif-olmuyor-neden,12,0.5130047908584172,1.6,diesel,2014,NA,unknown,1.6_TDI,low,0,1,"[0.007796, 0.007771, 0.036088, 0.014860, 0.034072, 0.133484, 0.004197, 0.017669, 0.013206, 0.019041, 0.025373, 0.513005, 0.003463, 0.107687, 0.005739, 0.009055, 0.003894, 0.009407, 0.031356, 0.002838]"
doc_00106,2014 golf 7 highline aracimda far ayari hatasi aliyorum,https://www.golftutkusu.com/topic/20509-2014-golf-7-highline-aracimda-far-ayari-hatasi-aliyorum,9,0.789301387877783,NA,unknown,2014,NA,unknown,unknown,low,0,3,"[0.005917, 0.001918, 0.008228, 0.005407, 0.145712, 0.004901, 0.003669, 0.002393, 0.789301, 0.002177, 0.003240, 0.003684, 0.002150, 0.005340, 0.001354, 0.002860, 0.002720, 0.002846, 0.005989, 0.000194]"
doc_00107,2015  COMFORTLINE LED STOP  YANMAMAZLIK DURUMU,https://www.golftutkusu.com/topic/10318-2015-comfortline-led-stop-yanmamazlik-durumu,5,0.35144931715092265,NA,unknown,2015,NA,unknown,unknown,low,0,1,"[0.185655, 0.004620, 0.014821, 0.291446, 0.351449, 0.014830, 0.011133, 0.014093, 0.019257, 0.005685, 0.014841, 0.013540, 0.007155, 0.013489, 0.002629, 0.005434, 0.007907, 0.006466, 0.015089, 0.000460]"
doc_00108,2015 1.4 tsi aracimin benzin gosterge sorunu,https://www.golftutkusu.com/topic/18279-2015-1-4-tsi-aracimin-benzin-gosterge-sorunu,16,0.8640675736529684,1.4,petrol,2015,NA,unknown,1.4_TSI,medium,1,1,"[0.001208, 0.009657, 0.006746, 0.010189, 0.003424, 0.002552, 0.006227, 0.005485, 0.001688, 0.017330, 0.018097, 0.002588, 0.001975, 0.002687, 0.007191, 0.864068, 0.004692, 0.029686, 0.003080, 0.001432]"
doc_00109,2015 GOLF 7 BAGAJ STEPNE SU ALMA SORUNU,https://www.golftutkusu.com/topic/14206-2015-golf-7-bagaj-stepne-su-alma-sorunu,19,0.7884490898292699,NA,unknown,2015,NA,unknown,unknown,low,0,1,"[0.030590, 0.008510, 0.007839, 0.013295, 0.049150, 0.008454, 0.014578, 0.005121, 0.015834, 0.006815, 0.006208, 0.007835, 0.010296, 0.010767, 0.002254, 0.000900, 0.006037, 0.006918, 0.788449, 0.000149]"
doc_00110,2015 GOLF 7-- Bluetooth sorunu -- LUTFEN YARDIM,https://www.golftutkusu.com/topic/11659-2015-golf-7-bluetooth-sorunu-lutfen-yardim,18,0.9829582405212639,1.6,diesel,2015,NA,unknown,1.6_TDI,medium,1,17,"[0.000227, 0.000206, 0.003831, 0.000734, 0.000176, 0.000756, 0.000276, 0.000805, 0.000920, 0.001085, 0.001341, 0.000935, 0.000349, 0.000425, 0.001695, 0.000969, 0.000705, 0.982958, 0.001467, 0.000140]"
doc_00111,2015 GOLF BAGAJ STEPNE SU ALMA SORUNU,https://www.golftutkusu.com/topic/14205-2015-golf-bagaj-stepne-su-alma-sorunu,4,0.7490079235327717,NA,unknown,2015,NA,unknown,unknown,low,0,1,"[0.012544, 0.005821, 0.014944, 0.749008, 0.057895, 0.014952, 0.011258, 0.009547, 0.021901, 0.006994, 0.010743, 0.012663, 0.007788, 0.015745, 0.002169, 0.006335, 0.006960, 0.010834, 0.021583, 0.000314]"
doc_00112,2015 Golf 1.6 TDI ELEKTRONIK PARK FRENI ARIZASI,https://www.golftutkusu.com/topic/10006-2015-golf-1-6-tdi-elektronik-park-freni-arizasi,19,0.90971865306833255,1.6,diesel,2015,NA,unknown,1.6_TDI,low,0,7,"[0.004321, 0.000693, 0.006063, 0.002606, 0.010227, 0.002252, 0.000543, 0.002786, 0.002868, 0.001941, 0.047221, 0.002689, 0.000484, 0.001778, 0.000656, 0.000575, 0.000856, 0.001061, 0.909719, 0.000661]"
doc_00113,2015 Golf 7 Aracimda Kaput Kapanmiyor,https://www.golftutkusu.com/topic/17042-2015-golf-7-aracimda-kaput-kapanmiyor,10,0.9280381298955938,NA,unknown,2015,NA,unknown,unknown,medium,1,3,"[0.004591, 0.001297, 0.001020, 0.002646, 0.010376, 0.002554, 0.017407, 0.001891, 0.003219, 0.928038, 0.000972, 0.002244, 0.002476, 0.005334, 0.002521, 0.001448, 0.004360, 0.005143, 0.002358, 0.000103]"
doc_00114,2015 Golf 7 Highline,https://www.golftutkusu.com/topic/24096-2015-golf-7-highline,17,0.44145697358569924,NA,unknown,2015,NA,unknown,unknown,low,0,1,"[0.010847, 0.006048, 0.139687, 0.015531, 0.277892, 0.011505, 0.008670, 0.008428, 0.014681, 0.004890, 0.008327, 0.007681, 0.006740, 0.009898, 0.001807, 0.008019, 0.441457, 0.009074, 0.008503, 0.000313]"
doc_00115,"2015 Golf 7 tekleme sorunu, usta buji ateslemiyor dedi?",https://www.golftutkusu.com/topic/24879-2015-golf-7-tekleme-sorunu-usta-buji-ateslemiyor-dedi,15,0.5726061717554227,NA,unknown,2015,NA,unknown,unknown,high,1,17,"[0.000939, 0.000366, 0.002361, 0.000847, 0.003632, 0.001665, 0.001500, 0.001583, 0.002869, 0.001039, 0.000662, 0.001684, 0.001548, 0.002165, 0.572606, 0.397853, 0.000957, 0.004172, 0.000612, 0.000940]"
doc_00116,2015 model comfort araca 2013 model midline sag aynasi olurmu,https://www.golftutkusu.com/topic/12917-2015-model-comfort-araca-2013-model-midline-sag-aynasi-olurmu,14,0.4401962502938283,NA,unknown,2015,NA,unknown,unknown,low,0,1,"[0.057950, 0.005485, 0.011141, 0.013587, 0.068780, 0.016824, 0.021240, 0.012230, 0.028692, 0.005571, 0.010510, 0.012665, 0.012455, 0.440196, 0.004901, 0.003646, 0.004814, 0.017068, 0.251924, 0.000321]"
doc_00117,2016 - Golf 7 Taban koruma Plastigi Hak.,https://www.golftutkusu.com/topic/13293-2016-golf-7-taban-koruma-plastigi-hak,14,0.9810378601808157,NA,unknown,2016,NA,unknown,unknown,medium,1,9,"[0.000904, 0.000293, 0.001204, 0.000789, 0.004077, 0.000944, 0.001003, 0.000542, 0.000971, 0.000480, 0.002250, 0.000774, 0.000784, 0.981038, 0.000722, 0.001080, 0.000390, 0.001071, 0.000624, 0.000060]"
doc_00118,2016 Golf -> Yetkili Servis VS Ozel servis & Sanayi,https://www.golftutkusu.com/topic/19096-2016-golf-yetkili-servis-vs-ozel-servis-sanayi,15,0.9935154913255395,1.6,diesel,2016,32000,30-60k,1.6_TDI,high,2,27,"[0.000204, 0.000153, 0.000685, 0.000094, 0.000057, 0.000279, 0.000120, 0.000248, 0.000313, 0.000498, 0.000163, 0.000324, 0.000109, 0.000133, 0.993515, 0.000187, 0.000135, 0.001268, 0.000543, 0.000971]"
doc_00119,2016 Golf 1.2 TSI Manuel - Epc Arizasi,https://www.golftutkusu.com/topic/19314-2016-golf-1-2-tsi-manuel-epc-arizasi,2,0.7725285375042772,1.2,petrol,2016,100000,90-120k,1.2_TSI,high,1,20,"[0.000269, 0.772529, 0.000858, 0.001415, 0.000578, 0.001086, 0.000867, 0.001887, 0.001234, 0.001515, 0.002006, 0.000336, 0.001074, 0.001553, 0.002122, 0.197614, 0.000798, 0.006138, 0.000782, 0.005339]"
doc_00120,2016 Golf 1.2 Tsi termostat arizasi,https://www.golftutkusu.com/topic/27570-2016-golf-1-2-tsi-termostat-arizasi,15,0.6208167354514161,1.2,petrol,2016,10000,0-30k,1.2_TSI,high,1,6,"[0.321318, 0.008208, 0.000417, 0.001187, 0.001375, 0.001397, 0.000534, 0.001829, 0.001201, 0.002594, 0.003831, 0.000267, 0.001129, 0.002305, 0.620817, 0.004412, 0.001615, 0.009879, 0.002687, 0.012998]"
doc_00121,2016 Golf 1.4 TSI DSG - 1. ve 2. Vites Gecislerinde Gelen Ses,https://www.golftutkusu.com/topic/25711-2016-golf-1-4-tsi-dsg-1-ve-2-vites-gecislerinde-gelen-ses,10,0.7616009137749781,1.4,petrol,2016,NA,unknown,1.4_TSI,medium,0,8,"[0.000275, 0.001681, 0.000772, 0.001765, 0.000317, 0.000535, 0.001111, 0.000442, 0.000310, 0.761601, 0.001190, 0.000590, 0.000521, 0.000457, 0.003501, 0.007649, 0.001747, 0.214262, 0.001021, 0.000253]"
doc_00122,2016 Golf 7 Kalorifer Arizasi,https://www.golftutkusu.com/topic/25294-2016-golf-7-kalorifer-arizasi,10,0.9767801863144308,NA,unknown,2016,NA,unknown,unknown,medium,1,2,"[0.000977, 0.000307, 0.000559, 0.002519, 0.002312, 0.000966, 0.001905, 0.000808, 0.001233, 0.976780, 0.000428, 0.001213, 0.000772, 0.002071, 0.001125, 0.001350, 0.001403, 0.001731, 0.001442, 0.000099]"
doc_00123,2016 Golf 7 Yag Degisimi Hemen! Uyarisi,https://www.golftutkusu.com/topic/9654-2016-golf-7-yag-degisimi-hemen-uyarisi,14,0.9862426127521995,NA,unknown,2016,4100,0-30k,unknown,high,2,21,"[0.000472, 0.000274, 0.000910, 0.000545, 0.001643, 0.000951, 0.000591, 0.000272, 0.000542, 0.000417, 0.001467, 0.000759, 0.000764, 0.986243, 0.001070, 0.000916, 0.000256, 0.001110, 0.000536, 0.000262]"
doc_00124,2016 dsg golf ugultu,https://www.golftutkusu.com/topic/15734-2016-dsg-golf-ugultu,15,0.9807590976824142,1.4,petrol,2016,NA,unknown,1.4_TSI,medium,0,11,"[0.000431, 0.001389, 0.000392, 0.000594, 0.000260, 0.000333, 0.000632, 0.000227, 0.000236, 0.002119, 0.000741, 0.000239, 0.000300, 0.000325, 0.980759, 0.003200, 0.000541, 0.006063, 0.000645, 0.000573]"
doc_00125,2016 golf7 cxx kodlu motor,https://www.golftutkusu.com/topic/19272-2016-golf7-cxx-kodlu-motor,9,0.9729610893010557,1.6,diesel,2016,NA,unknown,1.6_TDI,high,1,4,"[0.000155, 0.000438, 0.003984, 0.000625, 0.000426, 0.000723, 0.000405, 0.000772, 0.972961, 0.001084, 0.001514, 0.001280, 0.000150, 0.000367, 0.001560, 0.008104, 0.000372, 0.001797, 0.001685, 0.001598]"
doc_00126,2017 Golf 1.6 Tdi Yan Ayna Bazen Asagi Inmiyor,https://www.golftutkusu.com/topic/8464-2017-golf-1-6-tdi-yan-ayna-bazen-asagi-inmiyor,6,0.8483618481441764,1.6,diesel,2017,NA,unknown,1.6_TDI,medium,1,9,"[0.000825, 0.000924, 0.006998, 0.002065, 0.001919, 0.848362, 0.001113, 0.002495, 0.001970, 0.003614, 0.004202, 0.002323, 0.000613, 0.001575, 0.003642, 0.002381, 0.001561, 0.109426, 0.002992, 0.000999]"
doc_00127,2017 model Polo 819  unite,https://www.golftutkusu.com/topic/27272-2017-model-polo-819-unite,4,0.9352290460319731,NA,unknown,2017,NA,unknown,unknown,low,0,2,"[0.005772, 0.001906, 0.001601, 0.935229, 0.017819, 0.002725, 0.006031, 0.002302, 0.004533, 0.002133, 0.002151, 0.002663, 0.001643, 0.003161, 0.000360, 0.000546, 0.002130, 0.002608, 0.004657, 0.000030]"
doc_00128,2020 Golf aracta sag arka koltuk tarafindan gelen bir citirdi sesi ?,https://www.golftutkusu.com/topic/13146-2020-golf-aracta-sag-arka-koltuk-tarafindan-gelen-bir-citirdi-sesi,13,0.984630175468312,NA,unknown,2020,NA,unknown,unknown,medium,1,28,"[0.000552, 0.000412, 0.000884, 0.000667, 0.001966, 0.000676, 0.000871, 0.000729, 0.000643, 0.000305, 0.001029, 0.000585, 0.984630, 0.001315, 0.000678, 0.000782, 0.000483, 0.001884, 0.000823, 0.000085]"
doc_00129,2026 Ekran cezasi,https://www.golftutkusu.com/topic/27803-2026-ekran-cezasi,5,0.5100240646109642,NA,unknown,NA,NA,unknown,unknown,low,0,1,"[0.030900, 0.008851, 0.009802, 0.122980, 0.510024, 0.017004, 0.191249, 0.010646, 0.016998, 0.007959, 0.009468, 0.010211, 0.006945, 0.014896, 0.001716, 0.002349, 0.010643, 0.006035, 0.011167, 0.000156]"
doc_00130,2200-2500 Devirde Gelen Trim Ses,https://www.golftutkusu.com/topic/10841-2200-2500-devirde-gelen-trim-ses,2,0.993305016868852,1.6,diesel,2014,69000,60-90k,1.6_TDI,high,4,44,"[0.000062, 0.993305, 0.001389, 0.000224, 0.000066, 0.000339, 0.000206, 0.000502, 0.000250, 0.000331, 0.000161, 0.000465, 0.000145, 0.000115, 0.000514, 0.000218, 0.000163, 0.000430, 0.000711, 0.000404]"
doc_00131,3 bin devir,https://www.golftutkusu.com/topic/24932-3-bin-devir,3,0.9642758333082984,NA,unknown,2014,5000,0-30k,unknown,low,0,4,"[0.002181, 0.001463, 0.964276, 0.002350, 0.008128, 0.001316, 0.001387, 0.000858, 0.003079, 0.000487, 0.001250, 0.000897, 0.001378, 0.002184, 0.000336, 0.001911, 0.000936, 0.002960, 0.002562, 0.000059]"
doc_00132,3.5 vs orjinal yay,https://www.golftutkusu.com/topic/13448-3-5-vs-orjinal-yay,6,0.9876364676689998,NA,unknown,NA,3000,0-30k,unknown,low,0,11,"[0.000640, 0.000399, 0.000544, 0.000907, 0.002941, 0.987636, 0.000702, 0.000355, 0.000876, 0.000338, 0.000544, 0.000582, 0.000408, 0.000749, 0.000204, 0.000323, 0.000372, 0.000667, 0.000776, 0.000037]"
doc_00133,3.Fren Lambasi Hatasi,https://www.golftutkusu.com/topic/25955-3-fren-lambasi-hatasi,4,0.8682643391393191,NA,unknown,NA,NA,unknown,unknown,high,2,1,"[0.003599, 0.002685, 0.006428, 0.868264, 0.011653, 0.008617, 0.007424, 0.004916, 0.007039, 0.003450, 0.010105, 0.006679, 0.005407, 0.005834, 0.005649, 0.008533, 0.005755, 0.018205, 0.007392, 0.002366]"
doc_00134,360 derece ses ozelligi,https://www.golftutkusu.com/topic/27595-360-derece-ses-ozelligi,6,0.4225104326996181,NA,unknown,NA,NA,unknown,unknown,low,0,2,"[0.013553, 0.008286, 0.027793, 0.054484, 0.089623, 0.422510, 0.012971, 0.009442, 0.222894, 0.007333, 0.015291, 0.016685, 0.012556, 0.018331, 0.004403, 0.010935, 0.008845, 0.016715, 0.026614, 0.000735]"
doc_00135,3Q0 035 819 B Delphi MIB2 STD /Golf 7,https://www.golftutkusu.com/topic/19596-3q0-035-819-b-delphi-mib2-std-golf-7,9,0.920354548091818,NA,unknown,NA,NA,unknown,unknown,medium,1,6,"[0.003388, 0.001466, 0.001729, 0.002312, 0.009980, 0.002301, 0.032978, 0.001056, 0.920355, 0.001587, 0.003271, 0.001105, 0.001427, 0.004913, 0.002140, 0.001577, 0.002173, 0.004004, 0.002106, 0.000133]"
doc_00136,4 ariza lambasi birden yaniyor,https://www.golftutkusu.com/topic/16726-4-ariza-lambasi-birden-yaniyor,17,0.8948988780063893,NA,unknown,2012,NA,unknown,unknown,high,3,14,"[0.000902, 0.000174, 0.000762, 0.000686, 0.001561, 0.000927, 0.000871, 0.000698, 0.000657, 0.000281, 0.091385, 0.000753, 0.000610, 0.000859, 0.000482, 0.000805, 0.894899, 0.001727, 0.000557, 0.000403]"
doc_00137,4. yas bakimda Buji degisimi gereklimidir.,https://www.golftutkusu.com/topic/13285-4-yas-bakimda-buji-degisimi-gereklimidir,20,0.9962729620965127,1.4,petrol,2016,24500,0-30k,1.4_TSI,high,2,99,"[0.000046, 0.000219, 0.000110, 0.000122, 0.000042, 0.000132, 0.000071, 0.000021, 0.000033, 0.000273, 0.000427, 0.000070, 0.000069, 0.000020, 0.000751, 0.000822, 0.000078, 0.000258, 0.000163, 0.996273]"
doc_00138,5F0000846C Ses problemi - Cozuldu,https://www.golftutkusu.com/topic/21460-5f0000846c-ses-problemi-cozuldu,7,0.949969879371858,NA,unknown,NA,NA,unknown,unknown,low,0,3,"[0.001817, 0.001670, 0.003434, 0.004385, 0.009778, 0.002902, 0.949970, 0.001826, 0.004272, 0.002210, 0.002773, 0.002177, 0.001709, 0.003147, 0.000686, 0.001654, 0.001701, 0.001511, 0.002301, 0.000077]"
doc_00139,5G0 035 867 2014 Golf 7 plaka kamera baglantisi yardim..,https://www.golftutkusu.com/topic/16668-5g0-035-867-2014-golf-7-plaka-kamera-baglantisi-yardim,5,0.9832832159773218,NA,unknown,2014,NA,unknown,unknown,low,0,2,"[0.001603, 0.000289, 0.001810, 0.001244, 0.983283, 0.001631, 0.000647, 0.001135, 0.001659, 0.000365, 0.000691, 0.001075, 0.000479, 0.001794, 0.000132, 0.000442, 0.000715, 0.000257, 0.000714, 0.000033]"
doc_00140,5GG 035 280D Hakkinda,https://www.golftutkusu.com/topic/18163-5gg-035-280d-hakkinda,17,0.451648521673268,NA,unknown,NA,NA,unknown,unknown,low,0,1,"[0.036058, 0.207498, 0.014234, 0.016962, 0.076494, 0.013901, 0.052601, 0.013010, 0.022556, 0.012686, 0.007798, 0.012544, 0.011897, 0.012901, 0.003539, 0.001918, 0.451649, 0.014946, 0.016638, 0.000170]"
doc_00141,5Q0253692A Kodlu parca,https://www.golftutkusu.com/topic/27757-5q0253692a-kodlu-parca,17,0.9642957937712946,NA,unknown,2020,NA,unknown,unknown,low,0,5,"[0.002507, 0.000829, 0.002037, 0.002262, 0.007511, 0.001638, 0.001406, 0.001830, 0.002683, 0.001558, 0.002124, 0.001641, 0.001101, 0.001204, 0.000463, 0.000725, 0.964296, 0.002281, 0.001857, 0.000047]"
doc_00142,6.5 Inc Multimedyada Klima Menusunu Goremiyorum,https://www.golftutkusu.com/topic/10271-6-5-inc-multimedyada-klima-menusunu-goremiyorum,7,0.9793702080449397,NA,unknown,NA,NA,unknown,unknown,high,1,14,"[0.000815, 0.000453, 0.000600, 0.000676, 0.003097, 0.001678, 0.979370, 0.001128, 0.001153, 0.000465, 0.001084, 0.000798, 0.000890, 0.001558, 0.001320, 0.001190, 0.000751, 0.002229, 0.000441, 0.000302]"
doc_00143,7.5 R Donusum ve Mib 2.5 Yukseltme,https://www.golftutkusu.com/topic/17509-7-5-r-donusum-ve-mib-2-5-yukseltme,4,0.8745688962656222,NA,unknown,2016,NA,unknown,unknown,low,0,8,"[0.003195, 0.001206, 0.003860, 0.874569, 0.082580, 0.003911, 0.002428, 0.002704, 0.004808, 0.001660, 0.002290, 0.002632, 0.001432, 0.003023, 0.000413, 0.001608, 0.001783, 0.002120, 0.003694, 0.000082]"
doc_00144,7.5 far isinma,https://www.golftutkusu.com/topic/27454-7-5-far-isinma,5,0.29989462448536625,NA,unknown,NA,NA,unknown,unknown,low,0,1,"[0.025998, 0.005489, 0.017376, 0.025773, 0.299895, 0.021766, 0.109792, 0.013582, 0.118137, 0.146124, 0.089562, 0.017267, 0.012154, 0.025103, 0.003946, 0.016819, 0.016448, 0.009560, 0.024315, 0.000896]"
doc_00145,7.5 r line tampon,https://www.golftutkusu.com/topic/13515-7-5-r-line-tampon,9,0.8956334957816544,NA,unknown,NA,NA,unknown,unknown,low,0,2,"[0.008741, 0.002771, 0.003864, 0.004620, 0.041629, 0.003470, 0.008121, 0.001660, 0.895633, 0.002568, 0.002562, 0.002894, 0.002101, 0.004739, 0.001147, 0.001038, 0.003206, 0.003625, 0.005543, 0.000069]"
doc_00146,7.5R Tampon donusum sonrasi sorunlar,https://www.golftutkusu.com/topic/26224-7-5r-tampon-donusum-sonrasi-sorunlar,3,0.9764938649020918,NA,unknown,NA,4000,0-30k,unknown,low,0,4,"[0.001456, 0.000929, 0.976494, 0.001137, 0.006074, 0.000828, 0.000919, 0.000480, 0.002194, 0.000291, 0.000806, 0.000477, 0.000895, 0.001485, 0.000223, 0.001175, 0.000611, 0.001753, 0.001732, 0.000041]"
doc_00147,7.viteste gaz pedalinda titreme hissi,https://www.golftutkusu.com/topic/20603-7-viteste-gaz-pedalinda-titreme-hissi,18,0.7529558633668817,1.2,petrol,2014,NA,unknown,1.2_TSI,high,1,8,"[0.000588, 0.001308, 0.000447, 0.000750, 0.000495, 0.003298, 0.001399, 0.001346, 0.003995, 0.002050, 0.002990, 0.000270, 0.000745, 0.001631, 0.205067, 0.013955, 0.000294, 0.752956, 0.002286, 0.004131]"
doc_00148,819B multimedya,https://www.golftutkusu.com/topic/24931-819b-multimedya,8,0.5513451371816172,NA,unknown,NA,NA,unknown,unknown,low,0,1,"[0.016112, 0.008584, 0.013180, 0.176516, 0.059639, 0.016802, 0.017236, 0.551345, 0.023831, 0.008127, 0.012879, 0.012552, 0.010763, 0.012895, 0.002327, 0.013100, 0.010967, 0.012433, 0.020456, 0.000257]"
doc_00149,89600 km golf 7 dizel aracin bakim zamani ve uyarisi,https://www.golftutkusu.com/topic/10498-89600-km-golf-7-dizel-aracin-bakim-zamani-ve-uyarisi,14,0.9477147252195105,NA,unknown,2015,89600,60-90k,unknown,low,0,2,"[0.002714, 0.001023, 0.003675, 0.003670, 0.013693, 0.002780, 0.001821, 0.001289, 0.003373, 0.001529, 0.003725, 0.002997, 0.001898, 0.947715, 0.000673, 0.001406, 0.000809, 0.001553, 0.003595, 0.000061]"
doc_00150,90 dan sonra gelen titreme ve ses,https://www.golftutkusu.com/topic/25771-90-dan-sonra-gelen-titreme-ve-ses,16,0.9821382428828798,1.2,petrol,NA,NA,unknown,1.2_TSI,high,2,8,"[0.000109, 0.001599, 0.000328, 0.000719, 0.000301, 0.000457, 0.000351, 0.001162, 0.000634, 0.000965, 0.001565, 0.000157, 0.000429, 0.000769, 0.000771, 0.982138, 0.000347, 0.005527, 0.000228, 0.001443]"
doc_00151,:( :( Koltuk dosemesi sigara yanigi cozumu?,https://www.golftutkusu.com/topic/9658-koltuk-dosemesi-sigara-yanigi-cozumu,17,0.989619838073416,NA,unknown,NA,140000,120-150k,unknown,medium,0,20,"[0.001065, 0.000239, 0.000240, 0.000299, 0.002185, 0.000333, 0.001198, 0.000518, 0.000438, 0.000436, 0.000748, 0.000250, 0.000277, 0.000422, 0.000271, 0.000138, 0.989620, 0.001099, 0.000210, 0.000013]"
doc_00152,A Sutunu Kaplama Parca Kodu,https://www.golftutkusu.com/topic/11621-a-sutunu-kaplama-parca-kodu,4,0.9799049495364162,NA,unknown,NA,NA,unknown,unknown,low,0,12,"[0.000906, 0.000497, 0.001011, 0.979905, 0.004067, 0.001158, 0.000979, 0.000866, 0.001704, 0.000680, 0.000966, 0.001131, 0.000634, 0.001081, 0.000158, 0.000574, 0.000579, 0.001034, 0.002040, 0.000027]"
doc_00153,ABS ESC Yokus Kalkis Lastik Basinci Start Stop... Yanmadik lamba kalmadi.,https://www.golftutkusu.com/topic/16476-abs-esc-yokus-kalkis-lastik-basinci-start-stop-yanmadik-lamba-kalmadi,8,0.6589203412917005,NA,unknown,2014,120000,120-150k,unknown,high,2,20,"[0.001452, 0.000526, 0.001239, 0.001456, 0.005702, 0.001619, 0.001697, 0.658920, 0.000741, 0.000401, 0.087025, 0.001355, 0.002018, 0.226819, 0.000711, 0.003915, 0.001455, 0.001438, 0.001123, 0.000388]"
doc_00154,ABS lambam yanip sonuyor,https://www.golftutkusu.com/topic/18003-abs-lambam-yanip-sonuyor,8,0.9460355380318781,1.2,petrol,2014,NA,unknown,1.2_TSI,high,0,4,"[0.000730, 0.010481, 0.000181, 0.001756, 0.001226, 0.000848, 0.000517, 0.946036, 0.000419, 0.001510, 0.003690, 0.000201, 0.000976, 0.001170, 0.001701, 0.017864, 0.001659, 0.005367, 0.000926, 0.002743]"
doc_00155,ABS sensoru,https://www.golftutkusu.com/topic/16635-abs-sensoru,14,0.9520644780614409,NA,unknown,2015,NA,unknown,unknown,medium,0,7,"[0.001883, 0.000622, 0.002613, 0.001969, 0.015906, 0.002366, 0.003004, 0.001193, 0.002115, 0.000974, 0.004203, 0.001590, 0.001565, 0.952064, 0.001430, 0.002051, 0.000867, 0.001955, 0.001494, 0.000135]"
doc_00156,ABS- Elektrikli Park- Start Stop Arizasi,https://www.golftutkusu.com/topic/20063-abs-elektrikli-park-start-stop-arizasi,14,0.6070938040121598,NA,unknown,2015,NA,unknown,unknown,medium,1,5,"[0.004179, 0.000661, 0.007085, 0.003184, 0.117216, 0.005247, 0.005941, 0.003497, 0.004933, 0.000861, 0.217720, 0.003346, 0.002996, 0.607094, 0.001256, 0.005591, 0.003269, 0.003278, 0.002241, 0.000403]"
doc_00157,AC klima acikken soguk uflememe sorunu,https://www.golftutkusu.com/topic/17462-ac-klima-acikken-soguk-uflememe-sorunu,4,0.745708333856514,NA,unknown,2019,NA,unknown,unknown,low,0,7,"[0.003739, 0.000765, 0.002925, 0.745708, 0.009842, 0.003999, 0.003667, 0.003054, 0.004575, 0.000913, 0.194784, 0.004112, 0.002285, 0.004581, 0.000255, 0.002004, 0.002432, 0.002521, 0.007704, 0.000134]"
doc_00158,ACILLLL YARDIMM :(,https://www.golftutkusu.com/topic/10705-acillll-yardimm,16,0.9591788345478881,NA,unknown,NA,NA,unknown,unknown,low,0,15,"[0.000954, 0.000370, 0.004928, 0.002742, 0.007314, 0.001800, 0.002108, 0.003248, 0.004245, 0.001269, 0.001472, 0.002674, 0.001464, 0.002467, 0.000175, 0.959179, 0.000873, 0.001770, 0.000916, 0.000031]"
doc_00159,AKU Bitti Ve Motor Beyni yandi Bilgisi olan.,https://www.golftutkusu.com/topic/9908-aku-bitti-ve-motor-beyni-yandi-bilgisi-olan,11,0.9892962832846223,NA,unknown,NA,NA,unknown,unknown,high,1,36,"[0.000588, 0.000055, 0.000553, 0.000647, 0.000780, 0.000776, 0.000749, 0.000357, 0.000528, 0.000047, 0.989296, 0.000618, 0.000576, 0.001015, 0.000189, 0.000642, 0.000720, 0.000847, 0.000616, 0.000400]"
doc_00160,AKUM BITTI,https://www.golftutkusu.com/topic/12980-akum-bitti,11,0.9939806766503846,1.4,petrol,2016,NA,unknown,1.4_TSI,high,0,45,"[0.000103, 0.000172, 0.000154, 0.000334, 0.000070, 0.000178, 0.000239, 0.000112, 0.000041, 0.000150, 0.993981, 0.000168, 0.000110, 0.000160, 0.000232, 0.001861, 0.000327, 0.000780, 0.000278, 0.000549]"
doc_00161,ALT TARAFTAN GELEN TIKIRTI,https://www.golftutkusu.com/topic/12152-alt-taraftan-gelen-tikirti,9,0.9654153213478194,NA,unknown,NA,NA,unknown,unknown,medium,0,8,"[0.000904, 0.000554, 0.002040, 0.001738, 0.003886, 0.001345, 0.001743, 0.000636, 0.965415, 0.000790, 0.001718, 0.000880, 0.000910, 0.001828, 0.001720, 0.002429, 0.001413, 0.008556, 0.001344, 0.000151]"
doc_00162,AMBIYANS AYDINLATMA,https://www.golftutkusu.com/topic/10637-ambiyans-aydinlatma,11,0.570279005228466,NA,unknown,NA,NA,unknown,unknown,medium,1,3,"[0.012726, 0.000102, 0.009337, 0.004547, 0.079626, 0.036028, 0.015424, 0.008388, 0.014255, 0.000995, 0.570279, 0.006088, 0.003415, 0.018030, 0.005218, 0.012014, 0.002525, 0.190868, 0.009609, 0.000524]"
doc_00163,ANAHTAR ILE BUTUN CAMLARI ACAMIYORUM,https://www.golftutkusu.com/topic/8658-anahtar-ile-butun-camlari-acamiyorum,4,0.9899977310512296,1.4,petrol,2015,NA,unknown,1.4_TSI,low,0,11,"[0.000152, 0.001049, 0.000286, 0.989998, 0.000529, 0.000261, 0.000306, 0.000306, 0.000155, 0.001254, 0.001076, 0.000277, 0.000102, 0.000123, 0.000177, 0.001846, 0.000265, 0.000925, 0.000857, 0.000056]"
doc_00164,ARACIM YOKUSTA KALKARKEN STOP EDIYOR,https://www.golftutkusu.com/topic/26674-aracim-yokusta-kalkarken-stop-ediyor,12,0.7288175357764656,NA,unknown,NA,NA,unknown,unknown,low,0,2,"[0.010850, 0.000457, 0.007552, 0.007552, 0.051350, 0.026179, 0.012671, 0.008495, 0.031289, 0.003994, 0.014138, 0.728818, 0.003508, 0.024647, 0.004373, 0.008915, 0.001048, 0.029967, 0.023987, 0.000210]"
doc_00165,ARKA SAG KAPI ESIKTEN SU ALIYOR,https://www.golftutkusu.com/topic/12193-arka-sag-kapi-esikten-su-aliyor,1,0.9794116658654164,NA,unknown,2016,NA,unknown,unknown,low,0,6,"[0.979412, 0.000326, 0.001511, 0.001099, 0.005980, 0.000988, 0.000444, 0.000937, 0.001100, 0.000506, 0.001102, 0.000854, 0.000560, 0.001136, 0.000568, 0.000255, 0.000702, 0.000563, 0.001904, 0.000054]"
doc_00166,Abs - kirmizi unlem ve start stop hatasi,https://www.golftutkusu.com/topic/22416-abs-kirmizi-unlem-ve-start-stop-hatasi,14,0.6140180264652662,1.6,diesel,2013,NA,unknown,1.6_TDI,medium,1,7,"[0.001254, 0.000372, 0.004963, 0.001273, 0.002084, 0.001541, 0.001291, 0.002627, 0.001748, 0.001483, 0.354422, 0.002286, 0.000454, 0.614018, 0.001170, 0.002542, 0.000971, 0.001937, 0.002572, 0.000992]"
doc_00167,Abs ve fren uyari lambasi yaniyor/ Vakum sensoru hatasi,https://www.golftutkusu.com/topic/17816-abs-ve-fren-uyari-lambasi-yaniyor-vakum-sensoru-hatasi,9,0.9857723988275907,NA,unknown,NA,NA,unknown,unknown,high,2,10,"[0.000303, 0.000327, 0.000921, 0.000681, 0.001487, 0.000794, 0.000754, 0.000207, 0.985772, 0.000319, 0.000900, 0.000534, 0.000459, 0.000687, 0.001113, 0.001306, 0.000516, 0.001659, 0.000825, 0.000437]"
doc_00168,Acil - Sol on kalorifer izgarasindan gelen Cizirti sesi,https://www.golftutkusu.com/topic/18791-acil-sol-on-kalorifer-izgarasindan-gelen-cizirti-sesi,19,0.9771362203898307,NA,unknown,NA,NA,unknown,unknown,low,0,3,"[0.002388, 0.000680, 0.001792, 0.002127, 0.003726, 0.001258, 0.000618, 0.000665, 0.002200, 0.000757, 0.001048, 0.001169, 0.001088, 0.001217, 0.000394, 0.000268, 0.000550, 0.000862, 0.977136, 0.000056]"
doc_00169,Acil- Dizel Partikul Filtresi problemi,https://www.golftutkusu.com/topic/19051-acil-dizel-partikul-filtresi-problemi,8,0.9852845875398646,1.6,diesel,NA,180000,180-210k,1.6_TDI,medium,1,12,"[0.000585, 0.000419, 0.001808, 0.000642, 0.001012, 0.000511, 0.000407, 0.985285, 0.000392, 0.001018, 0.001564, 0.000672, 0.000188, 0.000477, 0.000525, 0.001906, 0.000643, 0.000757, 0.001009, 0.000180]"
doc_00170,Acil. Multimedya sokme,https://www.golftutkusu.com/topic/8276-acil-multimedya-sokme,12,0.9651506805621458,NA,unknown,NA,NA,unknown,unknown,low,0,4,"[0.003384, 0.001072, 0.000552, 0.001875, 0.009843, 0.001422, 0.002605, 0.000916, 0.001852, 0.001252, 0.001265, 0.965151, 0.001291, 0.002291, 0.000307, 0.000405, 0.001207, 0.001494, 0.001793, 0.000022]"
doc_00171,Acilen yardiminiza ihtiyacim var!,https://www.golftutkusu.com/topic/24659-acilen-yardiminiza-ihtiyacim-var,6,0.6392939427647805,NA,unknown,2017,NA,unknown,unknown,high,2,7,"[0.003377, 0.000533, 0.001096, 0.001637, 0.020148, 0.639294, 0.005026, 0.001106, 0.001502, 0.000322, 0.309344, 0.001846, 0.001845, 0.003464, 0.000819, 0.000958, 0.002337, 0.002954, 0.001492, 0.000900]"
doc_00172,Acilll yardim,https://www.golftutkusu.com/topic/10351-acilll-yardim,9,0.9582535215582954,NA,unknown,NA,NA,unknown,unknown,medium,1,6,"[0.001374, 0.000774, 0.002748, 0.002240, 0.007007, 0.001931, 0.002682, 0.000917, 0.958254, 0.000916, 0.002761, 0.001211, 0.001111, 0.002951, 0.002002, 0.003256, 0.001550, 0.003839, 0.002235, 0.000239]"
doc_00173,Afs sorunu,https://www.golftutkusu.com/topic/19897-afs-sorunu,5,0.9876779899799338,NA,unknown,NA,NA,unknown,unknown,low,0,10,"[0.001345, 0.000206, 0.001315, 0.000903, 0.987678, 0.001240, 0.000411, 0.000909, 0.001148, 0.000266, 0.000488, 0.000766, 0.000345, 0.001283, 0.000097, 0.000330, 0.000558, 0.000185, 0.000503, 0.000025]"
doc_00174,Agir bakim/triger degisimi sonrasi olusan ses,https://www.golftutkusu.com/topic/19645-agir-bakim-triger-degisimi-sonrasi-olusan-ses,15,0.35373999478689006,NA,unknown,NA,120000,120-150k,unknown,high,0,7,"[0.007266, 0.002722, 0.008322, 0.004079, 0.347873, 0.201313, 0.004446, 0.003995, 0.005678, 0.002959, 0.003537, 0.005972, 0.005428, 0.008759, 0.353740, 0.004686, 0.005969, 0.013658, 0.004330, 0.005268]"
doc_00175,Air Care codlama,https://www.golftutkusu.com/topic/8819-air-care-codlama,7,0.8170831378018981,NA,unknown,NA,NA,unknown,unknown,low,0,1,"[0.015435, 0.006122, 0.006264, 0.010571, 0.064670, 0.007522, 0.817083, 0.005158, 0.012612, 0.006236, 0.006233, 0.006035, 0.005116, 0.009890, 0.001481, 0.001553, 0.006313, 0.004420, 0.007192, 0.000093]"
doc_00176,Airbag Sargisi,https://www.golftutkusu.com/topic/12422-airbag-sargisi,19,0.9826363666433139,NA,unknown,NA,NA,unknown,unknown,high,2,9,"[0.000948, 0.000522, 0.001159, 0.001241, 0.000974, 0.001240, 0.000576, 0.000416, 0.001039, 0.000511, 0.001126, 0.000822, 0.001158, 0.000804, 0.001547, 0.000497, 0.000459, 0.001699, 0.982636, 0.000626]"
doc_00177,Airbag isigi,https://www.golftutkusu.com/topic/19271-airbag-isigi,4,0.9779146212082359,NA,unknown,NA,NA,unknown,unknown,low,0,4,"[0.001013, 0.000524, 0.001130, 0.977915, 0.004701, 0.001239, 0.001099, 0.001032, 0.001621, 0.000723, 0.001078, 0.001205, 0.000666, 0.001372, 0.000170, 0.000643, 0.000671, 0.001077, 0.002091, 0.000029]"
doc_00178,Aks yag kacagi,https://www.golftutkusu.com/topic/16622-aks-yag-kacagi,14,0.9854731816686242,1.4,petrol,2016,8000,0-30k,1.4_TSI,medium,0,9,"[0.000206, 0.001114, 0.000449, 0.000533, 0.000683, 0.000280, 0.000371, 0.000194, 0.000100, 0.001415, 0.002362, 0.000239, 0.000194, 0.985473, 0.001255, 0.003311, 0.000184, 0.001104, 0.000382, 0.000152]"
doc_00179,Aku Bitti Bilgilendirme,https://www.golftutkusu.com/topic/7910-aku-bitti-bilgilendirme,11,0.9980184025143767,1.4,petrol,2013,126786,120-150k,1.4_TSI,high,4,134,"[0.000044, 0.000053, 0.000054, 0.000128, 0.000028, 0.000063, 0.000093, 0.000042, 0.000015, 0.000042, 0.998018, 0.000062, 0.000040, 0.000066, 0.000063, 0.000536, 0.000123, 0.000234, 0.000106, 0.000189]"
doc_00180,Aku Degisim vetavsiye (Varta yerine Bosch yada Mutlu Aku),https://www.golftutkusu.com/topic/15674-aku-degisim-vetavsiye-varta-yerine-bosch-yada-mutlu-aku,11,0.9854796318340707,NA,unknown,2020,NA,unknown,unknown,low,0,12,"[0.001234, 0.000072, 0.000789, 0.001148, 0.002418, 0.000760, 0.000813, 0.000514, 0.001116, 0.000067, 0.985480, 0.000862, 0.000511, 0.001614, 0.000037, 0.000381, 0.000742, 0.000407, 0.000996, 0.000039]"
doc_00181,Aku Tamamen Bitmis Kapilar Kilitli,https://www.golftutkusu.com/topic/8323-aku-tamamen-bitmis-kapilar-kilitli,6,0.4903051048211029,1.4,petrol,NA,NA,unknown,1.4_TSI,low,0,7,"[0.002052, 0.000952, 0.002550, 0.003947, 0.006924, 0.490305, 0.004736, 0.002697, 0.002647, 0.003912, 0.420669, 0.002250, 0.000443, 0.002552, 0.002266, 0.029217, 0.000656, 0.010810, 0.009554, 0.000860]"
doc_00182,Aku Tavsiye Start Stop,https://www.golftutkusu.com/topic/16452-aku-tavsiye-start-stop,11,0.990093956820201,1.4,petrol,2013,NA,unknown,1.4_TSI,low,0,12,"[0.000401, 0.000428, 0.000427, 0.001094, 0.000557, 0.000323, 0.000463, 0.000298, 0.000189, 0.000416, 0.990094, 0.000391, 0.000173, 0.000413, 0.000104, 0.002021, 0.000568, 0.000657, 0.000840, 0.000145]"
doc_00183,Aku Uyarisi,https://www.golftutkusu.com/topic/15838-aku-uyarisi,11,0.9884322689062834,NA,unknown,NA,NA,unknown,unknown,medium,1,27,"[0.000797, 0.000045, 0.000539, 0.000694, 0.001614, 0.000604, 0.000916, 0.000503, 0.000624, 0.000046, 0.988432, 0.000499, 0.000422, 0.001678, 0.000092, 0.000582, 0.000717, 0.000596, 0.000524, 0.000079]"
doc_00184,Aku Uyarisi Golf 7,https://www.golftutkusu.com/topic/8753-aku-uyarisi-golf-7,11,0.9787446731743081,1.4,petrol,2015,NA,unknown,1.4_TSI,low,0,11,"[0.000784, 0.000967, 0.000911, 0.001904, 0.001061, 0.000652, 0.000865, 0.000607, 0.000394, 0.001085, 0.978745, 0.000801, 0.000338, 0.000801, 0.000239, 0.005075, 0.001161, 0.001370, 0.001969, 0.000271]"
doc_00185,Aku Zayif - Tavsiye,https://www.golftutkusu.com/topic/11668-aku-zayif-tavsiye,11,0.9902851376033723,1.2,petrol,NA,NA,unknown,1.2_TSI,medium,1,26,"[0.000389, 0.000608, 0.000081, 0.000558, 0.000438, 0.000269, 0.000360, 0.000502, 0.000335, 0.000120, 0.990285, 0.000066, 0.000194, 0.001289, 0.000150, 0.001693, 0.000534, 0.001143, 0.000373, 0.000611]"
doc_00186,Aku bitti,https://www.golftutkusu.com/topic/8540-aku-bitti,11,0.9898951346257616,1.6,diesel,2013,5000,0-30k,1.6_TDI,low,0,14,"[0.000519, 0.000068, 0.001638, 0.000645, 0.000559, 0.000507, 0.000297, 0.000780, 0.000725, 0.000201, 0.989895, 0.000897, 0.000101, 0.000647, 0.000054, 0.000328, 0.000375, 0.000278, 0.001321, 0.000168]"
doc_00187,Aku degisimi,https://www.golftutkusu.com/topic/21655-aku-degisimi,11,0.9835544379275246,NA,unknown,2014,150000,150-180k,unknown,medium,1,15,"[0.001064, 0.000070, 0.000795, 0.001127, 0.001912, 0.000889, 0.001312, 0.000705, 0.000929, 0.000075, 0.983554, 0.000733, 0.000661, 0.002229, 0.000149, 0.000905, 0.001022, 0.000998, 0.000760, 0.000111]"
doc_00188,Aku degisimi,https://www.golftutkusu.com/topic/8425-aku-degisimi,11,0.9930999971959322,1.2,petrol,2014,NA,unknown,1.2_TSI,high,2,27,"[0.000171, 0.000376, 0.000051, 0.000346, 0.000139, 0.000221, 0.000175, 0.000241, 0.000153, 0.000068, 0.993100, 0.000061, 0.000158, 0.000695, 0.000145, 0.001325, 0.000307, 0.000987, 0.000259, 0.001022]"
doc_00189,Aku degisimi sonrasi aku sarj etmiyor uyarisi,https://www.golftutkusu.com/topic/12353-aku-degisimi-sonrasi-aku-sarj-etmiyor-uyarisi,11,0.9613644657330354,1.2,petrol,2015,NA,unknown,1.2_TSI,low,0,9,"[0.001232, 0.002822, 0.000356, 0.009889, 0.001974, 0.000952, 0.000785, 0.001887, 0.001465, 0.000644, 0.961364, 0.000388, 0.000610, 0.002904, 0.000177, 0.006194, 0.001184, 0.002458, 0.001942, 0.000772]"
doc_00190,Aku degistirme,https://www.golftutkusu.com/topic/11609-aku-degistirme,11,0.5949865846620984,NA,unknown,2016,NA,unknown,unknown,low,0,13,"[0.004955, 0.000049, 0.002593, 0.002221, 0.006500, 0.005576, 0.003249, 0.001849, 0.006700, 0.000289, 0.594987, 0.002342, 0.001008, 0.004346, 0.000470, 0.001030, 0.000388, 0.004155, 0.357181, 0.000112]"
doc_00191,Aku durumu,https://www.golftutkusu.com/topic/11221-aku-durumu,11,0.4730245106477698,NA,unknown,2016,NA,unknown,unknown,low,0,3,"[0.328293, 0.000949, 0.007928, 0.008460, 0.113236, 0.006713, 0.005070, 0.006015, 0.007521, 0.001246, 0.473025, 0.006778, 0.003723, 0.010429, 0.000972, 0.002618, 0.006142, 0.003012, 0.007476, 0.000394]"
doc_00192,Aku gosterge %0 ne demek?,https://www.golftutkusu.com/topic/9939-aku-gosterge-0-ne-demek,11,0.9951514239831092,1.6,diesel,2017,60000,60-90k,1.6_TDI,high,2,62,"[0.000153, 0.000027, 0.000640, 0.000199, 0.000085, 0.000274, 0.000164, 0.000367, 0.000169, 0.000072, 0.995151, 0.000374, 0.000068, 0.000264, 0.000116, 0.000324, 0.000212, 0.000332, 0.000461, 0.000546]"
doc_00193,Aku gostergesi,https://www.golftutkusu.com/topic/8535-aku-gostergesi,4,0.5207011422860758,NA,unknown,NA,NA,unknown,unknown,low,0,3,"[0.007392, 0.000159, 0.005413, 0.520701, 0.026128, 0.016232, 0.010561, 0.006200, 0.042580, 0.001168, 0.305174, 0.007410, 0.001667, 0.008857, 0.000985, 0.005463, 0.001048, 0.015136, 0.017547, 0.000178]"
doc_00194,"Aku iyi niyet garantisinde mi, 1.2 TSI DSG",https://www.golftutkusu.com/topic/9495-aku-iyi-niyet-garantisinde-mi-1-2-tsi-dsg,11,0.9907107784333088,1.2,petrol,2016,NA,unknown,1.2_TSI,low,0,26,"[0.000454, 0.000677, 0.000119, 0.000804, 0.000627, 0.000318, 0.000243, 0.000451, 0.000490, 0.000146, 0.990711, 0.000117, 0.000207, 0.001150, 0.000056, 0.001161, 0.000443, 0.000888, 0.000628, 0.000309]"
doc_00195,Aku sarj edilemiyor ve yag sicratma,https://www.golftutkusu.com/topic/15587-aku-sarj-edilemiyor-ve-yag-sicratma,1,0.9413826900652247,1.2,petrol,2013,NA,unknown,1.2_TSI,high,2,30,"[0.941383, 0.003367, 0.000358, 0.001219, 0.000862, 0.000794, 0.000236, 0.001180, 0.000486, 0.001054, 0.011309, 0.000186, 0.000582, 0.001370, 0.008719, 0.003669, 0.001107, 0.011029, 0.001508, 0.009582]"
doc_00196,Aku yuzunden airbag isigi yakar mi?,https://www.golftutkusu.com/topic/17151-aku-yuzunden-airbag-isigi-yakar-mi,14,0.5268879025618021,1.4,petrol,2015,NA,unknown,1.4_TSI,low,0,16,"[0.000962, 0.001674, 0.001881, 0.003225, 0.002877, 0.001150, 0.001169, 0.000930, 0.000685, 0.002294, 0.421441, 0.001339, 0.000644, 0.526888, 0.000618, 0.027128, 0.000893, 0.001892, 0.001983, 0.000326]"
doc_00197,Alcantara Koltugun Kumas kismindaki lekeleri temizlemek,https://www.golftutkusu.com/topic/10206-alcantara-koltugun-kumas-kismindaki-lekeleri-temizlemek,8,0.9882666698448154,NA,unknown,NA,NA,unknown,unknown,low,0,6,"[0.000903, 0.000364, 0.000445, 0.001006, 0.003010, 0.000475, 0.000466, 0.988267, 0.000448, 0.000276, 0.000476, 0.000484, 0.000539, 0.000462, 0.000074, 0.000816, 0.000593, 0.000320, 0.000569, 0.000007]"
doc_00198,Alcantara Koltukta neler leke yapar?,https://www.golftutkusu.com/topic/9791-alcantara-koltukta-neler-leke-yapar,8,0.9614277575555339,NA,unknown,NA,NA,unknown,unknown,low,0,4,"[0.004785, 0.001439, 0.000749, 0.002451, 0.011207, 0.001189, 0.003358, 0.961428, 0.001259, 0.001009, 0.001137, 0.001334, 0.001534, 0.001432, 0.000175, 0.000860, 0.002134, 0.000954, 0.001557, 0.000009]"
doc_00199,Aldigim Hatalar ve Aku Degisimi,https://www.golftutkusu.com/topic/8193-aldigim-hatalar-ve-aku-degisimi,11,0.9864502051592783,1.4,petrol,NA,NA,unknown,1.4_TSI,high,1,19,"[0.000212, 0.000434, 0.000370, 0.000805, 0.000164, 0.000402, 0.000579, 0.000258, 0.000091, 0.000377, 0.986450, 0.000356, 0.000249, 0.000323, 0.000532, 0.004143, 0.000739, 0.001785, 0.000629, 0.001103]"
doc_00200,Aliexpress Led Plaka isigindaki bu parca nedir?,https://www.golftutkusu.com/topic/16332-aliexpress-led-plaka-isigindaki-bu-parca-nedir,9,0.5321772506288873,NA,unknown,NA,NA,unknown,unknown,low,0,2,"[0.002477, 0.000782, 0.003227, 0.002700, 0.437378, 0.002816, 0.001472, 0.001338, 0.532177, 0.000950, 0.001644, 0.002012, 0.000940, 0.003345, 0.000548, 0.001390, 0.001414, 0.000998, 0.002286, 0.000107]"
doc_00201,Alt Takimdaki Ses,https://www.golftutkusu.com/topic/25733-alt-takimdaki-ses,15,0.5925454661701596,NA,unknown,NA,NA,unknown,unknown,high,3,17,"[0.001208, 0.384068, 0.001529, 0.000776, 0.000996, 0.001418, 0.001580, 0.000610, 0.001437, 0.000661, 0.000234, 0.001050, 0.003028, 0.001087, 0.592545, 0.000516, 0.001087, 0.003842, 0.001319, 0.001011]"
doc_00202,Alternator Sarj Gerilimi,https://www.golftutkusu.com/topic/20878-alternator-sarj-gerilimi,8,0.5985814728451405,NA,unknown,NA,NA,unknown,unknown,low,0,7,"[0.005492, 0.000836, 0.002698, 0.005211, 0.014262, 0.003608, 0.003531, 0.598581, 0.003163, 0.000623, 0.336202, 0.003741, 0.002935, 0.005567, 0.000223, 0.003980, 0.003800, 0.001886, 0.003575, 0.000084]"
doc_00203,Ambiyans Aydinlatma Sorunu,https://www.golftutkusu.com/topic/8171-ambiyans-aydinlatma-sorunu,19,0.5836877025970186,NA,unknown,2013,NA,unknown,unknown,medium,1,17,"[0.002586, 0.000568, 0.002273, 0.001832, 0.390284, 0.001945, 0.000955, 0.001537, 0.002559, 0.000683, 0.001730, 0.001187, 0.001136, 0.003384, 0.000883, 0.000698, 0.000958, 0.000888, 0.583688, 0.000228]"
doc_00204,Ambiyans aydinlatma,https://www.golftutkusu.com/topic/20043-ambiyans-aydinlatma,5,0.43882667715308404,NA,unknown,NA,NA,unknown,unknown,low,0,1,"[0.058608, 0.011534, 0.307776, 0.013785, 0.438827, 0.012903, 0.023474, 0.008893, 0.024212, 0.005775, 0.008513, 0.009212, 0.009703, 0.021366, 0.002258, 0.003809, 0.011217, 0.012541, 0.015392, 0.000201]"
doc_00205,Amerikan Park Hakkinda,https://www.golftutkusu.com/topic/12778-amerikan-park-hakkinda,19,0.9693372268014748,NA,unknown,2016,NA,unknown,unknown,medium,1,6,"[0.003088, 0.000688, 0.002014, 0.002111, 0.003511, 0.001504, 0.001262, 0.001018, 0.002201, 0.000826, 0.002372, 0.001015, 0.001548, 0.002253, 0.001381, 0.000718, 0.000885, 0.002062, 0.969337, 0.000204]"
doc_00206,Amortisor Onerisi,https://www.golftutkusu.com/topic/22716-amortisor-onerisi,2,0.9852712008675965,1.2,petrol,2015,NA,unknown,1.2_TSI,low,0,5,"[0.000434, 0.985271, 0.000370, 0.001321, 0.001072, 0.000566, 0.000371, 0.000943, 0.001002, 0.000972, 0.000715, 0.000154, 0.000498, 0.000966, 0.000409, 0.001517, 0.000467, 0.001482, 0.001168, 0.000299]"
doc_00207,Amortisor yag kacagi,https://www.golftutkusu.com/topic/13667-amortisor-yag-kacagi,1,0.9820608176582933,NA,unknown,2014,75000,60-90k,unknown,medium,0,22,"[0.982061, 0.000234, 0.001083, 0.000699, 0.003328, 0.000796, 0.000601, 0.001009, 0.000741, 0.000401, 0.001649, 0.000492, 0.000514, 0.001352, 0.001373, 0.000460, 0.000851, 0.001053, 0.001171, 0.000132]"
doc_00208,Ampul degistirme yardim,https://www.golftutkusu.com/topic/11529-ampul-degistirme-yardim,5,0.6978811739332355,NA,unknown,NA,NA,unknown,unknown,low,0,6,"[0.277971, 0.000479, 0.002970, 0.001697, 0.697881, 0.002243, 0.000740, 0.002117, 0.002116, 0.000686, 0.001549, 0.001539, 0.000768, 0.002483, 0.000502, 0.000532, 0.001362, 0.000472, 0.001804, 0.000087]"
doc_00209,Anahtar Donmeme Sorunu,https://www.golftutkusu.com/topic/17786-anahtar-donmeme-sorunu,14,0.9547005121105476,NA,unknown,NA,NA,unknown,unknown,medium,1,5,"[0.001626, 0.000384, 0.001942, 0.001364, 0.006275, 0.001619, 0.001949, 0.000940, 0.001646, 0.000565, 0.017980, 0.001333, 0.001278, 0.954701, 0.000905, 0.001765, 0.000811, 0.001676, 0.001119, 0.000124]"
doc_00210,Anahtar Dugmesine Uzun Basinca Camlar Acilip Kapanmiyor,https://www.golftutkusu.com/topic/14073-anahtar-dugmesine-uzun-basinca-camlar-acilip-kapanmiyor,4,0.2616737316569778,NA,unknown,NA,NA,unknown,unknown,low,0,5,"[0.008763, 0.003916, 0.009462, 0.261674, 0.088955, 0.005463, 0.176296, 0.007795, 0.148241, 0.007463, 0.005668, 0.007290, 0.004484, 0.008755, 0.000908, 0.239382, 0.004411, 0.006197, 0.004783, 0.000094]"
doc_00211,Anahtar Pil Degisimi,https://www.golftutkusu.com/topic/10165-anahtar-pil-degisimi,7,0.9425635020572125,NA,unknown,2019,NA,unknown,unknown,high,2,18,"[0.000508, 0.000342, 0.001031, 0.001091, 0.001320, 0.001166, 0.942564, 0.000576, 0.000882, 0.000386, 0.041763, 0.000801, 0.000811, 0.001105, 0.000723, 0.001321, 0.001245, 0.001237, 0.000615, 0.000513]"
doc_00212,"Anahtar calismiyor, immobilizer etkin yardim",https://www.golftutkusu.com/topic/23522-anahtar-calismiyor-immobilizer-etkin-yardim,5,0.875020205696294,NA,unknown,NA,NA,unknown,unknown,high,2,7,"[0.003525, 0.001041, 0.005049, 0.003089, 0.875020, 0.069455, 0.002290, 0.002759, 0.003498, 0.001192, 0.003974, 0.003132, 0.002461, 0.005394, 0.003912, 0.003282, 0.003080, 0.003835, 0.002115, 0.001897]"
doc_00213,Anahtar kontak sorunu,https://www.golftutkusu.com/topic/17749-anahtar-kontak-sorunu,9,0.9426052527855467,NA,unknown,NA,NA,unknown,unknown,low,0,4,"[0.002239, 0.001322, 0.003927, 0.003999, 0.016944, 0.003072, 0.002729, 0.001155, 0.942605, 0.001469, 0.002291, 0.002412, 0.001444, 0.003264, 0.000923, 0.001990, 0.001703, 0.002536, 0.003861, 0.000112]"
doc_00214,Anahtar kontakta DEGIL ama MEDIA EKRAN aktif !,https://www.golftutkusu.com/topic/9449-anahtar-kontakta-degil-ama-media-ekran-aktif,7,0.9235230685986445,NA,unknown,NA,NA,unknown,unknown,high,2,4,"[0.000741, 0.000126, 0.002532, 0.001095, 0.002617, 0.006867, 0.923523, 0.001423, 0.004735, 0.001051, 0.003970, 0.001554, 0.001023, 0.001837, 0.005994, 0.003748, 0.000379, 0.033787, 0.002439, 0.000558]"
doc_00215,"Ankara Ozel Servis, Parcaci Tavsiye (Triger-Devridaim)",https://www.golftutkusu.com/topic/10452-ankara-ozel-servis-parcaci-tavsiye-triger-devridaim,1,0.8618041038659895,1.6,diesel,2015,120000,120-150k,1.6_TDI,high,1,26,"[0.861804, 0.000328, 0.002847, 0.000329, 0.000410, 0.000920, 0.000183, 0.001152, 0.000545, 0.001720, 0.001216, 0.000853, 0.000244, 0.000414, 0.115826, 0.000457, 0.000631, 0.005124, 0.001886, 0.003112]"
doc_00216,Ankara' da Yazilim ve Kodlama Tavsiye,https://www.golftutkusu.com/topic/9006-ankara-da-yazilim-ve-kodlama-tavsiye,14,0.957680591379384,NA,unknown,2015,NA,unknown,unknown,low,0,5,"[0.002378, 0.000889, 0.003427, 0.002604, 0.010637, 0.002296, 0.001597, 0.001048, 0.002918, 0.001318, 0.002914, 0.002274, 0.001643, 0.957681, 0.000578, 0.001201, 0.000650, 0.001276, 0.002623, 0.000050]"
doc_00217,Ankara'da Boyasiz Gocuk Duzeltme Rutus Tavsiyesi,https://www.golftutkusu.com/topic/10210-ankarada-boyasiz-gocuk-duzeltme-rutus-tavsiyesi,3,0.9298499353685349,NA,unknown,NA,NA,unknown,unknown,low,0,7,"[0.004132, 0.002617, 0.929850, 0.003835, 0.017407, 0.002861, 0.003052, 0.001555, 0.006802, 0.000986, 0.002392, 0.001717, 0.002752, 0.004153, 0.000695, 0.003308, 0.001873, 0.004763, 0.005129, 0.000119]"
doc_00218,Ankarada Aydinlatmayla alakali elektrikci&yazilimci oneri,https://www.golftutkusu.com/topic/11961-ankarada-aydinlatmayla-alakali-elektrikci-yazilimci-oneri,8,0.9350248431443926,NA,unknown,NA,NA,unknown,unknown,medium,1,7,"[0.004087, 0.001311, 0.002246, 0.003640, 0.014339, 0.002581, 0.003714, 0.935025, 0.002076, 0.001200, 0.004240, 0.001947, 0.002908, 0.003940, 0.001315, 0.006375, 0.003711, 0.003366, 0.001860, 0.000120]"
doc_00219,Anlamlandiramadigim ses,https://www.golftutkusu.com/topic/22281-anlamlandiramadigim-ses,10,0.9110870973564084,NA,unknown,NA,NA,unknown,unknown,medium,0,2,"[0.003458, 0.001225, 0.002748, 0.006155, 0.009887, 0.003760, 0.007475, 0.003285, 0.005008, 0.911087, 0.001672, 0.003346, 0.003150, 0.006914, 0.006057, 0.005694, 0.005132, 0.009999, 0.003608, 0.000339]"
doc_00220,"Anlik "" P moduna alin.Araci terk edin"" Uyarisi",https://www.golftutkusu.com/topic/8961-anlik-p-moduna-alin-araci-terk-edin-uyarisi,7,0.953242506315185,NA,unknown,NA,NA,unknown,unknown,low,0,2,"[0.001554, 0.001450, 0.003260, 0.004669, 0.008246, 0.002940, 0.953243, 0.001666, 0.003750, 0.002189, 0.002869, 0.002179, 0.001534, 0.002691, 0.000634, 0.001677, 0.001643, 0.001623, 0.002112, 0.000071]"
doc_00221,Antifiriz eklemeli miyim,https://www.golftutkusu.com/topic/16539-antifiriz-eklemeli-miyim,9,0.46315458856135544,NA,unknown,2016,24500,0-30k,unknown,medium,0,13,"[0.002942, 0.001072, 0.002764, 0.002304, 0.005330, 0.002601, 0.003009, 0.000597, 0.463155, 0.001734, 0.003002, 0.001665, 0.001980, 0.002811, 0.074367, 0.002083, 0.001603, 0.003044, 0.003501, 0.420438]"
doc_00222,Antifriz Su Pasli Olmus,https://www.golftutkusu.com/topic/22309-antifriz-su-pasli-olmus,15,0.9893701745057178,NA,unknown,NA,NA,unknown,unknown,high,2,20,"[0.000699, 0.000247, 0.000506, 0.000288, 0.000565, 0.000716, 0.000521, 0.000171, 0.000695, 0.000387, 0.000192, 0.000472, 0.000657, 0.000547, 0.989370, 0.000321, 0.000384, 0.001951, 0.000604, 0.000706]"
doc_00223,Ar-Lox Marka Andorid Cihazim Hiz gostergesi Calismiyor,https://www.golftutkusu.com/topic/11821-ar-lox-marka-andorid-cihazim-hiz-gostergesi-calismiyor,6,0.8127205907748568,1.2,petrol,2014,NA,unknown,1.2_TSI,low,0,2,"[0.005574, 0.103169, 0.000492, 0.005586, 0.012907, 0.812721, 0.004167, 0.003992, 0.004291, 0.007079, 0.006385, 0.000669, 0.001709, 0.005678, 0.001887, 0.004779, 0.002937, 0.010145, 0.004646, 0.001188]"
doc_00224,Araba Rolantide Titreme,https://www.golftutkusu.com/topic/21151-araba-rolantide-titreme,16,0.9624979796575399,NA,unknown,2000,NA,unknown,unknown,medium,1,3,"[0.000766, 0.000277, 0.003727, 0.001877, 0.004551, 0.001555, 0.002485, 0.003551, 0.003224, 0.000995, 0.002320, 0.001847, 0.001386, 0.003120, 0.000524, 0.962498, 0.001130, 0.003561, 0.000526, 0.000079]"
doc_00225,Araba kastiginda gelen gacirti gicurtu ve fitillerden gelen ruzgar sesi !!,https://www.golftutkusu.com/topic/8283-araba-kastiginda-gelen-gacirti-gicurtu-ve-fitillerden-gelen-ruzgar-sesi,4,0.990641927832234,NA,unknown,2016,NA,unknown,unknown,low,0,18,"[0.000410, 0.000245, 0.000486, 0.990642, 0.001839, 0.000539, 0.000491, 0.000427, 0.000802, 0.000358, 0.000443, 0.000519, 0.000293, 0.000465, 0.000075, 0.000286, 0.000282, 0.000527, 0.000856, 0.000013]"
doc_00226,Araba navigasyonu hiz limiti,https://www.golftutkusu.com/topic/18273-araba-navigasyonu-hiz-limiti,9,0.9499556676783726,NA,unknown,NA,NA,unknown,unknown,low,0,2,"[0.003501, 0.000843, 0.001670, 0.001718, 0.017169, 0.002456, 0.004299, 0.001527, 0.949956, 0.000761, 0.000958, 0.001652, 0.001080, 0.003226, 0.000859, 0.001157, 0.001165, 0.003319, 0.002622, 0.000060]"
doc_00227,Araba yavas giderken gelen Gup gup sesi😏,https://www.golftutkusu.com/topic/12867-araba-yavas-giderken-gelen-gup-gup-sesi,9,0.9803674363414885,NA,unknown,NA,1500,0-30k,unknown,high,2,24,"[0.000368, 0.000419, 0.001477, 0.000958, 0.001648, 0.000982, 0.000952, 0.000251, 0.980367, 0.000418, 0.000955, 0.000634, 0.000713, 0.000706, 0.001478, 0.001630, 0.000644, 0.003941, 0.000965, 0.000494]"
doc_00228,Arabada yagmur sensoru mu varmis?,https://www.golftutkusu.com/topic/14434-arabada-yagmur-sensoru-mu-varmis,19,0.9803288453029283,1.2,petrol,2015,NA,unknown,1.2_TSI,high,1,21,"[0.000293, 0.002063, 0.000145, 0.001324, 0.000159, 0.000373, 0.000112, 0.000325, 0.000442, 0.000794, 0.001354, 0.000088, 0.000423, 0.000442, 0.001077, 0.001349, 0.000255, 0.007004, 0.980329, 0.001649]"
doc_00229,Arabalara zarar verenlere sesleniyorum... Hakkimi helal etmiyorum...,https://www.golftutkusu.com/topic/15828-arabalara-zarar-verenlere-sesleniyorum-hakkimi-helal-etmiyorum,6,0.9806398136623061,NA,unknown,NA,NA,unknown,unknown,low,0,16,"[0.001790, 0.000685, 0.000430, 0.000989, 0.005901, 0.980640, 0.001684, 0.000435, 0.001090, 0.000502, 0.000621, 0.000729, 0.000548, 0.001064, 0.000213, 0.000142, 0.000642, 0.000867, 0.001008, 0.000020]"
doc_00230,Arabam calismiyor,https://www.golftutkusu.com/topic/8075-arabam-calismiyor,11,0.9876736411598035,1.4,petrol,2014,NA,unknown,1.4_TSI,high,2,27,"[0.000193, 0.000398, 0.000333, 0.000766, 0.000140, 0.000372, 0.000482, 0.000218, 0.000083, 0.000344, 0.987674, 0.000342, 0.000239, 0.000306, 0.000512, 0.003154, 0.000718, 0.002126, 0.000588, 0.001011]"
doc_00231,Arabama Kurbaga Kacti,https://www.golftutkusu.com/topic/17241-arabama-kurbaga-kacti,6,0.3581850837708128,1.4,petrol,2013,NA,unknown,1.4_TSI,medium,0,6,"[0.002597, 0.040906, 0.005846, 0.006409, 0.004878, 0.358185, 0.005926, 0.004190, 0.002146, 0.121945, 0.008328, 0.003256, 0.002699, 0.003535, 0.170928, 0.172924, 0.007282, 0.068874, 0.004903, 0.004242]"
doc_00232,Arabamin sarsintili calismasi,https://www.golftutkusu.com/topic/10157-arabamin-sarsintili-calismasi,6,0.5846801706953567,NA,unknown,2015,NA,unknown,unknown,medium,0,5,"[0.002283, 0.002270, 0.343541, 0.002853, 0.008964, 0.584680, 0.004111, 0.001865, 0.003722, 0.001008, 0.003583, 0.001325, 0.002250, 0.004179, 0.001902, 0.017245, 0.002099, 0.009032, 0.002627, 0.000462]"
doc_00233,Arabanin altini vurduk otoyolda kutuk,https://www.golftutkusu.com/topic/15871-arabanin-altini-vurduk-otoyolda-kutuk,1,0.9785151889828482,NA,unknown,NA,NA,unknown,unknown,medium,0,11,"[0.978515, 0.000261, 0.001348, 0.000815, 0.004314, 0.000902, 0.000707, 0.001151, 0.000844, 0.000449, 0.001927, 0.000591, 0.000633, 0.001885, 0.001507, 0.000566, 0.000984, 0.001123, 0.001327, 0.000151]"
doc_00234,"Arabayi Zorlayinca Yanan, Kirmizi Isiklarda Sonen Sari Ikaz Isigi",https://www.golftutkusu.com/topic/14513-arabayi-zorlayinca-yanan-kirmizi-isiklarda-sonen-sari-ikaz-isigi,9,0.7311827548123475,NA,unknown,2015,3000,0-30k,unknown,high,1,15,"[0.000293, 0.000138, 0.001545, 0.000680, 0.001055, 0.000733, 0.000908, 0.000635, 0.731183, 0.000308, 0.033445, 0.000802, 0.000508, 0.000829, 0.000418, 0.223410, 0.000545, 0.001368, 0.000503, 0.000693]"
doc_00235,Arabayi kitlerken sinyaller yanmiyor,https://www.golftutkusu.com/topic/26997-arabayi-kitlerken-sinyaller-yanmiyor,13,0.5012720206900029,NA,unknown,NA,NA,unknown,unknown,low,0,4,"[0.008684, 0.001721, 0.003642, 0.002572, 0.426234, 0.008215, 0.006221, 0.006164, 0.005724, 0.001141, 0.001916, 0.004594, 0.501272, 0.008880, 0.001127, 0.001555, 0.002112, 0.004565, 0.003530, 0.000130]"
doc_00236,Arac Alirken Supheli Bir Durum,https://www.golftutkusu.com/topic/23613-arac-alirken-supheli-bir-durum,2,0.9066545855975751,NA,unknown,NA,NA,unknown,unknown,low,0,2,"[0.008446, 0.906655, 0.004935, 0.004641, 0.023538, 0.004519, 0.008876, 0.003282, 0.006309, 0.002138, 0.000967, 0.003510, 0.004326, 0.004578, 0.000927, 0.000403, 0.003797, 0.002422, 0.005684, 0.000046]"
doc_00237,Arac Cam Sorunu,https://www.golftutkusu.com/topic/24352-arac-cam-sorunu,12,0.9885669056008667,NA,unknown,NA,NA,unknown,unknown,low,0,13,"[0.000546, 0.000295, 0.000371, 0.001022, 0.002384, 0.000596, 0.000415, 0.000366, 0.000737, 0.000411, 0.000594, 0.988567, 0.000494, 0.000839, 0.000143, 0.000463, 0.000379, 0.000600, 0.000756, 0.000021]"
doc_00238,Arac Ici Buglanma Sorunu,https://www.golftutkusu.com/topic/24895-arac-ici-buglanma-sorunu,14,0.8749001223310603,NA,unknown,NA,NA,unknown,unknown,low,0,15,"[0.001115, 0.000642, 0.001341, 0.102033, 0.004947, 0.001503, 0.001077, 0.000850, 0.001669, 0.000931, 0.001806, 0.001812, 0.000929, 0.874900, 0.000312, 0.000913, 0.000390, 0.000935, 0.001864, 0.000032]"
doc_00239,Arac Ici Camlarda Bugulanma Problemi,https://www.golftutkusu.com/topic/19286-arac-ici-camlarda-bugulanma-problemi,17,0.9797652817905874,NA,unknown,NA,NA,unknown,unknown,high,2,11,"[0.000759, 0.000455, 0.000925, 0.001220, 0.001914, 0.001174, 0.001067, 0.001060, 0.000828, 0.000832, 0.001609, 0.000931, 0.000830, 0.000494, 0.001219, 0.001108, 0.979765, 0.002781, 0.000651, 0.000377]"
doc_00240,Arac Kamerasi elektrik sorunu,https://www.golftutkusu.com/topic/9299-arac-kamerasi-elektrik-sorunu,5,0.8458628300584545,NA,unknown,NA,NA,unknown,unknown,medium,1,3,"[0.006390, 0.000237, 0.001954, 0.001510, 0.845863, 0.004008, 0.006135, 0.004913, 0.003594, 0.000225, 0.101895, 0.002092, 0.001398, 0.011132, 0.000569, 0.001919, 0.002530, 0.002357, 0.001053, 0.000227]"
doc_00241,Arac Konforunu Arttirma Konusunda Tavsiyeleriniz,https://www.golftutkusu.com/topic/12508-arac-konforunu-arttirma-konusunda-tavsiyeleriniz,7,0.9287253894533687,1.5,petrol,2019,5000,0-30k,1.5_TSI,high,2,10,"[0.014241, 0.033585, 0.000653, 0.002319, 0.000279, 0.000474, 0.928725, 0.000496, 0.000296, 0.000873, 0.001298, 0.000280, 0.000293, 0.000341, 0.009709, 0.002238, 0.000320, 0.002133, 0.000394, 0.001053]"
doc_00242,Arac alarmi,https://www.golftutkusu.com/topic/9757-arac-alarmi,14,0.9550810880363284,NA,unknown,NA,NA,unknown,unknown,low,0,3,"[0.002431, 0.000886, 0.003147, 0.002618, 0.012469, 0.002377, 0.001684, 0.001099, 0.003148, 0.001264, 0.003115, 0.002539, 0.001694, 0.955081, 0.000590, 0.001247, 0.000683, 0.001282, 0.002596, 0.000051]"
doc_00243,Arac aydinlatma arizasi,https://www.golftutkusu.com/topic/22628-arac-aydinlatma-arizasi,5,0.8886756821774482,NA,unknown,NA,NA,unknown,unknown,low,0,1,"[0.010134, 0.002134, 0.011316, 0.008811, 0.888676, 0.011458, 0.004132, 0.006461, 0.011037, 0.002802, 0.004683, 0.006702, 0.003550, 0.010701, 0.001034, 0.003026, 0.004719, 0.002522, 0.005913, 0.000191]"
doc_00244,Arac boya sonrasi dosemelere sinen boya kokusu,https://www.golftutkusu.com/topic/13397-arac-boya-sonrasi-dosemelere-sinen-boya-kokusu,8,0.9621596813304248,NA,unknown,NA,NA,unknown,unknown,low,0,2,"[0.002831, 0.001111, 0.001444, 0.003396, 0.010308, 0.001700, 0.001478, 0.962160, 0.001477, 0.000865, 0.001491, 0.001587, 0.001566, 0.001592, 0.000245, 0.002132, 0.001664, 0.000993, 0.001936, 0.000024]"
doc_00245,Arac dururken motoru kapatin,https://www.golftutkusu.com/topic/10016-arac-dururken-motoru-kapatin,18,0.5671440915151604,1.2,petrol,2015,NA,unknown,1.2_TSI,high,2,13,"[0.000459, 0.001744, 0.000430, 0.001769, 0.000283, 0.000934, 0.000511, 0.000736, 0.000735, 0.000585, 0.410156, 0.000308, 0.001170, 0.001669, 0.001580, 0.004959, 0.001419, 0.567144, 0.001077, 0.002330]"
doc_00246,Arac esnediginde arka koltuktan gicirdama sesi geliyor,https://www.golftutkusu.com/topic/18044-arac-esnediginde-arka-koltuktan-gicirdama-sesi-geliyor,13,0.9655037435000091,NA,unknown,NA,NA,unknown,unknown,low,0,3,"[0.001594, 0.001190, 0.002575, 0.002307, 0.006195, 0.001678, 0.001251, 0.001464, 0.002159, 0.000859, 0.001360, 0.001934, 0.965504, 0.002167, 0.000618, 0.000953, 0.000893, 0.002463, 0.002766, 0.000071]"
doc_00247,Arac iceri su aliyor,https://www.golftutkusu.com/topic/17202-arac-iceri-su-aliyor,5,0.8608242833076907,NA,unknown,NA,NA,unknown,unknown,low,0,1,"[0.014404, 0.002667, 0.014289, 0.011666, 0.860824, 0.012096, 0.005399, 0.007856, 0.013655, 0.003250, 0.005975, 0.009173, 0.004544, 0.012667, 0.001305, 0.003816, 0.005461, 0.003239, 0.007478, 0.000235]"
doc_00248,Arac ici aydinlatma arizasi gecmiyor,https://www.golftutkusu.com/topic/10799-arac-ici-aydinlatma-arizasi-gecmiyor,6,0.7929407526943445,NA,unknown,2013,18000,0-30k,unknown,high,4,34,"[0.001432, 0.000233, 0.001082, 0.000976, 0.160389, 0.792941, 0.000846, 0.000837, 0.000897, 0.000175, 0.032086, 0.000966, 0.000607, 0.001835, 0.000486, 0.001035, 0.000923, 0.000852, 0.000640, 0.000761]"
doc_00249,Arac ici kamera montaji Hak.,https://www.golftutkusu.com/topic/8416-arac-ici-kamera-montaji-hak,9,0.9776537276273276,NA,unknown,NA,NA,unknown,unknown,high,2,13,"[0.001130, 0.000708, 0.000840, 0.000814, 0.003441, 0.001101, 0.002613, 0.000313, 0.977654, 0.000585, 0.001133, 0.000725, 0.000753, 0.000956, 0.001554, 0.000814, 0.001028, 0.002432, 0.001084, 0.000320]"
doc_00250,Arac ici sesler hakkinda.,https://www.golftutkusu.com/topic/15737-arac-ici-sesler-hakkinda,2,0.989110021921073,1.2,petrol,2013,NA,unknown,1.2_TSI,high,0,16,"[0.000110, 0.989110, 0.000165, 0.000548, 0.000164, 0.000394, 0.000272, 0.000488, 0.000286, 0.000440, 0.000547, 0.000077, 0.000407, 0.000408, 0.000887, 0.001641, 0.000311, 0.002112, 0.000445, 0.001188]"
doc_00251,Arac icinden gelen tikirti sesi,https://www.golftutkusu.com/topic/9352-arac-icinden-gelen-tikirti-sesi,3,0.8988117594460032,NA,unknown,2015,NA,unknown,unknown,low,0,6,"[0.002281, 0.002190, 0.898812, 0.003044, 0.011515, 0.002028, 0.055236, 0.001064, 0.004759, 0.000947, 0.001890, 0.001015, 0.001817, 0.003063, 0.000539, 0.002667, 0.001281, 0.003032, 0.002728, 0.000092]"
doc_00252,Arac klimasi yetersiz derecede kaliyor,https://www.golftutkusu.com/topic/22395-arac-klimasi-yetersiz-derecede-kaliyor,12,0.9760534927144293,NA,unknown,NA,NA,unknown,unknown,low,0,3,"[0.001157, 0.000599, 0.000801, 0.002164, 0.005249, 0.001297, 0.000826, 0.000806, 0.001571, 0.000857, 0.001159, 0.976053, 0.001036, 0.001571, 0.000294, 0.000917, 0.000724, 0.001207, 0.001669, 0.000042]"
doc_00253,Arac kumandasindan cam acip kapatma yapmiyor,https://www.golftutkusu.com/topic/12482-arac-kumandasindan-cam-acip-kapatma-yapmiyor,17,0.5474594629447794,NA,unknown,NA,NA,unknown,unknown,low,0,2,"[0.007914, 0.001338, 0.006494, 0.011225, 0.258252, 0.006726, 0.004784, 0.005839, 0.007189, 0.002036, 0.112971, 0.005355, 0.003003, 0.008044, 0.000614, 0.002674, 0.547459, 0.003536, 0.004329, 0.000216]"
doc_00254,Arac motor sarsinti titremesi sorunu,https://www.golftutkusu.com/topic/10305-arac-motor-sarsinti-titremesi-sorunu,9,0.8272192073495497,NA,unknown,2013,167000,150-180k,unknown,medium,0,2,"[0.002006, 0.001437, 0.087839, 0.003080, 0.006594, 0.002322, 0.003556, 0.001569, 0.827219, 0.001412, 0.003380, 0.001430, 0.001986, 0.003763, 0.003278, 0.022328, 0.002161, 0.021293, 0.002997, 0.000350]"
doc_00255,Arac parcalarinda verilen tarih uyusmazligi,https://www.golftutkusu.com/topic/12639-arac-parcalarinda-verilen-tarih-uyusmazligi,4,0.953721099410063,NA,unknown,NA,NA,unknown,unknown,low,0,3,"[0.002157, 0.001108, 0.002502, 0.953721, 0.009733, 0.002543, 0.002140, 0.002156, 0.003968, 0.001498, 0.002184, 0.002481, 0.001449, 0.002854, 0.000384, 0.001345, 0.001341, 0.002361, 0.004016, 0.000060]"
doc_00256,Arac rolantide titriyor(COZULDU),https://www.golftutkusu.com/topic/19573-arac-rolantide-titriyor-cozuldu,20,0.9945301880995076,1.6,diesel,2014,6000,0-30k,1.6_TDI,high,5,66,"[0.000111, 0.000097, 0.001142, 0.000115, 0.000086, 0.000338, 0.000083, 0.000139, 0.000226, 0.000288, 0.000492, 0.000281, 0.000082, 0.000071, 0.000862, 0.000234, 0.000090, 0.000276, 0.000457, 0.994530]"
doc_00257,Arac su eksiltme sorunu,https://www.golftutkusu.com/topic/17250-arac-su-eksiltme-sorunu,20,0.8957345129509501,NA,unknown,2015,NA,unknown,unknown,high,1,11,"[0.001307, 0.000244, 0.001417, 0.001115, 0.001756, 0.002042, 0.001156, 0.000352, 0.001222, 0.000262, 0.082389, 0.001186, 0.001415, 0.001274, 0.002491, 0.000843, 0.001010, 0.001101, 0.001683, 0.895735]"
doc_00258,Arac tekliyor,https://www.golftutkusu.com/topic/19917-arac-tekliyor,16,0.9906123823314564,1.4,petrol,NA,NA,unknown,1.4_TSI,high,2,10,"[0.000041, 0.000569, 0.000627, 0.000526, 0.000112, 0.000231, 0.000350, 0.000433, 0.000111, 0.001122, 0.001058, 0.000306, 0.000190, 0.000108, 0.000587, 0.990612, 0.000265, 0.002171, 0.000164, 0.000415]"
doc_00259,Arac uzerindeki tum tas izleri ve cozumu,https://www.golftutkusu.com/topic/9545-arac-uzerindeki-tum-tas-izleri-ve-cozumu,18,0.9168641388322359,NA,unknown,NA,NA,unknown,unknown,low,0,3,"[0.008332, 0.001933, 0.005739, 0.005532, 0.011430, 0.003801, 0.005777, 0.001913, 0.006395, 0.003516, 0.001901, 0.004235, 0.005533, 0.003996, 0.002451, 0.000911, 0.004908, 0.916864, 0.004807, 0.000026]"
doc_00260,Araci P Konumunda Terk Ediniz,https://www.golftutkusu.com/topic/20012-araci-p-konumunda-terk-ediniz,4,0.8879149212262012,NA,unknown,2019,NA,unknown,unknown,high,1,6,"[0.003042, 0.001546, 0.002797, 0.887915, 0.004098, 0.005110, 0.005207, 0.001976, 0.003086, 0.002202, 0.003757, 0.003091, 0.003086, 0.002967, 0.047962, 0.003256, 0.002674, 0.009484, 0.004622, 0.002123]"
doc_00261,Araci kumandadan acinca depo tarafindan gelen buzz sesi,https://www.golftutkusu.com/topic/16595-araci-kumandadan-acinca-depo-tarafindan-gelen-buzz-sesi,12,0.9834801301290684,NA,unknown,NA,120000,120-150k,unknown,medium,0,21,"[0.000629, 0.000329, 0.000410, 0.000920, 0.002680, 0.000819, 0.000830, 0.000561, 0.000781, 0.000491, 0.001200, 0.983480, 0.000706, 0.001619, 0.000590, 0.001201, 0.000594, 0.001444, 0.000642, 0.000078]"
doc_00262,Araci sadece P konumunda terk edin uyarisi,https://www.golftutkusu.com/topic/18217-araci-sadece-p-konumunda-terk-edin-uyarisi,13,0.9551891828665053,NA,unknown,2017,50000,30-60k,unknown,low,0,2,"[0.002390, 0.001462, 0.003239, 0.002804, 0.007424, 0.002302, 0.001693, 0.001950, 0.002618, 0.001151, 0.001932, 0.002668, 0.955189, 0.002820, 0.000823, 0.001290, 0.001227, 0.003536, 0.003388, 0.000091]"
doc_00263,Araci sadece p konumunda terk ediniz. Direksiyon,https://www.golftutkusu.com/topic/12027-araci-sadece-p-konumunda-terk-ediniz-direksiyon,10,0.9817904877589984,NA,unknown,2019,NA,unknown,unknown,high,1,11,"[0.000498, 0.000269, 0.000480, 0.000932, 0.000945, 0.001032, 0.001225, 0.000410, 0.000829, 0.981790, 0.000240, 0.000920, 0.000716, 0.000971, 0.001850, 0.001172, 0.001283, 0.003257, 0.000849, 0.000332]"
doc_00264,Aracim Golf 1.2 TSI 2016,https://www.golftutkusu.com/topic/22194-aracim-golf-1-2-tsi-2016,16,0.5033364608896983,1.2,petrol,2016,NA,unknown,1.2_TSI,low,0,2,"[0.001681, 0.002546, 0.002855, 0.003677, 0.005460, 0.006166, 0.002700, 0.007861, 0.012361, 0.005122, 0.010374, 0.001131, 0.001248, 0.007015, 0.003716, 0.503336, 0.000529, 0.416199, 0.005296, 0.000726]"
doc_00265,Aracim hangi motor teknolojisini kullaniyor?,https://www.golftutkusu.com/topic/10929-aracim-hangi-motor-teknolojisini-kullaniyor,10,0.9837911339471658,1.4,petrol,2015,NA,unknown,1.4_TSI,medium,1,30,"[0.000125, 0.000664, 0.000169, 0.000684, 0.000227, 0.000174, 0.000565, 0.000282, 0.000107, 0.983791, 0.000436, 0.000238, 0.000121, 0.000221, 0.000767, 0.008873, 0.000581, 0.001366, 0.000467, 0.000141]"
doc_00266,Aracim sabahlari gec calisiyor ve calisinca beyaz duman atiyor!,https://www.golftutkusu.com/topic/24285-aracim-sabahlari-gec-calisiyor-ve-calisinca-beyaz-duman-atiyor,1,0.9053576387474467,1.6,diesel,2013,290000,210k+,1.6_TDI,high,3,21,"[0.905358, 0.000319, 0.019921, 0.000375, 0.000610, 0.000726, 0.000234, 0.001211, 0.000481, 0.000816, 0.009489, 0.000753, 0.000220, 0.000527, 0.004460, 0.000843, 0.000503, 0.000963, 0.001780, 0.050412]"
doc_00267,Aracimdaki ani yakit tuketimi artisi,https://www.golftutkusu.com/topic/13372-aracimdaki-ani-yakit-tuketimi-artisi,17,0.9455924983632418,1.2,petrol,2014,NA,unknown,1.2_TSI,medium,1,1,"[0.001073, 0.008952, 0.000308, 0.001951, 0.002408, 0.000925, 0.000970, 0.003140, 0.001407, 0.003514, 0.006856, 0.000181, 0.000577, 0.001840, 0.002137, 0.006980, 0.945592, 0.008856, 0.000862, 0.001472]"
doc_00268,Aracimdaki kucuk hasar,https://www.golftutkusu.com/topic/12750-aracimdaki-kucuk-hasar,18,0.890916296808033,NA,unknown,NA,NA,unknown,unknown,low,0,3,"[0.009001, 0.002652, 0.008362, 0.006867, 0.015776, 0.006099, 0.007639, 0.002453, 0.008881, 0.003998, 0.002484, 0.005033, 0.007951, 0.004718, 0.002963, 0.001190, 0.007049, 0.890916, 0.005931, 0.000035]"
doc_00269,Aracimdaki sut kokusu,https://www.golftutkusu.com/topic/25219-aracimdaki-sut-kokusu,6,0.9865294134008734,NA,unknown,NA,20000,0-30k,unknown,medium,1,17,"[0.000553, 0.000281, 0.000494, 0.000706, 0.002769, 0.986529, 0.000821, 0.000433, 0.000659, 0.000266, 0.000960, 0.000454, 0.000444, 0.001097, 0.000547, 0.000610, 0.000501, 0.001241, 0.000538, 0.000099]"
doc_00270,Aracimdan gelen ciyaklama sesi YENI VIDEO YUKLENDI YARDIM TALEBI,https://www.golftutkusu.com/topic/24686-aracimdan-gelen-ciyaklama-sesi-yeni-video-yuklendi-yardim-talebi,16,0.9724090770358307,1.2,petrol,2016,NA,unknown,1.2_TSI,high,1,8,"[0.000189, 0.003123, 0.000494, 0.001198, 0.000519, 0.000741, 0.000541, 0.001801, 0.001059, 0.001486, 0.002690, 0.000245, 0.000794, 0.001212, 0.001250, 0.972409, 0.000568, 0.006595, 0.000415, 0.002671]"
doc_00271,Aracimin bu parcasi digerlerinden farkli mi?,https://www.golftutkusu.com/topic/9479-aracimin-bu-parcasi-digerlerinden-farkli-mi,2,0.9599596748144791,1.2,petrol,NA,NA,unknown,1.2_TSI,low,0,3,"[0.001147, 0.959960, 0.000883, 0.003751, 0.002959, 0.001413, 0.000909, 0.002450, 0.002882, 0.002800, 0.002078, 0.000388, 0.001180, 0.002564, 0.001112, 0.004459, 0.001225, 0.004114, 0.002968, 0.000759]"
doc_00272,Aracimin kayisi otuyor 1.6tdi,https://www.golftutkusu.com/topic/27450-aracimin-kayisi-otuyor-1-6tdi,1,0.6555405235645326,1.6,diesel,2007,8000,0-30k,1.6_TDI,medium,0,25,"[0.655541, 0.000297, 0.002028, 0.000323, 0.000756, 0.000588, 0.000269, 0.001289, 0.000729, 0.001176, 0.001156, 0.000631, 0.000164, 0.000708, 0.329500, 0.000309, 0.000520, 0.001304, 0.001691, 0.001023]"
doc_00273,Aracin Caminda Bugulanma?,https://www.golftutkusu.com/topic/11566-aracin-caminda-bugulanma,16,0.9953600396693122,1.4,petrol,2016,NA,unknown,1.4_TSI,high,2,50,"[0.000020, 0.000263, 0.000303, 0.000403, 0.000066, 0.000123, 0.000198, 0.000277, 0.000061, 0.000540, 0.000550, 0.000181, 0.000095, 0.000058, 0.000251, 0.995360, 0.000131, 0.000833, 0.000084, 0.000203]"
doc_00274,Aracin altindan pembe yag akiyor,https://www.golftutkusu.com/topic/21723-aracin-altindan-pembe-yag-akiyor,1,0.8654708408471113,NA,unknown,NA,NA,unknown,unknown,medium,0,5,"[0.865471, 0.001178, 0.003154, 0.003254, 0.010874, 0.039796, 0.002936, 0.003128, 0.003137, 0.001849, 0.004210, 0.002302, 0.002580, 0.005084, 0.034667, 0.001817, 0.003203, 0.005113, 0.005442, 0.000803]"
doc_00275,Aracin birden kendi kendine fren yapmasi,https://www.golftutkusu.com/topic/20420-aracin-birden-kendi-kendine-fren-yapmasi,4,0.737876949441384,NA,unknown,2013,54000,30-60k,unknown,high,2,16,"[0.000529, 0.000485, 0.001645, 0.737877, 0.001104, 0.001734, 0.001152, 0.000731, 0.001664, 0.000867, 0.001439, 0.001423, 0.001547, 0.000868, 0.001824, 0.001827, 0.001235, 0.240196, 0.001544, 0.000309]"
doc_00276,Aracin boyasina zarar vermis olabilirim,https://www.golftutkusu.com/topic/22906-aracin-boyasina-zarar-vermis-olabilirim,5,0.9682864581046233,NA,unknown,NA,NA,unknown,unknown,medium,1,10,"[0.005028, 0.000562, 0.001584, 0.001137, 0.968286, 0.002184, 0.003824, 0.002114, 0.001918, 0.000665, 0.001690, 0.001169, 0.000922, 0.003902, 0.000586, 0.000611, 0.002075, 0.001021, 0.000659, 0.000063]"
doc_00277,Aracin enerji ihtiyaci yuksek,https://www.golftutkusu.com/topic/27211-aracin-enerji-ihtiyaci-yuksek,4,0.5601558896453743,1.6,diesel,NA,4000,0-30k,1.6_TDI,high,1,9,"[0.000829, 0.000822, 0.003593, 0.560156, 0.001007, 0.001513, 0.001063, 0.310991, 0.000911, 0.001464, 0.096685, 0.003551, 0.000666, 0.001016, 0.000929, 0.005311, 0.001236, 0.002588, 0.003412, 0.002258]"
doc_00278,Aracin kontagini acinca park lambalari yaniyor,https://www.golftutkusu.com/topic/26266-aracin-kontagini-acinca-park-lambalari-yaniyor,6,0.5080988239731015,NA,unknown,NA,NA,unknown,unknown,low,0,2,"[0.007660, 0.002738, 0.007553, 0.007814, 0.397056, 0.508099, 0.004265, 0.004936, 0.011246, 0.002556, 0.004652, 0.006846, 0.004105, 0.009661, 0.001389, 0.002914, 0.003753, 0.003248, 0.009212, 0.000297]"
doc_00279,Aracin on tekerlekten seyir halinde ugultu geliyor,https://www.golftutkusu.com/topic/13139-aracin-on-tekerlekten-seyir-halinde-ugultu-geliyor,15,0.9919421286132855,1.4,petrol,2014,32000,30-60k,1.4_TSI,medium,0,37,"[0.000252, 0.000710, 0.000166, 0.000253, 0.000135, 0.000163, 0.000301, 0.000107, 0.000119, 0.001071, 0.000354, 0.000110, 0.000142, 0.000172, 0.991942, 0.001257, 0.000256, 0.001822, 0.000326, 0.000342]"
doc_00280,Araclarin motor kodlari nasil ogrenilir,https://www.golftutkusu.com/topic/17353-araclarin-motor-kodlari-nasil-ogrenilir,19,0.9846677826742568,1.6,diesel,2014,NA,unknown,1.6_TDI,medium,1,15,"[0.000612, 0.000425, 0.002656, 0.000810, 0.000349, 0.000536, 0.000260, 0.001017, 0.000921, 0.001342, 0.001847, 0.000717, 0.000193, 0.000517, 0.000970, 0.000420, 0.000281, 0.000965, 0.984668, 0.000494]"
doc_00281,Aracta anlam veremedigim degisik sorunlar,https://www.golftutkusu.com/topic/13932-aracta-anlam-veremedigim-degisik-sorunlar,5,0.38438939804134276,NA,unknown,2000,58000,30-60k,unknown,medium,1,6,"[0.003199, 0.000392, 0.007474, 0.005302, 0.384389, 0.006255, 0.003865, 0.008511, 0.005799, 0.001410, 0.154364, 0.005958, 0.005045, 0.012187, 0.001408, 0.265734, 0.005873, 0.120901, 0.001618, 0.000317]"
doc_00282,Aracta sarj gucunun normalden az olusu - elektrikci onerisi,https://www.golftutkusu.com/topic/20158-aracta-sarj-gucunun-normalden-az-olusu-elektrikci-onerisi,17,0.42365129797970436,NA,unknown,NA,NA,unknown,unknown,low,0,1,"[0.016517, 0.012652, 0.023079, 0.031882, 0.099505, 0.024377, 0.019164, 0.013147, 0.197044, 0.017500, 0.014787, 0.014252, 0.017789, 0.015057, 0.005939, 0.008771, 0.423651, 0.023106, 0.021193, 0.000588]"
doc_00283,Ariza isiklari,https://www.golftutkusu.com/topic/20351-ariza-isiklari,19,0.9685593421589105,NA,unknown,2014,NA,unknown,unknown,high,2,4,"[0.001663, 0.000843, 0.002592, 0.002038, 0.002441, 0.001974, 0.001106, 0.000860, 0.001823, 0.000781, 0.002676, 0.001463, 0.001995, 0.001922, 0.001855, 0.001020, 0.000834, 0.002598, 0.968559, 0.000956]"
doc_00284,Ariza lambasi Oxygen (Lambda) Sensor B1 S2 ve Intake Air Temp. Sensor (G42),https://www.golftutkusu.com/topic/17504-ariza-lambasi-oxygen-lambda-sensor-b1-s2-ve-intake-air-temp-sensor-g42,8,0.8628964882885884,1.2,petrol,2016,106000,90-120k,1.2_TSI,high,1,21,"[0.000656, 0.005630, 0.000258, 0.002012, 0.001413, 0.000888, 0.000612, 0.862896, 0.000565, 0.001855, 0.004006, 0.000253, 0.001093, 0.001306, 0.001503, 0.105009, 0.001349, 0.005095, 0.000842, 0.002759]"
doc_00285,Ariza: arac aydinlatmasi,https://www.golftutkusu.com/topic/21747-ariza-arac-aydinlatmasi,3,0.53000906770765,NA,unknown,NA,NA,unknown,unknown,low,0,11,"[0.006715, 0.000230, 0.530009, 0.001892, 0.410093, 0.006891, 0.004071, 0.003106, 0.007456, 0.000563, 0.003398, 0.002163, 0.000923, 0.006345, 0.000823, 0.003624, 0.000422, 0.005574, 0.005611, 0.000090]"
doc_00286,Ariza:Auto Hold ve elektirikli park freni,https://www.golftutkusu.com/topic/15729-ariza-auto-hold-ve-elektirikli-park-freni,19,0.7454804180539953,NA,unknown,NA,NA,unknown,unknown,low,0,5,"[0.004922, 0.001387, 0.008625, 0.007284, 0.008152, 0.005679, 0.002622, 0.002153, 0.010425, 0.001956, 0.045989, 0.005047, 0.005914, 0.007136, 0.001780, 0.001634, 0.003188, 0.130455, 0.745480, 0.000172]"
doc_00287,Arizalar silsilesi,https://www.golftutkusu.com/topic/25488-arizalar-silsilesi,1,0.5410747579792796,1.2,petrol,2014,18000,0-30k,1.2_TSI,medium,0,6,"[0.541075, 0.002884, 0.000815, 0.002358, 0.003315, 0.001369, 0.000820, 0.001861, 0.001297, 0.001475, 0.271204, 0.000349, 0.001026, 0.084877, 0.003488, 0.004589, 0.001969, 0.070601, 0.002507, 0.002122]"
doc_00288,Arka Ayak Aydinlatma Baglanti Yardimi,https://www.golftutkusu.com/topic/15134-arka-ayak-aydinlatma-baglanti-yardimi,5,0.6381708996613585,NA,unknown,NA,NA,unknown,unknown,low,0,9,"[0.006923, 0.001825, 0.002531, 0.003364, 0.638171, 0.003612, 0.004190, 0.001824, 0.265172, 0.001954, 0.002166, 0.053316, 0.001592, 0.004298, 0.000652, 0.000962, 0.002517, 0.001732, 0.003129, 0.000070]"
doc_00289,Arka Fren lambalari surekli yaniyor,https://www.golftutkusu.com/topic/15677-arka-fren-lambalari-surekli-yaniyor,17,0.7322573809077546,NA,unknown,2013,NA,unknown,unknown,medium,1,5,"[0.003770, 0.000493, 0.002893, 0.002490, 0.134240, 0.002966, 0.002857, 0.002950, 0.003548, 0.000880, 0.093839, 0.002123, 0.001487, 0.005278, 0.000861, 0.002204, 0.732257, 0.003228, 0.001336, 0.000298]"
doc_00290,Arka Koltuk Kumasinda Kesik,https://www.golftutkusu.com/topic/23791-arka-koltuk-kumasinda-kesik,18,0.6462773316683723,NA,unknown,NA,NA,unknown,unknown,low,0,1,"[0.033805, 0.008491, 0.027269, 0.020419, 0.066541, 0.015995, 0.025831, 0.007934, 0.027749, 0.014324, 0.008026, 0.015306, 0.018193, 0.016550, 0.006843, 0.003488, 0.019071, 0.646277, 0.017763, 0.000122]"
doc_00291,Arka Park Sensoru Ayari,https://www.golftutkusu.com/topic/14251-arka-park-sensoru-ayari,13,0.9639465410971618,NA,unknown,NA,NA,unknown,unknown,medium,1,4,"[0.001547, 0.000872, 0.002205, 0.001609, 0.004655, 0.001586, 0.002116, 0.001678, 0.001488, 0.000722, 0.002540, 0.001318, 0.963947, 0.003274, 0.001557, 0.001808, 0.001183, 0.003964, 0.001743, 0.000189]"
doc_00292,Arka Tekerlek Kamber Toe In Toe Out Sorunu Golf MK7,https://www.golftutkusu.com/topic/24892-arka-tekerlek-kamber-toe-in-toe-out-sorunu-golf-mk7,2,0.9050045900193873,1.2,petrol,NA,NA,unknown,1.2_TSI,high,2,9,"[0.000630, 0.905005, 0.000504, 0.002543, 0.000608, 0.001181, 0.001052, 0.001598, 0.000878, 0.000736, 0.063285, 0.000299, 0.001319, 0.002557, 0.001680, 0.003749, 0.001368, 0.004648, 0.002536, 0.003824]"
doc_00293,Arka kapi kitlenmeme problemi.,https://www.golftutkusu.com/topic/23416-arka-kapi-kitlenmeme-problemi,9,0.9554006041268115,NA,unknown,NA,NA,unknown,unknown,medium,1,3,"[0.001645, 0.000811, 0.002819, 0.002289, 0.008409, 0.001953, 0.002672, 0.000982, 0.955401, 0.000943, 0.003082, 0.001165, 0.001213, 0.003391, 0.002136, 0.003197, 0.001715, 0.003813, 0.002111, 0.000255]"
doc_00294,Arka kapilar kilitlenmiyor ve bagaj acilmiyor,https://www.golftutkusu.com/topic/26265-arka-kapilar-kilitlenmiyor-ve-bagaj-acilmiyor,16,0.9402362253489038,NA,unknown,NA,NA,unknown,unknown,low,0,5,"[0.001393, 0.000461, 0.005933, 0.004259, 0.012559, 0.002475, 0.002505, 0.004232, 0.005630, 0.001507, 0.003604, 0.003715, 0.001942, 0.004392, 0.000221, 0.940236, 0.001311, 0.002331, 0.001248, 0.000044]"
doc_00295,Arka klima yon cubugu,https://www.golftutkusu.com/topic/12509-arka-klima-yon-cubugu,14,0.8346774822942604,NA,unknown,NA,NA,unknown,unknown,medium,1,8,"[0.000863, 0.000245, 0.000195, 0.112342, 0.014088, 0.000825, 0.007599, 0.002851, 0.000741, 0.000631, 0.001800, 0.000322, 0.004801, 0.834677, 0.005601, 0.003657, 0.003015, 0.005132, 0.000382, 0.000234]"
doc_00296,Arka park sensoru,https://www.golftutkusu.com/topic/8033-arka-park-sensoru,16,0.5564204570304099,NA,unknown,2016,NA,unknown,unknown,low,0,2,"[0.005323, 0.001424, 0.018344, 0.009022, 0.323411, 0.007372, 0.005324, 0.014581, 0.016384, 0.003115, 0.005642, 0.007593, 0.004605, 0.009483, 0.000611, 0.556420, 0.004095, 0.003629, 0.003482, 0.000140]"
doc_00297,Arka park sensoru arizasi :(,https://www.golftutkusu.com/topic/9671-arka-park-sensoru-arizasi,7,0.6796652727692253,NA,unknown,NA,NA,unknown,unknown,medium,1,5,"[0.002553, 0.001134, 0.006182, 0.005489, 0.013779, 0.006449, 0.679665, 0.002467, 0.005844, 0.002107, 0.091648, 0.003161, 0.003796, 0.039507, 0.003353, 0.004277, 0.012498, 0.113160, 0.002572, 0.000359]"
doc_00298,Arka park sensoru ve geri gorus kamerasi sorunu (Ankara ici),https://www.golftutkusu.com/topic/20885-arka-park-sensoru-ve-geri-gorus-kamerasi-sorunu-ankara-ici,10,0.9466368938005247,NA,unknown,NA,NA,unknown,unknown,low,0,2,"[0.002910, 0.001028, 0.001916, 0.004302, 0.008074, 0.002595, 0.004137, 0.001659, 0.004512, 0.946637, 0.000642, 0.003475, 0.002058, 0.003423, 0.001111, 0.001739, 0.003293, 0.002778, 0.003627, 0.000083]"
doc_00299,Arka silecek kolu Renk farki,https://www.golftutkusu.com/topic/10914-arka-silecek-kolu-renk-farki,7,0.9815015942652429,NA,unknown,NA,NA,unknown,unknown,low,0,13,"[0.001614, 0.000899, 0.000766, 0.001165, 0.004443, 0.000886, 0.981502, 0.000581, 0.001462, 0.000914, 0.000833, 0.000714, 0.000611, 0.001070, 0.000213, 0.000211, 0.000776, 0.000541, 0.000790, 0.000012]"
doc_00300,Arka silecek ses yapiyor,https://www.golftutkusu.com/topic/18741-arka-silecek-ses-yapiyor,2,0.9715601933548859,NA,unknown,NA,NA,unknown,unknown,high,2,3,"[0.000682, 0.971560, 0.004361, 0.001378, 0.001893, 0.001925, 0.002089, 0.001009, 0.001377, 0.000502, 0.000558, 0.001403, 0.001958, 0.001252, 0.001702, 0.000986, 0.001211, 0.002128, 0.001490, 0.000534]"
doc_00301,Arka silecek suyu,https://www.golftutkusu.com/topic/13776-arka-silecek-suyu,7,0.990031681865417,NA,unknown,NA,NA,unknown,unknown,high,2,28,"[0.000188, 0.000331, 0.000700, 0.000594, 0.000659, 0.000674, 0.990032, 0.000306, 0.000483, 0.000430, 0.000753, 0.000389, 0.000458, 0.000490, 0.000785, 0.000990, 0.000403, 0.000847, 0.000285, 0.000204]"
doc_00302,Arka tampondaki kucuk hasar,https://www.golftutkusu.com/topic/8427-arka-tampondaki-kucuk-hasar,4,0.9576295535446742,NA,unknown,NA,NA,unknown,unknown,low,0,3,"[0.002052, 0.001013, 0.002229, 0.957630, 0.008982, 0.002408, 0.002069, 0.001892, 0.003579, 0.001401, 0.002050, 0.002376, 0.001364, 0.002211, 0.000343, 0.001220, 0.001221, 0.002108, 0.003797, 0.000056]"
doc_00303,Arka tavan lambasi,https://www.golftutkusu.com/topic/16016-arka-tavan-lambasi,12,0.9619758853785314,NA,unknown,2013,NA,unknown,unknown,medium,1,6,"[0.001410, 0.000656, 0.000979, 0.002046, 0.007420, 0.001838, 0.001882, 0.001356, 0.001866, 0.000982, 0.002918, 0.961976, 0.001602, 0.003495, 0.001158, 0.002500, 0.001349, 0.003036, 0.001366, 0.000164]"
doc_00304,Arkadan gelen ugultu,https://www.golftutkusu.com/topic/10674-arkadan-gelen-ugultu,8,0.9599735668874536,NA,unknown,NA,NA,unknown,unknown,medium,0,6,"[0.002172, 0.000789, 0.001496, 0.002294, 0.005719, 0.001468, 0.002044, 0.959974, 0.001308, 0.000765, 0.002541, 0.001106, 0.001834, 0.002025, 0.000939, 0.004234, 0.002588, 0.005574, 0.001068, 0.000061]"
doc_00305,Arkadaslar Acil Yardim,https://www.golftutkusu.com/topic/25154-arkadaslar-acil-yardim,8,0.9905063277800399,1.6,diesel,NA,65000,60-90k,1.6_TDI,high,2,7,"[0.000262, 0.000314, 0.000945, 0.000371, 0.000295, 0.000364, 0.000180, 0.990506, 0.000168, 0.000553, 0.000769, 0.000520, 0.000167, 0.000142, 0.000897, 0.001371, 0.000361, 0.000638, 0.000682, 0.000495]"
doc_00306,Arma panjura uymuyor,https://www.golftutkusu.com/topic/15396-arma-panjura-uymuyor,9,0.9803137413914079,NA,unknown,NA,NA,unknown,unknown,low,0,4,"[0.000879, 0.000513, 0.001541, 0.001390, 0.004922, 0.000950, 0.000925, 0.000376, 0.980314, 0.000562, 0.000781, 0.000784, 0.000511, 0.001035, 0.000415, 0.000775, 0.000604, 0.001036, 0.001641, 0.000046]"
doc_00307,Asiri Bugu ve Kotu Koku,https://www.golftutkusu.com/topic/21951-asiri-bugu-ve-kotu-koku,4,0.9959398169101654,NA,unknown,NA,6000,0-30k,unknown,high,5,29,"[0.000108, 0.000098, 0.000166, 0.995940, 0.000340, 0.000291, 0.000256, 0.000173, 0.000191, 0.000129, 0.000294, 0.000222, 0.000167, 0.000167, 0.000163, 0.000271, 0.000142, 0.000492, 0.000298, 0.000092]"
doc_00308,Ate balata isininca otme sorunu,https://www.golftutkusu.com/topic/17886-ate-balata-isininca-otme-sorunu,18,0.9962086062158552,NA,unknown,NA,10000,0-30k,unknown,high,2,40,"[0.000074, 0.000048, 0.000481, 0.000213, 0.000092, 0.000274, 0.000110, 0.000064, 0.000222, 0.000110, 0.000160, 0.000207, 0.000355, 0.000111, 0.000567, 0.000266, 0.000260, 0.996209, 0.000145, 0.000033]"
doc_00309,"Atesleme, buji kararmasi sorunu",https://www.golftutkusu.com/topic/27139-atesleme-buji-kararmasi-sorunu,16,0.9529567055864462,NA,unknown,NA,NA,unknown,unknown,high,1,5,"[0.000583, 0.000035, 0.003477, 0.000762, 0.003391, 0.004775, 0.003291, 0.003996, 0.004348, 0.000614, 0.003080, 0.002279, 0.000861, 0.002125, 0.001600, 0.952957, 0.000209, 0.010213, 0.001077, 0.000329]"
doc_00310,Auto Far Anahtari Sonrasi Gunduz Ledi,https://www.golftutkusu.com/topic/16300-auto-far-anahtari-sonrasi-gunduz-ledi,5,0.9449828586576684,NA,unknown,NA,NA,unknown,unknown,low,0,3,"[0.004435, 0.000077, 0.004228, 0.001589, 0.944983, 0.009696, 0.002801, 0.003696, 0.007993, 0.000608, 0.002818, 0.002477, 0.000555, 0.005111, 0.000632, 0.001709, 0.000356, 0.002816, 0.003368, 0.000053]"
doc_00311,Auto HOLD IPTAL,https://www.golftutkusu.com/topic/9624-auto-hold-iptal,18,0.5463215382142979,1.4,petrol,2015,NA,unknown,1.4_TSI,high,2,35,"[0.000103, 0.001235, 0.441515, 0.000512, 0.000130, 0.000243, 0.000238, 0.000081, 0.000120, 0.000697, 0.001003, 0.000120, 0.000364, 0.000105, 0.001492, 0.004164, 0.000523, 0.546322, 0.000525, 0.000508]"
doc_00312,Auto Hold Problemi (Golf 7),https://www.golftutkusu.com/topic/14644-auto-hold-problemi-golf-7,18,0.9880093731897011,NA,unknown,2013,NA,unknown,unknown,high,1,24,"[0.000587, 0.000242, 0.000930, 0.000574, 0.000635, 0.000795, 0.000926, 0.000223, 0.000715, 0.000437, 0.000460, 0.000629, 0.001082, 0.000427, 0.001449, 0.000396, 0.000985, 0.988009, 0.000446, 0.000053]"
doc_00313,Auto hold arizasi DSG (yokusta),https://www.golftutkusu.com/topic/13402-auto-hold-arizasi-dsg-yokusta,18,0.49187194520198735,NA,unknown,NA,NA,unknown,unknown,medium,1,4,"[0.002462, 0.000556, 0.003997, 0.389358, 0.004753, 0.003877, 0.003523, 0.002259, 0.003784, 0.001210, 0.068869, 0.002693, 0.002891, 0.005060, 0.001977, 0.003491, 0.003901, 0.491872, 0.003263, 0.000203]"
doc_00314,Auto-Hold Araci Birakmiyor.,https://www.golftutkusu.com/topic/15052-auto-hold-araci-birakmiyor,18,0.571609502906458,1.2,petrol,2014,15000,0-30k,1.2_TSI,high,4,30,"[0.000183, 0.001449, 0.000259, 0.000748, 0.000066, 0.000348, 0.000080, 0.000214, 0.000414, 0.000666, 0.001059, 0.000099, 0.000519, 0.000299, 0.001396, 0.001501, 0.000334, 0.571610, 0.417816, 0.000941]"
doc_00315,Aux Girisiyle Muzik Dinleme,https://www.golftutkusu.com/topic/12061-aux-girisiyle-muzik-dinleme,18,0.9042429602499055,NA,unknown,NA,NA,unknown,unknown,medium,1,6,"[0.004455, 0.000658, 0.004221, 0.002140, 0.029021, 0.004595, 0.007066, 0.003861, 0.005778, 0.001235, 0.002169, 0.003156, 0.003897, 0.009243, 0.004417, 0.003386, 0.004816, 0.904243, 0.001539, 0.000103]"
doc_00316,Aux ile telefonla konustugumda sesim karsidakine gitmiyor,https://www.golftutkusu.com/topic/10342-aux-ile-telefonla-konustugumda-sesim-karsidakine-gitmiyor,19,0.9666426680497966,NA,unknown,2015,NA,unknown,unknown,low,0,3,"[0.002823, 0.000989, 0.002501, 0.003469, 0.005307, 0.001955, 0.000998, 0.000972, 0.003563, 0.001103, 0.001504, 0.001583, 0.001499, 0.001987, 0.000549, 0.000418, 0.000755, 0.001306, 0.966643, 0.000076]"
doc_00317,Aux ses aktarimi,https://www.golftutkusu.com/topic/23536-aux-ses-aktarimi,14,0.8683042025431926,1.2,petrol,2014,NA,unknown,1.2_TSI,low,0,1,"[0.004006, 0.027780, 0.001670, 0.007797, 0.012729, 0.003387, 0.001527, 0.004238, 0.006062, 0.007617, 0.014494, 0.001040, 0.002342, 0.868304, 0.002687, 0.015300, 0.001617, 0.009942, 0.005786, 0.001675]"
doc_00318,Avans vuruntusu sesi 1.2 tsi sekman asinmasi,https://www.golftutkusu.com/topic/26345-avans-vuruntusu-sesi-1-2-tsi-sekman-asinmasi,16,0.9923790362513714,1.2,petrol,2013,4000,0-30k,1.2_TSI,high,3,32,"[0.000047, 0.000738, 0.000168, 0.000311, 0.000144, 0.000200, 0.000160, 0.000548, 0.000292, 0.000418, 0.000714, 0.000079, 0.000192, 0.000334, 0.000284, 0.992379, 0.000143, 0.001766, 0.000097, 0.000986]"
doc_00319,Ayagi gazdan cekince tuketimin 0'a inmemesi,https://www.golftutkusu.com/topic/21972-ayagi-gazdan-cekince-tuketimin-0a-inmemesi,17,0.969922293333835,NA,unknown,2000,4000,0-30k,unknown,low,0,4,"[0.001795, 0.000733, 0.001689, 0.002035, 0.006466, 0.001454, 0.001294, 0.001594, 0.002160, 0.001411, 0.001706, 0.001417, 0.000868, 0.000955, 0.000377, 0.000657, 0.969922, 0.002108, 0.001318, 0.000038]"
doc_00320,Aydin ve Izmir cevresinden arkadaslar yardim lutfen,https://www.golftutkusu.com/topic/12324-aydin-ve-izmir-cevresinden-arkadaslar-yardim-lutfen,18,0.4018297522776387,NA,unknown,NA,NA,unknown,unknown,low,0,1,"[0.016842, 0.007911, 0.300878, 0.024941, 0.050063, 0.016321, 0.012506, 0.007902, 0.034681, 0.008329, 0.010392, 0.013452, 0.019348, 0.016925, 0.008380, 0.012015, 0.013337, 0.401830, 0.023571, 0.000376]"
doc_00321,Aydinlatma Arizasi,https://www.golftutkusu.com/topic/22762-aydinlatma-arizasi,10,0.554934139582221,1.2,petrol,2013,NA,unknown,1.2_TSI,medium,1,4,"[0.002360, 0.008422, 0.000435, 0.003814, 0.005856, 0.002163, 0.002494, 0.002530, 0.002335, 0.554934, 0.007968, 0.000526, 0.001297, 0.369422, 0.005344, 0.014244, 0.002607, 0.008008, 0.002281, 0.002960]"
doc_00322,Ayna Alti Led Aydinlatma Yanmiyor,https://www.golftutkusu.com/topic/16889-ayna-alti-led-aydinlatma-yanmiyor,11,0.66408716884164,NA,unknown,NA,NA,unknown,unknown,low,0,6,"[0.006219, 0.000260, 0.003150, 0.003000, 0.296919, 0.003199, 0.002144, 0.002144, 0.003250, 0.000266, 0.664087, 0.002487, 0.001382, 0.004917, 0.000134, 0.001029, 0.002003, 0.000656, 0.002619, 0.000136]"
doc_00323,Ayna alti led yanmiyor,https://www.golftutkusu.com/topic/12263-ayna-alti-led-yanmiyor,5,0.9696899049769375,NA,unknown,NA,NA,unknown,unknown,low,0,2,"[0.002859, 0.000532, 0.003387, 0.002467, 0.969690, 0.002990, 0.001034, 0.001984, 0.002815, 0.000645, 0.001371, 0.001881, 0.000903, 0.003054, 0.000240, 0.000812, 0.001273, 0.000514, 0.001493, 0.000056]"
doc_00324,BADROID TEYP LASTIK BASINC SIFIRLAMA,https://www.golftutkusu.com/topic/19066-badroid-teyp-lastik-basinc-sifirlama,13,0.5616276032294192,NA,unknown,NA,NA,unknown,unknown,low,0,1,"[0.045344, 0.014109, 0.015244, 0.016672, 0.136344, 0.014648, 0.038682, 0.012255, 0.020409, 0.010398, 0.011128, 0.015619, 0.561628, 0.024751, 0.004288, 0.002964, 0.012538, 0.018933, 0.023804, 0.000243]"
doc_00325,BAGAJ KAPAGI ILE TAMPON ARASI SU BIRIKMESI,https://www.golftutkusu.com/topic/13837-bagaj-kapagi-ile-tampon-arasi-su-birikmesi,7,0.9567516609750852,NA,unknown,2015,NA,unknown,unknown,medium,1,34,"[0.000572, 0.000352, 0.000925, 0.000790, 0.031425, 0.000929, 0.956752, 0.000709, 0.001009, 0.000487, 0.001081, 0.000452, 0.000404, 0.001281, 0.000506, 0.000784, 0.000647, 0.000494, 0.000327, 0.000073]"
doc_00326,BI XENON FAR BUGU YAPIYOR,https://www.golftutkusu.com/topic/14754-bi-xenon-far-bugu-yapiyor,8,0.8300538633462646,NA,unknown,NA,NA,unknown,unknown,low,0,9,"[0.008545, 0.000781, 0.001022, 0.002943, 0.135544, 0.002408, 0.002824, 0.830054, 0.001973, 0.000572, 0.000968, 0.001530, 0.001386, 0.003135, 0.000281, 0.001525, 0.001828, 0.001234, 0.001423, 0.000023]"
doc_00327,BIR USTA NE KADAR KATIL OLABILIR ICERIDE! Avcilar Meguiars rezilligi,https://www.golftutkusu.com/topic/8092-bir-usta-ne-kadar-katil-olabilir-iceride-avcilar-meguiars-rezilligi,6,0.9875297159487089,NA,unknown,NA,NA,unknown,unknown,medium,1,11,"[0.000533, 0.000266, 0.000454, 0.000639, 0.002539, 0.987530, 0.000761, 0.000409, 0.000603, 0.000246, 0.000924, 0.000427, 0.000443, 0.001040, 0.000499, 0.000576, 0.000462, 0.001071, 0.000485, 0.000094]"
doc_00328,Bagaj 12v soketi calismiyor,https://www.golftutkusu.com/topic/17817-bagaj-12v-soketi-calismiyor,1,0.5396556992590157,NA,unknown,NA,NA,unknown,unknown,low,0,1,"[0.539656, 0.003586, 0.017887, 0.013007, 0.297721, 0.012831, 0.005587, 0.011178, 0.014588, 0.004951, 0.010251, 0.009753, 0.006128, 0.016197, 0.003478, 0.003674, 0.008426, 0.005174, 0.015488, 0.000438]"
doc_00329,Bagaj Kilidi bozuldu,https://www.golftutkusu.com/topic/10171-bagaj-kilidi-bozuldu,1,0.9693149549249968,NA,unknown,NA,NA,unknown,unknown,medium,1,5,"[0.969315, 0.000363, 0.001874, 0.001165, 0.006979, 0.001326, 0.001040, 0.001627, 0.001187, 0.000613, 0.002692, 0.000822, 0.000901, 0.002374, 0.001991, 0.000790, 0.001387, 0.001587, 0.001764, 0.000202]"
doc_00330,Bagaj Ustunden Su Alma,https://www.golftutkusu.com/topic/18292-bagaj-ustunden-su-alma,14,0.982325157818801,NA,unknown,NA,NA,unknown,unknown,high,3,13,"[0.000677, 0.000357, 0.001152, 0.000713, 0.002409, 0.001275, 0.000853, 0.000357, 0.000712, 0.000477, 0.001740, 0.000906, 0.001051, 0.982325, 0.001197, 0.001100, 0.000326, 0.001318, 0.000751, 0.000303]"
doc_00331,Bagaj acilmiyor :(,https://www.golftutkusu.com/topic/9355-bagaj-acilmiyor,5,0.9893638679169937,NA,unknown,2014,NA,unknown,unknown,high,3,24,"[0.000687, 0.000158, 0.001049, 0.000517, 0.989364, 0.001208, 0.000412, 0.000658, 0.000608, 0.000190, 0.000567, 0.000691, 0.000425, 0.000953, 0.000411, 0.000600, 0.000557, 0.000381, 0.000274, 0.000290]"
doc_00332,Bagaj amortisoru,https://www.golftutkusu.com/topic/14261-bagaj-amortisoru,14,0.980534353153444,NA,unknown,NA,NA,unknown,unknown,medium,0,21,"[0.000949, 0.000354, 0.001252, 0.000824, 0.004343, 0.001023, 0.001139, 0.000576, 0.000956, 0.000509, 0.001987, 0.000792, 0.000811, 0.980534, 0.000733, 0.001082, 0.000389, 0.001062, 0.000622, 0.000062]"
doc_00333,Bagaj kapisi anahtardan acma,https://www.golftutkusu.com/topic/11137-bagaj-kapisi-anahtardan-acma,7,0.9826314294707909,NA,unknown,NA,NA,unknown,unknown,high,1,21,"[0.000357, 0.000778, 0.001096, 0.001008, 0.001301, 0.001229, 0.982631, 0.000508, 0.000962, 0.000644, 0.001384, 0.000688, 0.000893, 0.000899, 0.001347, 0.001233, 0.000687, 0.001383, 0.000577, 0.000396]"
doc_00334,Bagaj kapisi pas sorunu,https://www.golftutkusu.com/topic/11208-bagaj-kapisi-pas-sorunu,13,0.9352641223579876,NA,unknown,NA,NA,unknown,unknown,medium,0,15,"[0.002379, 0.000929, 0.001219, 0.000960, 0.003470, 0.001234, 0.002670, 0.001101, 0.001610, 0.000815, 0.001513, 0.000992, 0.935264, 0.002498, 0.002332, 0.000642, 0.001584, 0.037298, 0.001431, 0.000061]"
doc_00335,Bagaj su aliyor sadece bagaj,https://www.golftutkusu.com/topic/26681-bagaj-su-aliyor-sadece-bagaj,5,0.83308685104579006,1.4,petrol,2015,NA,unknown,1.4_TSI,high,2,3,"[0.001892, 0.006292, 0.005833, 0.004281, 0.833087, 0.004941, 0.002051, 0.003342, 0.001077, 0.011539, 0.007762, 0.002583, 0.001222, 0.002120, 0.010149, 0.081148, 0.004206, 0.006230, 0.001954, 0.008292]"
doc_00336,Bagaj ustu elektrik tesisati,https://www.golftutkusu.com/topic/22578-bagaj-ustu-elektrik-tesisati,17,0.9704930943530619,NA,unknown,NA,NA,unknown,unknown,medium,1,9,"[0.001130, 0.000338, 0.001030, 0.000835, 0.012911, 0.001001, 0.001233, 0.001273, 0.001167, 0.000690, 0.002015, 0.000656, 0.000559, 0.001140, 0.000583, 0.000805, 0.970493, 0.001611, 0.000455, 0.000076]"
doc_00337,Bagaj zemin su almis,https://www.golftutkusu.com/topic/24866-bagaj-zemin-su-almis,1,0.9057771227558339,NA,unknown,NA,NA,unknown,unknown,low,0,3,"[0.905777, 0.001060, 0.002864, 0.002555, 0.035998, 0.004739, 0.005349, 0.005677, 0.006088, 0.001258, 0.002306, 0.003050, 0.002220, 0.006596, 0.001894, 0.000837, 0.002441, 0.004032, 0.005149, 0.000110]"
doc_00338,Bagaja dolan su,https://www.golftutkusu.com/topic/9724-bagaja-dolan-su,7,0.9778440749681495,NA,unknown,2013,NA,unknown,unknown,low,0,2,"[0.000785, 0.000792, 0.001552, 0.001897, 0.003896, 0.001320, 0.977844, 0.000803, 0.002143, 0.001034, 0.001261, 0.001010, 0.000787, 0.001235, 0.000334, 0.000774, 0.000754, 0.000693, 0.001048, 0.000037]"
doc_00339,Bagajimi Su Basti (COZULDU),https://www.golftutkusu.com/topic/10423-bagajimi-su-basti-cozuldu,7,0.9971078071147218,NA,unknown,2013,10000,0-30k,unknown,high,3,59,"[0.000052, 0.000112, 0.000179, 0.000190, 0.000194, 0.000208, 0.997108, 0.000092, 0.000154, 0.000133, 0.000259, 0.000115, 0.000140, 0.000134, 0.000208, 0.000236, 0.000120, 0.000212, 0.000086, 0.000069]"
doc_00340,Bakim Yag Degisim Suresi Sifirlama,https://www.golftutkusu.com/topic/9663-bakim-yag-degisim-suresi-sifirlama,7,0.9744549754682297,NA,unknown,NA,15000,0-30k,unknown,medium,1,4,"[0.002177, 0.002743, 0.000004, 0.001434, 0.003230, 0.001537, 0.974455, 0.000879, 0.001252, 0.001263, 0.000319, 0.000005, 0.000037, 0.001298, 0.001115, 0.004216, 0.001945, 0.000802, 0.000326, 0.000961]"
doc_00341,Bakim sonrasi arac ilk calistirmada tekliyor.,https://www.golftutkusu.com/topic/9673-bakim-sonrasi-arac-ilk-calistirmada-tekliyor,20,0.9357028789595981,NA,unknown,NA,35000,30-60k,unknown,high,2,39,"[0.000884, 0.000197, 0.001513, 0.000781, 0.001352, 0.001500, 0.001241, 0.000281, 0.001264, 0.000214, 0.047422, 0.000816, 0.001081, 0.001137, 0.001004, 0.000762, 0.000883, 0.000729, 0.001235, 0.935703]"
doc_00342,Bakim ucretleri,https://www.golftutkusu.com/topic/17867-bakim-ucretleri,11,0.9608506375851636,NA,unknown,2015,81000,60-90k,unknown,medium,0,6,"[0.002251, 0.000195, 0.001891, 0.001960, 0.005050, 0.002034, 0.003478, 0.001453, 0.002223, 0.000222, 0.960851, 0.001493, 0.001350, 0.006596, 0.000410, 0.002053, 0.002410, 0.002013, 0.001802, 0.000263]"
doc_00343,Bakim ve Dogus Oto Sureci,https://www.golftutkusu.com/topic/12462-bakim-ve-dogus-oto-sureci,18,0.9895542352609182,1.4,petrol,2020,57323,30-60k,1.4_TSI,high,3,62,"[0.000042, 0.000273, 0.000339, 0.000373, 0.000021, 0.000183, 0.000114, 0.000057, 0.000054, 0.000402, 0.004929, 0.000168, 0.000243, 0.000050, 0.001033, 0.001350, 0.000339, 0.989554, 0.000255, 0.000222]"
doc_00344,Balans ayari icin janta yapistirilan parca,https://www.golftutkusu.com/topic/11633-balans-ayari-icin-janta-yapistirilan-parca,15,0.926756641095274,NA,unknown,NA,NA,unknown,unknown,low,0,2,"[0.012333, 0.002259, 0.001717, 0.002013, 0.012277, 0.003006, 0.005893, 0.001044, 0.006257, 0.003259, 0.000536, 0.002405, 0.003256, 0.003986, 0.926757, 0.000233, 0.002420, 0.006048, 0.004179, 0.000123]"
doc_00345,Balata degisimi sonrasi ses sorunu,https://www.golftutkusu.com/topic/15993-balata-degisimi-sonrasi-ses-sorunu,18,0.5673832373240166,NA,unknown,NA,60000,60-90k,unknown,high,3,35,"[0.000437, 0.000169, 0.000735, 0.000394, 0.000247, 0.000690, 0.000369, 0.000146, 0.000640, 0.000400, 0.000217, 0.000500, 0.000905, 0.000377, 0.424663, 0.000408, 0.000618, 0.567383, 0.000446, 0.000258]"
doc_00346,Balata kokusu,https://www.golftutkusu.com/topic/9094-balata-kokusu,13,0.46478155171567104,1.4,petrol,2017,43000,30-60k,1.4_TSI,medium,1,8,"[0.000621, 0.107660, 0.004149, 0.005683, 0.001144, 0.001962, 0.002736, 0.002478, 0.000908, 0.010287, 0.005843, 0.001868, 0.464782, 0.001595, 0.007807, 0.079978, 0.003607, 0.292409, 0.003463, 0.001019]"
doc_00347,Balatalardan gelen ses.,https://www.golftutkusu.com/topic/20180-balatalardan-gelen-ses,17,0.9782844944301042,NA,unknown,NA,NA,unknown,unknown,high,3,11,"[0.000614, 0.000335, 0.000926, 0.000643, 0.001259, 0.000957, 0.000688, 0.000636, 0.000730, 0.000647, 0.001219, 0.000684, 0.000724, 0.000375, 0.001367, 0.000799, 0.978284, 0.008363, 0.000478, 0.000271]"
doc_00348,Balatalari kontrol edin uyarisi,https://www.golftutkusu.com/topic/12709-balatalari-kontrol-edin-uyarisi,12,0.6651562105752821,NA,unknown,NA,3000,0-30k,unknown,high,2,12,"[0.000535, 0.000435, 0.001175, 0.001378, 0.001088, 0.001456, 0.000742, 0.000487, 0.001116, 0.000802, 0.001421, 0.665156, 0.001679, 0.001038, 0.002490, 0.002058, 0.001409, 0.314262, 0.000933, 0.000339]"
doc_00349,Bardaklik arasindan alt tarafa dusen kredi kartlari,https://www.golftutkusu.com/topic/9977-bardaklik-arasindan-alt-tarafa-dusen-kredi-kartlari,7,0.33376765650562895,NA,unknown,NA,NA,unknown,unknown,low,0,2,"[0.022834, 0.007869, 0.010155, 0.012571, 0.138681, 0.020977, 0.333768, 0.015706, 0.023033, 0.006558, 0.008674, 0.015021, 0.188511, 0.148315, 0.004948, 0.005704, 0.007297, 0.015437, 0.013591, 0.000351]"
doc_00350,Bardaklik perdesinin kart dusmesi.,https://www.golftutkusu.com/topic/17843-bardaklik-perdesinin-kart-dusmesi,3,0.9711587227492922,NA,unknown,NA,NA,unknown,unknown,high,2,2,"[0.001097, 0.000994, 0.971159, 0.000890, 0.003744, 0.001288, 0.001358, 0.000482, 0.001378, 0.000294, 0.001456, 0.000571, 0.001492, 0.001470, 0.001333, 0.002799, 0.000932, 0.005253, 0.001313, 0.000696]"
doc_00351,Basic Bi-Xenon Ampulu Yardim!!,https://www.golftutkusu.com/topic/14861-basic-bi-xenon-ampulu-yardim,1,0.9851963857082068,NA,unknown,NA,NA,unknown,unknown,low,0,2,"[0.985196, 0.001382, 0.000004, 0.000924, 0.004531, 0.000899, 0.000290, 0.000710, 0.000731, 0.000594, 0.000106, 0.000006, 0.000021, 0.000663, 0.000504, 0.000846, 0.001048, 0.000265, 0.000864, 0.000416]"
doc_00352,Basic Bi-Xenon ampul onerisi?,https://www.golftutkusu.com/topic/10336-basic-bi-xenon-ampul-onerisi,1,0.9961892655389727,NA,unknown,2014,15000,0-30k,unknown,low,0,47,"[0.996189, 0.000083, 0.000151, 0.000143, 0.001374, 0.000141, 0.000184, 0.000163, 0.000163, 0.000107, 0.000179, 0.000120, 0.000097, 0.000211, 0.000098, 0.000014, 0.000166, 0.000094, 0.000317, 0.000005]"
doc_00353,Basic bi xenon aydinlatma yetersiz,https://www.golftutkusu.com/topic/12994-basic-bi-xenon-aydinlatma-yetersiz,8,0.7176359782451814,NA,unknown,2000,NA,unknown,unknown,low,0,9,"[0.006714, 0.000987, 0.000986, 0.001780, 0.256985, 0.001515, 0.002156, 0.717636, 0.001239, 0.000774, 0.000981, 0.001293, 0.001066, 0.001770, 0.000141, 0.000727, 0.001665, 0.000497, 0.001077, 0.000011]"
doc_00354,Baski Balata Bitmis Ne Marka Onerirsiniz,https://www.golftutkusu.com/topic/22338-baski-balata-bitmis-ne-marka-onerirsiniz,20,0.6960833074039923,1.6,diesel,NA,6000,0-30k,1.6_TDI,high,1,14,"[0.000664, 0.000774, 0.012588, 0.001108, 0.000338, 0.002980, 0.000549, 0.000869, 0.002528, 0.002731, 0.002926, 0.002106, 0.000958, 0.000484, 0.017294, 0.001703, 0.001299, 0.247755, 0.004264, 0.696083]"
doc_00355,Baski Balata Degisimi,https://www.golftutkusu.com/topic/10472-baski-balata-degisimi,17,0.7623842696857489,NA,unknown,2014,135000,120-150k,unknown,high,1,26,"[0.000335, 0.000233, 0.000907, 0.000543, 0.000537, 0.000742, 0.000447, 0.000409, 0.000608, 0.000799, 0.000701, 0.000588, 0.000661, 0.000229, 0.001456, 0.000705, 0.762384, 0.227191, 0.000374, 0.000150]"
doc_00356,Baski Balata Degisimi,https://www.golftutkusu.com/topic/20140-baski-balata-degisimi,9,0.916451519324666,1.6,diesel,2014,149000,120-150k,1.6_TDI,high,1,48,"[0.000075, 0.000247, 0.001566, 0.000352, 0.000109, 0.000447, 0.000176, 0.000276, 0.916452, 0.000810, 0.000691, 0.000510, 0.000140, 0.000143, 0.002107, 0.001334, 0.000350, 0.072630, 0.000816, 0.000772]"
doc_00357,Baski Balata ve Trigger Hakkinda,https://www.golftutkusu.com/topic/14655-baski-balata-ve-trigger-hakkinda,18,0.5703919066809675,1.4,petrol,2015,130000,120-150k,1.4_TSI,high,2,41,"[0.000176, 0.001243, 0.000697, 0.000649, 0.000066, 0.000440, 0.000352, 0.000158, 0.000211, 0.002159, 0.000872, 0.000397, 0.000550, 0.000133, 0.411342, 0.007737, 0.000699, 0.570392, 0.000571, 0.001156]"
doc_00358,Bayir yukari anarya one dogru kacmasi,https://www.golftutkusu.com/topic/24504-bayir-yukari-anarya-one-dogru-kacmasi,10,0.6589286005027043,NA,unknown,2015,NA,unknown,unknown,high,1,3,"[0.002619, 0.001084, 0.001764, 0.002480, 0.002949, 0.002836, 0.005271, 0.001053, 0.002667, 0.658929, 0.000790, 0.002938, 0.003330, 0.002240, 0.004868, 0.001895, 0.004708, 0.295123, 0.002138, 0.000317]"
doc_00359,Bazen Motordan Bu Ses Geliyor,https://www.golftutkusu.com/topic/25340-bazen-motordan-bu-ses-geliyor,14,0.4394745671367459,NA,unknown,NA,NA,unknown,unknown,low,0,3,"[0.005756, 0.002418, 0.023812, 0.010169, 0.030302, 0.007965, 0.009406, 0.009341, 0.013192, 0.005229, 0.012146, 0.011678, 0.009045, 0.439475, 0.001395, 0.391319, 0.003330, 0.007613, 0.006241, 0.000168]"
doc_00360,Bej renk koltuk kumasini nereden bulabilirim? (Istanbul),https://www.golftutkusu.com/topic/12207-bej-renk-koltuk-kumasini-nereden-bulabilirim-istanbul,16,0.94106769445889,NA,unknown,NA,NA,unknown,unknown,low,0,3,"[0.001421, 0.000568, 0.006434, 0.003780, 0.009581, 0.002775, 0.002769, 0.004966, 0.005882, 0.001886, 0.002231, 0.003763, 0.002137, 0.005063, 0.000276, 0.941068, 0.001301, 0.002666, 0.001389, 0.000043]"
doc_00361,Belirli Devirlerde Gelen Degisik Ses,https://www.golftutkusu.com/topic/27601-belirli-devirlerde-gelen-degisik-ses,8,0.9774037733000276,1.6,diesel,2013,NA,unknown,1.6_TDI,medium,0,5,"[0.000791, 0.000636, 0.002714, 0.000968, 0.001359, 0.000775, 0.000589, 0.977404, 0.000645, 0.001466, 0.002286, 0.001105, 0.000286, 0.000671, 0.000847, 0.003308, 0.000966, 0.001490, 0.001439, 0.000256]"
doc_00362,Belli hizda gelen ugultu sesi,https://www.golftutkusu.com/topic/19972-belli-hizda-gelen-ugultu-sesi,4,0.961102073239889,1.2,petrol,2016,125000,120-150k,1.2_TSI,high,3,32,"[0.000105, 0.001689, 0.000084, 0.961102, 0.000157, 0.000392, 0.000205, 0.000399, 0.000302, 0.000916, 0.000959, 0.000091, 0.000268, 0.000307, 0.000971, 0.003025, 0.000309, 0.027213, 0.000473, 0.001033]"
doc_00363,"Benzin depo kapaginda basinc olusmasi, benzin kokusu gelmesi sorunu ve cozumu",https://www.golftutkusu.com/topic/26197-benzin-depo-kapaginda-basinc-olusmasi-benzin-kokusu-gelmesi-sorunu-ve-cozumu,18,0.9631488192671214,1.2,petrol,2023,11000,0-30k,1.2_TSI,low,0,8,"[0.000779, 0.005204, 0.000906, 0.003271, 0.001202, 0.001343, 0.000385, 0.001080, 0.002332, 0.003252, 0.002573, 0.000375, 0.001544, 0.001708, 0.002010, 0.004906, 0.001559, 0.963149, 0.002046, 0.000375]"
doc_00364,Benzin filtre degisimi,https://www.golftutkusu.com/topic/22341-benzin-filtre-degisimi,2,0.6572424131755397,1.2,petrol,2011,NA,unknown,1.2_TSI,low,0,3,"[0.003984, 0.657242, 0.001990, 0.007751, 0.004412, 0.003113, 0.001350, 0.004159, 0.006214, 0.005817, 0.006493, 0.000834, 0.002686, 0.004911, 0.003019, 0.006032, 0.002310, 0.009873, 0.265374, 0.002436]"
doc_00365,Benzin gosterge bozuklugu,https://www.golftutkusu.com/topic/8200-benzin-gosterge-bozuklugu,13,0.9794663788392458,NA,unknown,NA,68450,60-90k,unknown,high,3,7,"[0.000538, 0.000605, 0.001232, 0.000767, 0.001434, 0.001214, 0.000885, 0.000744, 0.000646, 0.000422, 0.001259, 0.001091, 0.979466, 0.001115, 0.001568, 0.001317, 0.000635, 0.003305, 0.001213, 0.000544]"
doc_00366,Benzin gostergesi bozuklugu,https://www.golftutkusu.com/topic/19238-benzin-gostergesi-bozuklugu,6,0.9584999332767297,NA,unknown,NA,NA,unknown,unknown,low,0,5,"[0.006863, 0.004548, 0.000005, 0.002919, 0.010364, 0.958500, 0.001260, 0.001014, 0.002131, 0.001326, 0.000191, 0.000016, 0.000055, 0.001635, 0.000736, 0.003069, 0.001981, 0.001056, 0.001354, 0.000978]"
doc_00367,Beyaz Duman Sorunu,https://www.golftutkusu.com/topic/14249-beyaz-duman-sorunu,10,0.9616883120987428,1.4,petrol,2013,120000,120-150k,1.4_TSI,high,1,13,"[0.000164, 0.001805, 0.000398, 0.001354, 0.000193, 0.000481, 0.000922, 0.000383, 0.000158, 0.961688, 0.000911, 0.000625, 0.000370, 0.000232, 0.002973, 0.018457, 0.001050, 0.004997, 0.000916, 0.001923]"
doc_00368,Bi-xenon far kirpma sorunu,https://www.golftutkusu.com/topic/24679-bi-xenon-far-kirpma-sorunu,3,0.4471183567440225,NA,unknown,NA,NA,unknown,unknown,low,0,15,"[0.285286, 0.001138, 0.447118, 0.001083, 0.247922, 0.001376, 0.001939, 0.001065, 0.001859, 0.000511, 0.001243, 0.000686, 0.000958, 0.002597, 0.000383, 0.000435, 0.001345, 0.001167, 0.001840, 0.000048]"
doc_00369,"Bijon kapagi anahtari , standart mi yoksa her arac icin benzersiz mi ?",https://www.golftutkusu.com/topic/17922-bijon-kapagi-anahtari-standart-mi-yoksa-her-arac-icin-benzersiz-mi,17,0.9564992519868807,NA,unknown,NA,NA,unknown,unknown,low,0,5,"[0.005405, 0.001264, 0.001173, 0.001797, 0.011255, 0.001493, 0.005027, 0.001743, 0.002471, 0.001936, 0.001726, 0.001439, 0.001084, 0.001230, 0.000382, 0.000267, 0.956499, 0.002253, 0.001536, 0.000020]"
doc_00370,Bijon kapagi sokme teli.,https://www.golftutkusu.com/topic/14033-bijon-kapagi-sokme-teli,8,0.9085388079869299,NA,unknown,NA,NA,unknown,unknown,low,0,7,"[0.012832, 0.002864, 0.001772, 0.005061, 0.029568, 0.002798, 0.007014, 0.908539, 0.002917, 0.002116, 0.002551, 0.002793, 0.003143, 0.003450, 0.000419, 0.001569, 0.004807, 0.002065, 0.003701, 0.000021]"
doc_00371,Bijon yalama yapmasi hakkinda,https://www.golftutkusu.com/topic/11809-bijon-yalama-yapmasi-hakkinda,7,0.9900753543880247,NA,unknown,NA,NA,unknown,unknown,medium,1,8,"[0.000274, 0.000279, 0.000591, 0.000634, 0.001237, 0.000528, 0.990075, 0.000417, 0.000673, 0.000414, 0.000970, 0.000310, 0.000363, 0.000780, 0.000404, 0.000698, 0.000461, 0.000586, 0.000263, 0.000044]"
doc_00372,Bilgisayarli sente ayari,https://www.golftutkusu.com/topic/25902-bilgisayarli-sente-ayari,9,0.3066141406197924,1.6,diesel,2016,NA,unknown,1.6_TDI,low,0,1,"[0.005747, 0.007452, 0.164314, 0.012166, 0.017352, 0.009809, 0.005773, 0.027301, 0.306614, 0.024208, 0.015803, 0.017167, 0.002525, 0.008817, 0.005742, 0.304820, 0.004325, 0.011897, 0.045762, 0.002406]"
doc_00373,Bilinmeyen ses,https://www.golftutkusu.com/topic/26238-bilinmeyen-ses,10,0.2899089781121551,1.4,petrol,2016,109000,90-120k,1.4_TSI,medium,0,4,"[0.001467, 0.009839, 0.214581, 0.005324, 0.003187, 0.001927, 0.004257, 0.002516, 0.001674, 0.289909, 0.007167, 0.001580, 0.002025, 0.002695, 0.009452, 0.229918, 0.004750, 0.202062, 0.004157, 0.001513]"
doc_00374,Bilye sesi ve kasislerden geciste gicirti,https://www.golftutkusu.com/topic/22597-bilye-sesi-ve-kasislerden-geciste-gicirti,17,0.9896274985406615,1.6,diesel,2023,4000,0-30k,1.6_TDI,high,1,15,"[0.000172, 0.000253, 0.001354, 0.000229, 0.000198, 0.000383, 0.000175, 0.000784, 0.000320, 0.000977, 0.001059, 0.000490, 0.000087, 0.000083, 0.000843, 0.000458, 0.989627, 0.001298, 0.000529, 0.000680]"
doc_00375,Birkac Soru ve Sorun,https://www.golftutkusu.com/topic/15596-birkac-soru-ve-sorun,18,0.9922899156224911,1.2,petrol,2015,NA,unknown,1.2_TSI,high,2,20,"[0.000059, 0.000911, 0.000142, 0.000380, 0.000046, 0.000236, 0.000072, 0.000145, 0.000219, 0.000406, 0.000626, 0.000057, 0.000346, 0.000191, 0.001142, 0.001682, 0.000332, 0.992290, 0.000218, 0.000500]"
doc_00376,Bluetooth Uyumlu degil hatasi,https://www.golftutkusu.com/topic/22874-bluetooth-uyumlu-degil-hatasi,7,0.48424261714050815,NA,unknown,2015,NA,unknown,unknown,low,0,1,"[0.005362, 0.005489, 0.018409, 0.015891, 0.030427, 0.008319, 0.484243, 0.004157, 0.361378, 0.007484, 0.008233, 0.005987, 0.004660, 0.008192, 0.002861, 0.006208, 0.005665, 0.007342, 0.009368, 0.000325]"
doc_00377,Bluetooth'ta muzik calma sorunu,https://www.golftutkusu.com/topic/8060-bluetoothta-muzik-calma-sorunu,6,0.9695664793475128,NA,unknown,2018,NA,unknown,unknown,low,0,8,"[0.002422, 0.000968, 0.000627, 0.001564, 0.011021, 0.969566, 0.002782, 0.000625, 0.001573, 0.000717, 0.000858, 0.000973, 0.000770, 0.001649, 0.000288, 0.000200, 0.000836, 0.001120, 0.001414, 0.000027]"
doc_00378,Bogaz kelebegi arizasi ve cozumu,https://www.golftutkusu.com/topic/21347-bogaz-kelebegi-arizasi-ve-cozumu,7,0.9903621486741819,NA,unknown,NA,21000,0-30k,unknown,high,2,26,"[0.000171, 0.000294, 0.000643, 0.000541, 0.000684, 0.000663, 0.990362, 0.000327, 0.000486, 0.000374, 0.000875, 0.000395, 0.000436, 0.000445, 0.000574, 0.001175, 0.000383, 0.000699, 0.000264, 0.000208]"
doc_00379,Bu Ariza Kodlarinin Cozumunu Bilen Var mi?,https://www.golftutkusu.com/topic/21042-bu-ariza-kodlarinin-cozumunu-bilen-var-mi,1,0.9498662708897356,NA,unknown,NA,113972,90-120k,unknown,medium,0,12,"[0.949866, 0.000569, 0.003070, 0.001561, 0.011875, 0.002030, 0.001523, 0.002545, 0.001729, 0.001010, 0.003640, 0.001198, 0.001262, 0.006499, 0.002458, 0.001290, 0.002745, 0.002121, 0.002738, 0.000270]"
doc_00380,Bu Parca Nedir?,https://www.golftutkusu.com/topic/25858-bu-parca-nedir,19,0.9460363220677359,1.6,diesel,NA,NA,unknown,1.6_TDI,low,0,1,"[0.002493, 0.001824, 0.013156, 0.003844, 0.002332, 0.002314, 0.000606, 0.003584, 0.004726, 0.004351, 0.003691, 0.003625, 0.000588, 0.001380, 0.001348, 0.000865, 0.000778, 0.001797, 0.946036, 0.000663]"
doc_00381,Bu Yag Uyumlu Mu,https://www.golftutkusu.com/topic/22391-bu-yag-uyumlu-mu,15,0.9678570196514377,1.6,diesel,2013,NA,unknown,1.6_TDI,medium,0,13,"[0.001340, 0.000637, 0.003947, 0.000612, 0.000689, 0.001309, 0.000811, 0.001462, 0.002244, 0.003614, 0.001137, 0.001285, 0.000393, 0.001218, 0.967857, 0.000869, 0.000793, 0.005597, 0.002616, 0.001570]"
doc_00382,Bu parca ne ise yarar?,https://www.golftutkusu.com/topic/21118-bu-parca-ne-ise-yarar,19,0.6573785490613046,NA,unknown,NA,NA,unknown,unknown,low,0,3,"[0.256762, 0.001610, 0.003085, 0.003641, 0.033313, 0.004611, 0.004575, 0.004234, 0.006507, 0.001493, 0.002259, 0.003016, 0.004125, 0.005534, 0.001802, 0.000560, 0.001769, 0.003565, 0.657379, 0.000161]"
doc_00383,Bu parca nedir?,https://www.golftutkusu.com/topic/23012-bu-parca-nedir,5,0.410403751619849,NA,unknown,NA,NA,unknown,unknown,low,0,1,"[0.044352, 0.014525, 0.013766, 0.024239, 0.410404, 0.018013, 0.039646, 0.014808, 0.023636, 0.011236, 0.012443, 0.280918, 0.014541, 0.025749, 0.003019, 0.003883, 0.014845, 0.011932, 0.017817, 0.000228]"
doc_00384,Bu ses nedir,https://www.golftutkusu.com/topic/22316-bu-ses-nedir,18,0.9253148983968754,NA,unknown,NA,NA,unknown,unknown,medium,0,5,"[0.002606, 0.000950, 0.006870, 0.004639, 0.005688, 0.004188, 0.003603, 0.002310, 0.005560, 0.002147, 0.004210, 0.003060, 0.004658, 0.005083, 0.006658, 0.004728, 0.004918, 0.925315, 0.002648, 0.000160]"
doc_00385,Bu sesin nerden kaynaklandigini bilemiyorlar,https://www.golftutkusu.com/topic/9909-bu-sesin-nerden-kaynaklandigini-bilemiyorlar,18,0.6865348973205788,NA,unknown,2015,82000,60-90k,other,high,1,18,"[0.001067, 0.003882, 0.000444, 0.000535, 0.000701, 0.000439, 0.000111, 0.001227, 0.000430, 0.001157, 0.001528, 0.000103, 0.000388, 0.000339, 0.000712, 0.292587, 0.003127, 0.686535, 0.000114, 0.004575]"
doc_00386,Bu sogutma borusu kullanilir mi?,https://www.golftutkusu.com/topic/19920-bu-sogutma-borusu-kullanilir-mi,3,0.9478248040856093,NA,unknown,NA,NA,unknown,unknown,low,0,2,"[0.003060, 0.001950, 0.947825, 0.002695, 0.013759, 0.002070, 0.002031, 0.001183, 0.004219, 0.000693, 0.001826, 0.001204, 0.001975, 0.003691, 0.000499, 0.002435, 0.001340, 0.003993, 0.003468, 0.000085]"
doc_00387,Bugunun Kazasi,https://www.golftutkusu.com/topic/17707-bugunun-kazasi,13,0.9780703859750053,1.4,petrol,2016,10000,0-30k,1.4_TSI,medium,1,16,"[0.000602, 0.002830, 0.000340, 0.000645, 0.000708, 0.000259, 0.001612, 0.000625, 0.000096, 0.001947, 0.002166, 0.000304, 0.978070, 0.000448, 0.001544, 0.002744, 0.000668, 0.003422, 0.000775, 0.000195]"
doc_00388,Burclari Degistirmisler Mi? Yardim,https://www.golftutkusu.com/topic/14866-burclari-degistirmisler-mi-yardim,19,0.6775987537441036,NA,unknown,2015,80000,60-90k,unknown,high,2,13,"[0.001070, 0.001005, 0.001804, 0.001697, 0.001129, 0.001655, 0.000853, 0.000744, 0.001409, 0.000883, 0.001497, 0.001332, 0.291572, 0.001192, 0.002950, 0.000962, 0.000790, 0.008931, 0.677599, 0.000925]"
doc_00389,Bursa Gate way montaji ve kodlamasi,https://www.golftutkusu.com/topic/15833-bursa-gate-way-montaji-ve-kodlamasi,6,0.8721070376171055,NA,unknown,NA,NA,unknown,unknown,low,0,3,"[0.005526, 0.000217, 0.004719, 0.003183, 0.042135, 0.872107, 0.006719, 0.004170, 0.014188, 0.001329, 0.005999, 0.004200, 0.001240, 0.006986, 0.001978, 0.003122, 0.000501, 0.012134, 0.009420, 0.000127]"
doc_00390,Bursa aku tanitma hk.,https://www.golftutkusu.com/topic/21471-bursa-aku-tanitma-hk,3,0.35315228720655323,NA,unknown,2013,NA,unknown,unknown,low,0,1,"[0.023181, 0.003759, 0.353152, 0.011895, 0.106415, 0.010825, 0.010735, 0.005848, 0.030942, 0.001987, 0.348921, 0.007232, 0.008979, 0.023386, 0.001386, 0.007473, 0.007747, 0.010277, 0.025250, 0.000611]"
doc_00391,Buyuk Lastik DSG iliskisi,https://www.golftutkusu.com/topic/21593-buyuk-lastik-dsg-iliskisi,14,0.744138618390259,1.2,petrol,2016,32000,30-60k,1.2_TSI,high,2,22,"[0.000574, 0.007681, 0.000409, 0.001592, 0.001829, 0.183711, 0.000733, 0.000963, 0.000890, 0.004246, 0.005305, 0.000388, 0.001381, 0.744139, 0.005194, 0.011323, 0.000728, 0.022396, 0.001227, 0.005292]"
doc_00392,Buzda fren yaptigimda gelen ses,https://www.golftutkusu.com/topic/10194-buzda-fren-yaptigimda-gelen-ses,19,0.9818308517753201,NA,unknown,NA,NA,unknown,unknown,high,2,21,"[0.000930, 0.000503, 0.001221, 0.001342, 0.001346, 0.001349, 0.000549, 0.000465, 0.001308, 0.000509, 0.001154, 0.000864, 0.001028, 0.000807, 0.001201, 0.000567, 0.000518, 0.001961, 0.981831, 0.000548]"
doc_00393,CLH MOTOR GAZA BASIP CEKINCE SES,https://www.golftutkusu.com/topic/22210-clh-motor-gaza-basip-cekince-ses,9,0.7944506428333071,NA,unknown,NA,NA,unknown,unknown,high,0,2,"[0.004983, 0.004235, 0.014086, 0.009453, 0.019270, 0.012669, 0.010828, 0.003724, 0.794451, 0.004482, 0.011822, 0.009020, 0.008370, 0.008710, 0.016272, 0.017564, 0.007157, 0.026385, 0.011237, 0.005283]"
doc_00394,CXX 1.6 TDI Antifriz Eksiltme Problemi,https://www.golftutkusu.com/topic/23251-cxx-1-6-tdi-antifriz-eksiltme-problemi,5,0.9025432313182521,1.6,diesel,NA,NA,unknown,1.6_TDI,medium,1,2,"[0.002004, 0.000490, 0.004857, 0.000990, 0.902543, 0.002248, 0.000651, 0.003046, 0.002123, 0.002033, 0.001619, 0.001780, 0.000282, 0.002156, 0.066627, 0.001027, 0.001085, 0.001137, 0.001715, 0.001584]"
doc_00395,Cakma J far uzunlarin kodlamasi,https://www.golftutkusu.com/topic/22261-cakma-j-far-uzunlarin-kodlamasi,1,0.6598383637292213,NA,unknown,NA,NA,unknown,unknown,low,0,1,"[0.659838, 0.001898, 0.009457, 0.007662, 0.254074, 0.007204, 0.002958, 0.005883, 0.007603, 0.002631, 0.005637, 0.005392, 0.003220, 0.007961, 0.002036, 0.001863, 0.004186, 0.002516, 0.007708, 0.000272]"
doc_00396,Calistirma sistemi arizali servis uyarisi,https://www.golftutkusu.com/topic/20514-calistirma-sistemi-arizali-servis-uyarisi,4,0.9360806283942701,NA,unknown,2012,NA,unknown,unknown,medium,1,2,"[0.002310, 0.000879, 0.002611, 0.936081, 0.008901, 0.002873, 0.004131, 0.002690, 0.003484, 0.001368, 0.009717, 0.002165, 0.001880, 0.005756, 0.001142, 0.003092, 0.002550, 0.004745, 0.003405, 0.000220]"
doc_00397,Calistirma sorunu,https://www.golftutkusu.com/topic/9748-calistirma-sorunu,3,0.97716084777832235,1.6,diesel,NA,10000,0-30k,1.6_TDI,high,4,12,"[0.000262, 0.000313, 0.977161, 0.000260, 0.000340, 0.000381, 0.000290, 0.000525, 0.000446, 0.000241, 0.012851, 0.000361, 0.000163, 0.000426, 0.000489, 0.001752, 0.000292, 0.001414, 0.000915, 0.001117]"
doc_00398,Cam Bugulanmasi,https://www.golftutkusu.com/topic/16495-cam-bugulanmasi,4,0.9428471336887977,NA,unknown,NA,NA,unknown,unknown,high,2,8,"[0.003293, 0.001608, 0.001342, 0.942847, 0.007740, 0.003242, 0.007107, 0.002034, 0.002295, 0.001812, 0.003149, 0.002672, 0.002288, 0.002366, 0.001860, 0.001446, 0.002625, 0.006931, 0.002887, 0.000457]"
doc_00399,Cam Dugmesi Kromaji degisimi hk.,https://www.golftutkusu.com/topic/21301-cam-dugmesi-kromaji-degisimi-hk,6,0.5058675247381988,NA,unknown,2013,NA,unknown,unknown,low,0,1,"[0.009399, 0.005047, 0.009144, 0.011079, 0.035551, 0.505868, 0.006905, 0.003632, 0.318728, 0.004886, 0.007526, 0.007360, 0.004794, 0.019281, 0.003730, 0.004728, 0.005385, 0.008489, 0.027984, 0.000485]"
doc_00400,Cam Kalibrasyonu(Videolu),https://www.golftutkusu.com/topic/24560-cam-kalibrasyonu-videolu,5,0.9751999088454794,NA,unknown,2016,NA,unknown,unknown,medium,1,7,"[0.002238, 0.000305, 0.002343, 0.001312, 0.975200, 0.002162, 0.001302, 0.001729, 0.001653, 0.000421, 0.001631, 0.001064, 0.000719, 0.003310, 0.000558, 0.001229, 0.001364, 0.000739, 0.000595, 0.000125]"
doc_00401,Cam Motoru Mekanizmasi Sorunu ve Yavas Calismasi,https://www.golftutkusu.com/topic/8969-cam-motoru-mekanizmasi-sorunu-ve-yavas-calismasi,2,0.9626625762200083,NA,unknown,NA,NA,unknown,unknown,medium,0,3,"[0.001307, 0.962663, 0.003439, 0.001972, 0.004599, 0.002229, 0.003121, 0.001877, 0.002320, 0.000714, 0.000863, 0.001477, 0.002142, 0.002799, 0.001437, 0.001032, 0.001886, 0.002131, 0.001853, 0.000140]"
doc_00402,Cam Tavan Kilitlendi,https://www.golftutkusu.com/topic/7923-cam-tavan-kilitlendi,5,0.969236628252998,NA,unknown,NA,NA,unknown,unknown,high,2,20,"[0.001418, 0.000228, 0.001906, 0.001264, 0.969237, 0.002500, 0.000942, 0.001267, 0.001317, 0.000250, 0.010185, 0.001354, 0.000963, 0.002004, 0.000573, 0.001281, 0.001229, 0.000793, 0.000645, 0.000643]"
doc_00403,Cam acma dugmesi sorunu,https://www.golftutkusu.com/topic/13505-cam-acma-dugmesi-sorunu,17,0.9593087986806164,NA,unknown,NA,NA,unknown,unknown,low,0,3,"[0.002356, 0.000898, 0.002284, 0.002344, 0.011134, 0.002068, 0.001564, 0.001790, 0.002880, 0.001653, 0.002058, 0.001784, 0.001091, 0.001528, 0.000469, 0.000797, 0.959309, 0.002207, 0.001735, 0.000050]"
doc_00404,Cam catlagi yardim,https://www.golftutkusu.com/topic/13643-cam-catlagi-yardim,17,0.9919592544020585,NA,unknown,NA,350000,210k+,unknown,medium,1,36,"[0.000436, 0.000152, 0.000357, 0.000342, 0.001295, 0.000347, 0.000475, 0.000482, 0.000446, 0.000332, 0.000767, 0.000251, 0.000234, 0.000341, 0.000301, 0.000316, 0.991959, 0.000921, 0.000216, 0.000029]"
doc_00405,Cam catlamasi ve muayene,https://www.golftutkusu.com/topic/22262-cam-catlamasi-ve-muayene,8,0.5450277565244076,NA,unknown,NA,NA,unknown,unknown,low,0,2,"[0.013069, 0.005826, 0.008973, 0.016364, 0.047389, 0.008506, 0.007876, 0.545028, 0.010595, 0.007060, 0.009617, 0.009661, 0.007558, 0.006911, 0.001811, 0.008332, 0.265908, 0.009839, 0.009511, 0.000166]"
doc_00406,Cam cizigi,https://www.golftutkusu.com/topic/26001-cam-cizigi,4,0.9360721888850643,NA,unknown,NA,15000,0-30k,unknown,low,0,3,"[0.009173, 0.008591, 0.000009, 0.936072, 0.011026, 0.004021, 0.002417, 0.002696, 0.004264, 0.002987, 0.000328, 0.000030, 0.000087, 0.002110, 0.000706, 0.005894, 0.003608, 0.001730, 0.003271, 0.000977]"
doc_00407,Cam degisimi,https://www.golftutkusu.com/topic/18492-cam-degisimi,17,0.9574979168299403,NA,unknown,NA,NA,unknown,unknown,low,0,3,"[0.002597, 0.001007, 0.002455, 0.002761, 0.009536, 0.002028, 0.001729, 0.002110, 0.003308, 0.001815, 0.002377, 0.001906, 0.001251, 0.001407, 0.000532, 0.000876, 0.957498, 0.002716, 0.002036, 0.000054]"
doc_00408,Cam icerden buhulanma ve icerden buz tutmasi,https://www.golftutkusu.com/topic/16688-cam-icerden-buhulanma-ve-icerden-buz-tutmasi,4,0.9866924780994508,NA,unknown,NA,NA,unknown,unknown,high,2,10,"[0.000356, 0.000314, 0.000567, 0.986692, 0.001159, 0.001013, 0.000790, 0.000555, 0.000626, 0.000407, 0.000974, 0.000738, 0.000563, 0.000579, 0.000521, 0.000916, 0.000483, 0.001576, 0.000904, 0.000267]"
doc_00409,Cam kapandiktan sonra tekrar aciliyor (videolu),https://www.golftutkusu.com/topic/15585-cam-kapandiktan-sonra-tekrar-aciliyor-videolu,6,0.5594792074098941,1.2,petrol,2017,NA,unknown,1.2_TSI,high,3,20,"[0.000934, 0.002852, 0.000119, 0.000642, 0.417783, 0.559479, 0.000997, 0.001600, 0.000711, 0.000515, 0.001615, 0.000175, 0.000316, 0.002584, 0.001081, 0.002565, 0.000780, 0.002542, 0.000366, 0.002342]"
doc_00410,Cam kireclenmesi,https://www.golftutkusu.com/topic/12277-cam-kireclenmesi,8,0.7816826758371335,NA,unknown,NA,NA,unknown,unknown,low,0,1,"[0.027286, 0.006753, 0.004789, 0.012744, 0.070451, 0.006813, 0.018670, 0.781683, 0.008276, 0.005126, 0.006029, 0.006925, 0.007432, 0.008389, 0.001064, 0.003347, 0.010649, 0.005342, 0.008176, 0.000056]"
doc_00411,Cam otomatigi,https://www.golftutkusu.com/topic/9422-cam-otomatigi,18,0.9243666646745735,NA,unknown,NA,NA,unknown,unknown,high,2,9,"[0.000975, 0.000304, 0.003491, 0.002642, 0.001477, 0.002640, 0.001666, 0.000819, 0.002147, 0.000562, 0.041829, 0.002149, 0.003087, 0.002285, 0.002390, 0.002803, 0.002369, 0.924367, 0.001500, 0.000499]"
doc_00412,Cam tavan,https://www.golftutkusu.com/topic/10702-cam-tavan,13,0.9822640114514264,NA,unknown,2014,NA,unknown,unknown,low,0,11,"[0.000861, 0.000649, 0.001305, 0.001047, 0.002749, 0.000846, 0.000662, 0.000777, 0.001064, 0.000464, 0.000725, 0.000996, 0.982264, 0.001178, 0.000361, 0.000498, 0.000471, 0.001469, 0.001572, 0.000040]"
doc_00413,Cam tavan su alma problemi,https://www.golftutkusu.com/topic/12060-cam-tavan-su-alma-problemi,13,0.9956545865288753,NA,unknown,2020,23000,0-30k,unknown,high,3,41,"[0.000111, 0.000155, 0.000270, 0.000159, 0.000283, 0.000246, 0.000202, 0.000165, 0.000126, 0.000090, 0.000250, 0.000223, 0.995655, 0.000232, 0.000366, 0.000274, 0.000127, 0.000688, 0.000250, 0.000127]"
doc_00414,Camda silecek izi ve Silecek onerisi,https://www.golftutkusu.com/topic/23678-camda-silecek-izi-ve-silecek-onerisi,17,0.9363569068265871,NA,unknown,NA,NA,unknown,unknown,low,0,3,"[0.004780, 0.001422, 0.003765, 0.004049, 0.014671, 0.002889, 0.002383, 0.003159, 0.004609, 0.002545, 0.003689, 0.002837, 0.001771, 0.002153, 0.000789, 0.001284, 0.936357, 0.003790, 0.002974, 0.000081]"
doc_00415,Camlarin kumandadan acilip kapanmasi,https://www.golftutkusu.com/topic/12393-camlarin-kumandadan-acilip-kapanmasi,17,0.9805702751791949,NA,unknown,NA,NA,unknown,unknown,high,2,8,"[0.000722, 0.000408, 0.001012, 0.000842, 0.002013, 0.001117, 0.000963, 0.000870, 0.000829, 0.000767, 0.001630, 0.000854, 0.000788, 0.000501, 0.001099, 0.001059, 0.980570, 0.003033, 0.000570, 0.000353]"
doc_00416,Celik vs Lastik Sibop Sorunsali,https://www.golftutkusu.com/topic/9944-celik-vs-lastik-sibop-sorunsali,16,0.9696880086259926,1.6,diesel,2016,NA,unknown,1.6_TDI,medium,1,12,"[0.000247, 0.000224, 0.010230, 0.000756, 0.000752, 0.000735, 0.000758, 0.004574, 0.001694, 0.001764, 0.002031, 0.001441, 0.000236, 0.001063, 0.000533, 0.969688, 0.000422, 0.001743, 0.000825, 0.000284]"
doc_00417,Ceviz buyuklugunde doluya denk geldik,https://www.golftutkusu.com/topic/8098-ceviz-buyuklugunde-doluya-denk-geldik,1,0.9760226815776725,NA,unknown,NA,NA,unknown,unknown,low,0,3,"[0.976023, 0.000384, 0.001681, 0.001363, 0.006591, 0.001137, 0.000523, 0.001129, 0.001298, 0.000589, 0.001316, 0.000972, 0.000666, 0.001418, 0.000669, 0.000302, 0.000845, 0.000690, 0.002345, 0.000061]"
doc_00418,Cif u led orjinal,https://www.golftutkusu.com/topic/18679-cif-u-led-orjinal,5,0.9227392941116777,NA,unknown,NA,NA,unknown,unknown,low,0,3,"[0.011713, 0.001796, 0.003961, 0.003149, 0.922739, 0.005006, 0.005441, 0.003017, 0.007821, 0.001918, 0.002512, 0.003098, 0.001933, 0.008971, 0.000650, 0.000589, 0.010800, 0.001774, 0.003062, 0.000051]"
doc_00419,Cin mali 1.4 tsi 1.2 tsi motor kapagi kullanan arkadaslara uyari,https://www.golftutkusu.com/topic/24038-cin-mali-1-4-tsi-1-2-tsi-motor-kapagi-kullanan-arkadaslara-uyari,19,0.966864258118245,1.4,petrol,2022,NA,unknown,1.4_TSI,medium,0,13,"[0.000606, 0.002308, 0.000948, 0.001667, 0.000491, 0.000440, 0.000551, 0.000618, 0.000353, 0.002256, 0.002936, 0.000483, 0.000434, 0.000417, 0.001670, 0.013726, 0.000490, 0.002174, 0.966864, 0.000566]"
doc_00420,Cin mali j far 7.5,https://www.golftutkusu.com/topic/13445-cin-mali-j-far-7-5,5,0.9713201105107607,NA,unknown,NA,NA,unknown,unknown,low,0,3,"[0.003024, 0.000513, 0.003053, 0.002083, 0.971320, 0.002730, 0.000988, 0.001950, 0.002885, 0.000623, 0.001193, 0.001840, 0.000831, 0.002859, 0.000236, 0.000746, 0.001229, 0.000475, 0.001368, 0.000054]"
doc_00421,Cok ilginc yada ben ilk defa Golf e bindigim icin,https://www.golftutkusu.com/topic/12214-cok-ilginc-yada-ben-ilk-defa-golf-e-bindigim-icin,12,0.9848341719853348,NA,unknown,2015,NA,unknown,unknown,high,2,12,"[0.000426, 0.000343, 0.000396, 0.001051, 0.001598, 0.001046, 0.000614, 0.000425, 0.000549, 0.000450, 0.001074, 0.984834, 0.000886, 0.000867, 0.000856, 0.001275, 0.000526, 0.001693, 0.000722, 0.000370]"
doc_00422,Comfortline icin sonradan takilan Far ve Yagmur Sensoru Hk,https://www.golftutkusu.com/topic/10364-comfortline-icin-sonradan-takilan-far-ve-yagmur-sensoru-hk,12,0.9249234791485413,NA,unknown,2015,NA,unknown,unknown,low,0,2,"[0.003257, 0.001463, 0.002587, 0.005602, 0.024302, 0.004013, 0.002229, 0.002183, 0.004672, 0.002067, 0.003138, 0.924923, 0.002455, 0.004399, 0.000741, 0.002311, 0.002306, 0.003022, 0.004223, 0.000108]"
doc_00423,Composition Media SD Kart Okuma Sorunu,https://www.golftutkusu.com/topic/9541-composition-media-sd-kart-okuma-sorunu,7,0.973018089044275,NA,unknown,NA,NA,unknown,unknown,low,0,5,"[0.002186, 0.001200, 0.001051, 0.001746, 0.006964, 0.001246, 0.973018, 0.000864, 0.002112, 0.001328, 0.001211, 0.000970, 0.000880, 0.001541, 0.000290, 0.000300, 0.001180, 0.000784, 0.001111, 0.000017]"
doc_00424,Cozuldu - Surucu kapisinin acildigini arac gormuyor.,https://www.golftutkusu.com/topic/26695-cozuldu-surucu-kapisinin-acildigini-arac-gormuyor,9,0.9797223225785524,NA,unknown,2014,NA,unknown,unknown,medium,1,7,"[0.000614, 0.000378, 0.001258, 0.001000, 0.003807, 0.000887, 0.001356, 0.000415, 0.979722, 0.000460, 0.001321, 0.000542, 0.000504, 0.001545, 0.000995, 0.001585, 0.000781, 0.001775, 0.000935, 0.000121]"
doc_00425,Cozuldu: Golf 7 kapilarin kendiliginden kilitlemesi,https://www.golftutkusu.com/topic/24742-cozuldu-golf-7-kapilarin-kendiliginden-kilitlemesi,7,0.9909134564746849,NA,unknown,2015,NA,unknown,unknown,high,2,25,"[0.000343, 0.000217, 0.000279, 0.000289, 0.001261, 0.000742, 0.990913, 0.000468, 0.000541, 0.000231, 0.000484, 0.000345, 0.000400, 0.000625, 0.000596, 0.000540, 0.000340, 0.001047, 0.000199, 0.000140]"
doc_00426,Cozulemeyen Silecek ve Yagmur Sensoru Sorunu,https://www.golftutkusu.com/topic/19052-cozulemeyen-silecek-ve-yagmur-sensoru-sorunu,1,0.9382191292562135,NA,unknown,NA,NA,unknown,unknown,low,0,2,"[0.938219, 0.001002, 0.004424, 0.003344, 0.017884, 0.002962, 0.001414, 0.002706, 0.003517, 0.001435, 0.003192, 0.002420, 0.001756, 0.003773, 0.001508, 0.000818, 0.002192, 0.001729, 0.005567, 0.000139]"
doc_00427,Cruise kontrol,https://www.golftutkusu.com/topic/10172-cruise-kontrol,3,0.8824463300866807,NA,unknown,2014,NA,unknown,unknown,high,2,4,"[0.003630, 0.002735, 0.882446, 0.003825, 0.037090, 0.004642, 0.004469, 0.002363, 0.004956, 0.001042, 0.005477, 0.002801, 0.004043, 0.005988, 0.003735, 0.011200, 0.003042, 0.010543, 0.003930, 0.002042]"
doc_00428,D3S Ampul,https://www.golftutkusu.com/topic/17296-d3s-ampul,1,0.9953723267188821,NA,unknown,2013,20000,0-30k,unknown,medium,1,64,"[0.995372, 0.000062, 0.000139, 0.000105, 0.001800, 0.000143, 0.000265, 0.000207, 0.000128, 0.000089, 0.000322, 0.000087, 0.000102, 0.000315, 0.000232, 0.000032, 0.000220, 0.000166, 0.000199, 0.000013]"
doc_00429,DIREKSIYON TITREME,https://www.golftutkusu.com/topic/11533-direksiyon-titreme,16,0.951071178283601,NA,unknown,NA,NA,unknown,unknown,medium,0,4,"[0.004271, 0.002538, 0.000019, 0.002742, 0.006487, 0.002721, 0.002767, 0.003619, 0.003700, 0.002033, 0.000486, 0.000022, 0.000107, 0.002835, 0.001308, 0.951071, 0.006280, 0.005205, 0.000490, 0.001299]"
doc_00430,DIREKSIYONDAN GELEN SES,https://www.golftutkusu.com/topic/9540-direksiyondan-gelen-ses,12,0.8523569193293473,NA,unknown,NA,NA,unknown,unknown,low,0,1,"[0.007135, 0.003416, 0.006927, 0.011629, 0.034271, 0.006670, 0.004813, 0.004260, 0.008653, 0.004283, 0.006135, 0.852357, 0.008872, 0.015543, 0.001837, 0.004589, 0.003655, 0.006401, 0.008336, 0.000218]"
doc_00431,"DSG - ""Araci P konumunda birakiniz"" hatasi ve muhtemel cozum yollari",https://www.golftutkusu.com/topic/11571-dsg-araci-p-konumunda-birakiniz-hatasi-ve-muhtemel-cozum-yollari,19,0.9743943539216341,NA,unknown,NA,NA,unknown,unknown,low,0,7,"[0.002257, 0.000755, 0.001939, 0.002452, 0.004494, 0.001428, 0.000721, 0.000752, 0.002472, 0.000826, 0.001166, 0.001273, 0.001250, 0.001401, 0.000440, 0.000307, 0.000603, 0.001010, 0.974394, 0.000062]"
doc_00432,DSG 2. VITESTEN 3'E UZUN SUREDE GECME,https://www.golftutkusu.com/topic/9284-dsg-2-vitesten-3e-uzun-surede-gecme,3,0.679438246323989,NA,unknown,2016,NA,unknown,unknown,medium,1,2,"[0.001867, 0.001162, 0.679438, 0.002086, 0.005256, 0.001890, 0.002207, 0.001104, 0.003338, 0.000802, 0.002345, 0.001020, 0.002713, 0.002812, 0.002383, 0.005589, 0.003171, 0.278756, 0.001907, 0.000152]"
doc_00433,DSG 3.viteste motor sogukken titreme yapiyor,https://www.golftutkusu.com/topic/11033-dsg-3-viteste-motor-sogukken-titreme-yapiyor,18,0.8608021245989521,NA,unknown,NA,10000,0-30k,unknown,medium,0,1,"[0.004772, 0.001769, 0.014505, 0.007730, 0.011740, 0.007411, 0.006683, 0.004020, 0.011122, 0.003691, 0.007604, 0.007051, 0.008429, 0.008442, 0.009100, 0.009650, 0.009348, 0.860802, 0.005815, 0.000316]"
doc_00434,DSG Arizasi mi?,https://www.golftutkusu.com/topic/13933-dsg-arizasi-mi,6,0.9837371251925522,NA,unknown,2018,90000,90-120k,unknown,high,2,11,"[0.000462, 0.000372, 0.000663, 0.000760, 0.001785, 0.983737, 0.000827, 0.000366, 0.000647, 0.000322, 0.001074, 0.000747, 0.000712, 0.000983, 0.001341, 0.000934, 0.000572, 0.002499, 0.000651, 0.000546]"
doc_00435,DSG Basinc 40 Altina inmesi,https://www.golftutkusu.com/topic/22741-dsg-basinc-40-altina-inmesi,8,0.8221316387654093,NA,unknown,NA,NA,unknown,unknown,medium,1,6,"[0.004640, 0.002171, 0.002751, 0.004847, 0.018208, 0.093354, 0.004778, 0.822132, 0.002771, 0.002055, 0.005436, 0.002723, 0.003950, 0.005541, 0.002153, 0.008169, 0.004706, 0.006553, 0.002817, 0.000246]"
doc_00436,DSG Ilk kalkista vuruntu,https://www.golftutkusu.com/topic/16023-dsg-ilk-kalkista-vuruntu,6,0.9776151728874596,1.6,diesel,2012,180000,180-210k,1.6_TDI,high,0,14,"[0.000247, 0.000497, 0.002422, 0.000601, 0.000485, 0.977615, 0.000337, 0.000901, 0.000575, 0.001285, 0.001440, 0.001108, 0.000212, 0.000394, 0.002335, 0.001122, 0.000453, 0.004765, 0.001337, 0.001870]"
doc_00437,DSG Mekatronik motor sesi,https://www.golftutkusu.com/topic/24175-dsg-mekatronik-motor-sesi,6,0.719004458593283,1.2,petrol,2015,NA,unknown,1.2_TSI,high,1,5,"[0.001173, 0.008189, 0.000958, 0.002969, 0.105297, 0.719004, 0.001058, 0.003775, 0.001827, 0.002651, 0.006539, 0.000660, 0.001195, 0.005957, 0.002971, 0.115284, 0.001644, 0.008158, 0.001282, 0.009408]"
doc_00438,DSG Resetleme - 1. Vites Kullanilmamasi,https://www.golftutkusu.com/topic/24502-dsg-resetleme-1-vites-kullanilmamasi,10,0.9878645096041455,1.2,petrol,2016,117000,90-120k,1.2_TSI,high,3,60,"[0.000050, 0.000450, 0.000018, 0.000238, 0.000047, 0.000122, 0.000111, 0.000106, 0.000104, 0.987865, 0.000118, 0.000043, 0.000107, 0.000170, 0.000543, 0.000822, 0.000265, 0.008257, 0.000165, 0.000401]"
doc_00439,DSG SANZIMAN DUZ YOLDA GIDERKEN GERI VITES GECME HATASI UYARISI,https://www.golftutkusu.com/topic/8983-dsg-sanziman-duz-yolda-giderken-geri-vites-gecme-hatasi-uyarisi,6,0.9800678683017802,NA,unknown,2019,27500,0-30k,unknown,high,3,42,"[0.000337, 0.000111, 0.000299, 0.000376, 0.001445, 0.980068, 0.000408, 0.000207, 0.000298, 0.000084, 0.012511, 0.000355, 0.000303, 0.000533, 0.000345, 0.000414, 0.000347, 0.000898, 0.000330, 0.000331]"
doc_00440,DSG Sorunu,https://www.golftutkusu.com/topic/25513-dsg-sorunu,19,0.9301160173030131,NA,unknown,2013,35000,30-60k,unknown,medium,1,12,"[0.004303, 0.001163, 0.001813, 0.003120, 0.004071, 0.002108, 0.002960, 0.001032, 0.002692, 0.001511, 0.001958, 0.001461, 0.002286, 0.002292, 0.002402, 0.000431, 0.001695, 0.032496, 0.930116, 0.000089]"
doc_00441,DSG Vites gecisinde gelen islik benzeri ses,https://www.golftutkusu.com/topic/25371-dsg-vites-gecisinde-gelen-islik-benzeri-ses,12,0.4916845721372432,1.6,diesel,2020,NA,unknown,1.6_TDI,high,3,27,"[0.000179, 0.000418, 0.003182, 0.000721, 0.000155, 0.001054, 0.000214, 0.000717, 0.000640, 0.001474, 0.001278, 0.491685, 0.000530, 0.000317, 0.002839, 0.001855, 0.000668, 0.489770, 0.001298, 0.001007]"
doc_00442,DSG Volant Arizasi,https://www.golftutkusu.com/topic/16791-dsg-volant-arizasi,6,0.9929276187330442,1.6,diesel,2012,5000,0-30k,1.6_TDI,high,2,38,"[0.000082, 0.000176, 0.000674, 0.000195, 0.000184, 0.992928, 0.000116, 0.000285, 0.000195, 0.000370, 0.000495, 0.000331, 0.000069, 0.000134, 0.000699, 0.000355, 0.000140, 0.001393, 0.000474, 0.000705]"
doc_00443,DSG Yelken Mod olmayan aracta ayagi gazdan cekmek,https://www.golftutkusu.com/topic/9670-dsg-yelken-mod-olmayan-aracta-ayagi-gazdan-cekmek,5,0.7694047484990767,NA,unknown,2016,NA,unknown,unknown,high,4,29,"[0.000712, 0.000137, 0.001608, 0.000881, 0.769405, 0.001486, 0.000441, 0.000991, 0.000904, 0.000361, 0.003682, 0.001277, 0.000845, 0.000941, 0.000874, 0.001215, 0.001284, 0.212320, 0.000383, 0.000252]"
doc_00444,DSG basinc tupu degisimi,https://www.golftutkusu.com/topic/27634-dsg-basinc-tupu-degisimi,6,0.9849204912849961,NA,unknown,2015,160000,150-180k,unknown,high,1,10,"[0.000459, 0.000369, 0.000663, 0.000735, 0.001803, 0.984920, 0.000744, 0.000387, 0.000604, 0.000316, 0.000940, 0.000717, 0.000673, 0.000762, 0.001086, 0.000963, 0.000521, 0.002167, 0.000648, 0.000521]"
doc_00445,DSG kavrama ve mekatronik hakkinda,https://www.golftutkusu.com/topic/22383-dsg-kavrama-ve-mekatronik-hakkinda,6,0.9561830658822298,1.2,petrol,2013,NA,unknown,1.2_TSI,high,1,5,"[0.000233, 0.003380, 0.000132, 0.000951, 0.000620, 0.956183, 0.000288, 0.000518, 0.000421, 0.001013, 0.001926, 0.000139, 0.000449, 0.000817, 0.002101, 0.004120, 0.000562, 0.022693, 0.000606, 0.002847]"
doc_00446,DSG mekatronik degisimi sonrasi kalkista titreme,https://www.golftutkusu.com/topic/21607-dsg-mekatronik-degisimi-sonrasi-kalkista-titreme,3,0.6578346825285886,NA,unknown,NA,110000,90-120k,unknown,medium,1,3,"[0.001207, 0.000798, 0.657835, 0.001589, 0.003119, 0.001311, 0.001517, 0.000748, 0.002412, 0.000653, 0.001551, 0.000712, 0.001744, 0.002126, 0.001905, 0.005437, 0.001761, 0.312190, 0.001286, 0.000099]"
doc_00447,DSG park eden N'ye alma sonrasi,https://www.golftutkusu.com/topic/19691-dsg-park-eden-nye-alma-sonrasi,3,0.9192084067658464,NA,unknown,NA,NA,unknown,unknown,medium,0,2,"[0.003378, 0.001951, 0.919208, 0.002782, 0.012470, 0.002805, 0.003977, 0.001781, 0.004793, 0.000833, 0.004150, 0.001157, 0.002941, 0.005834, 0.002116, 0.006328, 0.002771, 0.017549, 0.002878, 0.000297]"
doc_00448,DSG sanzuman vitesi bosa almak?,https://www.golftutkusu.com/topic/9869-dsg-sanzuman-vitesi-bosa-almak,18,0.9938435783551471,NA,unknown,2019,NA,unknown,unknown,high,2,37,"[0.000115, 0.000079, 0.000678, 0.000447, 0.000164, 0.000457, 0.000191, 0.000116, 0.000346, 0.000197, 0.000266, 0.000381, 0.000561, 0.000186, 0.000777, 0.000484, 0.000418, 0.993844, 0.000240, 0.000052]"
doc_00449,DSG soguk havalarda ilk calistirmadan sonra “frene bas” uyarisi veriyor,https://www.golftutkusu.com/topic/23840-dsg-soguk-havalarda-ilk-calistirmadan-sonra-frene-bas-uyarisi-veriyor,5,0.3609071188190938,1.4,petrol,2014,NA,unknown,1.4_TSI,low,0,3,"[0.004822, 0.014935, 0.012726, 0.012584, 0.360907, 0.108089, 0.004368, 0.005853, 0.004489, 0.026281, 0.020238, 0.004509, 0.001716, 0.003093, 0.006175, 0.037996, 0.345779, 0.017381, 0.006117, 0.001942]"
doc_00450,DSG yazilim guncellemesi sonrasi S modu ile kalkis,https://www.golftutkusu.com/topic/12944-dsg-yazilim-guncellemesi-sonrasi-s-modu-ile-kalkis,4,0.9325527198026854,1.6,diesel,2017,NA,unknown,1.6_TDI,medium,0,4,"[0.001086, 0.001352, 0.011740, 0.932553, 0.001979, 0.002207, 0.001980, 0.005287, 0.003015, 0.005409, 0.007409, 0.002676, 0.000450, 0.001994, 0.002231, 0.003688, 0.001399, 0.005850, 0.006548, 0.001146]"
doc_00451,Dashboarddaki hata kodunu bilen var mi?,https://www.golftutkusu.com/topic/23674-dashboarddaki-hata-kodunu-bilen-var-mi,7,0.9931469259985289,NA,unknown,2013,180400,180-210k,unknown,high,3,47,"[0.000131, 0.000234, 0.000446, 0.000416, 0.000510, 0.000472, 0.993147, 0.000214, 0.000356, 0.000290, 0.000664, 0.000270, 0.000324, 0.000340, 0.000463, 0.000539, 0.000311, 0.000510, 0.000203, 0.000159]"
doc_00452,Debriyaj Hava Alma,https://www.golftutkusu.com/topic/9822-debriyaj-hava-alma,3,0.44592899181729984,NA,unknown,NA,NA,unknown,unknown,low,0,1,"[0.016779, 0.008828, 0.445929, 0.021911, 0.055891, 0.018672, 0.011636, 0.008174, 0.036687, 0.007712, 0.011840, 0.012791, 0.021453, 0.018625, 0.006237, 0.013285, 0.015214, 0.242811, 0.025110, 0.000416]"
doc_00453,Debriyaj Sesi,https://www.golftutkusu.com/topic/12985-debriyaj-sesi,18,0.6191245244162956,1.4,petrol,2016,NA,unknown,1.4_TSI,medium,0,1,"[0.001071, 0.259848, 0.007027, 0.007678, 0.001553, 0.002914, 0.004275, 0.002683, 0.001498, 0.012434, 0.008961, 0.002328, 0.003260, 0.001820, 0.013261, 0.038305, 0.006428, 0.619125, 0.004469, 0.001065]"
doc_00454,Debriyaj Set Bakim Ucreti Yetkili Servis inanilmaz fiyat,https://www.golftutkusu.com/topic/23345-debriyaj-set-bakim-ucreti-yetkili-servis-inanilmaz-fiyat,18,0.9636059146971171,1.4,petrol,2014,48000,30-60k,1.4_TSI,high,1,82,"[0.000046, 0.000379, 0.000286, 0.000271, 0.000018, 0.000169, 0.000099, 0.000042, 0.000063, 0.000652, 0.000334, 0.000134, 0.000215, 0.000036, 0.031736, 0.001083, 0.000334, 0.963606, 0.000225, 0.000271]"
doc_00455,Debriyaj pedalinda yag,https://www.golftutkusu.com/topic/19794-debriyaj-pedalinda-yag,18,0.41302512159474886,NA,unknown,2015,NA,unknown,unknown,medium,0,1,"[0.007858, 0.003875, 0.019887, 0.022089, 0.031916, 0.239840, 0.020165, 0.012415, 0.021501, 0.007619, 0.017676, 0.016457, 0.012818, 0.018031, 0.011730, 0.101502, 0.012290, 0.413025, 0.008395, 0.000909]"
doc_00456,Debriyaj sorunu,https://www.golftutkusu.com/topic/15857-debriyaj-sorunu,18,0.5070688175835124,1.4,petrol,NA,34000,30-60k,1.4_TSI,high,1,1,"[0.000390, 0.005206, 0.005665, 0.005745, 0.000534, 0.002225, 0.001907, 0.001711, 0.000857, 0.008801, 0.007232, 0.002269, 0.002569, 0.000633, 0.011613, 0.426622, 0.003855, 0.507069, 0.002046, 0.003051]"
doc_00457,Debriyajdan gelen anormal tikirti sesi,https://www.golftutkusu.com/topic/12699-debriyajdan-gelen-anormal-tikirti-sesi,6,0.8762702851641178,NA,unknown,NA,NA,unknown,unknown,high,1,6,"[0.000867, 0.000077, 0.001731, 0.000838, 0.003535, 0.876270, 0.002632, 0.001082, 0.002977, 0.000510, 0.002707, 0.001527, 0.000881, 0.001668, 0.004255, 0.002826, 0.000307, 0.092090, 0.002638, 0.000581]"
doc_00458,Debriyajdan gelen gicirti.,https://www.golftutkusu.com/topic/24169-debriyajdan-gelen-gicirti,18,0.837633721475105,NA,unknown,2014,197000,180-210k,unknown,medium,0,6,"[0.002733, 0.001583, 0.015942, 0.002902, 0.004842, 0.003278, 0.002912, 0.001876, 0.004909, 0.001824, 0.002953, 0.002586, 0.088726, 0.005206, 0.009144, 0.003705, 0.004038, 0.837634, 0.002989, 0.000217]"
doc_00459,Debriyajdan gelen tak sesi yardimci olursaniz sevinirim,https://www.golftutkusu.com/topic/8745-debriyajdan-gelen-tak-sesi-yardimci-olursaniz-sevinirim,18,0.9569366376822342,1.2,petrol,2016,NA,unknown,1.2_TSI,low,0,2,"[0.000886, 0.007542, 0.001115, 0.003408, 0.001427, 0.001352, 0.000440, 0.001365, 0.002613, 0.003113, 0.002883, 0.000428, 0.001579, 0.001830, 0.002112, 0.006765, 0.001638, 0.956937, 0.002175, 0.000392]"
doc_00460,Debriyajin Oradan  Yag akmasi ?,https://www.golftutkusu.com/topic/9239-debriyajin-oradan-yag-akmasi,9,0.9590789947482515,NA,unknown,NA,NA,unknown,unknown,low,0,2,"[0.001701, 0.001044, 0.003168, 0.003088, 0.008817, 0.002097, 0.001891, 0.000828, 0.959079, 0.001177, 0.001649, 0.001770, 0.001184, 0.002151, 0.000845, 0.001592, 0.001451, 0.002904, 0.003476, 0.000088]"
doc_00461,Delphi mib2 unite 3Q0 035 819 B,https://www.golftutkusu.com/topic/24102-delphi-mib2-unite-3q0-035-819-b,17,0.9778932954308012,NA,unknown,2016,10000,0-30k,unknown,medium,1,6,"[0.001057, 0.000394, 0.001023, 0.001012, 0.003686, 0.000945, 0.001509, 0.001294, 0.001188, 0.000873, 0.002053, 0.000671, 0.000651, 0.001012, 0.000724, 0.000973, 0.977893, 0.002412, 0.000554, 0.000074]"
doc_00462,Depo Kapaginin Cikinti Durmasi,https://www.golftutkusu.com/topic/12898-depo-kapaginin-cikinti-durmasi,19,0.9129922713078292,NA,unknown,NA,NA,unknown,unknown,medium,1,5,"[0.005008, 0.000149, 0.004382, 0.002122, 0.010377, 0.008882, 0.005464, 0.002937, 0.009704, 0.001064, 0.006563, 0.002146, 0.001418, 0.006141, 0.004543, 0.002639, 0.000379, 0.012815, 0.912992, 0.000273]"
doc_00463,Depoda tislama sesi,https://www.golftutkusu.com/topic/16478-depoda-tislama-sesi,9,0.9253204199555128,NA,unknown,NA,NA,unknown,unknown,low,0,2,"[0.003348, 0.001791, 0.005816, 0.005408, 0.019487, 0.003720, 0.003324, 0.001585, 0.925320, 0.002047, 0.002923, 0.003122, 0.002022, 0.004235, 0.001315, 0.002682, 0.002241, 0.003675, 0.005788, 0.000150]"
doc_00464,Devir Daim Pompasi Degisirken Triger Degisimi,https://www.golftutkusu.com/topic/19344-devir-daim-pompasi-degisirken-triger-degisimi,15,0.9929993652877124,1.2,petrol,2013,99000,90-120k,1.2_TSI,high,1,36,"[0.000183, 0.000868, 0.000028, 0.000123, 0.000066, 0.000158, 0.000096, 0.000100, 0.000185, 0.000341, 0.000288, 0.000031, 0.000160, 0.000263, 0.992999, 0.000591, 0.000128, 0.001545, 0.000221, 0.001625]"
doc_00465,Devir saatinde duserken tekleme?,https://www.golftutkusu.com/topic/16562-devir-saatinde-duserken-tekleme,3,0.9912758423713929,1.6,diesel,2015,57000,30-60k,1.6_TDI,high,3,13,"[0.000169, 0.000374, 0.991276, 0.000179, 0.000264, 0.000277, 0.000171, 0.000457, 0.000343, 0.000303, 0.000703, 0.000245, 0.000120, 0.000216, 0.000553, 0.001151, 0.000182, 0.001400, 0.000798, 0.000820]"
doc_00466,Devir yukselmesi,https://www.golftutkusu.com/topic/26976-devir-yukselmesi,2,0.9447198007990993,NA,unknown,NA,NA,unknown,other,medium,0,11,"[0.003893, 0.944720, 0.000163, 0.000527, 0.003226, 0.000377, 0.001089, 0.002217, 0.000449, 0.000573, 0.023393, 0.000065, 0.000290, 0.001322, 0.000120, 0.006762, 0.003785, 0.005243, 0.000200, 0.001585]"
doc_00467,Devirdaim arizasi mi?,https://www.golftutkusu.com/topic/14143-devirdaim-arizasi-mi,15,0.3712024106197727,1.2,petrol,2015,75000,60-90k,1.2_TSI,high,2,66,"[0.316662, 0.000448, 0.000169, 0.000290, 0.000590, 0.001140, 0.000510, 0.000755, 0.000665, 0.000552, 0.018215, 0.000135, 0.000251, 0.001021, 0.371202, 0.002054, 0.000141, 0.003384, 0.002985, 0.278829]"
doc_00468,Devirdaim deki su kacagi,https://www.golftutkusu.com/topic/8214-devirdaim-deki-su-kacagi,10,0.8385095968760765,1.6,diesel,2013,NA,unknown,1.6_TDI,medium,1,1,"[0.003804, 0.002937, 0.026167, 0.005991, 0.005018, 0.005508, 0.006017, 0.012370, 0.009066, 0.838510, 0.008237, 0.008607, 0.001356, 0.006615, 0.012187, 0.010604, 0.005816, 0.012566, 0.014800, 0.003826]"
doc_00469,Devirli kullanimda vites degisim esnasinda gelen otme sesi,https://www.golftutkusu.com/topic/19923-devirli-kullanimda-vites-degisim-esnasinda-gelen-otme-sesi,15,0.7110498245792485,1.5,petrol,2020,33000,30-60k,1.5_TSI,high,3,56,"[0.000348, 0.002552, 0.000286, 0.000840, 0.000029, 0.000220, 0.000683, 0.000068, 0.000193, 0.000355, 0.000129, 0.000154, 0.000257, 0.000103, 0.711050, 0.000774, 0.000154, 0.281272, 0.000174, 0.000357]"
doc_00470,Dikiz aynasi,https://www.golftutkusu.com/topic/18258-dikiz-aynasi,3,0.9222163710396282,NA,unknown,NA,NA,unknown,unknown,medium,1,3,"[0.001437, 0.000564, 0.922216, 0.000700, 0.061713, 0.000881, 0.001013, 0.000685, 0.001251, 0.000192, 0.001105, 0.000320, 0.000679, 0.001973, 0.000433, 0.001673, 0.000763, 0.001600, 0.000690, 0.000112]"
doc_00471,Direksiyon Kaplama,https://www.golftutkusu.com/topic/23426-direksiyon-kaplama,15,0.9490389377933697,NA,unknown,NA,NA,unknown,unknown,low,0,6,"[0.011318, 0.001544, 0.001100, 0.001211, 0.007937, 0.002201, 0.004424, 0.000659, 0.003616, 0.002144, 0.000342, 0.001633, 0.001997, 0.002496, 0.949039, 0.000140, 0.001543, 0.003651, 0.002910, 0.000095]"
doc_00472,Direksiyon Multimedya tuslari calismiyor,https://www.golftutkusu.com/topic/9996-direksiyon-multimedya-tuslari-calismiyor,14,0.970595005589917,NA,unknown,2014,NA,unknown,unknown,high,3,31,"[0.000408, 0.000112, 0.000564, 0.000405, 0.001297, 0.000642, 0.000485, 0.000219, 0.000357, 0.000149, 0.021288, 0.000536, 0.000508, 0.970595, 0.000392, 0.000619, 0.000226, 0.000607, 0.000394, 0.000197]"
doc_00473,Direksiyon Sarsintisi,https://www.golftutkusu.com/topic/18119-direksiyon-sarsintisi,15,0.969143175685494,NA,unknown,NA,10000,0-30k,unknown,medium,0,5,"[0.002125, 0.000515, 0.001270, 0.000888, 0.002545, 0.001477, 0.001730, 0.000671, 0.002130, 0.000989, 0.000601, 0.000885, 0.001348, 0.002657, 0.969143, 0.000790, 0.001156, 0.007536, 0.001247, 0.000297]"
doc_00474,Direksiyon Tikirti,https://www.golftutkusu.com/topic/22817-direksiyon-tikirti,19,0.911984496596548,NA,unknown,NA,NA,unknown,unknown,low,0,8,"[0.007522, 0.002475, 0.006408, 0.008404, 0.015306, 0.005283, 0.002492, 0.002418, 0.009219, 0.002624, 0.003998, 0.004276, 0.004128, 0.004835, 0.001501, 0.001161, 0.002133, 0.003642, 0.911984, 0.000190]"
doc_00475,Direksiyon Titremesi,https://www.golftutkusu.com/topic/21592-direksiyon-titremesi,16,0.990067104106003,NA,unknown,NA,105000,90-120k,unknown,high,2,30,"[0.000141, 0.000087, 0.001110, 0.000502, 0.000684, 0.000549, 0.000615, 0.000814, 0.000694, 0.000326, 0.000540, 0.000678, 0.000565, 0.000544, 0.000299, 0.990067, 0.000285, 0.001227, 0.000153, 0.000121]"
doc_00476,Direksiyon Titremesi,https://www.golftutkusu.com/topic/27260-direksiyon-titremesi,1,0.9800583579098509,1.6,diesel,NA,NA,unknown,1.6_TDI,medium,0,5,"[0.980058, 0.000243, 0.003150, 0.000442, 0.001147, 0.000593, 0.000220, 0.001997, 0.000546, 0.001165, 0.002348, 0.000692, 0.000119, 0.000714, 0.002000, 0.000541, 0.000542, 0.000860, 0.001980, 0.000643]"
doc_00477,Direksiyon cevirirken gelen ses,https://www.golftutkusu.com/topic/21701-direksiyon-cevirirken-gelen-ses,15,0.6232394791794045,1.4,petrol,2013,NA,unknown,1.4_TSI,high,0,10,"[0.000476, 0.008295, 0.001592, 0.001785, 0.000211, 0.001286, 0.001007, 0.000438, 0.000488, 0.005639, 0.002051, 0.000937, 0.001449, 0.000357, 0.623239, 0.011995, 0.001698, 0.332327, 0.001906, 0.002822]"
doc_00478,Direksiyon kismina (korna basilan bolum) tesbih tanesi sikisti yardim ?,https://www.golftutkusu.com/topic/11921-direksiyon-kismina-korna-basilan-bolum-tesbih-tanesi-sikisti-yardim,3,0.8786689533667161,NA,unknown,NA,NA,unknown,unknown,medium,0,9,"[0.001475, 0.000924, 0.878669, 0.000953, 0.005340, 0.000925, 0.001717, 0.000565, 0.001617, 0.000369, 0.002324, 0.000484, 0.001165, 0.094901, 0.000899, 0.002686, 0.000668, 0.002898, 0.001283, 0.000137]"
doc_00479,Direksiyon kutusu,https://www.golftutkusu.com/topic/10120-direksiyon-kutusu,3,0.4078606516363398,1.2,petrol,2015,NA,unknown,1.2_TSI,low,0,1,"[0.005949, 0.042465, 0.407861, 0.009550, 0.019264, 0.003785, 0.002523, 0.004183, 0.010193, 0.007740, 0.016843, 0.000785, 0.003841, 0.377954, 0.003845, 0.033902, 0.002524, 0.029755, 0.013715, 0.003325]"
doc_00480,Direksiyon kutusu,https://www.golftutkusu.com/topic/19398-direksiyon-kutusu,7,0.9734273312221988,NA,unknown,NA,150000,150-180k,unknown,medium,0,7,"[0.000765, 0.000714, 0.001550, 0.001625, 0.003121, 0.001473, 0.973427, 0.001003, 0.001836, 0.001082, 0.002291, 0.000797, 0.000978, 0.002497, 0.001262, 0.001706, 0.001164, 0.001848, 0.000747, 0.000113]"
doc_00481,Direksiyon paddle shift kulakcik,https://www.golftutkusu.com/topic/15383-direksiyon-paddle-shift-kulakcik,15,0.9886898956306273,NA,unknown,NA,NA,unknown,unknown,medium,0,17,"[0.001150, 0.000213, 0.000431, 0.000305, 0.001287, 0.000583, 0.000675, 0.000238, 0.000946, 0.000387, 0.000218, 0.000354, 0.000573, 0.001102, 0.988690, 0.000238, 0.000421, 0.001528, 0.000505, 0.000155]"
doc_00482,Direksiyon sargi modulu,https://www.golftutkusu.com/topic/21615-direksiyon-sargi-modulu,6,0.6620248069753515,NA,unknown,2014,NA,unknown,unknown,high,2,6,"[0.001329, 0.000934, 0.002990, 0.001630, 0.014868, 0.662025, 0.001835, 0.000849, 0.001786, 0.000765, 0.004275, 0.001855, 0.001638, 0.292545, 0.002083, 0.002331, 0.000920, 0.003034, 0.001370, 0.000938]"
doc_00483,Direksiyon sol konumda giderken ugultu yapiyor saga dogru yonlendirdigimde ses kesiliyor,https://www.golftutkusu.com/topic/26676-direksiyon-sol-konumda-giderken-ugultu-yapiyor-saga-dogru-yonlendirdigimde-ses-kesiliyor,7,0.9558445761403895,NA,unknown,NA,NA,unknown,unknown,high,0,21,"[0.000528, 0.000762, 0.001304, 0.001234, 0.001121, 0.001931, 0.955845, 0.000536, 0.001211, 0.001147, 0.001121, 0.000907, 0.001255, 0.001038, 0.020119, 0.001408, 0.000895, 0.006308, 0.000749, 0.000583]"
doc_00484,Direksiyon sola yatiyor,https://www.golftutkusu.com/topic/10288-direksiyon-sola-yatiyor,15,0.9872399676319328,NA,unknown,2017,NA,unknown,unknown,high,2,10,"[0.000870, 0.000292, 0.000549, 0.000355, 0.000739, 0.000922, 0.000649, 0.000209, 0.000797, 0.000447, 0.000232, 0.000538, 0.000839, 0.000678, 0.987240, 0.000356, 0.000482, 0.002462, 0.000662, 0.000679]"
doc_00485,Direksiyon titreme,https://www.golftutkusu.com/topic/11728-direksiyon-titreme,5,0.6692578435661858,NA,unknown,NA,NA,unknown,unknown,medium,0,7,"[0.006440, 0.002240, 0.000029, 0.001830, 0.669258, 0.002886, 0.002068, 0.003260, 0.003090, 0.001321, 0.000376, 0.000024, 0.000079, 0.003526, 0.000921, 0.296552, 0.002847, 0.001429, 0.000367, 0.001458]"
doc_00486,Direksiyon tuslari calismiyor,https://www.golftutkusu.com/topic/10905-direksiyon-tuslari-calismiyor,14,0.9554446538951437,1.2,petrol,2014,NA,unknown,1.2_TSI,low,0,2,"[0.001301, 0.007914, 0.000577, 0.002446, 0.005415, 0.001208, 0.000541, 0.001316, 0.001770, 0.003085, 0.005534, 0.000396, 0.000856, 0.955445, 0.001010, 0.005238, 0.000512, 0.003012, 0.001838, 0.000587]"
doc_00487,Direksiyondan Gelen Ses,https://www.golftutkusu.com/topic/19585-direksiyondan-gelen-ses,3,0.9672697895042859,1.6,diesel,2016,NA,unknown,1.6_TDI,medium,0,2,"[0.001000, 0.001099, 0.967270, 0.000863, 0.001937, 0.000960, 0.000929, 0.002088, 0.001972, 0.001450, 0.003464, 0.000869, 0.000347, 0.001775, 0.001791, 0.003593, 0.000832, 0.004015, 0.002893, 0.000854]"
doc_00488,Direksiyondan cizirti sesi gelmesi,https://www.golftutkusu.com/topic/15752-direksiyondan-cizirti-sesi-gelmesi,6,0.9432685004495391,NA,unknown,2021,3000,0-30k,unknown,high,3,25,"[0.000857, 0.000405, 0.000892, 0.001488, 0.002290, 0.943269, 0.001209, 0.000542, 0.000945, 0.000321, 0.026417, 0.001234, 0.001096, 0.010402, 0.001893, 0.001450, 0.000798, 0.002218, 0.001456, 0.000819]"
doc_00489,Direksiyonu Cevirince Gelen Kitirti Seklinde Ses - Cozumu,https://www.golftutkusu.com/topic/26033-direksiyonu-cevirince-gelen-kitirti-seklinde-ses-cozumu,2,0.9931181511472071,1.2,petrol,2016,116000,90-120k,1.2_TSI,high,1,25,"[0.000076, 0.993118, 0.000110, 0.000306, 0.000104, 0.000244, 0.000168, 0.000284, 0.000188, 0.000284, 0.000312, 0.000049, 0.000272, 0.000273, 0.000702, 0.000899, 0.000205, 0.001241, 0.000305, 0.000861]"
doc_00490,Direksiyonu Cevirince Gelen Tak Sesi,https://www.golftutkusu.com/topic/14563-direksiyonu-cevirince-gelen-tak-sesi,8,0.5192471340261905,1.2,petrol,2013,NA,unknown,1.2_TSI,medium,0,5,"[0.002705, 0.391387, 0.000784, 0.004456, 0.004351, 0.002184, 0.002055, 0.519247, 0.001958, 0.003366, 0.007595, 0.000427, 0.002611, 0.005059, 0.003786, 0.020134, 0.003518, 0.019687, 0.002696, 0.001995]"
doc_00491,Direksiyonu Cevirirken Gelen Ses,https://www.golftutkusu.com/topic/12829-direksiyonu-cevirirken-gelen-ses,2,0.98102073456375,NA,unknown,2014,1200,0-30k,unknown,high,2,13,"[0.000488, 0.981021, 0.001817, 0.000980, 0.001168, 0.001447, 0.001299, 0.000749, 0.000982, 0.000376, 0.000355, 0.000953, 0.001429, 0.000899, 0.001566, 0.000614, 0.000871, 0.001481, 0.001130, 0.000375]"
doc_00492,Direksiyonu cevirince gelen ses,https://www.golftutkusu.com/topic/13403-direksiyonu-cevirince-gelen-ses,2,0.9906430174617056,NA,unknown,2012,NA,unknown,unknown,high,1,23,"[0.000224, 0.990643, 0.000935, 0.000470, 0.000507, 0.000698, 0.000633, 0.000362, 0.000495, 0.000182, 0.000156, 0.000488, 0.000690, 0.000410, 0.000694, 0.000283, 0.000402, 0.000991, 0.000561, 0.000175]"
doc_00493,Direksiyonu sag sola cevirince ses gelmesi,https://www.golftutkusu.com/topic/22670-direksiyonu-sag-sola-cevirince-ses-gelmesi,17,0.9712168683697442,NA,unknown,NA,NA,unknown,unknown,medium,0,6,"[0.001464, 0.000589, 0.001400, 0.001268, 0.004710, 0.001264, 0.001687, 0.001739, 0.001628, 0.001110, 0.002290, 0.000925, 0.000905, 0.001288, 0.001064, 0.001294, 0.971217, 0.003322, 0.000740, 0.000098]"
doc_00494,Direksiyonu saga cevirince gelen ses (videolu),https://www.golftutkusu.com/topic/27874-direksiyonu-saga-cevirince-gelen-ses-videolu,18,0.9506702773283919,NA,unknown,NA,NA,unknown,unknown,low,0,5,"[0.002012, 0.000969, 0.006625, 0.003528, 0.004364, 0.002735, 0.001457, 0.001131, 0.004835, 0.001652, 0.001301, 0.003116, 0.004076, 0.002060, 0.002180, 0.001584, 0.002743, 0.950670, 0.002927, 0.000036]"
doc_00495,Direksiyonu saga sola cevirirken gelen takirti ve gacirti sesi,https://www.golftutkusu.com/topic/18608-direksiyonu-saga-sola-cevirirken-gelen-takirti-ve-gacirti-sesi,6,0.5560198304999756,NA,unknown,NA,NA,unknown,unknown,medium,0,3,"[0.002239, 0.383628, 0.004222, 0.003137, 0.008690, 0.556020, 0.004341, 0.002738, 0.003455, 0.001206, 0.002079, 0.002316, 0.004499, 0.004768, 0.002942, 0.002199, 0.002852, 0.005479, 0.002791, 0.000402]"
doc_00496,Direksiyonun Altindaki Gozden Sarkan Soket,https://www.golftutkusu.com/topic/11895-direksiyonun-altindaki-gozden-sarkan-soket,7,0.9545677609470528,NA,unknown,NA,NA,unknown,unknown,low,0,1,"[0.001330, 0.001184, 0.002977, 0.003038, 0.005592, 0.002431, 0.954568, 0.001792, 0.002919, 0.001662, 0.003899, 0.001464, 0.001676, 0.003676, 0.001839, 0.003235, 0.001960, 0.003283, 0.001290, 0.000183]"
doc_00497,Direksiyonun altindan gelen sicaklik,https://www.golftutkusu.com/topic/18387-direksiyonun-altindan-gelen-sicaklik,5,0.8962601450327838,NA,unknown,NA,NA,unknown,unknown,medium,0,5,"[0.015784, 0.001430, 0.005146, 0.004127, 0.896260, 0.010594, 0.008397, 0.008508, 0.011386, 0.001370, 0.002462, 0.005377, 0.002895, 0.012009, 0.000967, 0.001835, 0.003466, 0.003836, 0.004043, 0.000108]"
doc_00498,Dis stop soket,https://www.golftutkusu.com/topic/27696-dis-stop-soket,9,0.9564313316300761,NA,unknown,NA,NA,unknown,unknown,low,0,1,"[0.001813, 0.001065, 0.003967, 0.003359, 0.010242, 0.002106, 0.001864, 0.000903, 0.956431, 0.001197, 0.001682, 0.001775, 0.001136, 0.002352, 0.000825, 0.001992, 0.001321, 0.002523, 0.003354, 0.000093]"
doc_00499,Dizel Golf'den gelen ses,https://www.golftutkusu.com/topic/26451-dizel-golfden-gelen-ses,12,0.9914459368743759,NA,unknown,2013,2000,0-30k,unknown,low,0,5,"[0.000244, 0.000209, 0.000218, 0.000450, 0.000775, 0.000535, 0.000348, 0.000280, 0.000306, 0.000300, 0.000622, 0.991446, 0.000502, 0.000470, 0.000503, 0.000881, 0.000313, 0.000974, 0.000382, 0.000241]"
doc_00500,Dizel dsg golf kisa mesafede fan acma sorunu,https://www.golftutkusu.com/topic/19877-dizel-dsg-golf-kisa-mesafede-fan-acma-sorunu,4,0.6546110532835532,NA,unknown,2016,1000,0-30k,unknown,high,2,25,"[0.001525, 0.000956, 0.001571, 0.654611, 0.005336, 0.001738, 0.002800, 0.288076, 0.001716, 0.001536, 0.002873, 0.002141, 0.001620, 0.002461, 0.000651, 0.023332, 0.001870, 0.003390, 0.001705, 0.000093]"
doc_00501,Dizel partikul filtresi,https://www.golftutkusu.com/topic/12788-dizel-partikul-filtresi,10,0.9794346187061945,NA,unknown,2015,NA,unknown,unknown,medium,1,12,"[0.001130, 0.000396, 0.000703, 0.001731, 0.003430, 0.000993, 0.001409, 0.000682, 0.001609, 0.979435, 0.000199, 0.001319, 0.000729, 0.001355, 0.000473, 0.000663, 0.001145, 0.001081, 0.001488, 0.000032]"
doc_00502,Doludan korunabilmenin cozumunu bulduk mu ?,https://www.golftutkusu.com/topic/11537-doludan-korunabilmenin-cozumunu-bulduk-mu,5,0.9699004836726132,NA,unknown,NA,NA,unknown,unknown,low,0,4,"[0.002890, 0.000537, 0.003220, 0.002361, 0.969900, 0.002914, 0.001054, 0.002081, 0.003070, 0.000660, 0.001253, 0.001904, 0.000882, 0.003000, 0.000244, 0.000825, 0.001279, 0.000519, 0.001350, 0.000055]"
doc_00503,Dortlu Buton ici isik,https://www.golftutkusu.com/topic/20619-dortlu-buton-ici-isik,6,0.8334469964568673,NA,unknown,NA,NA,unknown,unknown,low,0,3,"[0.014922, 0.004555, 0.003567, 0.007122, 0.063853, 0.833447, 0.012305, 0.003418, 0.008447, 0.003553, 0.004422, 0.005935, 0.004047, 0.009737, 0.001376, 0.000992, 0.004883, 0.005315, 0.007991, 0.000114]"
doc_00504,Dortlu flasor tusu hk.,https://www.golftutkusu.com/topic/8725-dortlu-flasor-tusu-hk,5,0.5652481648884414,NA,unknown,NA,NA,unknown,unknown,low,0,1,"[0.009277, 0.002270, 0.006512, 0.006914, 0.565248, 0.006661, 0.003516, 0.356145, 0.006174, 0.002076, 0.004188, 0.004745, 0.003268, 0.006835, 0.000683, 0.004361, 0.004566, 0.001823, 0.004634, 0.000105]"
doc_00505,Dortlulerin sirayla yanmasi,https://www.golftutkusu.com/topic/8325-dortlulerin-sirayla-yanmasi,9,0.9669982343963816,NA,unknown,NA,NA,unknown,unknown,low,0,4,"[0.001735, 0.000417, 0.000843, 0.000769, 0.006558, 0.001391, 0.005203, 0.001030, 0.966998, 0.000416, 0.001130, 0.000719, 0.000697, 0.002638, 0.001594, 0.001628, 0.000997, 0.004103, 0.001022, 0.000111]"
doc_00506,Dover jantlarim Cok hizli kirleniyor :),https://www.golftutkusu.com/topic/10012-dover-jantlarim-cok-hizli-kirleniyor,11,0.4708078338381546,NA,unknown,NA,NA,unknown,unknown,medium,0,8,"[0.010944, 0.002746, 0.008323, 0.013822, 0.030733, 0.010648, 0.102191, 0.270808, 0.013243, 0.002497, 0.470808, 0.014368, 0.005473, 0.010677, 0.000816, 0.010224, 0.008199, 0.005368, 0.007848, 0.000265]"
doc_00507,Dpf degerleri,https://www.golftutkusu.com/topic/12651-dpf-degerleri,8,0.4747357421354097,NA,unknown,NA,3000,0-30k,unknown,low,0,1,"[0.002808, 0.001485, 0.006648, 0.005247, 0.006863, 0.003106, 0.003224, 0.474736, 0.002829, 0.002924, 0.003423, 0.003381, 0.004934, 0.004180, 0.003499, 0.009719, 0.004833, 0.453134, 0.002924, 0.000102]"
doc_00508,Dpf yuzunden motor ikaz yakar mi,https://www.golftutkusu.com/topic/22260-dpf-yuzunden-motor-ikaz-yakar-mi,6,0.9770212759443099,NA,unknown,2014,NA,unknown,unknown,medium,0,7,"[0.000619, 0.000545, 0.001094, 0.001083, 0.002280, 0.977021, 0.001011, 0.000535, 0.000858, 0.000483, 0.001279, 0.001057, 0.001043, 0.001004, 0.001664, 0.001554, 0.000811, 0.004429, 0.000898, 0.000731]"
doc_00509,Dsg 3 ve 5 de ciyaklama,https://www.golftutkusu.com/topic/19359-dsg-3-ve-5-de-ciyaklama,6,0.8123517167409184,NA,unknown,2021,20000,0-30k,unknown,high,0,7,"[0.000747, 0.000626, 0.002124, 0.001751, 0.002180, 0.812352, 0.001154, 0.000647, 0.001394, 0.000829, 0.001710, 0.001485, 0.001852, 0.001270, 0.003288, 0.002138, 0.001490, 0.161033, 0.001234, 0.000694]"
doc_00510,Dsg 3-5 vuruntu yapiyor acaba neden,https://www.golftutkusu.com/topic/23459-dsg-3-5-vuruntu-yapiyor-acaba-neden,17,0.7629599688627173,NA,unknown,2015,60500,60-90k,unknown,high,0,12,"[0.000294, 0.001772, 0.000989, 0.001274, 0.000449, 0.000484, 0.000644, 0.000655, 0.000254, 0.004111, 0.002866, 0.000401, 0.000385, 0.000187, 0.002383, 0.005188, 0.762960, 0.213942, 0.000570, 0.000194]"
doc_00511,Dsg 3ten 2 ye gecerken vuruntu,https://www.golftutkusu.com/topic/25859-dsg-3ten-2-ye-gecerken-vuruntu,9,0.7476668252938086,1.4,petrol,NA,3000,0-30k,1.4_TSI,medium,0,12,"[0.000481, 0.000526, 0.002496, 0.001404, 0.001329, 0.001826, 0.001036, 0.000335, 0.747667, 0.000810, 0.001418, 0.001102, 0.001272, 0.000838, 0.003417, 0.002256, 0.001347, 0.228421, 0.001496, 0.000523]"
doc_00512,Dsg den gelen ses,https://www.golftutkusu.com/topic/12737-dsg-den-gelen-ses,15,0.9890179490546962,NA,unknown,2017,36000,30-60k,unknown,high,3,9,"[0.000312, 0.000815, 0.000223, 0.000327, 0.000166, 0.000209, 0.000355, 0.000129, 0.000151, 0.001416, 0.000444, 0.000142, 0.000182, 0.000209, 0.989018, 0.001523, 0.000331, 0.003204, 0.000436, 0.000407]"
doc_00513,Dsg kavrama degisimi,https://www.golftutkusu.com/topic/14693-dsg-kavrama-degisimi,15,0.4853435280245954,1.4,petrol,2013,5000,0-30k,1.4_TSI,medium,0,25,"[0.002447, 0.010910, 0.381023, 0.003577, 0.002579, 0.001767, 0.001671, 0.000737, 0.001815, 0.007202, 0.002792, 0.000995, 0.001528, 0.001303, 0.485344, 0.017727, 0.001931, 0.069101, 0.004345, 0.001208]"
doc_00514,Dsg kavrama sorunu,https://www.golftutkusu.com/topic/12873-dsg-kavrama-sorunu,8,0.8948674017845679,1.4,petrol,2016,5000,0-30k,1.4_TSI,low,0,7,"[0.000726, 0.004975, 0.000925, 0.002651, 0.001545, 0.000656, 0.001177, 0.894867, 0.000218, 0.004027, 0.003406, 0.000688, 0.000734, 0.000499, 0.001891, 0.069020, 0.002254, 0.008514, 0.000985, 0.000245]"
doc_00515,Dsg sanzimandan ses sorunu (COZULDU),https://www.golftutkusu.com/topic/8792-dsg-sanzimandan-ses-sorunu-cozuldu,6,0.5230764497855525,1.4,petrol,2014,32000,30-60k,1.4_TSI,medium,0,13,"[0.000343, 0.000320, 0.001330, 0.000876, 0.000925, 0.523076, 0.000620, 0.000325, 0.000771, 0.000471, 0.000807, 0.000855, 0.000953, 0.000597, 0.001752, 0.001170, 0.001043, 0.462853, 0.000623, 0.000288]"
doc_00516,Dsg sorun,https://www.golftutkusu.com/topic/15511-dsg-sorun,4,0.3815742812579764,NA,unknown,2015,64000,60-90k,unknown,high,3,29,"[0.002436, 0.001148, 0.003386, 0.381574, 0.005113, 0.005972, 0.004321, 0.002590, 0.005069, 0.294630, 0.002053, 0.003596, 0.003087, 0.004169, 0.004658, 0.005515, 0.004632, 0.262308, 0.003513, 0.000228]"
doc_00517,Dsg vites gecislerinde ses,https://www.golftutkusu.com/topic/18144-dsg-vites-gecislerinde-ses,2,0.984733196112536,NA,unknown,NA,103000,90-120k,unknown,medium,0,4,"[0.000227, 0.984733, 0.000255, 0.000702, 0.000436, 0.000401, 0.000429, 0.000777, 0.000597, 0.000637, 0.000763, 0.000078, 0.000414, 0.000900, 0.000875, 0.002131, 0.000484, 0.004162, 0.000511, 0.000489]"
doc_00518,Dsgden gemen ses (Sanirim),https://www.golftutkusu.com/topic/26443-dsgden-gemen-ses-sanirim,18,0.9521447093814918,1.2,petrol,2014,125000,120-150k,1.2_TSI,medium,0,9,"[0.000527, 0.006099, 0.000747, 0.002098, 0.000732, 0.000958, 0.000656, 0.001404, 0.001652, 0.002269, 0.004155, 0.000234, 0.001317, 0.002046, 0.003351, 0.016133, 0.001643, 0.952145, 0.001051, 0.000784]"
doc_00519,Dur-kalk yaparken yarim debriyajda stop etme,https://www.golftutkusu.com/topic/14495-dur-kalk-yaparken-yarim-debriyajda-stop-etme,18,0.9623901096928775,1.2,petrol,2014,NA,unknown,1.2_TSI,medium,1,3,"[0.001359, 0.000055, 0.003120, 0.001377, 0.003940, 0.004998, 0.001720, 0.001195, 0.005977, 0.000764, 0.001458, 0.001901, 0.001018, 0.002132, 0.001928, 0.001468, 0.000360, 0.962390, 0.002821, 0.000017]"
doc_00520,Dusuk Devirde Gelen Tirrr/Zirrr Sesi?,https://www.golftutkusu.com/topic/12889-dusuk-devirde-gelen-tirrr-zirrr-sesi,16,0.9657690804186934,NA,unknown,2015,NA,unknown,unknown,low,0,8,"[0.000710, 0.000256, 0.003433, 0.001849, 0.003846, 0.001396, 0.002359, 0.003177, 0.002764, 0.000956, 0.002060, 0.001631, 0.001283, 0.002823, 0.000499, 0.965769, 0.001046, 0.003586, 0.000488, 0.000071]"
doc_00521,Dusuk devirlerde gelen zirilti sesi videolu,https://www.golftutkusu.com/topic/26509-dusuk-devirlerde-gelen-zirilti-sesi-videolu,18,0.35560075774938865,NA,unknown,NA,NA,unknown,unknown,medium,0,2,"[0.001620, 0.001487, 0.096787, 0.003861, 0.248086, 0.005714, 0.001500, 0.007687, 0.010961, 0.005590, 0.005333, 0.005701, 0.001625, 0.004104, 0.010997, 0.221200, 0.005059, 0.355601, 0.003445, 0.003643]"
doc_00522,Dusuk hizda direksiyonu sola cevirince motor sesi degisiyor…,https://www.golftutkusu.com/topic/16521-dusuk-hizda-direksiyonu-sola-cevirince-motor-sesi-degisiyor,12,0.9942243319283083,1.6,diesel,2016,140000,120-150k,1.6_TDI,high,0,6,"[0.000073, 0.000154, 0.000430, 0.000183, 0.000115, 0.000249, 0.000087, 0.000405, 0.000148, 0.000460, 0.000586, 0.994224, 0.000087, 0.000140, 0.000440, 0.000545, 0.000122, 0.000603, 0.000449, 0.000501]"
doc_00523,Duzenli DPF temizligi,https://www.golftutkusu.com/topic/17303-duzenli-dpf-temizligi,14,0.9910709853854796,1.6,diesel,2013,10000,0-30k,1.6_TDI,high,2,27,"[0.001159, 0.000715, 0.000002, 0.000358, 0.001802, 0.000528, 0.000391, 0.000205, 0.000364, 0.000323, 0.000197, 0.000003, 0.000020, 0.991071, 0.000465, 0.001301, 0.000330, 0.000313, 0.000169, 0.000283]"
doc_00524,EKSPERTIZ ANLASAMAMA KAZA GUNLUGU-2,https://www.golftutkusu.com/topic/13299-ekspertiz-anlasamama-kaza-gunlugu-2,3,0.5384913360554335,NA,unknown,NA,5000,0-30k,unknown,medium,1,32,"[0.002299, 0.014205, 0.538491, 0.003305, 0.036473, 0.002191, 0.002463, 0.004874, 0.005514, 0.002640, 0.011694, 0.000257, 0.001646, 0.010786, 0.002364, 0.337325, 0.002635, 0.014575, 0.002139, 0.004122]"
doc_00525,EPC Arizasi Hak.,https://www.golftutkusu.com/topic/13028-epc-arizasi-hak,2,0.6138965830943812,1.2,petrol,2013,115000,90-120k,1.2_TSI,medium,1,5,"[0.000177, 0.613897, 0.000675, 0.000941, 0.000408, 0.000748, 0.000702, 0.001443, 0.000910, 0.000929, 0.001469, 0.000258, 0.000731, 0.001257, 0.001436, 0.367016, 0.000546, 0.003519, 0.000512, 0.002427]"
doc_00526,EPC ve Motor Isigi Yakiyor !,https://www.golftutkusu.com/topic/23499-epc-ve-motor-isigi-yakiyor,14,0.9004246959697318,1.2,petrol,2000,90000,90-120k,1.2_TSI,high,1,38,"[0.002483, 0.000543, 0.002715, 0.002270, 0.007836, 0.002582, 0.003584, 0.001581, 0.002637, 0.000810, 0.057699, 0.001993, 0.002170, 0.900425, 0.001293, 0.002932, 0.001463, 0.002654, 0.002118, 0.000212]"
doc_00527,ESC ve Rampa Kalkis Yardimcisi Hatasi YARDIM!!!,https://www.golftutkusu.com/topic/8113-esc-ve-rampa-kalkis-yardimcisi-hatasi-yardim,18,0.37456626215543376,NA,unknown,NA,NA,unknown,unknown,medium,1,13,"[0.001268, 0.001542, 0.289156, 0.003033, 0.003576, 0.003651, 0.002914, 0.003252, 0.006255, 0.001678, 0.002934, 0.006715, 0.004750, 0.002581, 0.003928, 0.282238, 0.002619, 0.374566, 0.002430, 0.000914]"
doc_00528,Egr iptal sesi,https://www.golftutkusu.com/topic/23475-egr-iptal-sesi,3,0.2512049457005506,NA,unknown,2013,NA,unknown,unknown,high,2,4,"[0.020191, 0.013818, 0.251205, 0.019452, 0.050343, 0.015671, 0.016491, 0.006669, 0.215091, 0.009590, 0.008823, 0.012420, 0.012908, 0.046708, 0.204724, 0.010776, 0.009188, 0.048982, 0.025856, 0.001094]"
doc_00529,Egr problemi olan arkadaslar,https://www.golftutkusu.com/topic/10259-egr-problemi-olan-arkadaslar,3,0.974157742019914,NA,unknown,NA,NA,unknown,unknown,low,0,1,"[0.000877, 0.000902, 0.974158, 0.000789, 0.002843, 0.001100, 0.001197, 0.000461, 0.001294, 0.000259, 0.001325, 0.000488, 0.001275, 0.001343, 0.001128, 0.003992, 0.000769, 0.004020, 0.001154, 0.000627]"
doc_00530,Egr temizligi,https://www.golftutkusu.com/topic/19674-egr-temizligi,6,0.9657459038384317,NA,unknown,NA,3000,0-30k,unknown,high,1,7,"[0.001724, 0.000920, 0.001718, 0.002435, 0.009174, 0.965746, 0.001321, 0.000974, 0.002397, 0.000783, 0.001452, 0.001685, 0.001158, 0.002065, 0.000486, 0.000786, 0.000954, 0.001627, 0.002507, 0.000086]"
doc_00531,Egsozdan Gelen Ses,https://www.golftutkusu.com/topic/12056-egsozdan-gelen-ses,9,0.9005828874784497,NA,unknown,2014,NA,unknown,unknown,low,0,6,"[0.003276, 0.001970, 0.010138, 0.005024, 0.013528, 0.003992, 0.005729, 0.002141, 0.900583, 0.002294, 0.005967, 0.002568, 0.002744, 0.007458, 0.004963, 0.006564, 0.004174, 0.009674, 0.006682, 0.000531]"
doc_00532,Egzoz basinci kontrol valfi arizasi hk,https://www.golftutkusu.com/topic/19462-egzoz-basinci-kontrol-valfi-arizasi-hk,5,0.5979333753128822,NA,unknown,2015,NA,unknown,unknown,medium,1,3,"[0.005530, 0.003105, 0.149399, 0.006681, 0.597933, 0.011240, 0.004380, 0.023149, 0.011715, 0.010104, 0.014126, 0.014320, 0.001598, 0.011014, 0.006471, 0.100168, 0.005248, 0.008041, 0.011238, 0.004540]"
doc_00533,Egzozdan Gelen Ses,https://www.golftutkusu.com/topic/17568-egzozdan-gelen-ses,10,0.954641351608687,1.6,diesel,2014,NA,unknown,1.6_TDI,medium,0,1,"[0.001301, 0.001366, 0.007601, 0.002577, 0.002170, 0.001712, 0.001236, 0.003255, 0.003289, 0.954641, 0.001078, 0.003635, 0.000385, 0.001445, 0.001356, 0.001689, 0.001524, 0.001974, 0.007357, 0.000407]"
doc_00534,Eibach spor yay hangi kasa icin?,https://www.golftutkusu.com/topic/16898-eibach-spor-yay-hangi-kasa-icin,4,0.41404206926918125,1.6,diesel,NA,NA,unknown,1.6_TDI,low,0,5,"[0.043970, 0.008092, 0.010198, 0.414042, 0.346954, 0.015075, 0.036758, 0.012640, 0.017398, 0.009347, 0.009443, 0.011722, 0.007966, 0.015597, 0.001807, 0.002420, 0.012414, 0.008587, 0.015412, 0.000158]"
doc_00535,Ekran da video oynatma,https://www.golftutkusu.com/topic/10938-ekran-da-video-oynatma,9,0.996489533934294,NA,unknown,NA,NA,unknown,unknown,low,0,1,"[0.000021, 0.000453, 0.000025, 0.000106, 0.000072, 0.000058, 0.000046, 0.000031, 0.996490, 0.000120, 0.000276, 0.000010, 0.000030, 0.000086, 0.000294, 0.000684, 0.000060, 0.000554, 0.000127, 0.000457]"
doc_00536,Eksantrik dislisi arizasi ve sonrasinda yasananlar,https://www.golftutkusu.com/topic/14912-eksantrik-dislisi-arizasi-ve-sonrasinda-yasananlar,4,0.7828990349299298,1.2,petrol,2021,10000,0-30k,1.2_TSI,high,3,12,"[0.007438, 0.003211, 0.012290, 0.782899, 0.087777, 0.011220, 0.007153, 0.006447, 0.012622, 0.004039, 0.007287, 0.007975, 0.005534, 0.016808, 0.001229, 0.004857, 0.004420, 0.006438, 0.010148, 0.000208]"
doc_00537,Elektrikli cocuk kilidi arizasi,https://www.golftutkusu.com/topic/20831-elektrikli-cocuk-kilidi-arizasi,20,0.8847040753610956,NA,unknown,NA,NA,unknown,unknown,low,0,2,"[0.001373, 0.000383, 0.003718, 0.001041, 0.001488, 0.001451, 0.000680, 0.001099, 0.001986, 0.001148, 0.055458, 0.001872, 0.000416, 0.001907, 0.001921, 0.000741, 0.000707, 0.000716, 0.037192, 0.884704]"
doc_00538,Elektrikli isitici (PTC) sorunu ?,https://www.golftutkusu.com/topic/14267-elektrikli-isitici-ptc-sorunu,6,0.9579177602626551,1.6,diesel,2013,137904,120-150k,1.6_TDI,medium,1,16,"[0.001789, 0.000730, 0.001558, 0.002025, 0.010999, 0.957918, 0.002428, 0.001268, 0.002128, 0.000734, 0.002831, 0.001276, 0.001250, 0.003751, 0.001423, 0.001792, 0.001473, 0.002938, 0.001427, 0.000262]"
doc_00539,Elektrikli park freni hk.,https://www.golftutkusu.com/topic/19164-elektrikli-park-freni-hk,12,0.9865762348590746,NA,unknown,NA,NA,unknown,unknown,medium,1,5,"[0.000332, 0.000272, 0.000356, 0.000677, 0.001049, 0.000789, 0.000521, 0.000325, 0.000455, 0.000371, 0.000864, 0.986576, 0.000785, 0.000661, 0.000743, 0.001138, 0.000487, 0.002810, 0.000513, 0.000275]"
doc_00540,Elektronik Park Freni ve Auto Hold Arizasi,https://www.golftutkusu.com/topic/24274-elektronik-park-freni-ve-auto-hold-arizasi,19,0.9161484355165198,NA,unknown,2013,NA,unknown,unknown,high,2,5,"[0.003578, 0.002458, 0.019188, 0.006705, 0.003991, 0.003597, 0.000980, 0.005590, 0.006831, 0.006784, 0.006118, 0.006339, 0.000862, 0.002234, 0.001912, 0.001406, 0.001295, 0.003063, 0.916148, 0.000921]"
doc_00541,Elektronik el freni arizasi,https://www.golftutkusu.com/topic/26377-elektronik-el-freni-arizasi,13,0.6149091603483653,1.6,diesel,2015,NA,unknown,1.6_TDI,low,0,1,"[0.003669, 0.000962, 0.002826, 0.001706, 0.007933, 0.003674, 0.006209, 0.003766, 0.003928, 0.000943, 0.003194, 0.002827, 0.614909, 0.005850, 0.004240, 0.003024, 0.002655, 0.325336, 0.002185, 0.000163]"
doc_00542,Elektronik el freni kendi cekmiyor,https://www.golftutkusu.com/topic/24119-elektronik-el-freni-kendi-cekmiyor,9,0.9714320554488531,NA,unknown,NA,NA,unknown,unknown,medium,1,3,"[0.000467, 0.000047, 0.001238, 0.000438, 0.002779, 0.002856, 0.001942, 0.000476, 0.971432, 0.000282, 0.002026, 0.000739, 0.000323, 0.001058, 0.002485, 0.002571, 0.000151, 0.006518, 0.001722, 0.000450]"
doc_00543,Emergency break sorunu!!!,https://www.golftutkusu.com/topic/10129-emergency-break-sorunu,4,0.9902791902443763,NA,unknown,NA,NA,unknown,unknown,high,2,10,"[0.000045, 0.000609, 0.000134, 0.990279, 0.000079, 0.000190, 0.000216, 0.000165, 0.000047, 0.001068, 0.000833, 0.000176, 0.000093, 0.000051, 0.000486, 0.002518, 0.000200, 0.001991, 0.000393, 0.000428]"
doc_00544,Emisyon Sorusu,https://www.golftutkusu.com/topic/22064-emisyon-sorusu,14,0.9721227791095688,1.4,petrol,2015,28000,0-30k,1.4_TSI,high,3,35,"[0.001304, 0.000425, 0.001680, 0.001212, 0.005863, 0.001450, 0.001501, 0.000817, 0.001495, 0.000702, 0.003248, 0.001139, 0.001159, 0.972123, 0.001084, 0.001576, 0.000592, 0.001608, 0.000933, 0.000087]"
doc_00545,Emniyet kemeri yerine girmiyor!,https://www.golftutkusu.com/topic/12695-emniyet-kemeri-yerine-girmiyor,9,0.9907840065252874,NA,unknown,NA,NA,unknown,unknown,medium,1,5,"[0.000472, 0.000287, 0.000366, 0.000317, 0.001235, 0.000440, 0.001015, 0.000113, 0.990784, 0.000241, 0.000525, 0.000281, 0.000299, 0.000408, 0.000694, 0.000356, 0.000412, 0.001113, 0.000499, 0.000141]"
doc_00546,Engine Start Butonu Sorunu,https://www.golftutkusu.com/topic/14269-engine-start-butonu-sorunu,10,0.8476123199610516,NA,unknown,NA,NA,unknown,unknown,high,3,32,"[0.000272, 0.002046, 0.000171, 0.001202, 0.000610, 0.000625, 0.000919, 0.001405, 0.000741, 0.847612, 0.001200, 0.000294, 0.000559, 0.002488, 0.001428, 0.130283, 0.001107, 0.003723, 0.000750, 0.002565]"
doc_00547,Engine hata hakkinda yardim,https://www.golftutkusu.com/topic/10230-engine-hata-hakkinda-yardim,3,0.972611269757767,1.2,petrol,NA,52691,30-60k,1.2_TSI,high,1,20,"[0.000489, 0.001043, 0.972611, 0.000586, 0.000672, 0.000970, 0.000524, 0.001118, 0.001136, 0.001071, 0.002194, 0.000852, 0.000364, 0.000641, 0.002146, 0.003105, 0.000559, 0.004482, 0.002743, 0.002695]"
doc_00548,Enjektor Diplerinde Yag Birikmesi,https://www.golftutkusu.com/topic/20391-enjektor-diplerinde-yag-birikmesi,10,0.9715691651196325,1.6,diesel,NA,NA,unknown,1.6_TDI,high,1,4,"[0.001501, 0.000580, 0.001245, 0.002348, 0.004090, 0.001382, 0.002253, 0.000977, 0.002113, 0.971569, 0.000306, 0.001752, 0.000969, 0.001956, 0.000636, 0.001032, 0.001586, 0.001555, 0.002103, 0.000045]"
doc_00549,Enjektor alisma sureci olur mu?,https://www.golftutkusu.com/topic/18712-enjektor-alisma-sureci-olur-mu,3,0.9877702475542111,NA,unknown,2015,110000,90-120k,unknown,low,0,7,"[0.000231, 0.000505, 0.987770, 0.000250, 0.000340, 0.000430, 0.000239, 0.000476, 0.000501, 0.000423, 0.000985, 0.000352, 0.000165, 0.000304, 0.000870, 0.001506, 0.000244, 0.001922, 0.001186, 0.001300]"
doc_00550,Enjektor dibinde yag,https://www.golftutkusu.com/topic/22984-enjektor-dibinde-yag,7,0.8502633094806046,1.6,diesel,NA,NA,unknown,1.6_TDI,high,2,5,"[0.000117, 0.002746, 0.000301, 0.000852, 0.000306, 0.000617, 0.850263, 0.000834, 0.000631, 0.002524, 0.004073, 0.000153, 0.000456, 0.000853, 0.001579, 0.126109, 0.000451, 0.003995, 0.000302, 0.002838]"
doc_00551,Epc Isigi / Araci P Konumunda Terk Edin Uyarisi ( GOLF 7 6 aylik izlenimlerim),https://www.golftutkusu.com/topic/16278-epc-isigi-araci-p-konumunda-terk-edin-uyarisi-golf-7-6-aylik-izlenimlerim,11,0.5337078167729696,1.2,petrol,2016,220000,210k+,1.2_TSI,high,4,28,"[0.002166, 0.000322, 0.002537, 0.002416, 0.005297, 0.001847, 0.003983, 0.376128, 0.002004, 0.000366, 0.533708, 0.001941, 0.001831, 0.003851, 0.000318, 0.054931, 0.002564, 0.002426, 0.001211, 0.000154]"
doc_00552,Epc Isigi Yaniyor ve arac calismiyor,https://www.golftutkusu.com/topic/17161-epc-isigi-yaniyor-ve-arac-calismiyor,3,0.745016099478433,NA,unknown,2014,NA,unknown,unknown,medium,1,17,"[0.000296, 0.003664, 0.745016, 0.001274, 0.000786, 0.000557, 0.001297, 0.000594, 0.000332, 0.002257, 0.003346, 0.000355, 0.000629, 0.000437, 0.002178, 0.225911, 0.000838, 0.007076, 0.001148, 0.002009]"
doc_00553,Epc arizasi ve start stop arizasi,https://www.golftutkusu.com/topic/15998-epc-arizasi-ve-start-stop-arizasi,2,0.6798417690510135,1.4,petrol,NA,NA,unknown,1.4_TSI,high,1,4,"[0.000134, 0.679842, 0.002107, 0.001488, 0.000302, 0.000799, 0.001254, 0.001215, 0.000302, 0.002558, 0.001558, 0.000867, 0.000705, 0.000322, 0.001787, 0.299100, 0.000766, 0.002672, 0.000758, 0.001464]"
doc_00554,Epc ve Start Stop Arizasi,https://www.golftutkusu.com/topic/27056-epc-ve-start-stop-arizasi,13,0.5215744295646149,1.4,petrol,2013,200000,180-210k,1.4_TSI,high,2,18,"[0.003432, 0.321156, 0.002750, 0.008948, 0.009419, 0.003913, 0.002461, 0.008949, 0.007667, 0.009393, 0.011467, 0.001656, 0.521574, 0.010869, 0.003886, 0.035023, 0.003944, 0.020144, 0.009872, 0.003475]"
doc_00555,Epc ve motor lambasi isigi,https://www.golftutkusu.com/topic/20661-epc-ve-motor-lambasi-isigi,19,0.9517226526513368,1.2,petrol,2014,NA,unknown,1.2_TSI,low,0,2,"[0.000518, 0.002597, 0.001006, 0.001917, 0.000234, 0.001017, 0.000580, 0.000421, 0.000281, 0.002831, 0.018765, 0.000615, 0.000688, 0.000331, 0.003387, 0.004894, 0.000750, 0.004804, 0.951723, 0.002643]"
doc_00556,"Esc hatasi,rampa kalkis yardimcisi,lastik kontrolu gostergesi,ariza elektrikli park freni",https://www.golftutkusu.com/topic/17929-esc-hatasi-rampa-kalkis-yardimcisi-lastik-kontrolu-gostergesi-ariza-elektrikli-park-freni,14,0.8808966294906766,1.4,petrol,2014,NA,unknown,1.4_TSI,high,2,10,"[0.000192, 0.000090, 0.001022, 0.000245, 0.000283, 0.000427, 0.000206, 0.000390, 0.000250, 0.000290, 0.112280, 0.000590, 0.000131, 0.880897, 0.000353, 0.000609, 0.000137, 0.000436, 0.000611, 0.000559]"
doc_00557,"Esc, Abs, Direksiyon ve Lastik Basinc Lambalari Aniden Yandi",https://www.golftutkusu.com/topic/14032-esc-abs-direksiyon-ve-lastik-basinc-lambalari-aniden-yandi,19,0.9955474428313315,1.6,diesel,2013,51000,30-60k,1.6_TDI,high,3,69,"[0.000280, 0.000132, 0.000297, 0.000332, 0.000257, 0.000287, 0.000136, 0.000112, 0.000278, 0.000146, 0.000317, 0.000209, 0.000291, 0.000195, 0.000362, 0.000114, 0.000121, 0.000425, 0.995547, 0.000162]"
doc_00558,Esimin kazasi,https://www.golftutkusu.com/topic/12840-esimin-kazasi,5,0.3631193104269957,NA,unknown,2014,150000,150-180k,unknown,high,1,53,"[0.028296, 0.005615, 0.016725, 0.019326, 0.363119, 0.137306, 0.009206, 0.006966, 0.018985, 0.005864, 0.014698, 0.010625, 0.014044, 0.142806, 0.003104, 0.004275, 0.006970, 0.005821, 0.185661, 0.000588]"
doc_00559,Esp dugumesi baglarken park sensorlerin bozulmasi,https://www.golftutkusu.com/topic/9404-esp-dugumesi-baglarken-park-sensorlerin-bozulmasi,2,0.9690976672451167,NA,unknown,NA,NA,unknown,unknown,low,0,1,"[0.004373, 0.969098, 0.000012, 0.002438, 0.006515, 0.002390, 0.001523, 0.001320, 0.002446, 0.001174, 0.000056, 0.000015, 0.000083, 0.001322, 0.000618, 0.002100, 0.001987, 0.000612, 0.001399, 0.000520]"
doc_00560,FOLYO KAPLAMA,https://www.golftutkusu.com/topic/8785-folyo-kaplama,14,0.9820291661962196,NA,unknown,NA,5000,0-30k,unknown,low,0,5,"[0.000615, 0.000338, 0.001202, 0.000746, 0.002595, 0.001225, 0.000812, 0.000373, 0.000727, 0.000477, 0.001949, 0.000983, 0.000953, 0.982029, 0.001165, 0.001207, 0.000327, 0.001303, 0.000671, 0.000302]"
doc_00561,Fabrikasyon alarmin calmasi,https://www.golftutkusu.com/topic/11903-fabrikasyon-alarmin-calmasi,4,0.9460290168781161,NA,unknown,2013,NA,unknown,unknown,high,2,12,"[0.000363, 0.003303, 0.000819, 0.946029, 0.000935, 0.000713, 0.001563, 0.001224, 0.000370, 0.004367, 0.005325, 0.000648, 0.000368, 0.000585, 0.001628, 0.023600, 0.001120, 0.004992, 0.001576, 0.000473]"
doc_00562,Fan acma problemi,https://www.golftutkusu.com/topic/25584-fan-acma-problemi,1,0.9781070027682958,1.4,petrol,2004,NA,unknown,1.4_TSI,medium,1,4,"[0.978107, 0.000154, 0.000382, 0.000216, 0.015706, 0.000488, 0.000437, 0.000415, 0.000248, 0.000187, 0.000559, 0.000281, 0.000272, 0.000475, 0.000613, 0.000098, 0.000458, 0.000365, 0.000394, 0.000143]"
doc_00563,Far Aydinlatmasi,https://www.golftutkusu.com/topic/17444-far-aydinlatmasi,5,0.5705415907413578,NA,unknown,NA,NA,unknown,unknown,high,2,35,"[0.354840, 0.001291, 0.004659, 0.003461, 0.570542, 0.008568, 0.005987, 0.008603, 0.007683, 0.001383, 0.002599, 0.004056, 0.002570, 0.009728, 0.001562, 0.001235, 0.003290, 0.003198, 0.004606, 0.000141]"
doc_00564,Far Odak Sorunu,https://www.golftutkusu.com/topic/15914-far-odak-sorunu,3,0.8852676454242799,NA,unknown,NA,NA,unknown,unknown,low,0,3,"[0.004453, 0.003233, 0.885268, 0.004875, 0.022296, 0.004356, 0.034561, 0.002019, 0.006654, 0.001454, 0.003411, 0.002032, 0.002879, 0.004617, 0.000853, 0.004790, 0.002137, 0.005189, 0.004774, 0.000150]"
doc_00565,Far Temizleme Motoru Su Puskurtmuyor,https://www.golftutkusu.com/topic/26021-far-temizleme-motoru-su-puskurtmuyor,12,0.9628102817332813,NA,unknown,2015,NA,unknown,unknown,low,0,2,"[0.003296, 0.000648, 0.000467, 0.001430, 0.009321, 0.002127, 0.003335, 0.001729, 0.002608, 0.000727, 0.000915, 0.962810, 0.001442, 0.002943, 0.000442, 0.000825, 0.000831, 0.002376, 0.001691, 0.000037]"
doc_00566,Far Yikama Hk,https://www.golftutkusu.com/topic/24512-far-yikama-hk,2,0.9347184964373018,NA,unknown,NA,NA,unknown,unknown,low,0,8,"[0.001185, 0.934718, 0.004034, 0.004154, 0.024508, 0.001837, 0.001510, 0.001901, 0.001059, 0.004273, 0.002191, 0.001484, 0.000869, 0.000975, 0.001362, 0.006938, 0.001623, 0.002095, 0.002935, 0.000349]"
doc_00567,Far Yikamanin Takili Kalmasi,https://www.golftutkusu.com/topic/19150-far-yikamanin-takili-kalmasi,9,0.6712085371613182,1.4,petrol,2016,NA,unknown,1.4_TSI,low,0,5,"[0.002480, 0.000809, 0.002919, 0.001996, 0.294308, 0.002726, 0.002262, 0.001505, 0.671209, 0.000834, 0.002586, 0.001355, 0.001016, 0.004190, 0.001542, 0.002711, 0.001908, 0.001945, 0.001408, 0.000293]"
doc_00568,Far afl arizasi,https://www.golftutkusu.com/topic/8493-far-afl-arizasi,5,0.899619217547489,NA,unknown,NA,NA,unknown,unknown,medium,1,10,"[0.016952, 0.002712, 0.005532, 0.005431, 0.899619, 0.009183, 0.010133, 0.004883, 0.007876, 0.002575, 0.003347, 0.004469, 0.002909, 0.011836, 0.000694, 0.000879, 0.004438, 0.002066, 0.004399, 0.000067]"
doc_00569,Far dugmesi soketi kablo siralamasi 2013 midline,https://www.golftutkusu.com/topic/20206-far-dugmesi-soketi-kablo-siralamasi-2013-midline,14,0.8182043115525048,NA,unknown,2013,NA,unknown,unknown,low,0,3,"[0.002621, 0.000722, 0.003311, 0.002162, 0.153309, 0.002627, 0.001274, 0.001286, 0.002943, 0.001049, 0.002363, 0.002105, 0.001263, 0.818204, 0.000444, 0.001063, 0.000732, 0.000716, 0.001749, 0.000055]"
doc_00570,Far kumanda montaji kablo baglanti sorunu,https://www.golftutkusu.com/topic/15289-far-kumanda-montaji-kablo-baglanti-sorunu,5,0.5363063853728134,NA,unknown,2004,NA,unknown,unknown,low,0,10,"[0.182538, 0.000685, 0.003712, 0.002035, 0.536306, 0.002809, 0.001083, 0.002377, 0.002647, 0.001015, 0.005134, 0.001986, 0.001187, 0.250897, 0.000743, 0.000871, 0.001299, 0.000632, 0.001932, 0.000112]"
doc_00571,Far pirpirlanmasi,https://www.golftutkusu.com/topic/25111-far-pirpirlanmasi,9,0.3766456828788047,NA,unknown,NA,NA,unknown,unknown,low,0,7,"[0.009139, 0.003348, 0.009644, 0.009720, 0.225814, 0.077356, 0.005634, 0.004405, 0.376646, 0.003931, 0.010465, 0.007112, 0.004642, 0.225622, 0.002572, 0.005590, 0.004186, 0.004858, 0.008940, 0.000376]"
doc_00572,Far sensoru,https://www.golftutkusu.com/topic/24986-far-sensoru,5,0.6756077044371668,NA,unknown,2016,NA,unknown,unknown,low,0,2,"[0.002682, 0.000661, 0.003217, 0.002529, 0.675608, 0.002925, 0.001337, 0.001628, 0.003410, 0.000951, 0.002170, 0.002094, 0.001107, 0.295175, 0.000378, 0.001049, 0.000881, 0.000579, 0.001559, 0.000059]"
doc_00573,Far sensoru sorunu,https://www.golftutkusu.com/topic/24312-far-sensoru-sorunu,12,0.8889736433324332,NA,unknown,2015,NA,unknown,unknown,low,0,2,"[0.006376, 0.001590, 0.001094, 0.002663, 0.071413, 0.002577, 0.003524, 0.001843, 0.003131, 0.001786, 0.001866, 0.888974, 0.001884, 0.003930, 0.000449, 0.000630, 0.002068, 0.001782, 0.002383, 0.000037]"
doc_00574,Far ve Mercek Temizligi,https://www.golftutkusu.com/topic/25746-far-ve-mercek-temizligi,9,0.9553730035846593,NA,unknown,NA,NA,unknown,unknown,low,0,5,"[0.002099, 0.001079, 0.003424, 0.003105, 0.011657, 0.002209, 0.002019, 0.000890, 0.955373, 0.001176, 0.001741, 0.001799, 0.001173, 0.002507, 0.000834, 0.001627, 0.001305, 0.002168, 0.003720, 0.000095]"
doc_00575,Far ve Yagmur Sensoru,https://www.golftutkusu.com/topic/18261-far-ve-yagmur-sensoru,7,0.8996674519411372,NA,unknown,NA,NA,unknown,unknown,low,0,2,"[0.002453, 0.001481, 0.004060, 0.003698, 0.058885, 0.003471, 0.899667, 0.002210, 0.004436, 0.001899, 0.002807, 0.002419, 0.001568, 0.003576, 0.000640, 0.001649, 0.001737, 0.001120, 0.002134, 0.000091]"
doc_00576,Far yikama fiskiyesi arizalari,https://www.golftutkusu.com/topic/19588-far-yikama-fiskiyesi-arizalari,4,0.9744987536536684,NA,unknown,NA,NA,unknown,unknown,low,0,3,"[0.001224, 0.000460, 0.001136, 0.974499, 0.003841, 0.001323, 0.001725, 0.001232, 0.001439, 0.000670, 0.002238, 0.000928, 0.000817, 0.001775, 0.000553, 0.001352, 0.000894, 0.002203, 0.001596, 0.000095]"
doc_00577,Far yikama motorum calindi,https://www.golftutkusu.com/topic/7960-far-yikama-motorum-calindi,16,0.9569079175722454,NA,unknown,NA,NA,unknown,unknown,medium,1,6,"[0.001669, 0.000258, 0.002878, 0.001479, 0.009583, 0.001839, 0.003646, 0.004951, 0.004364, 0.000826, 0.000815, 0.002311, 0.001215, 0.002969, 0.000165, 0.956908, 0.000760, 0.002724, 0.000621, 0.000018]"
doc_00578,Farda kalan folyo lekesi icin yardim,https://www.golftutkusu.com/topic/22816-farda-kalan-folyo-lekesi-icin-yardim,1,0.5153835593804539,NA,unknown,NA,NA,unknown,unknown,low,0,3,"[0.515384, 0.001126, 0.002135, 0.003444, 0.011929, 0.001851, 0.001294, 0.443364, 0.001611, 0.001173, 0.002417, 0.001846, 0.001710, 0.002065, 0.000772, 0.001604, 0.002095, 0.001177, 0.002941, 0.000062]"
doc_00579,Farin biri az yaniyor,https://www.golftutkusu.com/topic/11720-farin-biri-az-yaniyor,17,0.72419661669539,NA,unknown,NA,NA,unknown,unknown,low,0,2,"[0.000636, 0.005266, 0.002861, 0.003034, 0.001406, 0.001189, 0.001891, 0.002383, 0.000746, 0.009248, 0.006881, 0.001153, 0.000884, 0.000620, 0.004152, 0.132353, 0.724197, 0.099399, 0.001140, 0.000560]"
doc_00580,Farkli bir DSG sorunu,https://www.golftutkusu.com/topic/16767-farkli-bir-dsg-sorunu,1,0.9834682851033598,1.4,petrol,2014,110000,90-120k,1.4_TSI,medium,1,7,"[0.983468, 0.000261, 0.001172, 0.000799, 0.005043, 0.000769, 0.000332, 0.000726, 0.000814, 0.000424, 0.000870, 0.000728, 0.000433, 0.000875, 0.000471, 0.000194, 0.000615, 0.000492, 0.001472, 0.000043]"
doc_00581,Farlarim gece gostermiyor,https://www.golftutkusu.com/topic/11900-farlarim-gece-gostermiyor,5,0.6049380142504488,NA,unknown,2013,NA,unknown,unknown,low,0,11,"[0.002033, 0.000575, 0.001893, 0.001909, 0.604938, 0.374192, 0.000959, 0.001345, 0.002045, 0.000576, 0.001139, 0.001579, 0.000747, 0.002273, 0.000280, 0.000712, 0.000949, 0.000595, 0.001178, 0.000084]"
doc_00582,Follow me home gunduz calismiyor,https://www.golftutkusu.com/topic/22120-follow-me-home-gunduz-calismiyor,17,0.8678883008425375,NA,unknown,NA,NA,unknown,unknown,low,0,4,"[0.001537, 0.009326, 0.000471, 0.002491, 0.002673, 0.001206, 0.001456, 0.003473, 0.002082, 0.002933, 0.069805, 0.000292, 0.000845, 0.002947, 0.002288, 0.011758, 0.867888, 0.012837, 0.001313, 0.002379]"
doc_00583,Fren Balatasi ve Fren Hidrolik degisimi,https://www.golftutkusu.com/topic/13331-fren-balatasi-ve-fren-hidrolik-degisimi,18,0.98678870293589,1.2,petrol,2016,70000,60-90k,1.2_TSI,medium,0,4,"[0.000266, 0.000167, 0.001313, 0.000729, 0.000405, 0.000825, 0.000475, 0.000246, 0.000731, 0.000366, 0.000542, 0.000672, 0.001464, 0.000424, 0.002151, 0.001011, 0.000828, 0.986789, 0.000477, 0.000120]"
doc_00584,Fren Balatasini Kontrol Edin Uyarisi,https://www.golftutkusu.com/topic/20649-fren-balatasini-kontrol-edin-uyarisi,16,0.5839343012017414,NA,unknown,NA,80000,60-90k,unknown,high,3,31,"[0.000145, 0.001655, 0.002132, 0.001888, 0.000197, 0.000930, 0.000881, 0.000853, 0.000409, 0.003441, 0.003319, 0.000956, 0.000936, 0.000276, 0.004767, 0.583934, 0.001412, 0.390116, 0.000751, 0.001002]"
doc_00585,Fren balatalari,https://www.golftutkusu.com/topic/9984-fren-balatalari,16,0.8567896034270159,1.4,petrol,2016,1000,0-30k,1.4_TSI,high,0,12,"[0.004363, 0.001590, 0.019338, 0.009395, 0.020086, 0.006990, 0.006363, 0.010569, 0.012959, 0.004393, 0.005630, 0.011413, 0.004920, 0.008143, 0.000826, 0.856790, 0.003802, 0.008534, 0.003778, 0.000117]"
doc_00586,Fren basinca gelen ses,https://www.golftutkusu.com/topic/18560-fren-basinca-gelen-ses,9,0.9210236256774725,NA,unknown,NA,NA,unknown,unknown,low,0,2,"[0.000843, 0.000523, 0.002361, 0.001653, 0.003297, 0.001300, 0.001685, 0.000603, 0.921024, 0.000805, 0.001812, 0.000959, 0.001113, 0.001802, 0.002105, 0.002330, 0.001540, 0.052723, 0.001397, 0.000127]"
doc_00587,Fren pedali birden bosa dustu,https://www.golftutkusu.com/topic/16283-fren-pedali-birden-bosa-dustu,17,0.9750425810603838,NA,unknown,NA,NA,unknown,unknown,medium,0,6,"[0.002074, 0.000391, 0.000574, 0.000756, 0.006025, 0.001214, 0.001786, 0.001698, 0.001972, 0.000658, 0.000732, 0.000878, 0.000588, 0.000885, 0.000304, 0.000314, 0.975043, 0.003377, 0.000716, 0.000017]"
doc_00588,Fren sertlesmesi,https://www.golftutkusu.com/topic/9493-fren-sertlesmesi,9,0.9691275241639915,NA,unknown,NA,NA,unknown,unknown,low,0,8,"[0.000589, 0.000601, 0.001836, 0.001228, 0.002119, 0.001627, 0.001260, 0.000379, 0.969128, 0.000670, 0.001458, 0.001001, 0.000983, 0.001062, 0.002762, 0.002370, 0.001283, 0.007289, 0.001561, 0.000794]"
doc_00589,Frendeki tuhaflik,https://www.golftutkusu.com/topic/24187-frendeki-tuhaflik,18,0.49085192310411624,NA,unknown,NA,8000,0-30k,unknown,high,1,7,"[0.001504, 0.000064, 0.001800, 0.000557, 0.001522, 0.005552, 0.002144, 0.000755, 0.003799, 0.000711, 0.001209, 0.001496, 0.001620, 0.001442, 0.479690, 0.001849, 0.000399, 0.490852, 0.002392, 0.000645]"
doc_00590,Frene Basinca Balatadan gelen otme DireksiynuSaga Sola cevirince de Geliyor,https://www.golftutkusu.com/topic/18245-frene-basinca-balatadan-gelen-otme-direksiynusaga-sola-cevirince-de-geliyor,3,0.834159728020276,NA,unknown,NA,1500,0-30k,unknown,high,1,8,"[0.010784, 0.004977, 0.834160, 0.008406, 0.036237, 0.006084, 0.005974, 0.003759, 0.018123, 0.002486, 0.005388, 0.004309, 0.007344, 0.009860, 0.001880, 0.006731, 0.004698, 0.018745, 0.009818, 0.000236]"
doc_00591,Frene basinca arac duroa aninda garc diye esneme sesi gibi,https://www.golftutkusu.com/topic/12270-frene-basinca-arac-duroa-aninda-garc-diye-esneme-sesi-gibi,17,0.9828464470340232,NA,unknown,NA,NA,unknown,unknown,low,0,1,"[0.000576, 0.000316, 0.000787, 0.000595, 0.001174, 0.000820, 0.000638, 0.000617, 0.000653, 0.000580, 0.001178, 0.000619, 0.000635, 0.000336, 0.001046, 0.000723, 0.982846, 0.005173, 0.000433, 0.000254]"
doc_00592,Frene basinca hafif kut sesi,https://www.golftutkusu.com/topic/18982-frene-basinca-hafif-kut-sesi,4,0.9484905056640004,NA,unknown,NA,NA,unknown,unknown,high,3,18,"[0.001959, 0.000793, 0.002062, 0.948491, 0.006422, 0.002614, 0.003198, 0.002329, 0.002989, 0.001410, 0.003719, 0.002161, 0.001569, 0.003497, 0.001174, 0.003078, 0.002363, 0.007625, 0.002388, 0.000159]"
doc_00593,Frene basiniz,https://www.golftutkusu.com/topic/16568-frene-basiniz,3,0.6345223988416084,NA,unknown,2012,NA,unknown,unknown,medium,1,4,"[0.001099, 0.000869, 0.634522, 0.001132, 0.002058, 0.001542, 0.001103, 0.000472, 0.001810, 0.000484, 0.001525, 0.000835, 0.001940, 0.001183, 0.002983, 0.003026, 0.002113, 0.339458, 0.001338, 0.000509]"
doc_00594,Frenler Degisti Geri Geri Giderken Baya Ses Yapiyor,https://www.golftutkusu.com/topic/22310-frenler-degisti-geri-geri-giderken-baya-ses-yapiyor,1,0.9597151026554294,NA,unknown,NA,20000,0-30k,unknown,high,2,8,"[0.959715, 0.000606, 0.002749, 0.002012, 0.013388, 0.001835, 0.000839, 0.001752, 0.002094, 0.000898, 0.001993, 0.001517, 0.001033, 0.002248, 0.000919, 0.000496, 0.001346, 0.001022, 0.003449, 0.000089]"
doc_00595,Full led J farda sol kisa far arizasi,https://www.golftutkusu.com/topic/22015-full-led-j-farda-sol-kisa-far-arizasi,7,0.9692200164360149,NA,unknown,NA,NA,unknown,unknown,low,0,4,"[0.000880, 0.000817, 0.002026, 0.001890, 0.003837, 0.001696, 0.969220, 0.001308, 0.002015, 0.001185, 0.002783, 0.000979, 0.001146, 0.002358, 0.001208, 0.002167, 0.001405, 0.002126, 0.000828, 0.000126]"
doc_00596,GOLF 2017 1.6 yakit pompasindan gelen hafif ugultu sesi buzdolabi sesi gibi,https://www.golftutkusu.com/topic/27244-golf-2017-1-6-yakit-pompasindan-gelen-hafif-ugultu-sesi-buzdolabi-sesi-gibi,1,0.6372918208159468,NA,unknown,2017,180000,180-210k,unknown,medium,0,3,"[0.637292, 0.001783, 0.001988, 0.001284, 0.001001, 0.000793, 0.000552, 0.003924, 0.000211, 0.003831, 0.004096, 0.000863, 0.000510, 0.000436, 0.003499, 0.329215, 0.001222, 0.003748, 0.001167, 0.002585]"
doc_00597,GOLF 7 (CZCA motor) 2100 devirde baslayan titreme,https://www.golftutkusu.com/topic/14944-golf-7-czca-motor-2100-devirde-baslayan-titreme,13,0.5212656717537629,1.4,petrol,2016,45000,30-60k,1.4_TSI,high,1,11,"[0.001338, 0.036380, 0.000918, 0.001941, 0.002226, 0.001426, 0.002848, 0.003667, 0.001872, 0.002773, 0.012993, 0.000708, 0.521266, 0.005572, 0.002689, 0.385071, 0.001575, 0.009315, 0.001418, 0.004003]"
doc_00598,GOLF 7 1.2 TSI 105 BG 2015 MODEL ARAC 3 BIN DEVIRI GECMIYOR,https://www.golftutkusu.com/topic/15599-golf-7-1-2-tsi-105-bg-2015-model-arac-3-bin-deviri-gecmiyor,15,0.489199326763673,1.2,petrol,2015,3000,0-30k,1.2_TSI,high,1,15,"[0.000189, 0.001143, 0.000008, 0.000968, 0.000547, 0.000198, 0.000524, 0.000372, 0.000131, 0.000538, 0.000649, 0.000019, 0.000950, 0.421585, 0.489199, 0.002254, 0.000472, 0.002483, 0.000132, 0.077639]"
doc_00599,GOLF 7 1.2 TSI HARARET DUSMESI VE SU EKSILTME,https://www.golftutkusu.com/topic/10275-golf-7-1-2-tsi-hararet-dusmesi-ve-su-eksiltme,19,0.981253242361662,1.2,petrol,2014,55000,30-60k,1.2_TSI,high,3,54,"[0.000219, 0.001674, 0.000578, 0.001217, 0.000105, 0.000379, 0.000246, 0.000215, 0.000148, 0.001691, 0.001819, 0.000321, 0.000362, 0.000121, 0.001871, 0.003454, 0.000309, 0.002727, 0.981253, 0.001291]"
doc_00600,GOLF 7 1.4tsi yakit deposu surekli hava doluyor,https://www.golftutkusu.com/topic/25065-golf-7-1-4tsi-yakit-deposu-surekli-hava-doluyor,3,0.981825432063358,1.4,petrol,2023,27000,0-30k,1.4_TSI,high,2,19,"[0.000308, 0.000670, 0.981825, 0.000363, 0.000443, 0.000581, 0.000318, 0.000949, 0.000658, 0.000695, 0.001260, 0.000549, 0.000242, 0.000389, 0.001242, 0.002323, 0.000382, 0.003532, 0.001548, 0.001723]"
doc_00601,GOLF 7 1.6 CLH Titreme Sorunu,https://www.golftutkusu.com/topic/25180-golf-7-1-6-clh-titreme-sorunu,18,0.948358745165669,1.6,diesel,2012,215232,210k+,1.6_TDI,high,2,16,"[0.000154, 0.001577, 0.000360, 0.000908, 0.000133, 0.000734, 0.000172, 0.000292, 0.000501, 0.000728, 0.001265, 0.000151, 0.000847, 0.000342, 0.002223, 0.007364, 0.000522, 0.948359, 0.000518, 0.032848]"
doc_00602,GOLF 7 5 BIN DEVIRDE GELEN ZIRILTI SESI,https://www.golftutkusu.com/topic/12960-golf-7-5-bin-devirde-gelen-zirilti-sesi,19,0.9575714403945632,1.2,petrol,2014,5000,0-30k,1.2_TSI,high,2,25,"[0.001449, 0.006513, 0.002007, 0.003553, 0.002964, 0.000980, 0.000632, 0.000792, 0.001181, 0.006948, 0.002941, 0.001006, 0.000643, 0.000561, 0.001564, 0.004964, 0.000825, 0.002441, 0.957571, 0.000464]"
doc_00603,GOLF 7 7.5 R DONUSUM SONRASI AMBLEM VE SIS FARLARI,https://www.golftutkusu.com/topic/25930-golf-7-7-5-r-donusum-sonrasi-amblem-ve-sis-farlari,14,0.42168632452544375,1.4,petrol,2014,120000,120-150k,1.4_TSI,low,0,3,"[0.010284, 0.003451, 0.009529, 0.010793, 0.288436, 0.011489, 0.005260, 0.006427, 0.010245, 0.004932, 0.010515, 0.173213, 0.006971, 0.421686, 0.001930, 0.005396, 0.003972, 0.004447, 0.010756, 0.000269]"
doc_00604,GOLF 7 ARAC ICIN MULTIMEDIA HAKKINDA YARDIM.,https://www.golftutkusu.com/topic/8895-golf-7-arac-icin-multimedia-hakkinda-yardim,5,0.9133977126194097,NA,unknown,NA,NA,unknown,unknown,low,0,1,"[0.008101, 0.001608, 0.009625, 0.007158, 0.913398, 0.007913, 0.003049, 0.005011, 0.009831, 0.001935, 0.003579, 0.004911, 0.002591, 0.008271, 0.000767, 0.002358, 0.003361, 0.001835, 0.004549, 0.000149]"
doc_00605,GOLF 7 AYAK ALTI AYDINLATMA SOKUMU,https://www.golftutkusu.com/topic/20588-golf-7-ayak-alti-aydinlatma-sokumu,12,0.9701495823294012,NA,unknown,2015,NA,unknown,unknown,low,0,1,"[0.000851, 0.000646, 0.000874, 0.001649, 0.003553, 0.001864, 0.001216, 0.000811, 0.001105, 0.000817, 0.002218, 0.970150, 0.001630, 0.002457, 0.001585, 0.002356, 0.001062, 0.003061, 0.001414, 0.000682]"
doc_00606,GOLF 7 COMPOSITION MEDIA MONTAJI,https://www.golftutkusu.com/topic/8607-golf-7-composition-media-montaji,5,0.955358785689463,NA,unknown,NA,NA,unknown,unknown,high,2,7,"[0.007745, 0.001200, 0.002956, 0.002695, 0.955359, 0.003424, 0.003760, 0.002466, 0.004050, 0.001168, 0.001472, 0.002359, 0.001316, 0.004266, 0.000294, 0.000423, 0.002308, 0.000844, 0.001865, 0.000032]"
doc_00607,GOLF 7 EMNIYET KEMERI TOKA TUTUCUSU,https://www.golftutkusu.com/topic/13704-golf-7-emniyet-kemeri-toka-tutucusu,3,0.5620719653890175,NA,unknown,2016,NA,unknown,unknown,low,0,2,"[0.400002, 0.001230, 0.562072, 0.001714, 0.012575, 0.001375, 0.001054, 0.001172, 0.002708, 0.000611, 0.001974, 0.000877, 0.001257, 0.002438, 0.000844, 0.001238, 0.001282, 0.002073, 0.003374, 0.000128]"
doc_00608,GOLF 7 FAR AYDINLATMA PROBLEMI,https://www.golftutkusu.com/topic/10239-golf-7-far-aydinlatma-problemi,17,0.8024810899293228,NA,unknown,NA,NA,unknown,unknown,low,0,10,"[0.000697, 0.001605, 0.051880, 0.001252, 0.001113, 0.002449, 0.001063, 0.034043, 0.001520, 0.021172, 0.003070, 0.004531, 0.000644, 0.000576, 0.002958, 0.043835, 0.802481, 0.019424, 0.002324, 0.003363]"
doc_00609,GOLF 7 Isteksizlik(1. Ve 2.vites Hantallik),https://www.golftutkusu.com/topic/13936-golf-7-isteksizlik-1-ve-2-vites-hantallik,20,0.993295282073963,1.6,diesel,2014,NA,unknown,1.6_TDI,high,0,23,"[0.000806, 0.000704, 0.000039, 0.000081, 0.000680, 0.000114, 0.000030, 0.000120, 0.000117, 0.000180, 0.000604, 0.000011, 0.000044, 0.000120, 0.000170, 0.001461, 0.000493, 0.000880, 0.000050, 0.993295]"
doc_00610,GOLF 7 Kapilarin agirlik sorunu,https://www.golftutkusu.com/topic/10597-golf-7-kapilarin-agirlik-sorunu,19,0.907774464020906,NA,unknown,2016,NA,unknown,other,medium,1,38,"[0.003236, 0.024557, 0.001103, 0.008908, 0.003898, 0.002119, 0.000792, 0.002990, 0.004842, 0.005469, 0.007635, 0.000640, 0.002008, 0.004373, 0.001955, 0.006202, 0.001401, 0.008276, 0.907774, 0.001820]"
doc_00611,GOLF 7 Klima Yonlendirme Klipsi,https://www.golftutkusu.com/topic/20994-golf-7-klima-yonlendirme-klipsi,19,0.6683357764751992,1.2,petrol,2016,NA,unknown,1.2_TSI,low,0,1,"[0.302753, 0.001181, 0.002346, 0.002349, 0.004349, 0.001696, 0.000742, 0.001177, 0.002745, 0.001105, 0.002161, 0.001477, 0.001390, 0.002026, 0.001486, 0.000297, 0.001021, 0.001230, 0.668336, 0.000132]"
doc_00612,GOLF 7 ON AMORTISOR,https://www.golftutkusu.com/topic/13913-golf-7-on-amortisor,14,0.9656235435424873,NA,unknown,2015,NA,unknown,unknown,low,0,12,"[0.001187, 0.000638, 0.002084, 0.001350, 0.004580, 0.002690, 0.001436, 0.000689, 0.001303, 0.001058, 0.002788, 0.001879, 0.001971, 0.965624, 0.002835, 0.002381, 0.000696, 0.002992, 0.001248, 0.000571]"
doc_00613,GOLF 7 RUZGAR SESI PROBLEMI,https://www.golftutkusu.com/topic/12414-golf-7-ruzgar-sesi-problemi,9,0.7285586380337914,NA,unknown,2003,NA,unknown,unknown,high,1,12,"[0.011220, 0.004983, 0.017879, 0.020295, 0.077252, 0.011637, 0.013061, 0.005448, 0.728559, 0.005734, 0.013568, 0.009880, 0.006206, 0.029610, 0.003375, 0.007533, 0.007259, 0.010985, 0.015104, 0.000413]"
doc_00614,GOLF 7 SEYIR HALINDE SERVO FREN DEVRE DISI UYARISI VERIYOR.,https://www.golftutkusu.com/topic/14401-golf-7-seyir-halinde-servo-fren-devre-disi-uyarisi-veriyor,4,0.6385341781025609,NA,unknown,NA,NA,unknown,unknown,low,0,1,"[0.013104, 0.003014, 0.003980, 0.638534, 0.278875, 0.007091, 0.008048, 0.005544, 0.006940, 0.003157, 0.003296, 0.004591, 0.002791, 0.006604, 0.000563, 0.000996, 0.003858, 0.002957, 0.005995, 0.000061]"
doc_00615,GOLF 7 SOL ON FAR,https://www.golftutkusu.com/topic/15891-golf-7-sol-on-far,1,0.9605140638607557,NA,unknown,NA,NA,unknown,unknown,low,0,3,"[0.960514, 0.000320, 0.000977, 0.000691, 0.010995, 0.001926, 0.002743, 0.002751, 0.001709, 0.000437, 0.001894, 0.000920, 0.000944, 0.004138, 0.002407, 0.000681, 0.001416, 0.002976, 0.001414, 0.000146]"
doc_00616,GOLF 7 SU ALMA PROBLEMI,https://www.golftutkusu.com/topic/12119-golf-7-su-alma-problemi,3,0.9894078301552283,NA,unknown,NA,NA,unknown,unknown,medium,1,5,"[0.000714, 0.000466, 0.989408, 0.000515, 0.002577, 0.000363, 0.000435, 0.000209, 0.000848, 0.000125, 0.000389, 0.000201, 0.000416, 0.000688, 0.000102, 0.000609, 0.000278, 0.000910, 0.000727, 0.000021]"
doc_00617,GOLF 7 Silecek sorunu,https://www.golftutkusu.com/topic/10097-golf-7-silecek-sorunu,16,0.9621580940259026,NA,unknown,2016,4000,0-30k,unknown,low,0,15,"[0.000779, 0.000352, 0.004121, 0.002812, 0.005522, 0.001643, 0.002326, 0.002475, 0.005082, 0.001149, 0.001374, 0.002150, 0.001450, 0.003158, 0.000166, 0.962158, 0.000707, 0.001545, 0.001004, 0.000028]"
doc_00618,GOLF 7 TEYP PANELI SLIKONLARI,https://www.golftutkusu.com/topic/13860-golf-7-teyp-paneli-slikonlari,18,0.992955671615202,NA,unknown,NA,NA,unknown,unknown,low,0,7,"[0.000047, 0.000636, 0.000126, 0.000286, 0.000036, 0.000186, 0.000057, 0.000132, 0.000181, 0.000330, 0.000436, 0.000048, 0.000265, 0.000149, 0.001107, 0.002174, 0.000241, 0.992956, 0.000170, 0.000438]"
doc_00619,GOLF 7 Volant degisimi hk.,https://www.golftutkusu.com/topic/20363-golf-7-volant-degisimi-hk,16,0.7287018084705885,1.2,petrol,2016,60000,60-90k,1.2_TSI,high,0,33,"[0.003357, 0.025455, 0.014948, 0.036709, 0.012196, 0.006368, 0.007467, 0.009325, 0.006600, 0.057820, 0.021321, 0.008144, 0.003374, 0.003937, 0.005679, 0.728702, 0.007689, 0.026513, 0.013155, 0.001242]"
doc_00620,"GOLF 7 den orjinal golf 7,5 stop degisimi",https://www.golftutkusu.com/topic/26504-golf-7-den-orjinal-golf-7-5-stop-degisimi,3,0.6962119264053668,1.4,petrol,2013,NA,unknown,1.4_TSI,low,0,1,"[0.003176, 0.013775, 0.696212, 0.002758, 0.059688, 0.001567, 0.000903, 0.001323, 0.176746, 0.002075, 0.004226, 0.000197, 0.000926, 0.003749, 0.001582, 0.010135, 0.001486, 0.013913, 0.003627, 0.001935]"
doc_00621,GOLF MODELI FARKLI YAZIYOR,https://www.golftutkusu.com/topic/8783-golf-modeli-farkli-yaziyor,10,0.9926471831569944,1.2,petrol,2013,NA,unknown,1.2_TSI,low,0,10,"[0.000107, 0.000138, 0.000692, 0.000248, 0.000085, 0.000277, 0.000237, 0.000363, 0.000244, 0.992647, 0.000170, 0.000470, 0.000080, 0.000171, 0.001084, 0.000531, 0.000301, 0.000741, 0.000723, 0.000690]"
doc_00622,GOLF7 1.6 TDI,https://www.golftutkusu.com/topic/11198-golf7-1-6-tdi,5,0.9633529019465111,1.6,diesel,2019,1000,0-30k,1.6_TDI,high,1,31,"[0.006915, 0.000930, 0.002223, 0.002103, 0.963353, 0.002902, 0.003108, 0.002069, 0.003026, 0.000939, 0.001246, 0.001833, 0.001054, 0.003668, 0.000235, 0.000333, 0.001932, 0.000630, 0.001475, 0.000027]"
doc_00623,GPS takip cihazi,https://www.golftutkusu.com/topic/8114-gps-takip-cihazi,11,0.9402088253578279,NA,unknown,NA,NA,unknown,unknown,low,0,2,"[0.002158, 0.000107, 0.001374, 0.001448, 0.041562, 0.001492, 0.001227, 0.000996, 0.001367, 0.000108, 0.940209, 0.001365, 0.000629, 0.002499, 0.000053, 0.000567, 0.001255, 0.000444, 0.001078, 0.000061]"
doc_00624,Garip sorunlar,https://www.golftutkusu.com/topic/15107-garip-sorunlar,4,0.6537357490695921,NA,unknown,2015,NA,unknown,unknown,low,0,25,"[0.001232, 0.025061, 0.001071, 0.653736, 0.003677, 0.002120, 0.002835, 0.006570, 0.003550, 0.006740, 0.011162, 0.000607, 0.001654, 0.006857, 0.002551, 0.245981, 0.002101, 0.016468, 0.003037, 0.002989]"
doc_00625,Gaz Pedali Titremesi,https://www.golftutkusu.com/topic/12262-gaz-pedali-titremesi,13,0.8562814464712272,1.2,petrol,2015,NA,unknown,1.2_TSI,medium,0,5,"[0.002040, 0.001336, 0.004962, 0.002818, 0.005211, 0.002926, 0.002861, 0.002592, 0.002877, 0.001585, 0.003394, 0.002356, 0.856281, 0.004046, 0.003993, 0.003574, 0.002716, 0.091525, 0.002666, 0.000239]"
doc_00626,Gaz Pedalinda Ayak Cekince Silkeleme,https://www.golftutkusu.com/topic/18765-gaz-pedalinda-ayak-cekince-silkeleme,3,0.9384018862209904,NA,unknown,2015,106000,90-120k,unknown,medium,0,2,"[0.003172, 0.002440, 0.938402, 0.003342, 0.012947, 0.003070, 0.002262, 0.001305, 0.005428, 0.000962, 0.001962, 0.001447, 0.002411, 0.003514, 0.000665, 0.003018, 0.001810, 0.007567, 0.004181, 0.000096]"
doc_00627,Gaz Tepkisi ve Vuruntu Problemi,https://www.golftutkusu.com/topic/9980-gaz-tepkisi-ve-vuruntu-problemi,13,0.8832082237280819,NA,unknown,NA,NA,unknown,unknown,low,0,2,"[0.000686, 0.000979, 0.022995, 0.001183, 0.001451, 0.001819, 0.001076, 0.000761, 0.001233, 0.000627, 0.001396, 0.001220, 0.883208, 0.001289, 0.003529, 0.002627, 0.001120, 0.070306, 0.001723, 0.000770]"
doc_00628,Gaz kesince gelen ses.,https://www.golftutkusu.com/topic/23090-gaz-kesince-gelen-ses,3,0.6569941492193447,NA,unknown,2015,10000,0-30k,unknown,high,1,13,"[0.000190, 0.002257, 0.656994, 0.000876, 0.000560, 0.000384, 0.000740, 0.000461, 0.000236, 0.001290, 0.002198, 0.000251, 0.000408, 0.000308, 0.001237, 0.324801, 0.000515, 0.004205, 0.000680, 0.001413]"
doc_00629,Gaz yememe ve yolda birakma,https://www.golftutkusu.com/topic/24970-gaz-yememe-ve-yolda-birakma,5,0.3958755547352949,1.4,petrol,NA,20000,0-30k,1.4_TSI,high,1,16,"[0.016536, 0.005829, 0.065434, 0.029655, 0.395876, 0.030287, 0.015259, 0.021402, 0.031725, 0.015613, 0.014210, 0.026166, 0.013721, 0.026357, 0.003229, 0.232662, 0.016091, 0.026256, 0.013242, 0.000451]"
doc_00630,Gaza Bas cek yapinca gelen ses nedir (Videolu),https://www.golftutkusu.com/topic/27830-gaza-bas-cek-yapinca-gelen-ses-nedir-videolu,7,0.8432519275140938,NA,unknown,NA,NA,unknown,unknown,low,0,1,"[0.001861, 0.010850, 0.065628, 0.005297, 0.004583, 0.004218, 0.843252, 0.007495, 0.006629, 0.011733, 0.007114, 0.005238, 0.000955, 0.002594, 0.002403, 0.004161, 0.002345, 0.003356, 0.009358, 0.000930]"
doc_00631,Gaza Basildiginda Gelen Ugultu Sesi,https://www.golftutkusu.com/topic/17916-gaza-basildiginda-gelen-ugultu-sesi,3,0.9173567006465398,1.6,diesel,NA,NA,unknown,1.6_TDI,low,0,3,"[0.001723, 0.043381, 0.917357, 0.001714, 0.005953, 0.001620, 0.003055, 0.001215, 0.002554, 0.000471, 0.001497, 0.000722, 0.002103, 0.003261, 0.001255, 0.002877, 0.001636, 0.005220, 0.002192, 0.000194]"
doc_00632,Gaza Basinca Gelen Ugultu Sesi,https://www.golftutkusu.com/topic/22968-gaza-basinca-gelen-ugultu-sesi,16,0.6485165594670227,NA,unknown,NA,NA,unknown,unknown,medium,1,8,"[0.000298, 0.000061, 0.043632, 0.000674, 0.000552, 0.005032, 0.001500, 0.004525, 0.004184, 0.002328, 0.004251, 0.002857, 0.000369, 0.000954, 0.004358, 0.648517, 0.000210, 0.271156, 0.002945, 0.001597]"
doc_00633,Gaza Basinca Sakirti / Sirilti Sesi - Golf 7 1.6TDI 110 HP DSG,https://www.golftutkusu.com/topic/26587-gaza-basinca-sakirti-sirilti-sesi-golf-7-1-6tdi-110-hp-dsg,4,0.9255576530162354,1.6,diesel,2015,NA,unknown,1.6_TDI,high,2,6,"[0.000236, 0.050718, 0.000174, 0.925558, 0.000436, 0.000774, 0.000545, 0.001065, 0.000599, 0.001190, 0.002020, 0.000184, 0.000531, 0.000772, 0.001303, 0.004531, 0.000560, 0.005106, 0.001204, 0.002496]"
doc_00634,Gaza basinca gelen tikirti sesi,https://www.golftutkusu.com/topic/14027-gaza-basinca-gelen-tikirti-sesi,3,0.918444853176887,1.2,petrol,2013,130000,120-150k,1.2_TSI,high,1,14,"[0.003048, 0.003596, 0.918445, 0.003924, 0.006670, 0.002968, 0.001605, 0.006016, 0.007453, 0.005676, 0.005263, 0.003932, 0.000850, 0.002713, 0.001650, 0.004496, 0.001724, 0.005439, 0.013702, 0.000834]"
doc_00635,Gaza basinca gelen ugultu sesi,https://www.golftutkusu.com/topic/17912-gaza-basinca-gelen-ugultu-sesi,10,0.750613676859178,1.6,diesel,NA,NA,unknown,1.6_TDI,low,0,1,"[0.012600, 0.004489, 0.013215, 0.017264, 0.054226, 0.015601, 0.014872, 0.008020, 0.017156, 0.750614, 0.003578, 0.012899, 0.007913, 0.015696, 0.004186, 0.006990, 0.010973, 0.012065, 0.017300, 0.000343]"
doc_00636,Gebzede golf 7 Tamirci tavsiyesi,https://www.golftutkusu.com/topic/26550-gebzede-golf-7-tamirci-tavsiyesi,3,0.8891566359117276,NA,unknown,NA,NA,unknown,unknown,low,0,1,"[0.000587, 0.000060, 0.889157, 0.000254, 0.000767, 0.002081, 0.001000, 0.001521, 0.001658, 0.000297, 0.081900, 0.000870, 0.000140, 0.001049, 0.001335, 0.004008, 0.000133, 0.007735, 0.003244, 0.002203]"
doc_00637,Gec calisma sorunu,https://www.golftutkusu.com/topic/20418-gec-calisma-sorunu,3,0.8790713771472349,1.6,diesel,2013,110000,90-120k,1.6_TDI,high,4,6,"[0.006481, 0.004256, 0.879071, 0.006061, 0.027964, 0.004600, 0.005926, 0.002604, 0.014505, 0.001814, 0.004285, 0.003399, 0.004230, 0.007440, 0.001194, 0.005099, 0.003084, 0.008540, 0.009254, 0.000191]"
doc_00638,Gecen haftalarda konu acmistim Aku bitti diye Simdi arac calismiyor bilgisi olan.,https://www.golftutkusu.com/topic/9986-gecen-haftalarda-konu-acmistim-aku-bitti-diye-simdi-arac-calismiyor-bilgisi-olan,15,0.25544902044919154,NA,unknown,NA,NA,unknown,unknown,low,0,2,"[0.128001, 0.002246, 0.090035, 0.003142, 0.034205, 0.067847, 0.015362, 0.005054, 0.007584, 0.006723, 0.087827, 0.003128, 0.001153, 0.004416, 0.255449, 0.002791, 0.016605, 0.004367, 0.012179, 0.251886]"
doc_00639,Genel Bir Kac Problem,https://www.golftutkusu.com/topic/9619-genel-bir-kac-problem,15,0.6475524112228072,1.6,diesel,2014,50000,30-60k,1.6_TDI,medium,0,14,"[0.001612, 0.000930, 0.003017, 0.001669, 0.001475, 0.002846, 0.001743, 0.000626, 0.004235, 0.001500, 0.001037, 0.002032, 0.004027, 0.001693, 0.647552, 0.001652, 0.002921, 0.315777, 0.002431, 0.001222]"
doc_00640,Geri Viteste Gelen Ses,https://www.golftutkusu.com/topic/17185-geri-viteste-gelen-ses,7,0.9888811162218187,NA,unknown,2013,110000,90-120k,unknown,high,0,16,"[0.000327, 0.000302, 0.000633, 0.000698, 0.001556, 0.000608, 0.988881, 0.000448, 0.000754, 0.000450, 0.001028, 0.000337, 0.000417, 0.000899, 0.000449, 0.000695, 0.000480, 0.000685, 0.000302, 0.000048]"
doc_00641,Geri Viteste Sag Aynanin Asagiya Inmemesi,https://www.golftutkusu.com/topic/17790-geri-viteste-sag-aynanin-asagiya-inmemesi,13,0.9872417245600559,NA,unknown,NA,NA,unknown,unknown,medium,1,16,"[0.000271, 0.000333, 0.000692, 0.000468, 0.000760, 0.000705, 0.000537, 0.000411, 0.000357, 0.000250, 0.000690, 0.000644, 0.987242, 0.000661, 0.000854, 0.000742, 0.000370, 0.003172, 0.000559, 0.000283]"
doc_00642,Geri Viteste sag aynanin asagi inmemesi,https://www.golftutkusu.com/topic/9632-geri-viteste-sag-aynanin-asagi-inmemesi,13,0.5032023097311339,NA,unknown,2016,NA,unknown,unknown,high,4,32,"[0.000400, 0.000481, 0.002000, 0.000947, 0.000653, 0.001190, 0.000656, 0.000541, 0.000819, 0.000516, 0.000934, 0.001053, 0.503202, 0.000742, 0.002475, 0.001513, 0.001105, 0.479603, 0.000880, 0.000290]"
doc_00643,Geri geri gelirken frene basinca tik sesi,https://www.golftutkusu.com/topic/23645-geri-geri-gelirken-frene-basinca-tik-sesi,18,0.5104343661876218,NA,unknown,2016,5000,0-30k,unknown,high,1,23,"[0.001146, 0.001220, 0.004602, 0.002799, 0.001886, 0.003076, 0.001709, 0.001418, 0.002445, 0.001682, 0.002455, 0.003538, 0.444463, 0.001880, 0.005826, 0.003677, 0.002513, 0.510434, 0.002400, 0.000832]"
doc_00644,Geri giderken frene basilinca gelen boru sesi,https://www.golftutkusu.com/topic/13572-geri-giderken-frene-basilinca-gelen-boru-sesi,12,0.9315970924119041,NA,unknown,NA,NA,unknown,unknown,high,1,6,"[0.001787, 0.000568, 0.001000, 0.001710, 0.048625, 0.001509, 0.000801, 0.000950, 0.002032, 0.000778, 0.001199, 0.931597, 0.000928, 0.002414, 0.000287, 0.000872, 0.000805, 0.000805, 0.001281, 0.000053]"
doc_00645,Geri gorus Kamerasi dogru duzgun calismiyor,https://www.golftutkusu.com/topic/19689-geri-gorus-kamerasi-dogru-duzgun-calismiyor,17,0.951136201106959,NA,unknown,2013,NA,unknown,unknown,low,0,19,"[0.006261, 0.001382, 0.001340, 0.002057, 0.014049, 0.001666, 0.004092, 0.001901, 0.002826, 0.002082, 0.001979, 0.001605, 0.001222, 0.001481, 0.000418, 0.000295, 0.951136, 0.002471, 0.001714, 0.000022]"
doc_00646,Geri gorus kamerasi icin ne yapmam lazim,https://www.golftutkusu.com/topic/19125-geri-gorus-kamerasi-icin-ne-yapmam-lazim,18,0.983023252294585,NA,unknown,NA,NA,unknown,unknown,low,0,3,"[0.000362, 0.000235, 0.001818, 0.001023, 0.000571, 0.001363, 0.000563, 0.000329, 0.000933, 0.000491, 0.000753, 0.000937, 0.001685, 0.000560, 0.002232, 0.001203, 0.001119, 0.983023, 0.000642, 0.000161]"
doc_00647,"Geri vites ayna ayari, ileri viteste otomatik olarak duzelmiyor",https://www.golftutkusu.com/topic/16584-geri-vites-ayna-ayari-ileri-viteste-otomatik-olarak-duzelmiyor,18,0.5214207204981359,NA,unknown,2016,NA,unknown,unknown,high,2,2,"[0.009558, 0.005413, 0.019382, 0.014347, 0.284532, 0.015562, 0.006418, 0.006399, 0.021626, 0.005512, 0.006106, 0.013325, 0.012233, 0.008836, 0.004412, 0.005067, 0.030389, 0.521421, 0.009266, 0.000197]"
doc_00648,Geri vites kamerasi,https://www.golftutkusu.com/topic/8549-geri-vites-kamerasi,13,0.7261707545825835,NA,unknown,NA,NA,unknown,unknown,low,0,4,"[0.005083, 0.001635, 0.004626, 0.003784, 0.223560, 0.003673, 0.002210, 0.003687, 0.003129, 0.001466, 0.002241, 0.003763, 0.726171, 0.004489, 0.000891, 0.001522, 0.002035, 0.003122, 0.002769, 0.000142]"
doc_00649,Geri vites lamba soketi,https://www.golftutkusu.com/topic/10874-geri-vites-lamba-soketi,3,0.6580932777527114,NA,unknown,NA,NA,unknown,unknown,low,0,7,"[0.005126, 0.001181, 0.658093, 0.001470, 0.304458, 0.003150, 0.001600, 0.001373, 0.002205, 0.000493, 0.002185, 0.001135, 0.001567, 0.002865, 0.001658, 0.003255, 0.001882, 0.003512, 0.001581, 0.001213]"
doc_00650,Geri vites lambasini beyaz yapmak istiyorum,https://www.golftutkusu.com/topic/24486-geri-vites-lambasini-beyaz-yapmak-istiyorum,7,0.8360433536970764,NA,unknown,2015,NA,unknown,unknown,high,2,14,"[0.002129, 0.001132, 0.003651, 0.002873, 0.117785, 0.003690, 0.836043, 0.003103, 0.003249, 0.001672, 0.004845, 0.002069, 0.001620, 0.004899, 0.001543, 0.003002, 0.003119, 0.002104, 0.001220, 0.000253]"
doc_00651,Geri vites lambasinin surekli yanmasi,https://www.golftutkusu.com/topic/16091-geri-vites-lambasinin-surekli-yanmasi,3,0.9566347311056281,NA,unknown,NA,NA,unknown,unknown,medium,1,4,"[0.002012, 0.001244, 0.956635, 0.001487, 0.007690, 0.001254, 0.002365, 0.000901, 0.002615, 0.000425, 0.002363, 0.000586, 0.001719, 0.006148, 0.001070, 0.003566, 0.001213, 0.004661, 0.001862, 0.000182]"
doc_00652,Gicirti sesi,https://www.golftutkusu.com/topic/15445-gicirti-sesi,12,0.4954795002409652,NA,unknown,NA,NA,unknown,unknown,medium,1,5,"[0.001754, 0.002181, 0.014156, 0.003340, 0.003189, 0.003178, 0.001596, 0.005623, 0.003982, 0.008372, 0.009233, 0.495480, 0.001452, 0.333137, 0.008703, 0.005610, 0.001829, 0.087745, 0.008091, 0.001350]"
doc_00653,Gizli ozellik Amerikan park kapatma ve Muayene hazirlik,https://www.golftutkusu.com/topic/22232-gizli-ozellik-amerikan-park-kapatma-ve-muayene-hazirlik,4,0.9456162295150834,1.6,diesel,2014,NA,unknown,1.6_TDI,medium,0,7,"[0.005066, 0.001529, 0.001307, 0.945616, 0.016358, 0.002271, 0.005069, 0.001941, 0.003089, 0.001777, 0.001754, 0.002121, 0.001416, 0.002408, 0.000290, 0.000446, 0.001914, 0.002197, 0.003404, 0.000025]"
doc_00654,Gizli ozellik Yardim Amerikan Park,https://www.golftutkusu.com/topic/25922-gizli-ozellik-yardim-amerikan-park,8,0.42030118074566675,NA,unknown,NA,NA,unknown,unknown,low,0,4,"[0.012992, 0.121639, 0.005025, 0.018962, 0.216343, 0.007980, 0.004958, 0.420301, 0.012149, 0.029663, 0.016561, 0.002158, 0.004637, 0.028335, 0.004456, 0.039238, 0.020962, 0.015262, 0.014705, 0.003674]"
doc_00655,Gizli ozellikler,https://www.golftutkusu.com/topic/20415-gizli-ozellikler,15,0.43110354984261295,1.2,petrol,2013,NA,unknown,1.2_TSI,low,0,1,"[0.023817, 0.006081, 0.010698, 0.010769, 0.066377, 0.011907, 0.046005, 0.003996, 0.305339, 0.010388, 0.003965, 0.007302, 0.006234, 0.013255, 0.431104, 0.003997, 0.007040, 0.014971, 0.015860, 0.000896]"
doc_00656,Gkn aks,https://www.golftutkusu.com/topic/26342-gkn-aks,12,0.9844693015987628,NA,unknown,2016,17000,0-30k,unknown,low,0,3,"[0.000454, 0.000330, 0.000421, 0.000763, 0.002327, 0.001080, 0.000600, 0.000426, 0.000574, 0.000436, 0.001077, 0.984469, 0.000865, 0.000930, 0.000861, 0.001228, 0.000568, 0.001561, 0.000657, 0.000371]"
doc_00657,Gofl 7 park sensoru arizasi,https://www.golftutkusu.com/topic/20329-gofl-7-park-sensoru-arizasi,13,0.5274076074111671,NA,unknown,NA,NA,unknown,unknown,high,1,33,"[0.000182, 0.002681, 0.000342, 0.000878, 0.000190, 0.000704, 0.000227, 0.000627, 0.000398, 0.001168, 0.001931, 0.000188, 0.527408, 0.000771, 0.003274, 0.005757, 0.000626, 0.449872, 0.000797, 0.001980]"
doc_00658,Golf 1.2 TSI DSG Problemleri hk.,https://www.golftutkusu.com/topic/7928-golf-1-2-tsi-dsg-problemleri-hk,15,0.6726853641281044,1.2,petrol,2015,60000,60-90k,1.2_TSI,high,2,20,"[0.000840, 0.006040, 0.000432, 0.001408, 0.000372, 0.001394, 0.000572, 0.000771, 0.001477, 0.002635, 0.002004, 0.000290, 0.001610, 0.001418, 0.672685, 0.007241, 0.001433, 0.288247, 0.001450, 0.007682]"
doc_00659,Golf 1.2 tsi 4. Vites te titreme sorunu,https://www.golftutkusu.com/topic/27610-golf-1-2-tsi-4-vites-te-titreme-sorunu,11,0.9758619924397515,1.2,petrol,2014,NA,unknown,1.2_TSI,high,2,9,"[0.000839, 0.001948, 0.000195, 0.001464, 0.001021, 0.000619, 0.000789, 0.001159, 0.000794, 0.000343, 0.975862, 0.000150, 0.000455, 0.003627, 0.000427, 0.003903, 0.001130, 0.002982, 0.000905, 0.001387]"
doc_00660,Golf 1.2 tsi aku bos uyarisi,https://www.golftutkusu.com/topic/10108-golf-1-2-tsi-aku-bos-uyarisi,11,0.9306650723941546,1.2,petrol,2015,NA,unknown,1.2_TSI,medium,1,4,"[0.003251, 0.007728, 0.000832, 0.006135, 0.005370, 0.002315, 0.001533, 0.003741, 0.003632, 0.001635, 0.930665, 0.000741, 0.001459, 0.007446, 0.000547, 0.008422, 0.002706, 0.005541, 0.004474, 0.001828]"
doc_00661,Golf 1.2 tsi dsg aku,https://www.golftutkusu.com/topic/13635-golf-1-2-tsi-dsg-aku,15,0.5555378959752367,1.2,petrol,NA,NA,unknown,1.2_TSI,low,0,1,"[0.000309, 0.002612, 0.000191, 0.000519, 0.000116, 0.000543, 0.000212, 0.000292, 0.000591, 0.001153, 0.000638, 0.000119, 0.000676, 0.000507, 0.555538, 0.002370, 0.000569, 0.430421, 0.000558, 0.002065]"
doc_00662,Golf 1.2tsi gec kavrama,https://www.golftutkusu.com/topic/14977-golf-1-2tsi-gec-kavrama,18,0.9867889232251276,1.2,petrol,NA,27500,0-30k,1.2_TSI,high,1,10,"[0.000109, 0.001580, 0.000212, 0.000590, 0.000080, 0.000393, 0.000121, 0.000230, 0.000359, 0.000704, 0.000982, 0.000091, 0.000550, 0.000310, 0.002435, 0.002487, 0.000538, 0.986789, 0.000384, 0.001056]"
doc_00663,Golf 1.2tsi seyir halinde gaz problemi,https://www.golftutkusu.com/topic/19193-golf-1-2tsi-seyir-halinde-gaz-problemi,7,0.7881983056268036,1.2,petrol,2014,17000,0-30k,1.2_TSI,high,1,24,"[0.000392, 0.008898, 0.002698, 0.004639, 0.001285, 0.001200, 0.788198, 0.001927, 0.000785, 0.009949, 0.007637, 0.000948, 0.000777, 0.001060, 0.003784, 0.152696, 0.002112, 0.009056, 0.001182, 0.000775]"
doc_00664,Golf 1.4 Tsi 2015 Model motordan Gelen ses,https://www.golftutkusu.com/topic/10327-golf-1-4-tsi-2015-model-motordan-gelen-ses,8,0.5174632869965832,1.4,petrol,2015,NA,unknown,1.4_TSI,medium,0,3,"[0.010062, 0.044167, 0.011939, 0.068712, 0.028360, 0.008898, 0.009148, 0.517463, 0.003803, 0.050155, 0.035864, 0.009817, 0.006232, 0.004354, 0.009224, 0.102327, 0.016723, 0.039056, 0.022243, 0.001454]"
doc_00665,Golf 1.4 tsi 125 hp motordan gelen ses,https://www.golftutkusu.com/topic/9505-golf-1-4-tsi-125-hp-motordan-gelen-ses,3,0.6912914525665835,1.4,petrol,NA,NA,unknown,1.4_TSI,low,0,1,"[0.000593, 0.004674, 0.691291, 0.002044, 0.001162, 0.000688, 0.001202, 0.000535, 0.000606, 0.002943, 0.003734, 0.000342, 0.000910, 0.000806, 0.004069, 0.021646, 0.001926, 0.258638, 0.001622, 0.000567]"
doc_00666,Golf 1.4 tsi act degisik ses,https://www.golftutkusu.com/topic/25102-golf-1-4-tsi-act-degisik-ses,7,0.9275048515234128,1.4,petrol,2015,NA,unknown,1.4_TSI,medium,0,6,"[0.000134, 0.004684, 0.001193, 0.001970, 0.000282, 0.000880, 0.927505, 0.000767, 0.000274, 0.005659, 0.004166, 0.000672, 0.000579, 0.000274, 0.003758, 0.035853, 0.001164, 0.007678, 0.000738, 0.001769]"
doc_00667,Golf 1.4 tsi devir dalgalanmasi,https://www.golftutkusu.com/topic/11542-golf-1-4-tsi-devir-dalgalanmasi,18,0.5293041592579445,1.4,petrol,NA,NA,unknown,1.4_TSI,high,2,3,"[0.000147, 0.003085, 0.002105, 0.002119, 0.000181, 0.001291, 0.426012, 0.000388, 0.000322, 0.009247, 0.003353, 0.000702, 0.000946, 0.000252, 0.006573, 0.009101, 0.002214, 0.529304, 0.001136, 0.001520]"
doc_00668,Golf 1.4Tsi DSG Gaz Kesme Sorunu,https://www.golftutkusu.com/topic/27711-golf-1-4tsi-dsg-gaz-kesme-sorunu,18,0.5396504026361016,1.4,petrol,NA,NA,unknown,1.4_TSI,high,1,9,"[0.000743, 0.000788, 0.007537, 0.001215, 0.000242, 0.002173, 0.000657, 0.001414, 0.001966, 0.003314, 0.002405, 0.003741, 0.001184, 0.000725, 0.421479, 0.002228, 0.001714, 0.539650, 0.003744, 0.003081]"
doc_00669,Golf 1.6 TDI otomatik vites gecis,https://www.golftutkusu.com/topic/24592-golf-1-6-tdi-otomatik-vites-gecis,14,0.8092488799113557,1.6,diesel,NA,NA,unknown,1.6_TDI,high,0,9,"[0.011505, 0.003895, 0.013500, 0.011820, 0.050700, 0.009969, 0.007118, 0.005343, 0.013354, 0.005135, 0.011296, 0.011168, 0.007856, 0.809249, 0.002454, 0.005254, 0.003474, 0.005868, 0.010819, 0.000223]"
doc_00670,Golf 2013 7 Medium Plus,https://www.golftutkusu.com/topic/22643-golf-2013-7-medium-plus,18,0.9786201178661045,NA,unknown,2013,NA,unknown,unknown,low,0,1,"[0.000174, 0.002586, 0.000320, 0.000957, 0.000138, 0.000629, 0.000201, 0.000391, 0.000561, 0.001025, 0.001765, 0.000145, 0.000841, 0.000553, 0.003603, 0.004435, 0.000776, 0.978620, 0.000605, 0.001672]"
doc_00671,Golf 2015 full bakim hakkinda bilgi lutfen..,https://www.golftutkusu.com/topic/15303-golf-2015-full-bakim-hakkinda-bilgi-lutfen,10,0.990506058040111,1.2,petrol,2015,NA,unknown,1.2_TSI,high,1,15,"[0.000099, 0.001087, 0.000024, 0.000385, 0.000108, 0.000187, 0.000219, 0.000217, 0.000170, 0.990506, 0.000224, 0.000067, 0.000153, 0.000344, 0.000990, 0.001812, 0.000367, 0.001620, 0.000295, 0.001125]"
doc_00672,Golf 2016 1.2 TSI Yag Secimi,https://www.golftutkusu.com/topic/21960-golf-2016-1-2-tsi-yag-secimi,3,0.5925551211193224,1.2,petrol,2016,10000,0-30k,1.2_TSI,high,2,32,"[0.010060, 0.006443, 0.592555, 0.009773, 0.038975, 0.239980, 0.007182, 0.003910, 0.014680, 0.003087, 0.006889, 0.005196, 0.006244, 0.010527, 0.002228, 0.007403, 0.005465, 0.017703, 0.011312, 0.000388]"
doc_00673,Golf 2016 tsi 1.2 dsg sorunu,https://www.golftutkusu.com/topic/15497-golf-2016-tsi-1-2-dsg-sorunu,4,0.6899430029691646,NA,unknown,2016,NA,unknown,unknown,low,0,1,"[0.004433, 0.005213, 0.043506, 0.689943, 0.008641, 0.007379, 0.002559, 0.010054, 0.010805, 0.012751, 0.010342, 0.008635, 0.001219, 0.003712, 0.002588, 0.003885, 0.002270, 0.005674, 0.164951, 0.001439]"
doc_00674,Golf 6 sogutma suyu pompasi hatasi,https://www.golftutkusu.com/topic/11875-golf-6-sogutma-suyu-pompasi-hatasi,7,0.6647852889586515,1.6,diesel,2011,NA,unknown,1.6_TDI,low,0,1,"[0.000394, 0.039411, 0.000997, 0.003037, 0.000577, 0.002094, 0.664785, 0.001667, 0.001739, 0.004760, 0.006571, 0.000419, 0.001858, 0.001894, 0.008975, 0.017757, 0.001932, 0.232427, 0.001360, 0.007348]"
doc_00675,Golf 7  1.2 tsi bir kac soru,https://www.golftutkusu.com/topic/18703-golf-7-1-2-tsi-bir-kac-soru,10,0.9892619230031829,1.2,petrol,2016,NA,unknown,1.2_TSI,high,0,9,"[0.000070, 0.000870, 0.000115, 0.000472, 0.000071, 0.000186, 0.000374, 0.000122, 0.000056, 0.989262, 0.000277, 0.000222, 0.000134, 0.000088, 0.001604, 0.002994, 0.000480, 0.001510, 0.000382, 0.000710]"
doc_00676,Golf 7  1.4 tsi yag eksiltme.,https://www.golftutkusu.com/topic/23325-golf-7-1-4-tsi-yag-eksiltme,5,0.8993100767135361,1.4,petrol,2000,2000,0-30k,1.4_TSI,high,1,11,"[0.047316, 0.001682, 0.004032, 0.003970, 0.899310, 0.004809, 0.005772, 0.003625, 0.004705, 0.001748, 0.002359, 0.003080, 0.002054, 0.006161, 0.000572, 0.000527, 0.003354, 0.001264, 0.003605, 0.000054]"
doc_00677,Golf 7  parca bilgisi hakkinda yardim,https://www.golftutkusu.com/topic/21354-golf-7-parca-bilgisi-hakkinda-yardim,19,0.9843612385861257,NA,unknown,NA,NA,unknown,unknown,low,0,1,"[0.001334, 0.000501, 0.001166, 0.001626, 0.002280, 0.000869, 0.000438, 0.000441, 0.001730, 0.000520, 0.000702, 0.000818, 0.000858, 0.000876, 0.000280, 0.000184, 0.000343, 0.000633, 0.984361, 0.000040]"
doc_00678,Golf 7 - Gostergeden Gelen Ses,https://www.golftutkusu.com/topic/18478-golf-7-gostergeden-gelen-ses,10,0.8551348406241577,NA,unknown,2014,NA,unknown,unknown,low,0,12,"[0.000178, 0.001893, 0.000622, 0.001591, 0.000145, 0.000606, 0.000856, 0.000304, 0.000196, 0.855135, 0.000995, 0.000710, 0.000592, 0.000221, 0.005251, 0.007755, 0.002122, 0.118604, 0.001048, 0.001176]"
doc_00679,Golf 7 - Kalkislarda Gelen Ses,https://www.golftutkusu.com/topic/17751-golf-7-kalkislarda-gelen-ses,17,0.9597700527464252,1.4,petrol,2013,NA,unknown,1.4_TSI,high,3,7,"[0.001110, 0.000756, 0.002006, 0.001483, 0.002712, 0.002201, 0.001537, 0.001287, 0.001455, 0.001372, 0.002342, 0.001498, 0.001528, 0.000867, 0.002393, 0.001773, 0.959770, 0.012341, 0.001005, 0.000562]"
doc_00680,Golf 7 - Vites Gecislerinde Gelen Ses,https://www.golftutkusu.com/topic/12072-golf-7-vites-gecislerinde-gelen-ses,5,0.5523812156468247,NA,unknown,NA,NA,unknown,unknown,high,1,7,"[0.002568, 0.003502, 0.000967, 0.002738, 0.552381, 0.002715, 0.001377, 0.003361, 0.001964, 0.000981, 0.390104, 0.000497, 0.000846, 0.013826, 0.001105, 0.011301, 0.002206, 0.003436, 0.001134, 0.002990]"
doc_00681,"Golf 7 1.2 TSI ""Calistirma Sistemi Arizali"" uyarisi aliyorum",https://www.golftutkusu.com/topic/13597-golf-7-1-2-tsi-calistirma-sistemi-arizali-uyarisi-aliyorum,9,0.5968062548953622,1.2,petrol,2013,NA,unknown,1.2_TSI,medium,1,19,"[0.000389, 0.003489, 0.000520, 0.001506, 0.000867, 0.000654, 0.000520, 0.000516, 0.596806, 0.001643, 0.002885, 0.000128, 0.000584, 0.001507, 0.003674, 0.005457, 0.001245, 0.375512, 0.001119, 0.000980]"
doc_00682,Golf 7 1.2 TSI 105 Hp Comfortline Dsg On ve Arka Disk ve Balata Takimi,https://www.golftutkusu.com/topic/20908-golf-7-1-2-tsi-105-hp-comfortline-dsg-on-ve-arka-disk-ve-balata-takimi,16,0.8228634090173699,1.2,petrol,2014,63450,60-90k,1.2_TSI,medium,0,2,"[0.000459, 0.004142, 0.000664, 0.001750, 0.000801, 0.001172, 0.000737, 0.001883, 0.001508, 0.002555, 0.003397, 0.000389, 0.001007, 0.001600, 0.006901, 0.822863, 0.000728, 0.005191, 0.000828, 0.141422]"
doc_00683,Golf 7 1.2 TSI Antifiriz Eksiltme,https://www.golftutkusu.com/topic/25476-golf-7-1-2-tsi-antifiriz-eksiltme,18,0.9644110962948224,1.2,petrol,2015,3000,0-30k,1.2_TSI,high,0,6,"[0.000303, 0.004304, 0.000503, 0.001657, 0.000257, 0.001038, 0.000352, 0.000701, 0.000927, 0.001808, 0.002877, 0.000237, 0.001410, 0.000963, 0.005659, 0.007349, 0.001369, 0.964411, 0.001058, 0.002817]"
doc_00684,Golf 7 1.2 TSI Auto-Hold Kacirma Sorunu,https://www.golftutkusu.com/topic/16812-golf-7-1-2-tsi-auto-hold-kacirma-sorunu,15,0.9824539122130588,1.2,petrol,NA,NA,unknown,1.2_TSI,high,0,6,"[0.000228, 0.001132, 0.000048, 0.000190, 0.000076, 0.000235, 0.000118, 0.000127, 0.000257, 0.000592, 0.000263, 0.000045, 0.000247, 0.000287, 0.982454, 0.000764, 0.000219, 0.010877, 0.000272, 0.001572]"
doc_00685,Golf 7 1.2 TSI Baski Balata Durumu ve Usta Tavsiyesi,https://www.golftutkusu.com/topic/25461-golf-7-1-2-tsi-baski-balata-durumu-ve-usta-tavsiyesi,20,0.9980656051912379,1.2,petrol,2013,120000,120-150k,1.2_TSI,high,0,15,"[0.000042, 0.000252, 0.000019, 0.000063, 0.000042, 0.000086, 0.000026, 0.000025, 0.000059, 0.000095, 0.000249, 0.000013, 0.000054, 0.000052, 0.000297, 0.000256, 0.000038, 0.000182, 0.000083, 0.998066]"
doc_00686,Golf 7 1.2 TSI BlueMotion Yag Yakma Sorunu,https://www.golftutkusu.com/topic/16807-golf-7-1-2-tsi-bluemotion-yag-yakma-sorunu,2,0.9682137702298756,1.2,petrol,2014,8000,0-30k,1.2_TSI,high,3,114,"[0.000564, 0.968214, 0.000477, 0.001583, 0.001102, 0.000899, 0.001014, 0.001950, 0.001209, 0.001681, 0.002205, 0.000167, 0.000851, 0.002224, 0.001860, 0.004575, 0.001187, 0.005845, 0.001160, 0.001232]"
doc_00687,Golf 7 1.2 TSI Fislama sesi,https://www.golftutkusu.com/topic/22825-golf-7-1-2-tsi-fislama-sesi,2,0.6137627659079213,1.2,petrol,2014,NA,unknown,1.2_TSI,medium,0,5,"[0.000370, 0.613763, 0.000872, 0.001951, 0.000357, 0.001597, 0.000684, 0.001095, 0.001191, 0.001847, 0.002073, 0.000337, 0.001715, 0.001244, 0.006261, 0.006246, 0.001479, 0.351092, 0.001547, 0.004276]"
doc_00688,Golf 7 1.2 TSI Manuel Sorunu,https://www.golftutkusu.com/topic/14781-golf-7-1-2-tsi-manuel-sorunu,19,0.9443615960622673,1.2,petrol,NA,143000,120-150k,1.2_TSI,high,1,10,"[0.002396, 0.013651, 0.000700, 0.004822, 0.002834, 0.001393, 0.000492, 0.001881, 0.003170, 0.003472, 0.005010, 0.000402, 0.001253, 0.002844, 0.001343, 0.003216, 0.000870, 0.004606, 0.944362, 0.001282]"
doc_00689,Golf 7 1.2 TSI Motordan Gelen Ses,https://www.golftutkusu.com/topic/18368-golf-7-1-2-tsi-motordan-gelen-ses,2,0.6001567910337692,1.2,petrol,NA,NA,unknown,1.2_TSI,low,0,4,"[0.000623, 0.600157, 0.000692, 0.002473, 0.001357, 0.001204, 0.001058, 0.291024, 0.000976, 0.001664, 0.002326, 0.000367, 0.001571, 0.001361, 0.002209, 0.073752, 0.001831, 0.010915, 0.001452, 0.002989]"
doc_00690,Golf 7 1.2 TSI Oksijen Sensoru Hatasi,https://www.golftutkusu.com/topic/25004-golf-7-1-2-tsi-oksijen-sensoru-hatasi,2,0.7895056372879108,1.2,petrol,2016,1500,0-30k,1.2_TSI,high,2,10,"[0.001568, 0.789506, 0.002242, 0.005243, 0.003770, 0.002448, 0.002013, 0.004307, 0.004008, 0.002606, 0.043444, 0.000936, 0.001893, 0.005490, 0.000779, 0.116716, 0.002062, 0.006502, 0.003091, 0.001376]"
doc_00691,Golf 7 1.2 TSI Silkeleme,https://www.golftutkusu.com/topic/12192-golf-7-1-2-tsi-silkeleme,11,0.41068048680649394,1.2,petrol,2015,43000,30-60k,1.2_TSI,low,0,4,"[0.001204, 0.004027, 0.000642, 0.296294, 0.002684, 0.001406, 0.002272, 0.007208, 0.002475, 0.001799, 0.410680, 0.000534, 0.001079, 0.005790, 0.000754, 0.247886, 0.002078, 0.007063, 0.001876, 0.002249]"
doc_00692,Golf 7 1.2 TSI Start Stop Hatasi,https://www.golftutkusu.com/topic/23277-golf-7-1-2-tsi-start-stop-hatasi,16,0.5597137593472832,1.2,petrol,NA,NA,unknown,1.2_TSI,medium,1,8,"[0.000078, 0.000566, 0.000166, 0.000232, 0.000160, 0.000258, 0.000137, 0.000295, 0.000283, 0.000494, 0.000637, 0.000085, 0.000191, 0.000222, 0.000500, 0.559714, 0.000121, 0.000675, 0.000140, 0.435047]"
doc_00693,Golf 7 1.2 TSI Yag Eksiltme,https://www.golftutkusu.com/topic/16644-golf-7-1-2-tsi-yag-eksiltme,10,0.9668180676453935,1.2,petrol,2013,160000,150-180k,1.2_TSI,high,5,88,"[0.000633, 0.004376, 0.000118, 0.001683, 0.001056, 0.000605, 0.001088, 0.001273, 0.000991, 0.966818, 0.001355, 0.000183, 0.000487, 0.002338, 0.002226, 0.005823, 0.001532, 0.004989, 0.001059, 0.001367]"
doc_00694,Golf 7 1.2 TSI Yag Eksiltme Sonrasi Ekleme Yapmak,https://www.golftutkusu.com/topic/21353-golf-7-1-2-tsi-yag-eksiltme-sonrasi-ekleme-yapmak,2,0.5401001375175475,1.2,petrol,2013,7000,0-30k,1.2_TSI,medium,1,7,"[0.000127, 0.540100, 0.000139, 0.000277, 0.000146, 0.000339, 0.000169, 0.000176, 0.000239, 0.000338, 0.000466, 0.000064, 0.000269, 0.000231, 0.000891, 0.000760, 0.000184, 0.000607, 0.000361, 0.454116]"
doc_00695,Golf 7 1.2 TSI Yag Eksiltme Sorunu,https://www.golftutkusu.com/topic/12180-golf-7-1-2-tsi-yag-eksiltme-sorunu,2,0.9902503329357983,1.2,petrol,2013,115000,90-120k,1.2_TSI,high,1,54,"[0.000100, 0.990250, 0.000145, 0.000403, 0.000142, 0.000323, 0.000222, 0.000387, 0.000245, 0.000414, 0.000429, 0.000066, 0.000322, 0.000340, 0.000817, 0.001408, 0.000257, 0.001379, 0.000383, 0.001969]"
doc_00696,Golf 7 1.2 TSI Yag Eksiltme ve Koku,https://www.golftutkusu.com/topic/25266-golf-7-1-2-tsi-yag-eksiltme-ve-koku,18,0.9726778446904143,1.2,petrol,2016,135000,120-150k,1.2_TSI,high,2,12,"[0.000196, 0.003160, 0.000388, 0.001222, 0.000164, 0.000734, 0.000238, 0.000495, 0.000620, 0.001150, 0.001728, 0.000171, 0.000997, 0.000617, 0.004677, 0.007204, 0.000865, 0.972678, 0.000659, 0.002037]"
doc_00697,Golf 7 1.2 TSI motor sesi,https://www.golftutkusu.com/topic/26062-golf-7-1-2-tsi-motor-sesi,16,0.9904375921867077,1.2,petrol,2015,NA,unknown,1.2_TSI,high,2,10,"[0.000061, 0.000935, 0.000204, 0.000423, 0.000188, 0.000251, 0.000212, 0.000749, 0.000365, 0.000622, 0.000983, 0.000097, 0.000234, 0.000445, 0.000354, 0.990438, 0.000197, 0.002224, 0.000124, 0.000896]"
doc_00698,Golf 7 1.2 TSi Tekleme,https://www.golftutkusu.com/topic/18666-golf-7-1-2-tsi-tekleme,11,0.995343375546394,1.2,petrol,2015,7000,0-30k,1.2_TSI,high,1,18,"[0.000123, 0.000255, 0.000035, 0.000236, 0.000093, 0.000153, 0.000124, 0.000182, 0.000105, 0.000043, 0.995343, 0.000043, 0.000112, 0.000402, 0.000093, 0.000823, 0.000225, 0.000683, 0.000189, 0.000740]"
doc_00699,Golf 7 1.2 Tsi AKU PROBLEMI,https://www.golftutkusu.com/topic/7915-golf-7-1-2-tsi-aku-problemi,13,0.9849346664924977,1.2,petrol,2013,45000,30-60k,1.2_TSI,high,2,43,"[0.000047, 0.000462, 0.000031, 0.000120, 0.000057, 0.000080, 0.000064, 0.000206, 0.000047, 0.000083, 0.010813, 0.000036, 0.984935, 0.000213, 0.000171, 0.001173, 0.000084, 0.000723, 0.000153, 0.000505]"
doc_00700,Golf 7 1.2 tsi 2016 rolanti devri 900 de olmasi normal midir?,https://www.golftutkusu.com/topic/8754-golf-7-1-2-tsi-2016-rolanti-devri-900-de-olmasi-normal-midir,20,0.9950428512709453,1.2,petrol,2016,60000,60-90k,1.2_TSI,high,4,85,"[0.000092, 0.000719, 0.000048, 0.000163, 0.000098, 0.000198, 0.000065, 0.000069, 0.000148, 0.000217, 0.000569, 0.000032, 0.000135, 0.000132, 0.000693, 0.000760, 0.000094, 0.000530, 0.000194, 0.995043]"
doc_00701,Golf 7 1.2 tsi arac rektefiye,https://www.golftutkusu.com/topic/18077-golf-7-1-2-tsi-arac-rektefiye,10,0.8155412440337834,1.2,petrol,2013,2000,0-30k,1.2_TSI,high,4,45,"[0.000273, 0.162147, 0.000137, 0.001114, 0.000334, 0.000651, 0.000730, 0.000834, 0.000555, 0.815541, 0.000508, 0.000216, 0.000590, 0.001023, 0.002366, 0.004465, 0.001071, 0.004100, 0.000938, 0.002408]"
doc_00702,Golf 7 1.2 tsi arac sabah kalkista ses,https://www.golftutkusu.com/topic/27407-golf-7-1-2-tsi-arac-sabah-kalkista-ses,18,0.5907542979100983,1.2,petrol,2014,126000,120-150k,1.2_TSI,high,1,10,"[0.003519, 0.242611, 0.005152, 0.013008, 0.007042, 0.005522, 0.002487, 0.007982, 0.018666, 0.014202, 0.009382, 0.001747, 0.005397, 0.007987, 0.006433, 0.040137, 0.006042, 0.590754, 0.009903, 0.002024]"
doc_00703,Golf 7 1.2 tsi aracimin motorundan gelen ses,https://www.golftutkusu.com/topic/26729-golf-7-1-2-tsi-aracimin-motorundan-gelen-ses,2,0.9433596102482227,1.2,petrol,2015,NA,unknown,1.2_TSI,low,0,1,"[0.000402, 0.943360, 0.000652, 0.002002, 0.000548, 0.001336, 0.000831, 0.001617, 0.001176, 0.002411, 0.002146, 0.000304, 0.001486, 0.001464, 0.003991, 0.008797, 0.001223, 0.019989, 0.001534, 0.004730]"
doc_00704,Golf 7 1.2 tsi egzozdan cikan duman,https://www.golftutkusu.com/topic/26868-golf-7-1-2-tsi-egzozdan-cikan-duman,17,0.8173037460780811,1.2,petrol,2016,NA,unknown,1.2_TSI,high,1,2,"[0.006548, 0.015144, 0.000312, 0.004001, 0.012402, 0.002924, 0.006638, 0.009314, 0.006048, 0.077359, 0.005284, 0.000756, 0.001223, 0.005921, 0.002536, 0.006824, 0.817304, 0.015097, 0.003177, 0.001188]"
doc_00705,Golf 7 1.2 tsi fabrikayon multimedya,https://www.golftutkusu.com/topic/22799-golf-7-1-2-tsi-fabrikayon-multimedya,7,0.9210132740323019,1.2,petrol,NA,NA,unknown,1.2_TSI,low,0,2,"[0.000648, 0.012549, 0.000548, 0.002830, 0.002083, 0.001553, 0.921013, 0.002742, 0.002417, 0.004687, 0.007829, 0.000220, 0.001014, 0.004223, 0.003248, 0.020115, 0.001744, 0.007098, 0.001142, 0.002298]"
doc_00706,Golf 7 1.2 tsi jantlari,https://www.golftutkusu.com/topic/10069-golf-7-1-2-tsi-jantlari,12,0.8625684881365594,1.2,petrol,2015,NA,unknown,1.2_TSI,medium,0,4,"[0.000198, 0.002780, 0.000103, 0.001045, 0.000597, 0.000594, 0.000336, 0.001135, 0.000490, 0.001492, 0.002977, 0.862568, 0.000611, 0.001221, 0.001069, 0.114520, 0.000476, 0.004649, 0.000513, 0.002626]"
doc_00707,Golf 7 1.2 tsi motor lambasi,https://www.golftutkusu.com/topic/21931-golf-7-1-2-tsi-motor-lambasi,6,0.8803772193312768,1.2,petrol,NA,10000,0-30k,1.2_TSI,high,2,16,"[0.000869, 0.062881, 0.000394, 0.002449, 0.003073, 0.880377, 0.001295, 0.002247, 0.001568, 0.002563, 0.004543, 0.000268, 0.000906, 0.003163, 0.002946, 0.014473, 0.001496, 0.008973, 0.001467, 0.004047]"
doc_00708,Golf 7 1.2 tsi otomatik aracim yag akitiyor.,https://www.golftutkusu.com/topic/22440-golf-7-1-2-tsi-otomatik-aracim-yag-akitiyor,10,0.92679077892948,1.2,petrol,2015,153000,150-180k,1.2_TSI,medium,0,10,"[0.004746, 0.015295, 0.000235, 0.004741, 0.006759, 0.001451, 0.004068, 0.002908, 0.003141, 0.926791, 0.002168, 0.000582, 0.001172, 0.005101, 0.001690, 0.003918, 0.003594, 0.007499, 0.003636, 0.000504]"
doc_00709,Golf 7 1.2 tsi yazilim sildirme,https://www.golftutkusu.com/topic/18057-golf-7-1-2-tsi-yazilim-sildirme,11,0.6160470613804658,1.2,petrol,NA,NA,unknown,1.2_TSI,low,0,2,"[0.002285, 0.007201, 0.001311, 0.005556, 0.002566, 0.002769, 0.002341, 0.003368, 0.003195, 0.002262, 0.616047, 0.000631, 0.002510, 0.009820, 0.003477, 0.015777, 0.005657, 0.306314, 0.003206, 0.003709]"
doc_00710,Golf 7 1.2tsi Debriyajdan gelen ses,https://www.golftutkusu.com/topic/22565-golf-7-1-2tsi-debriyajdan-gelen-ses,18,0.44921416489213456,1.2,petrol,NA,NA,unknown,1.2_TSI,medium,0,3,"[0.003938, 0.020201, 0.002312, 0.014976, 0.011520, 0.005964, 0.002579, 0.011251, 0.009922, 0.093922, 0.010523, 0.191857, 0.005289, 0.008361, 0.006063, 0.134552, 0.006490, 0.449214, 0.008702, 0.002366]"
doc_00711,Golf 7 1.2tsi dsg vites gecisinde one atma,https://www.golftutkusu.com/topic/24181-golf-7-1-2tsi-dsg-vites-gecisinde-one-atma,16,0.9786540998042652,1.2,petrol,NA,NA,unknown,1.2_TSI,low,0,2,"[0.000244, 0.002036, 0.000419, 0.001248, 0.000959, 0.000457, 0.000628, 0.002228, 0.001120, 0.001296, 0.002727, 0.000155, 0.000417, 0.001782, 0.000528, 0.978654, 0.000510, 0.003750, 0.000292, 0.000549]"
doc_00712,Golf 7 1.2tsi klima hava kanallari sicak ufluyor,https://www.golftutkusu.com/topic/23049-golf-7-1-2tsi-klima-hava-kanallari-sicak-ufluyor,18,0.6110416669303543,1.2,petrol,2016,NA,unknown,1.2_TSI,medium,0,4,"[0.000101, 0.000810, 0.001696, 0.000965, 0.000106, 0.000550, 0.000447, 0.000465, 0.000258, 0.001241, 0.007136, 0.000572, 0.000595, 0.000206, 0.003906, 0.368117, 0.000716, 0.611042, 0.000401, 0.000670]"
doc_00713,Golf 7 1.4 TSI 125 2016 Rolantide Titreme,https://www.golftutkusu.com/topic/24376-golf-7-1-4-tsi-125-2016-rolantide-titreme,16,0.52740794218664655,1.4,petrol,2016,NA,unknown,1.4_TSI,high,3,23,"[0.000399, 0.003531, 0.001853, 0.433335, 0.001424, 0.001013, 0.002095, 0.002760, 0.000711, 0.005239, 0.005749, 0.001053, 0.000575, 0.000929, 0.001747, 0.527408, 0.001374, 0.006790, 0.001472, 0.000542]"
doc_00714,Golf 7 1.4 TSI 2 bin devirden sonra motordan gelen hirilti sesi,https://www.golftutkusu.com/topic/24247-golf-7-1-4-tsi-2-bin-devirden-sonra-motordan-gelen-hirilti-sesi,2,0.6100834933558227,1.4,petrol,2014,NA,unknown,1.4_TSI,medium,1,2,"[0.001257, 0.610083, 0.007450, 0.005410, 0.001886, 0.002679, 0.001916, 0.001701, 0.001890, 0.012808, 0.002864, 0.002929, 0.002361, 0.000889, 0.006465, 0.012025, 0.003330, 0.316069, 0.005625, 0.000364]"
doc_00715,Golf 7 1.4 TSI Baski balata,https://www.golftutkusu.com/topic/19925-golf-7-1-4-tsi-baski-balata,16,0.9941449427881942,1.4,petrol,2014,NA,unknown,1.4_TSI,low,0,6,"[0.000026, 0.000331, 0.000422, 0.000325, 0.000073, 0.000146, 0.000224, 0.000300, 0.000075, 0.000726, 0.000625, 0.000196, 0.000120, 0.000072, 0.000397, 0.994145, 0.000158, 0.001272, 0.000098, 0.000270]"
doc_00716,Golf 7 1.4 TSI DSG Rolantide ve Yururken Tekleme,https://www.golftutkusu.com/topic/17733-golf-7-1-4-tsi-dsg-rolantide-ve-yururken-tekleme,2,0.9620034145681499,1.4,petrol,2015,180000,180-210k,1.4_TSI,high,2,38,"[0.000651, 0.962003, 0.002749, 0.004235, 0.001719, 0.001164, 0.001495, 0.001437, 0.000721, 0.004474, 0.001781, 0.001232, 0.000872, 0.000576, 0.001345, 0.006033, 0.001394, 0.002741, 0.003131, 0.000248]"
doc_00717,Golf 7 1.4 TSI Kuafor Sonrasi Elektriksel Ariza,https://www.golftutkusu.com/topic/26748-golf-7-1-4-tsi-kuafor-sonrasi-elektriksel-ariza,5,0.695324896544161,1.4,petrol,NA,NA,unknown,1.4_TSI,low,0,3,"[0.000384, 0.001021, 0.001393, 0.000707, 0.695325, 0.000963, 0.000411, 0.001081, 0.000365, 0.001347, 0.002094, 0.000632, 0.000274, 0.000599, 0.016189, 0.273190, 0.000623, 0.001551, 0.000300, 0.001553]"
doc_00718,Golf 7 1.4 TSI Mars Bastiktan Sonra Gelen Ses,https://www.golftutkusu.com/topic/24423-golf-7-1-4-tsi-mars-bastiktan-sonra-gelen-ses,15,0.5319941689485005,1.4,petrol,2013,10000,0-30k,1.4_TSI,high,1,65,"[0.001257, 0.004080, 0.000668, 0.001722, 0.000819, 0.001091, 0.001075, 0.410258, 0.000226, 0.005547, 0.002404, 0.000800, 0.001164, 0.000391, 0.531994, 0.021091, 0.002078, 0.008980, 0.001473, 0.002881]"
doc_00719,Golf 7 1.4 TSI Triger Degisimi Icin Usta Onerisi,https://www.golftutkusu.com/topic/26392-golf-7-1-4-tsi-triger-degisimi-icin-usta-onerisi,15,0.9912128906447025,1.4,petrol,2018,40000,30-60k,1.4_TSI,high,0,10,"[0.000138, 0.000782, 0.000162, 0.000210, 0.000051, 0.000187, 0.000202, 0.000069, 0.000072, 0.000873, 0.000277, 0.000134, 0.000177, 0.000075, 0.991213, 0.001507, 0.000212, 0.002305, 0.000328, 0.001026]"
doc_00720,Golf 7 1.4 TSI Triger Seti Degisimi Sonrasi Gelen Ses,https://www.golftutkusu.com/topic/17316-golf-7-1-4-tsi-triger-seti-degisimi-sonrasi-gelen-ses,17,0.8836567807111709,1.4,petrol,2014,250000,210k+,1.4_TSI,high,3,21,"[0.000471, 0.001750, 0.001113, 0.001571, 0.000757, 0.000609, 0.000968, 0.001064, 0.000342, 0.003050, 0.025266, 0.000602, 0.000462, 0.000379, 0.001816, 0.013095, 0.883657, 0.061925, 0.000737, 0.000366]"
doc_00721,Golf 7 1.4 TSI kendi kendine gaz vermesi,https://www.golftutkusu.com/topic/15956-golf-7-1-4-tsi-kendi-kendine-gaz-vermesi,16,0.9871527355370932,1.4,petrol,NA,NA,unknown,1.4_TSI,medium,0,19,"[0.000061, 0.000691, 0.000794, 0.000720, 0.000154, 0.000316, 0.000467, 0.000578, 0.000146, 0.001424, 0.002066, 0.000419, 0.000250, 0.000154, 0.000792, 0.987153, 0.000369, 0.002617, 0.000241, 0.000589]"
doc_00722,Golf 7 1.4 TSI motor ariza lambasi yanip sonmesi,https://www.golftutkusu.com/topic/24081-golf-7-1-4-tsi-motor-ariza-lambasi-yanip-sonmesi,17,0.9184394248064819,1.4,petrol,2016,NA,unknown,1.4_TSI,high,1,13,"[0.000167, 0.002090, 0.000669, 0.000803, 0.000323, 0.000431, 0.000581, 0.000710, 0.000161, 0.007009, 0.001964, 0.000417, 0.000260, 0.000096, 0.001539, 0.058220, 0.918439, 0.003071, 0.000375, 0.002674]"
doc_00723,Golf 7 1.4 TSI yuksek basinc pompa sorunu,https://www.golftutkusu.com/topic/18575-golf-7-1-4-tsi-yuksek-basinc-pompa-sorunu,13,0.9851576188505452,1.4,petrol,2019,45000,30-60k,1.4_TSI,high,2,30,"[0.000129, 0.001584, 0.000368, 0.000564, 0.000251, 0.000190, 0.000372, 0.000384, 0.000064, 0.001054, 0.001489, 0.000226, 0.985158, 0.000269, 0.001094, 0.003186, 0.000318, 0.002486, 0.000576, 0.000239]"
doc_00724,Golf 7 1.4 Tsi Arac Koltuk Sorunu,https://www.golftutkusu.com/topic/14071-golf-7-1-4-tsi-arac-koltuk-sorunu,16,0.9677259885226825,1.4,petrol,NA,NA,unknown,1.4_TSI,medium,0,14,"[0.000142, 0.002187, 0.001856, 0.001835, 0.000320, 0.000712, 0.001056, 0.001090, 0.000315, 0.003884, 0.003109, 0.000888, 0.000608, 0.000306, 0.002300, 0.967726, 0.000920, 0.008752, 0.000616, 0.001378]"
doc_00725,Golf 7 1.4 Tsi Motor sogukken gelen ses,https://www.golftutkusu.com/topic/26544-golf-7-1-4-tsi-motor-sogukken-gelen-ses,4,0.6614069462190652,1.4,petrol,NA,NA,unknown,1.4_TSI,high,1,5,"[0.000540, 0.004670, 0.001238, 0.661407, 0.000768, 0.001799, 0.001597, 0.000810, 0.000484, 0.009124, 0.006233, 0.001490, 0.000866, 0.000397, 0.006016, 0.023028, 0.001411, 0.005380, 0.002996, 0.269745]"
doc_00726,Golf 7 1.4 Tsi Yag Eksilmesi,https://www.golftutkusu.com/topic/21303-golf-7-1-4-tsi-yag-eksilmesi,4,0.2714565131819605,1.4,petrol,2015,1200,0-30k,1.4_TSI,high,3,3,"[0.002737, 0.109760, 0.023270, 0.271457, 0.007134, 0.006241, 0.005921, 0.006407, 0.004753, 0.027462, 0.013466, 0.006403, 0.005711, 0.002902, 0.007294, 0.251832, 0.011234, 0.223640, 0.011420, 0.000958]"
doc_00727,Golf 7 1.4 tsi 1 ve 2. vites gicirdamasi,https://www.golftutkusu.com/topic/16109-golf-7-1-4-tsi-1-ve-2-vites-gicirdamasi,17,0.7147859295000143,1.4,petrol,NA,NA,unknown,1.4_TSI,low,0,1,"[0.000154, 0.001175, 0.000326, 0.000885, 0.000182, 0.000365, 0.000506, 0.000393, 0.000113, 0.250961, 0.001062, 0.000398, 0.000243, 0.000086, 0.001989, 0.005258, 0.714786, 0.019922, 0.000449, 0.000744]"
doc_00728,Golf 7 1.4 tsi 2. vitese cabuk geciyor,https://www.golftutkusu.com/topic/22018-golf-7-1-4-tsi-2-vitese-cabuk-geciyor,2,0.9910898016431812,1.4,petrol,2013,165000,150-180k,1.4_TSI,high,2,20,"[0.000050, 0.991090, 0.000427, 0.000391, 0.000070, 0.000240, 0.000325, 0.000183, 0.000064, 0.000797, 0.000317, 0.000192, 0.000222, 0.000069, 0.000905, 0.002431, 0.000268, 0.000882, 0.000368, 0.000710]"
doc_00729,Golf 7 1.4 tsi 2013 model 122 hp yag eksiltme sorunu,https://www.golftutkusu.com/topic/25544-golf-7-1-4-tsi-2013-model-122-hp-yag-eksiltme-sorunu,4,0.9917497133329524,1.4,petrol,2013,120000,120-150k,1.4_TSI,high,0,20,"[0.000043, 0.000636, 0.000119, 0.991750, 0.000076, 0.000174, 0.000218, 0.000151, 0.000043, 0.000743, 0.000920, 0.000158, 0.000083, 0.000049, 0.000428, 0.002264, 0.000179, 0.001147, 0.000406, 0.000413]"
doc_00730,Golf 7 1.4 tsi camlar bugulaniyor,https://www.golftutkusu.com/topic/16927-golf-7-1-4-tsi-camlar-bugulaniyor,18,0.9810586244863504,1.4,petrol,2015,NA,unknown,1.4_TSI,high,2,31,"[0.000487, 0.001535, 0.000777, 0.001161, 0.000659, 0.000701, 0.001746, 0.000555, 0.000519, 0.002007, 0.000810, 0.000534, 0.000557, 0.000294, 0.001571, 0.003128, 0.001012, 0.981059, 0.000845, 0.000042]"
doc_00731,Golf 7 1.4 tsi spor yay onerileriniz ? O,https://www.golftutkusu.com/topic/11263-golf-7-1-4-tsi-spor-yay-onerileriniz-o,12,0.5376961378213568,1.4,petrol,NA,NA,unknown,1.4_TSI,low,0,9,"[0.000265, 0.005358, 0.001155, 0.002344, 0.000734, 0.001117, 0.001190, 0.001294, 0.000342, 0.006911, 0.004570, 0.537696, 0.000932, 0.000589, 0.003297, 0.420013, 0.001231, 0.005982, 0.001183, 0.003797]"
doc_00732,Golf 7 1.4 tsi yag sorunu,https://www.golftutkusu.com/topic/22855-golf-7-1-4-tsi-yag-sorunu,2,0.9933098602041947,1.4,petrol,2014,183000,180-210k,1.4_TSI,high,0,6,"[0.000040, 0.993310, 0.000333, 0.000328, 0.000054, 0.000194, 0.000272, 0.000147, 0.000050, 0.000583, 0.000250, 0.000153, 0.000184, 0.000055, 0.000813, 0.001453, 0.000221, 0.000793, 0.000306, 0.000458]"
doc_00733,Golf 7 1.4 tsi yag yakiyor,https://www.golftutkusu.com/topic/24471-golf-7-1-4-tsi-yag-yakiyor,16,0.9838069876536387,1.4,petrol,2015,1000,0-30k,1.4_TSI,high,2,28,"[0.000123, 0.000948, 0.001037, 0.001129, 0.000454, 0.000316, 0.000806, 0.000971, 0.000273, 0.002232, 0.002033, 0.000405, 0.000249, 0.000370, 0.000684, 0.983807, 0.000567, 0.003148, 0.000279, 0.000167]"
doc_00734,Golf 7 1.4 tsi yag yakma,https://www.golftutkusu.com/topic/26503-golf-7-1-4-tsi-yag-yakma,16,0.9635022487977607,1.4,petrol,NA,2000,0-30k,1.4_TSI,medium,1,4,"[0.000449, 0.003041, 0.003151, 0.003465, 0.002044, 0.000933, 0.001345, 0.002118, 0.001001, 0.005828, 0.003600, 0.001488, 0.000590, 0.000678, 0.000641, 0.963502, 0.000992, 0.003517, 0.001440, 0.000177]"
doc_00735,Golf 7 1.4tsi downpipe,https://www.golftutkusu.com/topic/27720-golf-7-1-4tsi-downpipe,10,0.9975567135455777,1.4,petrol,NA,NA,unknown,1.4_TSI,low,0,3,"[0.000018, 0.000152, 0.000023, 0.000125, 0.000017, 0.000046, 0.000098, 0.000030, 0.000013, 0.997557, 0.000064, 0.000058, 0.000031, 0.000023, 0.000349, 0.000640, 0.000124, 0.000380, 0.000104, 0.000148]"
doc_00736,Golf 7 1.4tsi en uyumlu yag hangisi,https://www.golftutkusu.com/topic/24145-golf-7-1-4tsi-en-uyumlu-yag-hangisi,16,0.9418319600205806,1.4,petrol,2016,113000,90-120k,1.4_TSI,high,5,76,"[0.000534, 0.003730, 0.003437, 0.004991, 0.001761, 0.001192, 0.002836, 0.003161, 0.000845, 0.007377, 0.008316, 0.001419, 0.000871, 0.001316, 0.002699, 0.941832, 0.002010, 0.009709, 0.001320, 0.000644]"
doc_00737,Golf 7 1.4tsi klima sesi,https://www.golftutkusu.com/topic/12261-golf-7-1-4tsi-klima-sesi,1,0.9758180297396538,1.4,petrol,NA,NA,unknown,1.4_TSI,medium,0,1,"[0.975818, 0.001576, 0.000741, 0.000715, 0.000537, 0.000461, 0.000229, 0.000596, 0.000076, 0.001647, 0.002639, 0.000331, 0.000238, 0.000198, 0.003382, 0.004517, 0.000709, 0.001815, 0.001124, 0.002651]"
doc_00738,Golf 7 1.4tsi yag kacagi,https://www.golftutkusu.com/topic/23489-golf-7-1-4tsi-yag-kacagi,12,0.9540434534710298,1.4,petrol,2016,NA,unknown,1.4_TSI,high,1,24,"[0.000383, 0.004264, 0.000426, 0.002084, 0.001072, 0.000645, 0.000952, 0.000772, 0.000241, 0.004359, 0.004753, 0.954043, 0.000549, 0.000781, 0.002219, 0.014045, 0.001090, 0.005645, 0.001125, 0.000551]"
doc_00739,Golf 7 1.4tsi zincir sesi,https://www.golftutkusu.com/topic/12006-golf-7-1-4tsi-zincir-sesi,17,0.7813228263796473,1.4,petrol,2016,NA,unknown,1.4_TSI,medium,0,4,"[0.000839, 0.000410, 0.001965, 0.001335, 0.001458, 0.002810, 0.001154, 0.001122, 0.001188, 0.001176, 0.009368, 0.001484, 0.001462, 0.000830, 0.002047, 0.002098, 0.781323, 0.186625, 0.000907, 0.000398]"
doc_00740,Golf 7 1.6 Otomatik Yokusta Kayiyor,https://www.golftutkusu.com/topic/24617-golf-7-1-6-otomatik-yokusta-kayiyor,12,0.9570261903195341,NA,unknown,NA,NA,unknown,unknown,high,1,22,"[0.000143, 0.000285, 0.001248, 0.000502, 0.000161, 0.000650, 0.000171, 0.000822, 0.000381, 0.001190, 0.001404, 0.957026, 0.000276, 0.000267, 0.001319, 0.001316, 0.000380, 0.030774, 0.000938, 0.000747]"
doc_00741,Golf 7 1.6 TDI (1000 Devir Sorunu),https://www.golftutkusu.com/topic/18147-golf-7-1-6-tdi-1000-devir-sorunu,12,0.9940638283826371,1.6,diesel,2013,128000,120-150k,1.6_TDI,high,2,12,"[0.000074, 0.000160, 0.000489, 0.000190, 0.000118, 0.000264, 0.000089, 0.000333, 0.000158, 0.000452, 0.000585, 0.994064, 0.000089, 0.000145, 0.000449, 0.000578, 0.000123, 0.000641, 0.000463, 0.000535]"
doc_00742,Golf 7 1.6 TDI 2013 Turbo Islik Sesi,https://www.golftutkusu.com/topic/26683-golf-7-1-6-tdi-2013-turbo-islik-sesi,10,0.9882964271763182,1.6,diesel,2013,50000,30-60k,1.6_TDI,high,1,19,"[0.000167, 0.000223, 0.001031, 0.000437, 0.000141, 0.000469, 0.000402, 0.000646, 0.000421, 0.988296, 0.000306, 0.000829, 0.000134, 0.000268, 0.001356, 0.000997, 0.000487, 0.001301, 0.001118, 0.000970]"
doc_00743,"Golf 7 1.6 TDI EGR, DPF iptali ve Manifold degisimi",https://www.golftutkusu.com/topic/26135-golf-7-1-6-tdi-egr-dpf-iptali-ve-manifold-degisimi,4,0.9812828952634155,1.6,diesel,NA,250000,210k+,1.6_TDI,high,2,8,"[0.000178, 0.000250, 0.001346, 0.981283, 0.000211, 0.000610, 0.000342, 0.000979, 0.000450, 0.000682, 0.006739, 0.000911, 0.000124, 0.000282, 0.000473, 0.000786, 0.000287, 0.001138, 0.002044, 0.000886]"
doc_00744,Golf 7 1.6 TDI Klima Yonlendirme Motoru Arizasi,https://www.golftutkusu.com/topic/23490-golf-7-1-6-tdi-klima-yonlendirme-motoru-arizasi,11,0.985748404718119,1.6,diesel,2013,239890,210k+,1.6_TDI,high,2,20,"[0.000583, 0.000085, 0.002164, 0.000615, 0.000551, 0.000652, 0.000643, 0.001198, 0.000709, 0.000279, 0.985748, 0.000892, 0.000147, 0.001402, 0.000250, 0.000846, 0.000628, 0.000773, 0.001338, 0.000498]"
doc_00745,Golf 7 1.6 TDI Manuel 12V Aku Sarj Edilemiyor Hatasi Ve Akunun Bitmesi,https://www.golftutkusu.com/topic/13203-golf-7-1-6-tdi-manuel-12v-aku-sarj-edilemiyor-hatasi-ve-akunun-bitmesi,17,0.9836504876858854,1.6,diesel,NA,NA,unknown,1.6_TDI,medium,1,10,"[0.000425, 0.000334, 0.002125, 0.000414, 0.000696, 0.000499, 0.000386, 0.001721, 0.000719, 0.001533, 0.001972, 0.000640, 0.000104, 0.000294, 0.001115, 0.000689, 0.983650, 0.001607, 0.000789, 0.000289]"
doc_00746,Golf 7 1.6 TDI Oksijen Sensoru Arizasi,https://www.golftutkusu.com/topic/23130-golf-7-1-6-tdi-oksijen-sensoru-arizasi,12,0.9642791173814808,1.6,diesel,2012,7000,0-30k,1.6_TDI,medium,0,6,"[0.000437, 0.000966, 0.003579, 0.000924, 0.000565, 0.001388, 0.000489, 0.001830, 0.000918, 0.002609, 0.003086, 0.964279, 0.000473, 0.000745, 0.002920, 0.003707, 0.000678, 0.003408, 0.003129, 0.003870]"
doc_00747,Golf 7 1.6 TDI Turbo Sorunu,https://www.golftutkusu.com/topic/25091-golf-7-1-6-tdi-turbo-sorunu,10,0.9732062366895458,1.6,diesel,2013,250000,210k+,1.6_TDI,high,0,18,"[0.000851, 0.000670, 0.003758, 0.001706, 0.001333, 0.001093, 0.000864, 0.001886, 0.001858, 0.973206, 0.000628, 0.002359, 0.000237, 0.000919, 0.000933, 0.000963, 0.000925, 0.001275, 0.004275, 0.000261]"
doc_00748,Golf 7 1.6 TDI Yakiti Geri Cekme,https://www.golftutkusu.com/topic/17200-golf-7-1-6-tdi-yakiti-geri-cekme,17,0.9085585623985052,1.6,diesel,NA,NA,unknown,1.6_TDI,low,0,8,"[0.000409, 0.000228, 0.001661, 0.000417, 0.000306, 0.000664, 0.000386, 0.001206, 0.000501, 0.000759, 0.078018, 0.000785, 0.000158, 0.000289, 0.001064, 0.000740, 0.908559, 0.001789, 0.000876, 0.001182]"
doc_00749,Golf 7 1.6 TDI alternator kasnagi,https://www.golftutkusu.com/topic/21176-golf-7-1-6-tdi-alternator-kasnagi,3,0.9976411445676963,1.6,diesel,NA,20000,0-30k,1.6_TDI,high,0,25,"[0.000046, 0.000112, 0.997641, 0.000045, 0.000075, 0.000070, 0.000046, 0.000088, 0.000094, 0.000072, 0.000172, 0.000053, 0.000032, 0.000060, 0.000157, 0.000352, 0.000045, 0.000418, 0.000199, 0.000225]"
doc_00750,Golf 7 1.6 TDI enjektor sorunu - 04L130277D kod,https://www.golftutkusu.com/topic/15819-golf-7-1-6-tdi-enjektor-sorunu-04l130277d-kod,12,0.9837689383216556,1.6,diesel,2015,91000,90-120k,1.6_TDI,high,5,82,"[0.000182, 0.000361, 0.001169, 0.000455, 0.000266, 0.000779, 0.000233, 0.000767, 0.000411, 0.002590, 0.001212, 0.983769, 0.000210, 0.000354, 0.001303, 0.001325, 0.000339, 0.001857, 0.001106, 0.001313]"
doc_00751,Golf 7 1.6 TDI hareket halinde gelen garip ses.,https://www.golftutkusu.com/topic/20256-golf-7-1-6-tdi-hareket-halinde-gelen-garip-ses,15,0.9974481955331106,1.6,diesel,2000,NA,unknown,1.6_TDI,high,0,2,"[0.000084, 0.000062, 0.000245, 0.000036, 0.000021, 0.000108, 0.000048, 0.000077, 0.000118, 0.000229, 0.000055, 0.000123, 0.000042, 0.000053, 0.997448, 0.000063, 0.000049, 0.000430, 0.000251, 0.000457]"
doc_00752,Golf 7 1.6 TDI kalorifer acinca hararet hizla dusuyor,https://www.golftutkusu.com/topic/22173-golf-7-1-6-tdi-kalorifer-acinca-hararet-hizla-dusuyor,12,0.7917378486639106,1.6,diesel,2015,10000,0-30k,1.6_TDI,high,3,99,"[0.002022, 0.000886, 0.006230, 0.003318, 0.003902, 0.002607, 0.001181, 0.004028, 0.003289, 0.002675, 0.160681, 0.791738, 0.000668, 0.002977, 0.000639, 0.002193, 0.001693, 0.002393, 0.006117, 0.000763]"
doc_00753,Golf 7 1.6 TDi calistirma sistemi arizasi,https://www.golftutkusu.com/topic/13267-golf-7-1-6-tdi-calistirma-sistemi-arizasi,8,0.9957224771272543,1.6,diesel,NA,NA,unknown,1.6_TDI,low,0,3,"[0.000119, 0.000149, 0.000451, 0.000178, 0.000163, 0.000171, 0.000082, 0.995722, 0.000072, 0.000248, 0.000381, 0.000240, 0.000076, 0.000064, 0.000214, 0.000743, 0.000178, 0.000262, 0.000286, 0.000201]"
doc_00754,Golf 7 1.6 tdi 2015 model partikul sorunu,https://www.golftutkusu.com/topic/23150-golf-7-1-6-tdi-2015-model-partikul-sorunu,3,0.6701507573868057,1.6,diesel,2015,110000,90-120k,1.6_TDI,high,3,45,"[0.000441, 0.000663, 0.670151, 0.001048, 0.000831, 0.000942, 0.000840, 0.015555, 0.001136, 0.000948, 0.023169, 0.002356, 0.000544, 0.001033, 0.000730, 0.272794, 0.000651, 0.003028, 0.001486, 0.001654]"
doc_00755,Golf 7 1.6 tdi Euro6 motor soguk havalarda rolanti durumu,https://www.golftutkusu.com/topic/10382-golf-7-1-6-tdi-euro6-motor-soguk-havalarda-rolanti-durumu,3,0.9909034920113712,1.6,diesel,2016,NA,unknown,1.6_TDI,high,3,17,"[0.000168, 0.000393, 0.990903, 0.000177, 0.000255, 0.000288, 0.000176, 0.000344, 0.000364, 0.000309, 0.000694, 0.000257, 0.000121, 0.000217, 0.000635, 0.001286, 0.000177, 0.001266, 0.000835, 0.001135]"
doc_00756,Golf 7 1.6 tdi P305400 ve P00AF00 hatalari,https://www.golftutkusu.com/topic/26400-golf-7-1-6-tdi-p305400-ve-p00af00-hatalari,11,0.8876404568466636,1.6,diesel,NA,150000,150-180k,1.6_TDI,high,2,17,"[0.004123, 0.001076, 0.022536, 0.005293, 0.004767, 0.007844, 0.002312, 0.005721, 0.008630, 0.003282, 0.887640, 0.013408, 0.000865, 0.004388, 0.000788, 0.003009, 0.002783, 0.002949, 0.017216, 0.001370]"
doc_00757,Golf 7 1.6 tdi aku zayif uyarisi,https://www.golftutkusu.com/topic/17478-golf-7-1-6-tdi-aku-zayif-uyarisi,10,0.9934828867221187,1.6,diesel,2013,NA,unknown,1.6_TDI,low,0,3,"[0.000093, 0.000122, 0.000697, 0.000233, 0.000080, 0.000243, 0.000223, 0.000362, 0.000208, 0.993483, 0.000177, 0.000499, 0.000072, 0.000163, 0.000760, 0.000541, 0.000255, 0.000630, 0.000589, 0.000570]"
doc_00758,Golf 7 1.6 tdi cok yakma sorunu,https://www.golftutkusu.com/topic/24328-golf-7-1-6-tdi-cok-yakma-sorunu,19,0.3359433316649571,1.6,diesel,2016,4000,0-30k,1.6_TDI,high,3,67,"[0.005078, 0.002456, 0.204327, 0.004426, 0.003432, 0.003924, 0.004133, 0.006523, 0.007245, 0.003759, 0.323431, 0.005376, 0.001616, 0.007753, 0.056597, 0.005474, 0.003119, 0.009816, 0.335943, 0.005572]"
doc_00759,Golf 7 1.6 tdi gec mars basiyor,https://www.golftutkusu.com/topic/18416-golf-7-1-6-tdi-gec-mars-basiyor,19,0.9775899524923025,1.6,diesel,NA,NA,unknown,1.6_TDI,medium,0,3,"[0.000218, 0.000275, 0.001756, 0.000474, 0.000061, 0.000455, 0.000100, 0.000382, 0.000504, 0.000757, 0.000779, 0.000594, 0.000250, 0.000148, 0.001756, 0.000307, 0.000206, 0.012544, 0.977590, 0.000845]"
doc_00760,Golf 7 1.6 tdi yeni yasadigim sorunlar,https://www.golftutkusu.com/topic/19237-golf-7-1-6-tdi-yeni-yasadigim-sorunlar,10,0.9357415316341707,1.6,diesel,2016,180000,180-210k,1.6_TDI,high,3,39,"[0.000450, 0.000534, 0.003240, 0.000915, 0.000247, 0.001359, 0.000787, 0.001198, 0.001156, 0.935742, 0.000638, 0.001741, 0.000434, 0.000616, 0.022318, 0.001934, 0.001234, 0.020734, 0.002570, 0.002154]"
doc_00761,Golf 7 1.6TDI Trafikte Dsg Sarsinti Konforsuzluk,https://www.golftutkusu.com/topic/22186-golf-7-1-6tdi-trafikte-dsg-sarsinti-konforsuzluk,10,0.9251135098006532,1.6,diesel,NA,165000,150-180k,1.6_TDI,high,0,14,"[0.000551, 0.000731, 0.007480, 0.001784, 0.000700, 0.001874, 0.001634, 0.004017, 0.001905, 0.925114, 0.002039, 0.003517, 0.000566, 0.001466, 0.003057, 0.029429, 0.002021, 0.004830, 0.004131, 0.003154]"
doc_00762,Golf 7 1.6Tdi Obd Hata Kodlari,https://www.golftutkusu.com/topic/27280-golf-7-1-6tdi-obd-hata-kodlari,12,0.9564918180213592,1.6,diesel,NA,NA,unknown,1.6_TDI,high,1,8,"[0.002391, 0.001074, 0.001687, 0.003341, 0.008871, 0.002359, 0.001453, 0.001467, 0.003062, 0.001456, 0.002125, 0.956492, 0.002496, 0.002791, 0.000566, 0.001661, 0.001279, 0.002346, 0.003009, 0.000076]"
doc_00763,Golf 7 110 ps dsg,https://www.golftutkusu.com/topic/17417-golf-7-110-ps-dsg,10,0.7409339864632662,NA,unknown,2016,108550,90-120k,unknown,low,0,2,"[0.014041, 0.005059, 0.011030, 0.021043, 0.046754, 0.014279, 0.014965, 0.008409, 0.023767, 0.740934, 0.003952, 0.015295, 0.008964, 0.015734, 0.004514, 0.007293, 0.011386, 0.012165, 0.020049, 0.000368]"
doc_00764,Golf 7 2013 Highline Teyp sorunu,https://www.golftutkusu.com/topic/22403-golf-7-2013-highline-teyp-sorunu,16,0.9906736735543041,NA,unknown,2013,NA,unknown,unknown,low,0,1,"[0.000108, 0.000007, 0.000785, 0.000170, 0.000699, 0.000908, 0.000739, 0.000926, 0.000904, 0.000152, 0.000587, 0.000518, 0.000182, 0.000452, 0.000299, 0.990674, 0.000040, 0.001573, 0.000207, 0.000071]"
doc_00765,Golf 7 2013 TDI Sogutma Suyu Eksiltiyor,https://www.golftutkusu.com/topic/25013-golf-7-2013-tdi-sogutma-suyu-eksiltiyor,12,0.8948228075824228,NA,unknown,2013,10000,0-30k,unknown,high,1,36,"[0.004010, 0.001632, 0.003163, 0.005455, 0.016836, 0.004770, 0.005830, 0.003624, 0.005276, 0.002517, 0.008569, 0.894823, 0.004382, 0.009678, 0.003234, 0.007583, 0.003862, 0.010707, 0.003636, 0.000413]"
doc_00766,Golf 7 2013 TDI kontak kapaliyken motor stop etmiyor.,https://www.golftutkusu.com/topic/18586-golf-7-2013-tdi-kontak-kapaliyken-motor-stop-etmiyor,14,0.6389349261928031,NA,unknown,2013,NA,unknown,unknown,medium,1,1,"[0.045296, 0.007809, 0.011582, 0.012920, 0.131543, 0.018973, 0.024256, 0.006985, 0.018083, 0.008799, 0.013833, 0.012859, 0.010498, 0.638935, 0.002912, 0.002398, 0.007928, 0.008259, 0.015980, 0.000152]"
doc_00767,Golf 7 2013 Teyp Anakart Arizasi Tamir,https://www.golftutkusu.com/topic/24810-golf-7-2013-teyp-anakart-arizasi-tamir,18,0.9334799001602283,NA,unknown,2013,NA,unknown,unknown,low,0,1,"[0.002698, 0.001105, 0.007780, 0.005622, 0.007082, 0.004305, 0.001967, 0.001708, 0.006218, 0.002309, 0.001968, 0.003937, 0.004764, 0.003051, 0.002372, 0.002115, 0.003524, 0.933480, 0.003946, 0.000049]"
doc_00768,Golf 7 2013 otomatik geri vites sorunu,https://www.golftutkusu.com/topic/24754-golf-7-2013-otomatik-geri-vites-sorunu,10,0.9644852632513505,NA,unknown,2013,NA,unknown,unknown,low,0,2,"[0.000122, 0.001634, 0.000292, 0.000971, 0.000159, 0.000373, 0.000743, 0.000323, 0.000126, 0.964485, 0.000638, 0.000551, 0.000276, 0.000190, 0.002117, 0.021707, 0.000756, 0.002579, 0.000654, 0.001306]"
doc_00769,Golf 7 2014 1.4 TSI Yag Eksiltme Sorunu,https://www.golftutkusu.com/topic/20446-golf-7-2014-1-4-tsi-yag-eksiltme-sorunu,19,0.8662531630418949,1.4,petrol,2014,1000,0-30k,1.4_TSI,high,2,21,"[0.002180, 0.004631, 0.002783, 0.006175, 0.002282, 0.001572, 0.001327, 0.001287, 0.001271, 0.004558, 0.086976, 0.001692, 0.001100, 0.001242, 0.001402, 0.007021, 0.001621, 0.003888, 0.866253, 0.000738]"
doc_00770,Golf 7 2014 1.4tsi 140 bg auto start tusu calismiyor,https://www.golftutkusu.com/topic/8798-golf-7-2014-1-4tsi-140-bg-auto-start-tusu-calismiyor,8,0.5374682817572688,1.4,petrol,2014,NA,unknown,1.4_TSI,low,0,2,"[0.024455, 0.000799, 0.016808, 0.012877, 0.131069, 0.045368, 0.023528, 0.537468, 0.044790, 0.004988, 0.020705, 0.014775, 0.005640, 0.020032, 0.004831, 0.020355, 0.002560, 0.036281, 0.032461, 0.000209]"
doc_00771,Golf 7 2014 Comfortline Teyp Arizasi,https://www.golftutkusu.com/topic/17032-golf-7-2014-comfortline-teyp-arizasi,15,0.873717619755955,NA,unknown,2014,NA,unknown,unknown,low,0,1,"[0.003991, 0.001128, 0.004116, 0.002481, 0.005059, 0.003977, 0.003470, 0.001301, 0.004864, 0.002274, 0.001523, 0.002856, 0.003263, 0.003929, 0.873718, 0.001854, 0.002976, 0.073471, 0.003232, 0.000520]"
doc_00772,Golf 7 2014 Debriyaj ustten kavriyor,https://www.golftutkusu.com/topic/16876-golf-7-2014-debriyaj-ustten-kavriyor,14,0.9185066720069588,NA,unknown,2014,NA,unknown,unknown,medium,0,5,"[0.010024, 0.001980, 0.002884, 0.003140, 0.027210, 0.003269, 0.005798, 0.001598, 0.004200, 0.002407, 0.003949, 0.003236, 0.002831, 0.918507, 0.000767, 0.000658, 0.001553, 0.002030, 0.003924, 0.000035]"
doc_00773,Golf 7 2015 Bagaj kapagi ic kaplamasi tutan parcalari nereden bulabilirim ?,https://www.golftutkusu.com/topic/8152-golf-7-2015-bagaj-kapagi-ic-kaplamasi-tutan-parcalari-nereden-bulabilirim,4,0.9600906463390925,NA,unknown,2015,NA,unknown,unknown,low,0,2,"[0.001426, 0.000732, 0.001811, 0.960091, 0.005032, 0.002055, 0.002674, 0.002337, 0.002311, 0.001090, 0.002900, 0.001583, 0.001555, 0.002784, 0.000869, 0.003067, 0.001443, 0.004028, 0.002075, 0.000138]"
doc_00774,Golf 7 2015 TDI Yag sicramasi ve Duman,https://www.golftutkusu.com/topic/24017-golf-7-2015-tdi-yag-sicramasi-ve-duman,9,0.5629694010295858,NA,unknown,2015,NA,unknown,unknown,medium,1,3,"[0.003354, 0.001896, 0.001881, 0.003173, 0.005037, 0.002738, 0.004197, 0.000725, 0.562969, 0.001488, 0.002690, 0.001700, 0.002245, 0.002046, 0.002983, 0.001019, 0.001802, 0.004923, 0.392260, 0.000871]"
doc_00775,Golf 7 2015 V426 Klima Arizasi,https://www.golftutkusu.com/topic/27436-golf-7-2015-v426-klima-arizasi,5,0.939325614998036,NA,unknown,2015,NA,unknown,unknown,high,1,11,"[0.003326, 0.008331, 0.001561, 0.004043, 0.939326, 0.003013, 0.000655, 0.004427, 0.004429, 0.002897, 0.005265, 0.000575, 0.000826, 0.004642, 0.000772, 0.007558, 0.001749, 0.002512, 0.002809, 0.001284]"
doc_00776,Golf 7 2015 midline led stop soket sorunu,https://www.golftutkusu.com/topic/19613-golf-7-2015-midline-led-stop-soket-sorunu,9,0.9741690704718327,1.2,petrol,2015,NA,unknown,1.2_TSI,low,0,3,"[0.000517, 0.004407, 0.000330, 0.001678, 0.002168, 0.000564, 0.000379, 0.000531, 0.974169, 0.001450, 0.002150, 0.000139, 0.000281, 0.001203, 0.000771, 0.003687, 0.000539, 0.002740, 0.001670, 0.000627]"
doc_00777,Golf 7 2016 1.2 tsi oem media codec detsegi,https://www.golftutkusu.com/topic/22540-golf-7-2016-1-2-tsi-oem-media-codec-detsegi,5,0.577466371959325,1.2,petrol,2016,NA,unknown,1.2_TSI,low,0,3,"[0.005742, 0.001959, 0.007919, 0.345752, 0.577466, 0.006282, 0.003507, 0.005890, 0.008088, 0.002495, 0.003978, 0.005407, 0.002463, 0.006516, 0.000656, 0.002544, 0.003198, 0.002396, 0.007593, 0.000151]"
doc_00778,Golf 7 2016 Highline Turuncu Sinyal Led Ampul Hk.,https://www.golftutkusu.com/topic/23380-golf-7-2016-highline-turuncu-sinyal-led-ampul-hk,16,0.9743652867142766,NA,unknown,2016,NA,unknown,unknown,low,0,1,"[0.000223, 0.001754, 0.001710, 0.001767, 0.000798, 0.000531, 0.001416, 0.001641, 0.000436, 0.003224, 0.003426, 0.000604, 0.000398, 0.000637, 0.001311, 0.974365, 0.000912, 0.004066, 0.000495, 0.000287]"
doc_00779,Golf 7 2016 Sola donuste ugultu sesi,https://www.golftutkusu.com/topic/18828-golf-7-2016-sola-donuste-ugultu-sesi,6,0.5929670662276593,1.4,petrol,2016,70000,60-90k,1.4_TSI,medium,0,3,"[0.003667, 0.004092, 0.011058, 0.005161, 0.011429, 0.592967, 0.005806, 0.004883, 0.005794, 0.002729, 0.007848, 0.006169, 0.271463, 0.007074, 0.010159, 0.013059, 0.004147, 0.021840, 0.006110, 0.004546]"
doc_00780,Golf 7 2017 1.6 Rolanti de hafif Titreme,https://www.golftutkusu.com/topic/27251-golf-7-2017-1-6-rolanti-de-hafif-titreme,9,0.9717044142858438,NA,unknown,2017,NA,unknown,unknown,high,1,1,"[0.001590, 0.000421, 0.000872, 0.000860, 0.012531, 0.001172, 0.002055, 0.000719, 0.971704, 0.000372, 0.000460, 0.000769, 0.000487, 0.001575, 0.000424, 0.000598, 0.000570, 0.001582, 0.001206, 0.000032]"
doc_00781,Golf 7 7.5 led stop fren de takili kaliyo,https://www.golftutkusu.com/topic/24401-golf-7-7-5-led-stop-fren-de-takili-kaliyo,16,0.9875538210018018,NA,unknown,2013,NA,unknown,unknown,low,0,5,"[0.000173, 0.000111, 0.001280, 0.000595, 0.000844, 0.000613, 0.000672, 0.001814, 0.000736, 0.000364, 0.000657, 0.001083, 0.000645, 0.000598, 0.000303, 0.987554, 0.000347, 0.001283, 0.000189, 0.000140]"
doc_00782,Golf 7 90 beygir gitmiyor,https://www.golftutkusu.com/topic/23350-golf-7-90-beygir-gitmiyor,14,0.5153381638784279,NA,unknown,2016,149000,120-150k,unknown,high,0,15,"[0.012451, 0.006693, 0.270119, 0.012485, 0.053127, 0.010501, 0.011280, 0.005075, 0.025246, 0.004917, 0.013117, 0.008194, 0.008870, 0.515338, 0.002925, 0.009258, 0.004504, 0.010940, 0.014623, 0.000337]"
doc_00783,Golf 7 ABS Beyni online kodlama,https://www.golftutkusu.com/topic/19852-golf-7-abs-beyni-online-kodlama,5,0.9829388088658125,NA,unknown,NA,NA,unknown,unknown,low,0,1,"[0.001503, 0.000208, 0.001653, 0.000843, 0.982939, 0.001579, 0.000806, 0.001249, 0.001226, 0.000283, 0.001049, 0.000723, 0.000497, 0.002320, 0.000368, 0.000904, 0.000890, 0.000489, 0.000386, 0.000085]"
doc_00784,Golf 7 AFS Sorunu,https://www.golftutkusu.com/topic/19937-golf-7-afs-sorunu,5,0.9921396906526514,NA,unknown,2016,NA,unknown,unknown,medium,1,7,"[0.001949, 0.000168, 0.000498, 0.000390, 0.992140, 0.000639, 0.000525, 0.000491, 0.000596, 0.000176, 0.000243, 0.000382, 0.000190, 0.000753, 0.000044, 0.000067, 0.000387, 0.000094, 0.000260, 0.000006]"
doc_00785,Golf 7 Adaptif Fara Led Ampul,https://www.golftutkusu.com/topic/26449-golf-7-adaptif-fara-led-ampul,11,0.9987803391514223,NA,unknown,NA,300000,210k+,unknown,low,0,27,"[0.000029, 0.000032, 0.000033, 0.000082, 0.000017, 0.000040, 0.000060, 0.000027, 0.000009, 0.000025, 0.998780, 0.000040, 0.000025, 0.000043, 0.000038, 0.000308, 0.000078, 0.000148, 0.000069, 0.000118]"
doc_00786,Golf 7 Aku Degisim Onerisi,https://www.golftutkusu.com/topic/14415-golf-7-aku-degisim-onerisi,11,0.9958221285019035,1.4,petrol,2016,2000,0-30k,1.4_TSI,high,2,216,"[0.000143, 0.000126, 0.000129, 0.000303, 0.000139, 0.000115, 0.000280, 0.000125, 0.000049, 0.000120, 0.995822, 0.000106, 0.000070, 0.000242, 0.000114, 0.001007, 0.000325, 0.000439, 0.000218, 0.000131]"
doc_00787,Golf 7 Aku Degisimi,https://www.golftutkusu.com/topic/10963-golf-7-aku-degisimi,5,0.7980866115490397,1.4,petrol,2019,NA,unknown,1.4_TSI,medium,1,39,"[0.017864, 0.003977, 0.020286, 0.016829, 0.798087, 0.017425, 0.007684, 0.010940, 0.021345, 0.004804, 0.009034, 0.012292, 0.006713, 0.020225, 0.001936, 0.005567, 0.007861, 0.005170, 0.011635, 0.000329]"
doc_00788,Golf 7 Ambiyans Aydinlatma Sorunu,https://www.golftutkusu.com/topic/16065-golf-7-ambiyans-aydinlatma-sorunu,2,0.988075107076503,NA,unknown,NA,NA,unknown,unknown,low,0,1,"[0.000112, 0.988075, 0.000144, 0.000361, 0.000118, 0.000282, 0.000218, 0.000315, 0.000246, 0.000208, 0.003490, 0.000072, 0.000322, 0.000383, 0.000587, 0.001110, 0.000308, 0.002237, 0.000360, 0.001052]"
doc_00789,Golf 7 Amortisor sorunu,https://www.golftutkusu.com/topic/10200-golf-7-amortisor-sorunu,9,0.8663759594627004,1.2,petrol,2000,30000,30-60k,1.2_TSI,high,3,31,"[0.000644, 0.005926, 0.003220, 0.005656, 0.003037, 0.001168, 0.001703, 0.000946, 0.866376, 0.006595, 0.004934, 0.001264, 0.000554, 0.000777, 0.002312, 0.082399, 0.001594, 0.007068, 0.003314, 0.000514]"
doc_00790,Golf 7 Android Multimedya Problemleri,https://www.golftutkusu.com/topic/23785-golf-7-android-multimedya-problemleri,3,0.9813972436458509,1.4,petrol,2014,NA,unknown,1.4_TSI,low,0,7,"[0.000769, 0.000906, 0.981397, 0.000821, 0.002157, 0.000672, 0.000368, 0.001115, 0.001658, 0.001023, 0.001210, 0.000768, 0.000201, 0.000694, 0.000363, 0.001210, 0.000371, 0.001292, 0.002783, 0.000222]"
doc_00791,Golf 7 Antifiriz degisimi?,https://www.golftutkusu.com/topic/13848-golf-7-antifiriz-degisimi,16,0.9113890654673356,1.6,diesel,NA,NA,unknown,1.6_TDI,low,0,3,"[0.000221, 0.001004, 0.000336, 0.000851, 0.000471, 0.000539, 0.000481, 0.001367, 0.000624, 0.000485, 0.074742, 0.000217, 0.000446, 0.001240, 0.000367, 0.911389, 0.000506, 0.002620, 0.000324, 0.001769]"
doc_00792,Golf 7 Ara Ara Titreme,https://www.golftutkusu.com/topic/26812-golf-7-ara-ara-titreme,17,0.905875584559362,1.2,petrol,2015,60000,60-90k,1.2_TSI,high,3,14,"[0.002132, 0.000375, 0.001671, 0.001549, 0.004735, 0.001580, 0.002295, 0.001947, 0.001766, 0.000674, 0.063837, 0.001223, 0.001091, 0.002375, 0.000691, 0.001588, 0.905876, 0.003329, 0.001101, 0.000166]"
doc_00793,Golf 7 Arac Calismama - Mars Kesmesi,https://www.golftutkusu.com/topic/24755-golf-7-arac-calismama-mars-kesmesi,6,0.5935895810351377,NA,unknown,2015,239000,210k+,unknown,medium,1,9,"[0.000505, 0.000561, 0.000569, 0.389343, 0.002080, 0.593590, 0.001345, 0.000602, 0.000747, 0.000555, 0.001141, 0.000852, 0.000701, 0.000776, 0.001195, 0.001073, 0.000553, 0.001779, 0.001237, 0.000792]"
doc_00794,Golf 7 Arac Icine Su Aliyor - COZULEMEDI,https://www.golftutkusu.com/topic/24197-golf-7-arac-icine-su-aliyor-cozulemedi,5,0.9422692113905322,NA,unknown,2015,NA,unknown,unknown,high,4,25,"[0.002817, 0.008001, 0.001342, 0.004570, 0.942269, 0.002834, 0.000620, 0.003915, 0.003991, 0.002681, 0.004705, 0.000565, 0.000798, 0.004812, 0.000732, 0.007623, 0.001870, 0.002706, 0.002019, 0.001130]"
doc_00795,Golf 7 Araca 7.5 animasyonlu led stop park fren hatasi,https://www.golftutkusu.com/topic/25640-golf-7-araca-7-5-animasyonlu-led-stop-park-fren-hatasi,6,0.9566168031587191,1.2,petrol,2016,NA,unknown,1.2_TSI,low,0,4,"[0.002067, 0.001010, 0.001880, 0.003205, 0.013875, 0.956617, 0.001637, 0.001173, 0.002713, 0.000948, 0.001732, 0.001897, 0.001459, 0.002594, 0.000576, 0.000917, 0.001212, 0.001932, 0.002457, 0.000098]"
doc_00796,Golf 7 Araci p konumunda terk edin hatasi,https://www.golftutkusu.com/topic/15775-golf-7-araci-p-konumunda-terk-edin-hatasi,12,0.931707719440785,NA,unknown,2015,NA,unknown,unknown,low,0,5,"[0.000279, 0.000250, 0.001561, 0.000680, 0.000335, 0.000696, 0.000357, 0.001069, 0.000486, 0.000682, 0.053568, 0.931708, 0.000261, 0.000673, 0.000650, 0.002081, 0.000468, 0.001632, 0.001205, 0.001360]"
doc_00797,Golf 7 Aracimda Devir Surekli 1000 veya 1050 devirde.,https://www.golftutkusu.com/topic/26770-golf-7-aracimda-devir-surekli-1000-veya-1050-devirde,7,0.8211337833927457,1.6,diesel,NA,NA,unknown,1.6_TDI,high,1,25,"[0.001077, 0.001644, 0.004876, 0.003871, 0.002324, 0.004106, 0.821134, 0.001407, 0.003215, 0.002418, 0.004028, 0.002577, 0.003474, 0.002133, 0.006809, 0.004494, 0.003351, 0.124404, 0.001757, 0.000903]"
doc_00798,Golf 7 Aracimdan Gelen Garip Ses,https://www.golftutkusu.com/topic/23462-golf-7-aracimdan-gelen-garip-ses,15,0.9636200720635555,NA,unknown,NA,NA,unknown,unknown,high,2,10,"[0.000362, 0.001682, 0.000066, 0.000243, 0.000150, 0.000376, 0.000182, 0.000171, 0.000379, 0.000701, 0.000480, 0.000063, 0.000338, 0.000437, 0.963620, 0.001148, 0.000241, 0.002529, 0.000459, 0.026372]"
doc_00799,Golf 7 Aractaki Su Eksiltme Sorunu Videolu,https://www.golftutkusu.com/topic/20622-golf-7-aractaki-su-eksiltme-sorunu-videolu,2,0.9943314066976366,1.2,petrol,2013,NA,unknown,1.2_TSI,high,3,11,"[0.000058, 0.994331, 0.000093, 0.000243, 0.000086, 0.000191, 0.000141, 0.000241, 0.000153, 0.000234, 0.000250, 0.000041, 0.000200, 0.000214, 0.000478, 0.000930, 0.000157, 0.000823, 0.000226, 0.000911]"
doc_00800,Golf 7 Ariza Sandik Motor,https://www.golftutkusu.com/topic/23848-golf-7-ariza-sandik-motor,4,0.878115428069154,1.2,petrol,2013,5000,0-30k,1.2_TSI,high,4,39,"[0.005759, 0.002315, 0.006294, 0.878115, 0.038135, 0.006668, 0.004684, 0.004661, 0.009958, 0.003145, 0.004791, 0.005530, 0.003112, 0.006479, 0.000866, 0.002955, 0.003004, 0.004518, 0.008871, 0.000142]"
doc_00801,Golf 7 Arka Cam Rezistansi Arizasi,https://www.golftutkusu.com/topic/24573-golf-7-arka-cam-rezistansi-arizasi,9,0.9599689670211183,NA,unknown,2015,NA,unknown,unknown,low,0,1,"[0.001675, 0.001041, 0.003131, 0.003131, 0.009907, 0.001957, 0.001867, 0.000808, 0.959969, 0.001110, 0.001587, 0.001635, 0.001053, 0.002247, 0.000765, 0.001530, 0.001253, 0.002060, 0.003189, 0.000086]"
doc_00802,Golf 7 Arka Kapi Tiz Hoparlor Yerinden Cikti,https://www.golftutkusu.com/topic/24440-golf-7-arka-kapi-tiz-hoparlor-yerinden-cikti,11,0.5509306254577786,NA,unknown,NA,NA,unknown,unknown,low,0,2,"[0.001856, 0.000545, 0.001087, 0.001509, 0.003723, 0.002153, 0.421825, 0.000874, 0.002260, 0.000359, 0.550931, 0.001346, 0.001900, 0.002862, 0.000636, 0.001114, 0.001535, 0.001591, 0.001300, 0.000596]"
doc_00803,Golf 7 Arka Kapidaki Hoparlor Yalitimi Nedeniyle Ic Paspasa Su Akmasi,https://www.golftutkusu.com/topic/17066-golf-7-arka-kapidaki-hoparlor-yalitimi-nedeniyle-ic-paspasa-su-akmasi,3,0.9534496721473414,NA,unknown,NA,3000,0-30k,unknown,high,2,10,"[0.002869, 0.001496, 0.953450, 0.002127, 0.016133, 0.001670, 0.001623, 0.000927, 0.003442, 0.000542, 0.001414, 0.000968, 0.001546, 0.002833, 0.000386, 0.001904, 0.001077, 0.002869, 0.002653, 0.000072]"
doc_00804,Golf 7 Arka Silecek Aralikli Calisma Sorunu,https://www.golftutkusu.com/topic/15257-golf-7-arka-silecek-aralikli-calisma-sorunu,5,0.8610768609595572,NA,unknown,2013,NA,unknown,unknown,low,0,5,"[0.001804, 0.003952, 0.004300, 0.003672, 0.861077, 0.003102, 0.001989, 0.003608, 0.001061, 0.005998, 0.006233, 0.001507, 0.000660, 0.002504, 0.002769, 0.087125, 0.002742, 0.003555, 0.001204, 0.001137]"
doc_00805,Golf 7 Arka Stop Yanmiyor,https://www.golftutkusu.com/topic/17491-golf-7-arka-stop-yanmiyor,2,0.9954200578199465,1.4,petrol,2014,NA,unknown,1.4_TSI,medium,1,2,"[0.000051, 0.995420, 0.000079, 0.000210, 0.000073, 0.000164, 0.000119, 0.000203, 0.000130, 0.000191, 0.000210, 0.000034, 0.000181, 0.000183, 0.000428, 0.000621, 0.000141, 0.000766, 0.000208, 0.000588]"
doc_00806,Golf 7 Arka amortisor degisimi sonrasi ses ve sertlik,https://www.golftutkusu.com/topic/20342-golf-7-arka-amortisor-degisimi-sonrasi-ses-ve-sertlik,14,0.7808824966726806,1.2,petrol,2016,60000,60-90k,1.2_TSI,high,3,36,"[0.001217, 0.000479, 0.003076, 0.001862, 0.003932, 0.001998, 0.001740, 0.000948, 0.002066, 0.001215, 0.004075, 0.001800, 0.002125, 0.780882, 0.002141, 0.002758, 0.001351, 0.185039, 0.001224, 0.000071]"
doc_00807,Golf 7 Auto Hold Arizasi,https://www.golftutkusu.com/topic/7800-golf-7-auto-hold-arizasi,18,0.5989671806102971,NA,unknown,NA,NA,unknown,unknown,medium,1,10,"[0.000088, 0.001540, 0.000181, 0.000431, 0.000079, 0.000294, 0.000105, 0.000285, 0.000205, 0.000539, 0.000906, 0.000099, 0.390601, 0.000349, 0.001693, 0.001900, 0.000353, 0.598967, 0.000420, 0.000963]"
doc_00808,Golf 7 Auto Hold Sorun,https://www.golftutkusu.com/topic/17361-golf-7-auto-hold-sorun,1,0.9793777715707828,1.2,petrol,2014,50000,30-60k,1.2_TSI,high,2,25,"[0.979378, 0.000257, 0.001207, 0.000785, 0.004269, 0.000958, 0.000672, 0.001144, 0.000776, 0.000435, 0.001824, 0.000559, 0.000625, 0.001819, 0.001369, 0.000541, 0.000909, 0.001020, 0.001311, 0.000143]"
doc_00809,Golf 7 Bagaj Kapagi Amortisoru hk.,https://www.golftutkusu.com/topic/23990-golf-7-bagaj-kapagi-amortisoru-hk,17,0.9364608309943824,NA,unknown,2013,NA,unknown,unknown,medium,0,9,"[0.002146, 0.000607, 0.001708, 0.001532, 0.035184, 0.001970, 0.002386, 0.002081, 0.002243, 0.001118, 0.002732, 0.001128, 0.000967, 0.001842, 0.001060, 0.001310, 0.936461, 0.002544, 0.000843, 0.000137]"
doc_00810,Golf 7 Bagaj Kilidi Sorunu,https://www.golftutkusu.com/topic/18346-golf-7-bagaj-kilidi-sorunu,5,0.9805771424501104,NA,unknown,NA,2000,0-30k,unknown,medium,1,4,"[0.001566, 0.000240, 0.001708, 0.000991, 0.980577, 0.001928, 0.000962, 0.001466, 0.001388, 0.000332, 0.001222, 0.000816, 0.000554, 0.002755, 0.000424, 0.000936, 0.001025, 0.000564, 0.000449, 0.000098]"
doc_00811,Golf 7 Bagaj Kilidinin Dislisi Yalama Yapti Gecici Cozum,https://www.golftutkusu.com/topic/26262-golf-7-bagaj-kilidinin-dislisi-yalama-yapti-gecici-cozum,7,0.9968823017615903,NA,unknown,NA,NA,unknown,unknown,medium,1,5,"[0.000015, 0.000013, 0.000332, 0.000040, 0.000034, 0.000271, 0.996882, 0.000182, 0.000192, 0.000200, 0.000379, 0.000105, 0.000010, 0.000047, 0.000318, 0.000266, 0.000011, 0.000354, 0.000195, 0.000153]"
doc_00812,Golf 7 Bagaj Su Sorunu Cozumlu Video,https://www.golftutkusu.com/topic/16672-golf-7-bagaj-su-sorunu-cozumlu-video,5,0.4693122442128624,1.6,diesel,2014,15000,0-30k,1.6_TDI,high,2,92,"[0.020841, 0.005527, 0.018179, 0.045657, 0.469312, 0.017078, 0.012743, 0.022113, 0.027981, 0.009176, 0.015478, 0.220138, 0.013208, 0.028984, 0.003085, 0.034513, 0.008378, 0.011618, 0.015506, 0.000485]"
doc_00813,Golf 7 Basic Bi Xenon Far Arizasi Hakkinda,https://www.golftutkusu.com/topic/20787-golf-7-basic-bi-xenon-far-arizasi-hakkinda,5,0.4930405160777779,NA,unknown,2013,NA,unknown,unknown,low,0,1,"[0.003357, 0.000699, 0.002339, 0.002980, 0.493041, 0.002907, 0.002224, 0.002302, 0.003500, 0.470378, 0.000590, 0.002723, 0.001218, 0.003841, 0.000655, 0.001286, 0.002478, 0.001059, 0.002332, 0.000090]"
doc_00814,Golf 7 Basic Bi-Xenon Sonradan U led Ariza,https://www.golftutkusu.com/topic/10344-golf-7-basic-bi-xenon-sonradan-u-led-ariza,4,0.5386994515595795,NA,unknown,NA,NA,unknown,unknown,low,0,5,"[0.279989, 0.005523, 0.006891, 0.538699, 0.054827, 0.007610, 0.015642, 0.008895, 0.011389, 0.006297, 0.007490, 0.007097, 0.005380, 0.009446, 0.001911, 0.001395, 0.008044, 0.007675, 0.015676, 0.000126]"
doc_00815,Golf 7 Basic Bi-Xenon sararma-lekelenme?,https://www.golftutkusu.com/topic/20402-golf-7-basic-bi-xenon-sararma-lekelenme,5,0.8766593237215917,NA,unknown,NA,NA,unknown,unknown,low,0,1,"[0.022200, 0.003336, 0.006504, 0.007221, 0.876659, 0.008707, 0.011765, 0.005960, 0.010876, 0.003349, 0.004240, 0.006378, 0.003743, 0.012298, 0.000881, 0.001142, 0.006102, 0.002672, 0.005888, 0.000081]"
doc_00816,Golf 7 Basic Bixenon Gunduz Ledi Sondu,https://www.golftutkusu.com/topic/24463-golf-7-basic-bixenon-gunduz-ledi-sondu,15,0.8756046026985541,NA,unknown,NA,NA,unknown,unknown,low,0,1,"[0.000095, 0.000488, 0.000243, 0.000224, 0.000029, 0.000188, 0.000146, 0.000055, 0.000088, 0.000843, 0.000260, 0.000146, 0.000224, 0.000058, 0.875605, 0.001765, 0.000282, 0.118418, 0.000261, 0.000579]"
doc_00817,Golf 7 Baski balata maliyeti,https://www.golftutkusu.com/topic/18507-golf-7-baski-balata-maliyeti,5,0.5004233035058828,1.4,petrol,2016,10000,0-30k,1.4_TSI,high,2,58,"[0.008016, 0.003294, 0.405908, 0.009008, 0.500423, 0.007020, 0.005444, 0.004566, 0.011899, 0.002039, 0.004301, 0.003957, 0.003895, 0.010369, 0.000959, 0.004508, 0.003575, 0.004011, 0.006580, 0.000226]"
doc_00818,Golf 7 Bcm Unitesi Model Ogrenme,https://www.golftutkusu.com/topic/13965-golf-7-bcm-unitesi-model-ogrenme,1,0.968862247068112,NA,unknown,NA,NA,unknown,unknown,low,0,3,"[0.968862, 0.000696, 0.001261, 0.001276, 0.011594, 0.001156, 0.001674, 0.001173, 0.001564, 0.000819, 0.001234, 0.000965, 0.000794, 0.001692, 0.000568, 0.000131, 0.001220, 0.000799, 0.002493, 0.000027]"
doc_00819,"Golf 7 Bi-Xenon D3S Ampul, Mercek Kirliligi ve Kalibrasyon",https://www.golftutkusu.com/topic/17262-golf-7-bi-xenon-d3s-ampul-mercek-kirliligi-ve-kalibrasyon,19,0.4051576753848144,NA,unknown,2015,NA,unknown,unknown,low,0,6,"[0.379069, 0.001831, 0.003700, 0.003034, 0.178970, 0.002851, 0.002618, 0.002377, 0.003975, 0.001646, 0.002582, 0.002205, 0.001906, 0.003513, 0.000959, 0.000219, 0.002068, 0.001233, 0.405158, 0.000086]"
doc_00820,Golf 7 Bi-xenon Ampul Hk.,https://www.golftutkusu.com/topic/21136-golf-7-bi-xenon-ampul-hk,5,0.9494319792301021,NA,unknown,NA,NA,unknown,unknown,low,0,9,"[0.012399, 0.003258, 0.000018, 0.002876, 0.949432, 0.004310, 0.001449, 0.003268, 0.002776, 0.002156, 0.000216, 0.000027, 0.000066, 0.002903, 0.000473, 0.008218, 0.003349, 0.000506, 0.001375, 0.000925]"
doc_00821,Golf 7 Bi-xenon Gunduz Far Sorunu,https://www.golftutkusu.com/topic/12064-golf-7-bi-xenon-gunduz-far-sorunu,14,0.9798550323356181,NA,unknown,NA,NA,unknown,unknown,low,0,10,"[0.001113, 0.000393, 0.001390, 0.001150, 0.005494, 0.001074, 0.000732, 0.000469, 0.001332, 0.000598, 0.001564, 0.001194, 0.000788, 0.979855, 0.000279, 0.000579, 0.000302, 0.000577, 0.001092, 0.000024]"
doc_00822,Golf 7 Cam Dugmesi,https://www.golftutkusu.com/topic/12123-golf-7-cam-dugmesi,13,0.9507860203796895,NA,unknown,NA,NA,unknown,unknown,low,0,8,"[0.003710, 0.001829, 0.001649, 0.002269, 0.015334, 0.001835, 0.003905, 0.001637, 0.002068, 0.001185, 0.001316, 0.002077, 0.950786, 0.002623, 0.000540, 0.000398, 0.001420, 0.002480, 0.002904, 0.000035]"
doc_00823,Golf 7 Cam Filmi,https://www.golftutkusu.com/topic/25903-golf-7-cam-filmi,13,0.9930191513427553,NA,unknown,NA,NA,unknown,unknown,low,0,7,"[0.000179, 0.000225, 0.000435, 0.000262, 0.000445, 0.000389, 0.000296, 0.000254, 0.000210, 0.000142, 0.000427, 0.000362, 0.993019, 0.000377, 0.000582, 0.000446, 0.000205, 0.001142, 0.000402, 0.000200]"
doc_00824,Golf 7 Cam Tavan On Kismi Soyulmaya Basladi,https://www.golftutkusu.com/topic/17111-golf-7-cam-tavan-on-kismi-soyulmaya-basladi,3,0.9767971771497858,NA,unknown,2016,44000,30-60k,unknown,high,2,44,"[0.001374, 0.000955, 0.976797, 0.001289, 0.006443, 0.000821, 0.000872, 0.000458, 0.001928, 0.000276, 0.000746, 0.000470, 0.001008, 0.001349, 0.000205, 0.001174, 0.000565, 0.001720, 0.001509, 0.000040]"
doc_00825,Golf 7 Cam Tavan Ses Sorunu,https://www.golftutkusu.com/topic/8167-golf-7-cam-tavan-ses-sorunu,5,0.9792300083174804,NA,unknown,2013,NA,unknown,unknown,low,0,10,"[0.001342, 0.000306, 0.002025, 0.001078, 0.979230, 0.002459, 0.000796, 0.001240, 0.001192, 0.000362, 0.001185, 0.001196, 0.000809, 0.001826, 0.000793, 0.001255, 0.001023, 0.000797, 0.000555, 0.000528]"
doc_00826,Golf 7 Cam tek tusda Acma/Kapama adaptasyon sorunu,https://www.golftutkusu.com/topic/23179-golf-7-cam-tek-tusda-acma-kapama-adaptasyon-sorunu,18,0.7877856834358279,NA,unknown,2013,NA,unknown,unknown,high,6,5,"[0.010194, 0.001826, 0.008254, 0.011351, 0.084589, 0.009448, 0.016929, 0.007643, 0.013750, 0.003077, 0.002522, 0.007974, 0.006574, 0.009820, 0.003675, 0.003180, 0.006215, 0.787786, 0.005114, 0.000077]"
doc_00827,Golf 7 Camdaki Kireclenme,https://www.golftutkusu.com/topic/13180-golf-7-camdaki-kireclenme,12,0.7676384797946882,NA,unknown,NA,NA,unknown,unknown,low,0,3,"[0.021187, 0.005639, 0.003952, 0.010689, 0.088012, 0.009178, 0.015388, 0.005538, 0.011119, 0.006546, 0.007653, 0.767638, 0.006690, 0.012509, 0.001580, 0.001954, 0.007733, 0.007242, 0.009638, 0.000116]"
doc_00828,Golf 7 Carplay 2015 Full yazilim ve Crackli,https://www.golftutkusu.com/topic/23193-golf-7-carplay-2015-full-yazilim-ve-crackli,3,0.9374284090718403,NA,unknown,2015,NA,unknown,unknown,low,0,1,"[0.002287, 0.002293, 0.937428, 0.001574, 0.003432, 0.001491, 0.001392, 0.005060, 0.002623, 0.003674, 0.004822, 0.002791, 0.000621, 0.007829, 0.002792, 0.005849, 0.001271, 0.004942, 0.006471, 0.001358]"
doc_00829,Golf 7 Cekis Dusuklugu,https://www.golftutkusu.com/topic/19844-golf-7-cekis-dusuklugu,8,0.9881640285033574,1.6,diesel,2014,240000,210k+,1.6_TDI,medium,0,10,"[0.000173, 0.001290, 0.000033, 0.000392, 0.000287, 0.000196, 0.000108, 0.988164, 0.000076, 0.000357, 0.000716, 0.000043, 0.000229, 0.000191, 0.000368, 0.004988, 0.000322, 0.001322, 0.000180, 0.000565]"
doc_00830,Golf 7 Cekis Dusuklugu,https://www.golftutkusu.com/topic/26059-golf-7-cekis-dusuklugu,5,0.6283370303341455,1.2,petrol,2015,90000,90-120k,1.2_TSI,high,2,24,"[0.356060, 0.000347, 0.001058, 0.000630, 0.628337, 0.001237, 0.001381, 0.001430, 0.000960, 0.000444, 0.001279, 0.000682, 0.000528, 0.002077, 0.000699, 0.000251, 0.001284, 0.000565, 0.000680, 0.000073]"
doc_00831,Golf 7 Cift U led Far Sorunu,https://www.golftutkusu.com/topic/10328-golf-7-cift-u-led-far-sorunu,5,0.9687705087372843,NA,unknown,NA,NA,unknown,unknown,medium,1,20,"[0.002920, 0.000559, 0.003090, 0.002352, 0.968771, 0.002776, 0.001048, 0.001991, 0.003112, 0.000666, 0.001244, 0.001968, 0.000887, 0.004286, 0.000262, 0.000823, 0.001168, 0.000506, 0.001515, 0.000056]"
doc_00832,Golf 7 Cikma Arka Bagaj Amblemi,https://www.golftutkusu.com/topic/17406-golf-7-cikma-arka-bagaj-amblemi,7,0.9555417806172125,NA,unknown,2018,NA,unknown,unknown,low,0,3,"[0.000484, 0.000359, 0.000200, 0.008270, 0.008585, 0.000642, 0.955542, 0.002129, 0.000972, 0.000792, 0.000534, 0.000254, 0.003046, 0.008266, 0.002519, 0.001668, 0.003095, 0.002257, 0.000312, 0.000075]"
doc_00833,Golf 7 Comfortline Standart MedyaPlayer Huwai Telefon Sorunu,https://www.golftutkusu.com/topic/8306-golf-7-comfortline-standart-medyaplayer-huwai-telefon-sorunu,6,0.7701584065994352,NA,unknown,NA,NA,unknown,unknown,low,0,5,"[0.009193, 0.003173, 0.002865, 0.004500, 0.159362, 0.770158, 0.008814, 0.002573, 0.008624, 0.002062, 0.002759, 0.003618, 0.002364, 0.008219, 0.000849, 0.000730, 0.003007, 0.002572, 0.004472, 0.000086]"
doc_00834,Golf 7 Composition 6.5 Media,https://www.golftutkusu.com/topic/8684-golf-7-composition-6-5-media,14,0.7693856956069323,NA,unknown,NA,NA,unknown,unknown,low,0,5,"[0.007258, 0.001590, 0.002906, 0.002835, 0.184630, 0.003299, 0.004972, 0.001832, 0.004258, 0.001849, 0.003509, 0.003156, 0.002035, 0.769386, 0.000533, 0.000642, 0.001553, 0.001228, 0.002495, 0.000034]"
doc_00835,Golf 7 Confortline araca Higline far montaj,https://www.golftutkusu.com/topic/25432-golf-7-confortline-araca-higline-far-montaj,20,0.5488943360897354,NA,unknown,NA,NA,unknown,unknown,low,0,4,"[0.001435, 0.000736, 0.002857, 0.001418, 0.002470, 0.368302, 0.001267, 0.000434, 0.001936, 0.001189, 0.002185, 0.001744, 0.001997, 0.001229, 0.008991, 0.001510, 0.001696, 0.047728, 0.001983, 0.548894]"
doc_00836,Golf 7 DSG Hakkinda ve Usta Hakkinda Oneri,https://www.golftutkusu.com/topic/25034-golf-7-dsg-hakkinda-ve-usta-hakkinda-oneri,6,0.9832225991064308,NA,unknown,2016,129000,120-150k,unknown,high,1,23,"[0.000471, 0.000394, 0.000749, 0.000773, 0.002143, 0.983223, 0.000830, 0.000463, 0.000680, 0.000341, 0.001086, 0.000776, 0.000729, 0.000845, 0.001076, 0.001585, 0.000571, 0.002041, 0.000662, 0.000562]"
doc_00837,Golf 7 DSG Problemi,https://www.golftutkusu.com/topic/16868-golf-7-dsg-problemi,4,0.6132360317555916,NA,unknown,2013,NA,unknown,unknown,high,2,3,"[0.000209, 0.003492, 0.000251, 0.613236, 0.000247, 0.000837, 0.000336, 0.000639, 0.000678, 0.001476, 0.001953, 0.000197, 0.000640, 0.000595, 0.002730, 0.004033, 0.000835, 0.364571, 0.001052, 0.001993]"
doc_00838,Golf 7 Debriyaj Merkez Degisimi Sonrasi Vites Gecislerinde Sorun,https://www.golftutkusu.com/topic/23079-golf-7-debriyaj-merkez-degisimi-sonrasi-vites-gecislerinde-sorun,17,0.9890458001936596,1.2,petrol,2013,120000,120-150k,1.2_TSI,high,3,6,"[0.000655, 0.000271, 0.000617, 0.000697, 0.002106, 0.000511, 0.000440, 0.000548, 0.000859, 0.000546, 0.000628, 0.000488, 0.000314, 0.000306, 0.000157, 0.000224, 0.989046, 0.001082, 0.000490, 0.000014]"
doc_00839,Golf 7 Debriyaj Pedal Yardimi,https://www.golftutkusu.com/topic/17722-golf-7-debriyaj-pedal-yardimi,4,0.9033048029964603,NA,unknown,2013,NA,unknown,unknown,low,0,19,"[0.003784, 0.000914, 0.001195, 0.903305, 0.060802, 0.002360, 0.004892, 0.002246, 0.002252, 0.001178, 0.002489, 0.001464, 0.001160, 0.003879, 0.000651, 0.000887, 0.001958, 0.002782, 0.001732, 0.000071]"
doc_00840,Golf 7 Depo kapagimin kilidi acilmiyor,https://www.golftutkusu.com/topic/24800-golf-7-depo-kapagimin-kilidi-acilmiyor,15,0.8557631372920389,NA,unknown,2015,NA,unknown,unknown,medium,1,3,"[0.026956, 0.004742, 0.003508, 0.004013, 0.025049, 0.005995, 0.011365, 0.002116, 0.011083, 0.005694, 0.001169, 0.004697, 0.006227, 0.007697, 0.855763, 0.000467, 0.004648, 0.010597, 0.008005, 0.000211]"
doc_00841,Golf 7 Direksiyon Boyama,https://www.golftutkusu.com/topic/20243-golf-7-direksiyon-boyama,1,0.8913608804350506,NA,unknown,NA,NA,unknown,unknown,low,0,2,"[0.891361, 0.000948, 0.003857, 0.002520, 0.006984, 0.002688, 0.002104, 0.002227, 0.003455, 0.001517, 0.003422, 0.001989, 0.003118, 0.004225, 0.033549, 0.001711, 0.002909, 0.027314, 0.003674, 0.000429]"
doc_00842,Golf 7 Direksiyon Gicirtisi,https://www.golftutkusu.com/topic/10489-golf-7-direksiyon-gicirtisi,14,0.9787586874590268,NA,unknown,NA,NA,unknown,unknown,medium,0,8,"[0.001296, 0.000277, 0.000659, 0.000388, 0.004882, 0.001467, 0.001792, 0.000667, 0.000958, 0.000321, 0.001279, 0.000960, 0.000951, 0.978759, 0.001295, 0.000954, 0.000320, 0.001998, 0.000544, 0.000233]"
doc_00843,Golf 7 Direksiyon Korna Sorunu - Airbag yerine tam oturmuyor,https://www.golftutkusu.com/topic/17205-golf-7-direksiyon-korna-sorunu-airbag-yerine-tam-oturmuyor,10,0.8080166754933906,NA,unknown,NA,NA,unknown,unknown,high,1,17,"[0.005416, 0.001240, 0.002788, 0.004762, 0.011637, 0.003935, 0.006613, 0.002327, 0.005139, 0.808017, 0.002762, 0.004072, 0.003121, 0.113648, 0.005383, 0.004363, 0.003783, 0.005733, 0.004880, 0.000379]"
doc_00844,Golf 7 Direksiyon Ses Kisma Tusu Kirildi,https://www.golftutkusu.com/topic/23105-golf-7-direksiyon-ses-kisma-tusu-kirildi,5,0.3670207333334422,NA,unknown,NA,NA,unknown,unknown,medium,0,2,"[0.005485, 0.003024, 0.047524, 0.004453, 0.367021, 0.008974, 0.002448, 0.009235, 0.089797, 0.011774, 0.007980, 0.008000, 0.002169, 0.008117, 0.268017, 0.016100, 0.005448, 0.115499, 0.008402, 0.010534]"
doc_00845,Golf 7 Direksiyon Ses Problemi,https://www.golftutkusu.com/topic/20753-golf-7-direksiyon-ses-problemi,15,0.6350987597999397,1.6,diesel,2015,NA,unknown,1.6_TDI,high,1,1,"[0.009435, 0.003335, 0.009273, 0.006234, 0.019206, 0.007988, 0.010510, 0.003523, 0.217489, 0.004508, 0.005221, 0.004289, 0.007178, 0.012517, 0.635099, 0.006663, 0.006079, 0.021815, 0.008052, 0.001585]"
doc_00846,Golf 7 Direksiyon citirtisi,https://www.golftutkusu.com/topic/17041-golf-7-direksiyon-citirtisi,15,0.9344102715500482,NA,unknown,2016,NA,unknown,unknown,medium,0,1,"[0.010478, 0.002030, 0.001553, 0.001812, 0.012218, 0.002724, 0.005198, 0.000912, 0.005877, 0.002703, 0.000463, 0.002051, 0.002650, 0.003508, 0.934410, 0.000203, 0.002119, 0.005071, 0.003910, 0.000112]"
doc_00847,Golf 7 Direksiyon elektrik destegi,https://www.golftutkusu.com/topic/24758-golf-7-direksiyon-elektrik-destegi,15,0.9952624265607682,NA,unknown,NA,NA,unknown,unknown,low,0,5,"[0.000216, 0.001783, 0.000050, 0.000300, 0.000017, 0.000057, 0.000378, 0.000026, 0.000062, 0.000096, 0.000035, 0.000040, 0.000062, 0.000047, 0.995262, 0.000170, 0.000030, 0.001057, 0.000068, 0.000243]"
doc_00848,Golf 7 Direksiyonu Cevirince Gelen Ses,https://www.golftutkusu.com/topic/12334-golf-7-direksiyonu-cevirince-gelen-ses,3,0.9477163802768492,1.5,petrol,2015,50000,30-60k,1.5_TSI,high,3,55,"[0.001772, 0.001824, 0.947716, 0.002085, 0.005689, 0.002569, 0.002317, 0.000910, 0.002674, 0.000589, 0.002468, 0.001072, 0.002834, 0.002700, 0.002462, 0.005244, 0.001592, 0.009344, 0.002990, 0.001148]"
doc_00849,Golf 7 Direksiyonun Altindan Gelen Trim Sesi,https://www.golftutkusu.com/topic/24313-golf-7-direksiyonun-altindan-gelen-trim-sesi,11,0.9958031170082137,NA,unknown,NA,NA,unknown,unknown,high,2,3,"[0.000100, 0.000020, 0.000926, 0.000138, 0.000062, 0.000167, 0.000121, 0.000269, 0.000126, 0.000048, 0.995803, 0.000291, 0.000052, 0.000201, 0.000074, 0.000412, 0.000144, 0.000246, 0.000313, 0.000486]"
doc_00850,Golf 7 Dizel - Sabah Gec Alma Sorunu,https://www.golftutkusu.com/topic/7981-golf-7-dizel-sabah-gec-alma-sorunu,6,0.9767389755761793,1.6,diesel,2013,75000,60-90k,1.6_TDI,high,8,153,"[0.000317, 0.000612, 0.002808, 0.000695, 0.000810, 0.976739, 0.000431, 0.001201, 0.000681, 0.001694, 0.001808, 0.001220, 0.000230, 0.000529, 0.001777, 0.001366, 0.000456, 0.002052, 0.002076, 0.002498]"
doc_00851,Golf 7 Dpf iptali sonrasi motor ariza isigi,https://www.golftutkusu.com/topic/22903-golf-7-dpf-iptali-sonrasi-motor-ariza-isigi,3,0.6349960373862649,1.6,diesel,2015,NA,unknown,1.6_TDI,high,2,3,"[0.000704, 0.000673, 0.634996, 0.000881, 0.001360, 0.001394, 0.000865, 0.000343, 0.001423, 0.000383, 0.001007, 0.000598, 0.001679, 0.000912, 0.002569, 0.002554, 0.001152, 0.345070, 0.001023, 0.000415]"
doc_00852,Golf 7 Dsg 1. Viteste yuksek devir durumu,https://www.golftutkusu.com/topic/14612-golf-7-dsg-1-viteste-yuksek-devir-durumu,10,0.8411305466258047,NA,unknown,2016,65000,60-90k,unknown,high,2,10,"[0.001183, 0.002976, 0.000153, 0.001690, 0.000606, 0.001462, 0.001364, 0.001041, 0.001157, 0.841131, 0.058012, 0.000455, 0.001162, 0.003173, 0.053540, 0.005489, 0.002124, 0.014066, 0.001866, 0.007351]"
doc_00853,Golf 7 Dsg Arizasi ve Agir Bakimlar,https://www.golftutkusu.com/topic/23385-golf-7-dsg-arizasi-ve-agir-bakimlar,11,0.5418104411491328,1.2,petrol,2015,70000,60-90k,1.2_TSI,high,1,8,"[0.072911, 0.001285, 0.006056, 0.005503, 0.009951, 0.006267, 0.014463, 0.003894, 0.004886, 0.001463, 0.541810, 0.005558, 0.034077, 0.013397, 0.004564, 0.002355, 0.007059, 0.257139, 0.007042, 0.000321]"
doc_00854,Golf 7 Dsg arizasi,https://www.golftutkusu.com/topic/12494-golf-7-dsg-arizasi,18,0.9686974687454987,NA,unknown,NA,NA,unknown,unknown,medium,1,8,"[0.000570, 0.000425, 0.004949, 0.001587, 0.000969, 0.001759, 0.001003, 0.000640, 0.002163, 0.000832, 0.001306, 0.001716, 0.002538, 0.001023, 0.003073, 0.003687, 0.001635, 0.968697, 0.001141, 0.000285]"
doc_00855,Golf 7 Dsg diesel rolanti titreme ?,https://www.golftutkusu.com/topic/6830-golf-7-dsg-diesel-rolanti-titreme,18,0.978349925130574,NA,unknown,2015,NA,unknown,unknown,high,1,7,"[0.000298, 0.002434, 0.000391, 0.001259, 0.000363, 0.000534, 0.000304, 0.000665, 0.000872, 0.001194, 0.002065, 0.000120, 0.000718, 0.001127, 0.002155, 0.005192, 0.000958, 0.978350, 0.000585, 0.000416]"
doc_00856,Golf 7 Dusuk Devirlerde Cikan Zirilti Sesi Cozumu,https://www.golftutkusu.com/topic/24432-golf-7-dusuk-devirlerde-cikan-zirilti-sesi-cozumu,2,0.9787598932619684,1.2,petrol,2015,NA,unknown,1.2_TSI,medium,1,2,"[0.000724, 0.978760, 0.002053, 0.001129, 0.002454, 0.001175, 0.001883, 0.001278, 0.001483, 0.000389, 0.000448, 0.000803, 0.001274, 0.001436, 0.000819, 0.000604, 0.000959, 0.001186, 0.001062, 0.000080]"
doc_00857,Golf 7 Egzozdan Gelen Ses,https://www.golftutkusu.com/topic/11838-golf-7-egzozdan-gelen-ses,14,0.9779381227823564,NA,unknown,NA,NA,unknown,unknown,medium,1,14,"[0.001021, 0.000327, 0.001283, 0.000918, 0.005388, 0.001190, 0.001193, 0.000593, 0.001165, 0.000550, 0.002401, 0.000848, 0.000832, 0.977938, 0.000819, 0.001157, 0.000441, 0.001151, 0.000715, 0.000069]"
doc_00858,Golf 7 Ekran Montaji Hk.,https://www.golftutkusu.com/topic/10418-golf-7-ekran-montaji-hk,15,0.5498940198979615,NA,unknown,NA,NA,unknown,unknown,medium,1,8,"[0.000445, 0.002970, 0.000487, 0.000964, 0.000525, 0.417065, 0.000757, 0.000344, 0.000241, 0.002412, 0.001565, 0.000623, 0.000458, 0.000373, 0.549894, 0.009655, 0.000754, 0.004792, 0.001173, 0.004505]"
doc_00859,Golf 7 Elektrikli Su Pompasi Arizasi,https://www.golftutkusu.com/topic/26619-golf-7-elektrikli-su-pompasi-arizasi,16,0.8520910006016027,1.4,petrol,2016,NA,unknown,1.4_TSI,high,0,19,"[0.001802, 0.001255, 0.006890, 0.004648, 0.009660, 0.004285, 0.004368, 0.073223, 0.006398, 0.002040, 0.004313, 0.004215, 0.004231, 0.004831, 0.002425, 0.852091, 0.003175, 0.007232, 0.002042, 0.000875]"
doc_00860,Golf 7 Epc Isigi Hk.,https://www.golftutkusu.com/topic/24782-golf-7-epc-isigi-hk,11,0.6567691197946459,NA,unknown,2014,NA,unknown,unknown,high,1,4,"[0.000246, 0.000943, 0.000275, 0.000838, 0.000346, 0.000510, 0.000535, 0.001114, 0.000570, 0.000312, 0.656769, 0.000229, 0.000404, 0.001280, 0.000281, 0.330441, 0.000562, 0.002255, 0.000362, 0.001727]"
doc_00861,Golf 7 Epc isigi ve start stop hatasi,https://www.golftutkusu.com/topic/10359-golf-7-epc-isigi-ve-start-stop-hatasi,8,0.8128877132953722,1.2,petrol,2013,NA,unknown,1.2_TSI,high,3,8,"[0.001777, 0.000333, 0.001256, 0.001970, 0.004494, 0.001198, 0.002007, 0.812888, 0.001011, 0.000258, 0.155326, 0.001098, 0.001295, 0.003128, 0.000264, 0.007122, 0.002069, 0.001414, 0.001005, 0.000086]"
doc_00862,Golf 7 Epc ve Motor Ariza Uyarisi,https://www.golftutkusu.com/topic/26514-golf-7-epc-ve-motor-ariza-uyarisi,5,0.969947196126845,NA,unknown,NA,90000,90-120k,unknown,medium,1,12,"[0.003384, 0.000536, 0.003239, 0.002137, 0.969947, 0.002779, 0.001047, 0.001903, 0.002981, 0.000677, 0.001223, 0.001817, 0.000912, 0.003036, 0.000257, 0.000781, 0.001217, 0.000501, 0.001567, 0.000058]"
doc_00863,Golf 7 FAR SIGORTASI NEREDE,https://www.golftutkusu.com/topic/12181-golf-7-far-sigortasi-nerede,5,0.5704072750285024,NA,unknown,2016,NA,unknown,unknown,low,0,2,"[0.006382, 0.001782, 0.004455, 0.005534, 0.570407, 0.004715, 0.002711, 0.371448, 0.005018, 0.001596, 0.002838, 0.003859, 0.002433, 0.004751, 0.000482, 0.003543, 0.003504, 0.001249, 0.003212, 0.000078]"
doc_00864,Golf 7 Far Anahtari sifir konumunda far sonmuyor,https://www.golftutkusu.com/topic/25939-golf-7-far-anahtari-sifir-konumunda-far-sonmuyor,5,0.9790948466175871,NA,unknown,NA,NA,unknown,unknown,low,0,2,"[0.002264, 0.000368, 0.002304, 0.001504, 0.979095, 0.002016, 0.000700, 0.001437, 0.002009, 0.000466, 0.000864, 0.001244, 0.000605, 0.002160, 0.000171, 0.000548, 0.000949, 0.000332, 0.000924, 0.000041]"
doc_00865,Golf 7 Far Degisimi,https://www.golftutkusu.com/topic/14055-golf-7-far-degisimi,5,0.9878421125867543,NA,unknown,NA,NA,unknown,unknown,low,0,5,"[0.004148, 0.000629, 0.000004, 0.000450, 0.987842, 0.000958, 0.000345, 0.000676, 0.000538, 0.000219, 0.000086, 0.000004, 0.000013, 0.001026, 0.000258, 0.001235, 0.000844, 0.000145, 0.000123, 0.000459]"
doc_00866,Golf 7 Far Donusumu,https://www.golftutkusu.com/topic/17451-golf-7-far-donusumu,8,0.8087097167249206,NA,unknown,NA,NA,unknown,unknown,medium,1,19,"[0.007459, 0.000916, 0.001216, 0.002055, 0.153984, 0.002722, 0.003335, 0.808710, 0.002878, 0.000691, 0.001054, 0.001983, 0.001470, 0.003003, 0.000326, 0.001785, 0.003306, 0.001557, 0.001526, 0.000026]"
doc_00867,Golf 7 Far Ici Noktasal Kristallenme - Restorasyon Icin Usta Tavsiyesi,https://www.golftutkusu.com/topic/24791-golf-7-far-ici-noktasal-kristallenme-restorasyon-icin-usta-tavsiyesi,6,0.6866882467295803,NA,unknown,NA,NA,unknown,unknown,low,0,5,"[0.003422, 0.001175, 0.003334, 0.003441, 0.273890, 0.686688, 0.001896, 0.002174, 0.004312, 0.001117, 0.002236, 0.002719, 0.001457, 0.004440, 0.000599, 0.001312, 0.001655, 0.001392, 0.002596, 0.000147]"
doc_00868,Golf 7 Far Sensoru Sonrasi Gunduz Fari,https://www.golftutkusu.com/topic/16667-golf-7-far-sensoru-sonrasi-gunduz-fari,6,0.9170113865746199,NA,unknown,NA,NA,unknown,unknown,low,0,4,"[0.002361, 0.001209, 0.002509, 0.027379, 0.022743, 0.917011, 0.002100, 0.001640, 0.003477, 0.001155, 0.002623, 0.002218, 0.001446, 0.003181, 0.000563, 0.001237, 0.001448, 0.002299, 0.003278, 0.000123]"
doc_00869,Golf 7 Far Yagmur Sensoru Sorunu,https://www.golftutkusu.com/topic/11032-golf-7-far-yagmur-sensoru-sorunu,8,0.5330673035626518,NA,unknown,2015,NA,unknown,unknown,low,0,7,"[0.006239, 0.001213, 0.001311, 0.001516, 0.432489, 0.002725, 0.003663, 0.533067, 0.001133, 0.000847, 0.001628, 0.001533, 0.002077, 0.001983, 0.001138, 0.001832, 0.002847, 0.001507, 0.000987, 0.000264]"
doc_00870,Golf 7 Farda Olusan Kronik Catlaklar,https://www.golftutkusu.com/topic/11916-golf-7-farda-olusan-kronik-catlaklar,2,0.722269011452691,NA,unknown,NA,NA,unknown,unknown,high,2,18,"[0.009007, 0.722269, 0.013135, 0.007963, 0.176141, 0.009767, 0.005853, 0.007048, 0.008966, 0.002361, 0.001813, 0.006992, 0.005072, 0.006285, 0.001486, 0.001761, 0.004558, 0.002479, 0.006856, 0.000189]"
doc_00871,Golf 7 Farlardan Supurge gibi ses gelmesi,https://www.golftutkusu.com/topic/27164-golf-7-farlardan-supurge-gibi-ses-gelmesi,8,0.6712627621953894,NA,unknown,NA,NA,unknown,unknown,low,0,1,"[0.004148, 0.000894, 0.000954, 0.001206, 0.304107, 0.002006, 0.002640, 0.671263, 0.000715, 0.000576, 0.001360, 0.001054, 0.001450, 0.001846, 0.000691, 0.001391, 0.001895, 0.000968, 0.000652, 0.000186]"
doc_00872,Golf 7 Farlarinin icten tozlanmasi,https://www.golftutkusu.com/topic/10153-golf-7-farlarinin-icten-tozlanmasi,1,0.9734239172021413,NA,unknown,NA,NA,unknown,unknown,high,2,22,"[0.973424, 0.000461, 0.002164, 0.001505, 0.006626, 0.001253, 0.000649, 0.001229, 0.001414, 0.000657, 0.001414, 0.001117, 0.000743, 0.001469, 0.000713, 0.000343, 0.001009, 0.000830, 0.002912, 0.000067]"
doc_00873,Golf 7 Fren ve Gaz Pedalindan Su Sizmasi,https://www.golftutkusu.com/topic/19826-golf-7-fren-ve-gaz-pedalindan-su-sizmasi,4,0.47540620323143856,NA,unknown,NA,NA,unknown,unknown,low,0,2,"[0.250541, 0.001206, 0.002639, 0.475406, 0.220338, 0.004892, 0.004496, 0.007044, 0.005722, 0.001462, 0.002208, 0.003154, 0.001964, 0.006666, 0.001055, 0.001057, 0.002510, 0.003250, 0.004273, 0.000115]"
doc_00874,Golf 7 GTI Sis Soket Uymuyor,https://www.golftutkusu.com/topic/13236-golf-7-gti-sis-soket-uymuyor,8,0.9773657564348934,NA,unknown,NA,NA,unknown,unknown,low,0,4,"[0.001849, 0.000670, 0.000914, 0.001845, 0.005987, 0.000908, 0.000865, 0.977366, 0.000941, 0.000523, 0.000899, 0.000893, 0.001010, 0.000917, 0.000152, 0.001359, 0.001076, 0.000599, 0.001214, 0.000015]"
doc_00875,Golf 7 GTI Tampon Park Sensoru Braketi,https://www.golftutkusu.com/topic/13219-golf-7-gti-tampon-park-sensoru-braketi,7,0.958839596743791,NA,unknown,NA,NA,unknown,unknown,low,0,5,"[0.000992, 0.000535, 0.001532, 0.002109, 0.002887, 0.001452, 0.958840, 0.001158, 0.001799, 0.000712, 0.017235, 0.000894, 0.000961, 0.002459, 0.000815, 0.001693, 0.001318, 0.001460, 0.001003, 0.000146]"
doc_00876,Golf 7 GTe,https://www.golftutkusu.com/topic/18224-golf-7-gte,2,0.7640258557984516,NA,unknown,NA,NA,unknown,unknown,medium,1,14,"[0.000442, 0.764026, 0.002014, 0.001903, 0.000302, 0.001288, 0.001466, 0.000664, 0.000437, 0.003879, 0.001402, 0.000966, 0.001336, 0.000417, 0.182723, 0.007594, 0.001620, 0.022123, 0.002235, 0.003163]"
doc_00877,Golf 7 Garip Ses,https://www.golftutkusu.com/topic/19949-golf-7-garip-ses,11,0.9862217880669234,1.4,petrol,2014,NA,unknown,1.4_TSI,high,0,4,"[0.000300, 0.000794, 0.000099, 0.000797, 0.000254, 0.000434, 0.000393, 0.000447, 0.000331, 0.000158, 0.986222, 0.000114, 0.000311, 0.001199, 0.000333, 0.002424, 0.000544, 0.002499, 0.000510, 0.001838]"
doc_00878,Golf 7 Gec Calisma Sorunu,https://www.golftutkusu.com/topic/10946-golf-7-gec-calisma-sorunu,17,0.9388632729719282,1.2,petrol,2015,NA,unknown,1.2_TSI,high,2,22,"[0.005052, 0.001153, 0.001255, 0.001937, 0.016439, 0.001927, 0.009938, 0.002735, 0.002399, 0.001904, 0.003564, 0.001279, 0.001420, 0.002745, 0.001228, 0.000747, 0.938863, 0.004151, 0.001194, 0.000070]"
doc_00879,Golf 7 Geri Gorus Kamerasi Sorusu,https://www.golftutkusu.com/topic/15978-golf-7-geri-gorus-kamerasi-sorusu,10,0.5635773994236599,NA,unknown,NA,NA,unknown,unknown,medium,1,6,"[0.001778, 0.000797, 0.001640, 0.002795, 0.142013, 0.002111, 0.268605, 0.001450, 0.002789, 0.563577, 0.000692, 0.001666, 0.000964, 0.002931, 0.000625, 0.001183, 0.001780, 0.000782, 0.001743, 0.000079]"
doc_00880,Golf 7 Geri Gorus Kamerasi ve Park Sensoru Kodlamasi hakkinda (Cozuldu),https://www.golftutkusu.com/topic/22715-golf-7-geri-gorus-kamerasi-ve-park-sensoru-kodlamasi-hakkinda-cozuldu,5,0.3759932526226795,NA,unknown,2015,NA,unknown,unknown,low,0,10,"[0.018247, 0.004665, 0.010827, 0.011776, 0.375993, 0.009123, 0.007014, 0.326340, 0.017260, 0.005706, 0.008732, 0.013875, 0.006433, 0.008339, 0.001718, 0.008511, 0.151632, 0.005893, 0.007701, 0.000214]"
doc_00881,Golf 7 Gizli Ozellik,https://www.golftutkusu.com/topic/22967-golf-7-gizli-ozellik,5,0.9168546103136807,NA,unknown,NA,NA,unknown,unknown,low,0,1,"[0.015558, 0.002257, 0.004616, 0.004907, 0.916855, 0.006348, 0.007686, 0.004289, 0.007063, 0.002255, 0.002728, 0.004075, 0.002497, 0.007837, 0.000582, 0.000734, 0.004158, 0.001675, 0.003824, 0.000057]"
doc_00882,Golf 7 Gogusluk Citasi ve Ambians Aydinlatma Yardim,https://www.golftutkusu.com/topic/9127-golf-7-gogusluk-citasi-ve-ambians-aydinlatma-yardim,1,0.9775180308010184,NA,unknown,NA,NA,unknown,unknown,low,0,2,"[0.977518, 0.000274, 0.003791, 0.000470, 0.001670, 0.000663, 0.000243, 0.002083, 0.000646, 0.001251, 0.002863, 0.000751, 0.000128, 0.000824, 0.002027, 0.000537, 0.000588, 0.000835, 0.002157, 0.000682]"
doc_00883,Golf 7 Halojen Far Yagmurda Gorus Sikintisi,https://www.golftutkusu.com/topic/9651-golf-7-halojen-far-yagmurda-gorus-sikintisi,15,0.4953530979160591,1.6,diesel,2016,NA,unknown,1.6_TDI,medium,1,14,"[0.001019, 0.004323, 0.000275, 0.000995, 0.001105, 0.001175, 0.000645, 0.000744, 0.001063, 0.001936, 0.004380, 0.000273, 0.001059, 0.466607, 0.495353, 0.005895, 0.000503, 0.006382, 0.001313, 0.004954]"
doc_00884,Golf 7 Hararet gostergesi 90 dereceye yukselmiyor,https://www.golftutkusu.com/topic/26168-golf-7-hararet-gostergesi-90-dereceye-yukselmiyor,14,0.9653023676844531,1.2,petrol,2014,NA,unknown,1.2_TSI,high,0,9,"[0.001815, 0.000701, 0.002402, 0.002385, 0.008795, 0.001893, 0.001311, 0.000846, 0.002451, 0.001040, 0.002504, 0.001982, 0.001476, 0.965302, 0.000468, 0.001024, 0.000548, 0.001025, 0.001991, 0.000041]"
doc_00885,Golf 7 Hava Yastigi Isigi,https://www.golftutkusu.com/topic/26467-golf-7-hava-yastigi-isigi,5,0.6614813041459725,NA,unknown,NA,NA,unknown,unknown,low,0,3,"[0.088160, 0.009170, 0.017160, 0.021135, 0.661481, 0.018325, 0.030712, 0.012763, 0.023384, 0.009393, 0.010652, 0.014091, 0.010108, 0.025712, 0.002731, 0.002465, 0.015477, 0.008464, 0.018415, 0.000201]"
doc_00886,Golf 7 Headlight Channel Ihtiyaci,https://www.golftutkusu.com/topic/20960-golf-7-headlight-channel-ihtiyaci,18,0.5388404879276457,NA,unknown,NA,NA,unknown,unknown,low,0,1,"[0.008891, 0.004089, 0.025302, 0.016333, 0.041409, 0.016282, 0.007096, 0.007582, 0.245437, 0.006873, 0.008093, 0.012093, 0.009113, 0.011254, 0.006980, 0.009612, 0.011260, 0.538840, 0.013215, 0.000247]"
doc_00887,Golf 7 Highline DSG vites ayarlanamiyor hatasi,https://www.golftutkusu.com/topic/22185-golf-7-highline-dsg-vites-ayarlanamiyor-hatasi,5,0.9756929089500346,NA,unknown,2013,NA,unknown,unknown,low,0,1,"[0.004121, 0.000615, 0.001419, 0.001316, 0.975693, 0.002155, 0.002402, 0.001374, 0.002022, 0.000597, 0.000770, 0.001195, 0.000695, 0.002817, 0.000151, 0.000224, 0.001118, 0.000370, 0.000928, 0.000018]"
doc_00888,Golf 7 Highline J Far Kodlama,https://www.golftutkusu.com/topic/23326-golf-7-highline-j-far-kodlama,6,0.9285793881742985,NA,unknown,NA,NA,unknown,unknown,low,0,7,"[0.000629, 0.003942, 0.001320, 0.003262, 0.003163, 0.928579, 0.001007, 0.000926, 0.000657, 0.004842, 0.003058, 0.001037, 0.000480, 0.000650, 0.001500, 0.038110, 0.000916, 0.003378, 0.002111, 0.000435]"
doc_00889,Golf 7 Highline Sunroof Cerceve Catlagi,https://www.golftutkusu.com/topic/22360-golf-7-highline-sunroof-cerceve-catlagi,5,0.9542722442534118,1.4,petrol,NA,NA,unknown,1.4_TSI,low,0,6,"[0.004758, 0.000827, 0.005004, 0.003474, 0.954272, 0.004323, 0.001577, 0.002947, 0.004318, 0.001015, 0.001882, 0.003024, 0.001344, 0.004501, 0.000388, 0.001226, 0.001878, 0.000842, 0.002315, 0.000084]"
doc_00890,Golf 7 Highline U Ledli Farda Mercek icindeki Ledi hk.,https://www.golftutkusu.com/topic/16805-golf-7-highline-u-ledli-farda-mercek-icindeki-ledi-hk,19,0.8579126108355594,NA,unknown,NA,NA,unknown,unknown,low,0,3,"[0.114601, 0.000780, 0.002218, 0.002870, 0.006121, 0.001450, 0.000654, 0.001208, 0.002255, 0.000994, 0.001703, 0.001345, 0.001158, 0.001625, 0.000820, 0.000289, 0.000862, 0.001033, 0.857913, 0.000100]"
doc_00891,Golf 7 Highline Xenon Farlarin Aydinlatmama Sorununa Alternatif Ekonomik Cozum Wolfram D3S 6000K,https://www.golftutkusu.com/topic/21270-golf-7-highline-xenon-farlarin-aydinlatmama-sorununa-alternatif-ekonomik-cozum-wolfram-d3s-6000k,1,0.9627952365258124,NA,unknown,2015,NA,unknown,unknown,low,0,7,"[0.962795, 0.000764, 0.001320, 0.001346, 0.015823, 0.001323, 0.001867, 0.001342, 0.001611, 0.000907, 0.001406, 0.001089, 0.000892, 0.001943, 0.000597, 0.000146, 0.001474, 0.000843, 0.002482, 0.000030]"
doc_00892,Golf 7 Highline beyaz xenon sis fari tavsiyesi,https://www.golftutkusu.com/topic/16392-golf-7-highline-beyaz-xenon-sis-fari-tavsiyesi,18,0.7394425872529408,NA,unknown,NA,NA,unknown,unknown,low,0,3,"[0.000578, 0.000701, 0.004275, 0.001336, 0.000192, 0.001912, 0.000701, 0.001054, 0.001746, 0.172738, 0.001022, 0.002442, 0.000823, 0.000660, 0.059468, 0.001724, 0.001495, 0.739443, 0.004737, 0.002953]"
doc_00893,Golf 7 Highline depo kapagi kilidi,https://www.golftutkusu.com/topic/9526-golf-7-highline-depo-kapagi-kilidi,12,0.988186211893616,1.6,diesel,2013,10000,0-30k,1.6_TDI,high,1,21,"[0.000528, 0.000264, 0.000358, 0.000843, 0.003800, 0.000575, 0.000369, 0.000341, 0.000713, 0.000354, 0.000500, 0.988186, 0.000429, 0.000755, 0.000127, 0.000404, 0.000310, 0.000489, 0.000634, 0.000020]"
doc_00894,Golf 7 Highline otomatik silecek sorunu,https://www.golftutkusu.com/topic/27496-golf-7-highline-otomatik-silecek-sorunu,14,0.8863438474717297,NA,unknown,2013,NA,unknown,unknown,low,0,9,"[0.001505, 0.007969, 0.003914, 0.006936, 0.008114, 0.002164, 0.001835, 0.001691, 0.001204, 0.013102, 0.009757, 0.002639, 0.001234, 0.886344, 0.002488, 0.039107, 0.001140, 0.004572, 0.003885, 0.000401]"
doc_00895,Golf 7 Hiz Sabitlemesi Hakkinda,https://www.golftutkusu.com/topic/10868-golf-7-hiz-sabitlemesi-hakkinda,10,0.8896554863277649,1.4,petrol,NA,NA,unknown,1.4_TSI,low,0,3,"[0.005913, 0.001782, 0.003488, 0.006014, 0.020543, 0.007042, 0.005458, 0.002375, 0.019937, 0.889655, 0.001258, 0.004643, 0.003238, 0.009425, 0.002297, 0.002796, 0.003902, 0.004154, 0.005913, 0.000166]"
doc_00896,Golf 7 Hiz Sabitleyici Taktirma,https://www.golftutkusu.com/topic/8248-golf-7-hiz-sabitleyici-taktirma,18,0.49589622918685006,NA,unknown,NA,NA,unknown,unknown,low,0,4,"[0.008280, 0.001090, 0.006758, 0.004378, 0.423107, 0.007780, 0.005377, 0.005234, 0.009490, 0.001820, 0.001524, 0.005439, 0.005014, 0.007128, 0.002277, 0.002072, 0.004219, 0.495896, 0.003057, 0.000060]"
doc_00897,Golf 7 Ic Ambiyans Aydinlatma Sorunu,https://www.golftutkusu.com/topic/22497-golf-7-ic-ambiyans-aydinlatma-sorunu,9,0.8613149877328701,NA,unknown,NA,NA,unknown,unknown,low,0,2,"[0.002410, 0.000934, 0.003326, 0.002748, 0.107417, 0.002668, 0.001528, 0.001155, 0.861315, 0.001096, 0.001591, 0.001918, 0.001026, 0.002767, 0.000693, 0.001468, 0.001378, 0.001368, 0.003086, 0.000107]"
doc_00898,Golf 7 Ic Kapi Aydinlatmalari,https://www.golftutkusu.com/topic/23903-golf-7-ic-kapi-aydinlatmalari,15,0.9371975935096255,NA,unknown,2013,NA,unknown,unknown,low,0,4,"[0.008902, 0.001043, 0.001167, 0.001104, 0.013214, 0.003360, 0.004624, 0.001833, 0.005853, 0.001438, 0.000303, 0.002052, 0.002310, 0.005015, 0.937198, 0.000392, 0.001467, 0.005630, 0.002934, 0.000163]"
doc_00899,Golf 7 Ic Tavan (Siyah),https://www.golftutkusu.com/topic/14445-golf-7-ic-tavan-siyah,9,0.9131767267203351,NA,unknown,NA,NA,unknown,unknown,low,0,4,"[0.003513, 0.002135, 0.010877, 0.006567, 0.019526, 0.004355, 0.003628, 0.001750, 0.913177, 0.002171, 0.003132, 0.003201, 0.002325, 0.004885, 0.001413, 0.003183, 0.002393, 0.004189, 0.007410, 0.000170]"
doc_00900,Golf 7 Ilginc bir ariza durumu,https://www.golftutkusu.com/topic/19379-golf-7-ilginc-bir-ariza-durumu,18,0.9086078436405745,NA,unknown,NA,NA,unknown,unknown,low,0,4,"[0.000299, 0.002546, 0.002742, 0.002818, 0.000443, 0.000798, 0.001026, 0.000831, 0.000594, 0.004566, 0.003414, 0.000766, 0.000930, 0.000547, 0.004983, 0.060774, 0.002023, 0.908608, 0.001017, 0.000275]"
doc_00901,Golf 7 Ilk calistirmada gelen tuhaf ses,https://www.golftutkusu.com/topic/25166-golf-7-ilk-calistirmada-gelen-tuhaf-ses,16,0.6706673781498306,1.4,petrol,2016,NA,unknown,1.4_TSI,medium,0,6,"[0.026925, 0.002481, 0.015767, 0.011552, 0.065365, 0.016197, 0.031834, 0.031690, 0.030656, 0.006157, 0.006430, 0.014538, 0.009872, 0.022434, 0.001882, 0.670667, 0.006076, 0.021864, 0.007446, 0.000168]"
doc_00902,Golf 7 Isitmali Sol Dikiz Ayna Cami,https://www.golftutkusu.com/topic/20542-golf-7-isitmali-sol-dikiz-ayna-cami,5,0.5082074666276972,NA,unknown,NA,NA,unknown,unknown,low,0,1,"[0.003934, 0.001903, 0.444034, 0.004033, 0.508207, 0.003644, 0.002182, 0.002523, 0.004541, 0.000960, 0.002240, 0.002467, 0.001917, 0.006566, 0.000480, 0.002462, 0.002457, 0.002268, 0.003062, 0.000121]"
doc_00903,Golf 7 J Far Hatasi,https://www.golftutkusu.com/topic/25921-golf-7-j-far-hatasi,18,0.5018425582116158,NA,unknown,NA,15000,0-30k,unknown,low,0,7,"[0.210181, 0.002328, 0.011054, 0.006260, 0.186550, 0.009328, 0.005686, 0.004035, 0.015748, 0.004326, 0.003977, 0.005820, 0.005568, 0.009446, 0.003757, 0.001249, 0.007443, 0.501843, 0.005334, 0.000067]"
doc_00904,Golf 7 J Far Soketi,https://www.golftutkusu.com/topic/17716-golf-7-j-far-soketi,4,0.7160977242335571,NA,unknown,NA,NA,unknown,unknown,low,0,4,"[0.003259, 0.001068, 0.003818, 0.716098, 0.241852, 0.003726, 0.002074, 0.003199, 0.005053, 0.001415, 0.002255, 0.002917, 0.001392, 0.003455, 0.000362, 0.001474, 0.001720, 0.001581, 0.003199, 0.000083]"
doc_00905,Golf 7 J far,https://www.golftutkusu.com/topic/26330-golf-7-j-far,5,0.9607794509274934,NA,unknown,NA,NA,unknown,unknown,low,0,3,"[0.008860, 0.000959, 0.002212, 0.002036, 0.960779, 0.002987, 0.003199, 0.002116, 0.003198, 0.000977, 0.001253, 0.001827, 0.001061, 0.003696, 0.000260, 0.000332, 0.002010, 0.000654, 0.001557, 0.000028]"
doc_00906,Golf 7 J far soketi,https://www.golftutkusu.com/topic/16861-golf-7-j-far-soketi,5,0.9696345154554578,NA,unknown,NA,NA,unknown,unknown,low,0,5,"[0.002483, 0.000382, 0.002724, 0.001562, 0.969635, 0.002700, 0.001517, 0.002288, 0.002201, 0.000530, 0.002019, 0.001278, 0.000907, 0.003969, 0.000693, 0.001558, 0.001683, 0.000979, 0.000745, 0.000146]"
doc_00907,"Golf 7 J led far icin tuhaf durum,ariza",https://www.golftutkusu.com/topic/23378-golf-7-j-led-far-icin-tuhaf-durum-ariza,3,0.49263499425943774,NA,unknown,NA,NA,unknown,unknown,medium,1,3,"[0.007282, 0.002193, 0.492635, 0.002244, 0.456821, 0.002772, 0.006157, 0.001660, 0.008142, 0.000943, 0.001778, 0.001346, 0.001769, 0.005514, 0.000380, 0.001110, 0.002182, 0.002608, 0.002412, 0.000050]"
doc_00908,Golf 7 J led far ve 7.5 Led stop montaji,https://www.golftutkusu.com/topic/25690-golf-7-j-led-far-ve-7-5-led-stop-montaji,7,0.9889092689466398,NA,unknown,NA,NA,unknown,unknown,low,0,4,"[0.000218, 0.000371, 0.000736, 0.000650, 0.000786, 0.000765, 0.988909, 0.000343, 0.000633, 0.000458, 0.000980, 0.000441, 0.000536, 0.000517, 0.000794, 0.000889, 0.000484, 0.000893, 0.000340, 0.000256]"
doc_00909,Golf 7 Jant - Lastik Uyumu Hk.,https://www.golftutkusu.com/topic/9397-golf-7-jant-lastik-uyumu-hk,13,0.595735779977091,NA,unknown,NA,NA,unknown,unknown,high,1,12,"[0.003939, 0.002266, 0.005418, 0.004092, 0.016535, 0.004475, 0.002806, 0.002630, 0.003844, 0.002192, 0.005376, 0.004688, 0.595736, 0.330194, 0.001452, 0.002225, 0.001392, 0.004357, 0.006240, 0.000143]"
doc_00910,Golf 7 Kadran Dili ve Airbag Hatasi,https://www.golftutkusu.com/topic/24724-golf-7-kadran-dili-ve-airbag-hatasi,12,0.9687849544080662,NA,unknown,NA,NA,unknown,unknown,low,0,3,"[0.000397, 0.001128, 0.000087, 0.000717, 0.000680, 0.000611, 0.001379, 0.000525, 0.000119, 0.001085, 0.011345, 0.968785, 0.000356, 0.000504, 0.001900, 0.004999, 0.000550, 0.003046, 0.000702, 0.001087]"
doc_00911,Golf 7 Kalorifer Sorunu,https://www.golftutkusu.com/topic/18471-golf-7-kalorifer-sorunu,19,0.7804558103289598,1.4,petrol,2016,87000,60-90k,1.4_TSI,high,0,14,"[0.005984, 0.001054, 0.004282, 0.008496, 0.011158, 0.004711, 0.003265, 0.002463, 0.005495, 0.001073, 0.150406, 0.004557, 0.003228, 0.006445, 0.000541, 0.001173, 0.002479, 0.002516, 0.780456, 0.000218]"
doc_00912,Golf 7 Kapanmayan Multimedya Sorunu,https://www.golftutkusu.com/topic/21010-golf-7-kapanmayan-multimedya-sorunu,6,0.7638208874514999,NA,unknown,NA,NA,unknown,unknown,low,0,5,"[0.006605, 0.002720, 0.008083, 0.009359, 0.148207, 0.763821, 0.004622, 0.004121, 0.009560, 0.002633, 0.004483, 0.005342, 0.003273, 0.007830, 0.001411, 0.002808, 0.003926, 0.004357, 0.006575, 0.000263]"
doc_00913,Golf 7 Kapi Fitili aracin metal kismina takiliyor kapi zor aciliyor.,https://www.golftutkusu.com/topic/27481-golf-7-kapi-fitili-aracin-metal-kismina-takiliyor-kapi-zor-aciliyor,5,0.9468960038008095,NA,unknown,NA,NA,unknown,unknown,low,0,1,"[0.009722, 0.001396, 0.002857, 0.003119, 0.946896, 0.003905, 0.005587, 0.002749, 0.004434, 0.001369, 0.001729, 0.002500, 0.001591, 0.005724, 0.000352, 0.000465, 0.002521, 0.000917, 0.002130, 0.000037]"
doc_00914,Golf 7 Kapi Kaplamasi Sokulmus,https://www.golftutkusu.com/topic/24039-golf-7-kapi-kaplamasi-sokulmus,13,0.9873828567413446,NA,unknown,NA,NA,unknown,unknown,low,0,3,"[0.000320, 0.000386, 0.000714, 0.000508, 0.001014, 0.000777, 0.000532, 0.000449, 0.000412, 0.000252, 0.000750, 0.000698, 0.987383, 0.000760, 0.000928, 0.000806, 0.000363, 0.001956, 0.000665, 0.000327]"
doc_00915,Golf 7 Kapi Kilit Acma Dugmesi,https://www.golftutkusu.com/topic/13921-golf-7-kapi-kilit-acma-dugmesi,10,0.9819158352515991,NA,unknown,2016,NA,unknown,unknown,high,3,15,"[0.000822, 0.000237, 0.000450, 0.001169, 0.002250, 0.000728, 0.001673, 0.000619, 0.001011, 0.981916, 0.000302, 0.000838, 0.000618, 0.001835, 0.000927, 0.000952, 0.001194, 0.001514, 0.000871, 0.000076]"
doc_00916,Golf 7 Katlanir Ayna Problemi,https://www.golftutkusu.com/topic/21482-golf-7-katlanir-ayna-problemi,1,0.974104823109726,NA,unknown,NA,NA,unknown,unknown,medium,1,9,"[0.974105, 0.000393, 0.001688, 0.001297, 0.008247, 0.001255, 0.000550, 0.001124, 0.001361, 0.000606, 0.001381, 0.001007, 0.000681, 0.001617, 0.000659, 0.000309, 0.000879, 0.000657, 0.002121, 0.000064]"
doc_00917,Golf 7 Katlanir Ayna Taktirdim,https://www.golftutkusu.com/topic/12876-golf-7-katlanir-ayna-taktirdim,4,0.9758319537892962,NA,unknown,NA,NA,unknown,unknown,low,0,4,"[0.001078, 0.000528, 0.001107, 0.975832, 0.006054, 0.001405, 0.001251, 0.001014, 0.001810, 0.000781, 0.001169, 0.001335, 0.000665, 0.001295, 0.000174, 0.000653, 0.000794, 0.001065, 0.001958, 0.000032]"
doc_00918,Golf 7 Kendiliginden meydana gelen on cam catlagi,https://www.golftutkusu.com/topic/11619-golf-7-kendiliginden-meydana-gelen-on-cam-catlagi,1,0.9682624405896781,NA,unknown,2014,3000,0-30k,unknown,low,0,12,"[0.968262, 0.000494, 0.002312, 0.001599, 0.010201, 0.001394, 0.000668, 0.001333, 0.001771, 0.000720, 0.001598, 0.001155, 0.000803, 0.001803, 0.000806, 0.000382, 0.001056, 0.000816, 0.002751, 0.000076]"
doc_00919,Golf 7 Kisa Sag On Ampul Kesti,https://www.golftutkusu.com/topic/22331-golf-7-kisa-sag-on-ampul-kesti,5,0.9530074944389382,NA,unknown,2014,NA,unknown,unknown,low,0,4,"[0.003215, 0.000494, 0.002943, 0.001881, 0.953007, 0.003071, 0.000940, 0.001578, 0.002558, 0.000689, 0.001538, 0.001798, 0.000894, 0.021547, 0.000277, 0.000835, 0.000970, 0.000465, 0.001245, 0.000055]"
doc_00920,Golf 7 Kisalar acikken gunduz farlari hala yaniyor,https://www.golftutkusu.com/topic/23297-golf-7-kisalar-acikken-gunduz-farlari-hala-yaniyor,4,0.9789166200124904,NA,unknown,NA,NA,unknown,unknown,low,0,10,"[0.000963, 0.000527, 0.001052, 0.978917, 0.004114, 0.001206, 0.001034, 0.000961, 0.001793, 0.000714, 0.001033, 0.001312, 0.000674, 0.001224, 0.000168, 0.000633, 0.000624, 0.001075, 0.001947, 0.000029]"
doc_00921,Golf 7 Klima Isitmiyor Ve Ses Geliyor,https://www.golftutkusu.com/topic/17206-golf-7-klima-isitmiyor-ve-ses-geliyor,3,0.8437394699527826,NA,unknown,NA,NA,unknown,unknown,low,0,10,"[0.002055, 0.002775, 0.843739, 0.079189, 0.004091, 0.002818, 0.002461, 0.006372, 0.004326, 0.004190, 0.008475, 0.002793, 0.000758, 0.003319, 0.002996, 0.008799, 0.001889, 0.008756, 0.008305, 0.001892]"
doc_00922,Golf 7 Klima Sorunu,https://www.golftutkusu.com/topic/23527-golf-7-klima-sorunu,9,0.9621002712921416,1.6,diesel,2015,NA,unknown,1.6_TDI,medium,1,5,"[0.001601, 0.000945, 0.002761, 0.003128, 0.008484, 0.001772, 0.001730, 0.000717, 0.962100, 0.001140, 0.001492, 0.001702, 0.000979, 0.002862, 0.000844, 0.001447, 0.001100, 0.001913, 0.003197, 0.000085]"
doc_00923,Golf 7 Klima Yonlendirmesinde Sorun,https://www.golftutkusu.com/topic/22268-golf-7-klima-yonlendirmesinde-sorun,6,0.8159852471405594,NA,unknown,NA,NA,unknown,unknown,low,0,2,"[0.002231, 0.000884, 0.000682, 0.001562, 0.008623, 0.815985, 0.155217, 0.001363, 0.002399, 0.000661, 0.000948, 0.001145, 0.000922, 0.002363, 0.000514, 0.000604, 0.000781, 0.001779, 0.001282, 0.000057]"
doc_00924,Golf 7 Koku ve Bugu Sorunu,https://www.golftutkusu.com/topic/16806-golf-7-koku-ve-bugu-sorunu,14,0.9799320968542842,NA,unknown,NA,NA,unknown,unknown,low,0,4,"[0.001856, 0.000347, 0.000577, 0.000490, 0.007315, 0.000723, 0.001841, 0.000424, 0.000745, 0.000473, 0.001520, 0.000593, 0.000632, 0.979932, 0.000488, 0.000345, 0.000419, 0.000807, 0.000451, 0.000023]"
doc_00925,Golf 7 Koltuk isitma montaji hk.,https://www.golftutkusu.com/topic/11507-golf-7-koltuk-isitma-montaji-hk,4,0.9801838016753562,NA,unknown,2018,3000,0-30k,unknown,medium,1,14,"[0.000161, 0.002994, 0.000082, 0.980184, 0.000302, 0.000482, 0.000294, 0.000663, 0.000362, 0.000852, 0.001989, 0.000111, 0.000283, 0.000521, 0.000717, 0.003597, 0.000333, 0.003385, 0.000899, 0.001789]"
doc_00926,Golf 7 Kontagi Acinca Gelen Gicirdama,https://www.golftutkusu.com/topic/10387-golf-7-kontagi-acinca-gelen-gicirdama,1,0.9816343066700016,1.2,petrol,NA,NA,unknown,1.2_TSI,high,2,12,"[0.981634, 0.000216, 0.001094, 0.000662, 0.003780, 0.000793, 0.000589, 0.000952, 0.000673, 0.000374, 0.001753, 0.000510, 0.000528, 0.001748, 0.001247, 0.000448, 0.000775, 0.000927, 0.001170, 0.000127]"
doc_00927,Golf 7 Korna Calismiyor,https://www.golftutkusu.com/topic/8182-golf-7-korna-calismiyor,14,0.9629936627074608,NA,unknown,NA,NA,unknown,unknown,medium,1,7,"[0.001682, 0.000563, 0.002249, 0.001700, 0.007901, 0.001849, 0.002115, 0.001122, 0.001903, 0.000926, 0.004172, 0.001461, 0.001538, 0.962994, 0.001359, 0.002170, 0.000829, 0.002124, 0.001229, 0.000116]"
doc_00928,Golf 7 Lastik basinc sonmuyor,https://www.golftutkusu.com/topic/17835-golf-7-lastik-basinc-sonmuyor,7,0.9799333796596956,NA,unknown,2014,NA,unknown,unknown,medium,0,5,"[0.000359, 0.000599, 0.001168, 0.001153, 0.001237, 0.001451, 0.979933, 0.000542, 0.001113, 0.000827, 0.001529, 0.000806, 0.001015, 0.000972, 0.001495, 0.001403, 0.000884, 0.002502, 0.000607, 0.000405]"
doc_00929,Golf 7 Logo Geri Gorus Kamera Acilmama Sorunu,https://www.golftutkusu.com/topic/10035-golf-7-logo-geri-gorus-kamera-acilmama-sorunu,19,0.9701467016141215,NA,unknown,2023,25000,0-30k,unknown,high,2,18,"[0.001741, 0.000057, 0.001217, 0.000828, 0.003466, 0.003214, 0.001888, 0.001034, 0.003479, 0.000409, 0.002481, 0.000777, 0.000511, 0.002132, 0.001610, 0.000787, 0.000127, 0.003986, 0.970147, 0.000109]"
doc_00930,Golf 7 Media Cihazi Sokme Kablo Tertibati,https://www.golftutkusu.com/topic/12681-golf-7-media-cihazi-sokme-kablo-tertibati,9,0.9813157722005199,NA,unknown,2000,6000,0-30k,unknown,medium,1,10,"[0.001057, 0.000616, 0.000769, 0.000666, 0.002287, 0.000880, 0.001976, 0.000239, 0.981316, 0.000512, 0.000884, 0.000593, 0.000646, 0.000765, 0.001498, 0.000664, 0.000810, 0.002168, 0.001358, 0.000294]"
doc_00931,Golf 7 Midline Plus Kalorifer Petegi Tikali Sicak Uflemiyor,https://www.golftutkusu.com/topic/9860-golf-7-midline-plus-kalorifer-petegi-tikali-sicak-uflemiyor,19,0.9046341906699026,NA,unknown,2014,NA,unknown,unknown,high,3,13,"[0.001305, 0.001121, 0.002171, 0.001082, 0.000680, 0.000904, 0.000829, 0.073859, 0.000774, 0.002335, 0.001962, 0.001560, 0.000497, 0.000445, 0.001288, 0.000710, 0.000798, 0.001963, 0.904634, 0.001083]"
doc_00932,Golf 7 Motor Ariza Lambasi,https://www.golftutkusu.com/topic/14999-golf-7-motor-ariza-lambasi,4,0.9635574828789166,1.6,diesel,2015,90000,90-120k,1.6_TDI,high,1,19,"[0.000217, 0.001708, 0.000079, 0.963557, 0.000328, 0.000490, 0.000357, 0.000665, 0.000354, 0.000554, 0.021224, 0.000128, 0.000272, 0.000743, 0.000499, 0.003114, 0.000414, 0.002494, 0.000788, 0.002017]"
doc_00933,Golf 7 Motor Ariza Lambasi,https://www.golftutkusu.com/topic/19478-golf-7-motor-ariza-lambasi,19,0.9191713423102184,1.2,petrol,2014,2000,0-30k,1.2_TSI,high,2,7,"[0.000457, 0.000436, 0.002707, 0.000590, 0.000169, 0.000814, 0.000194, 0.000571, 0.000683, 0.000941, 0.001713, 0.000879, 0.000292, 0.000241, 0.002653, 0.000398, 0.000219, 0.000904, 0.919171, 0.065968]"
doc_00934,Golf 7 Motor Sogutma Suyu Problemi,https://www.golftutkusu.com/topic/26302-golf-7-motor-sogutma-suyu-problemi,6,0.25385232627871285,1.6,diesel,NA,60000,60-90k,1.6_TDI,high,4,25,"[0.011610, 0.005599, 0.024078, 0.025659, 0.031513, 0.253852, 0.018258, 0.094014, 0.015513, 0.008876, 0.022178, 0.011977, 0.010807, 0.019662, 0.008108, 0.168313, 0.012158, 0.023340, 0.233065, 0.001418]"
doc_00935,Golf 7 Motor isigi sorunu,https://www.golftutkusu.com/topic/23255-golf-7-motor-isigi-sorunu,18,0.5843300469032234,NA,unknown,2015,NA,unknown,unknown,medium,1,1,"[0.000101, 0.000424, 0.001155, 0.000874, 0.000096, 0.000454, 0.000476, 0.000448, 0.000218, 0.001255, 0.075968, 0.000575, 0.000473, 0.000253, 0.000844, 0.330231, 0.000812, 0.584330, 0.000393, 0.000620]"
doc_00936,Golf 7 Motorun Ilk Calistirmada Sarsintili ve Zor Devreye Girip Calismasi,https://www.golftutkusu.com/topic/13642-golf-7-motorun-ilk-calistirmada-sarsintili-ve-zor-devreye-girip-calismasi,15,0.9920237092185116,1.4,petrol,2019,3000,0-30k,1.4_TSI,high,4,43,"[0.000550, 0.000184, 0.000382, 0.000206, 0.000466, 0.000522, 0.000433, 0.000125, 0.000547, 0.000272, 0.000135, 0.000338, 0.000521, 0.000412, 0.992024, 0.000207, 0.000300, 0.001499, 0.000433, 0.000442]"
doc_00937,Golf 7 On Cam degisimi,https://www.golftutkusu.com/topic/9994-golf-7-on-cam-degisimi,4,0.9396676241942695,NA,unknown,2002,5000,0-30k,unknown,high,2,33,"[0.002861, 0.001587, 0.003259, 0.939668, 0.011156, 0.003736, 0.003028, 0.002851, 0.005202, 0.002029, 0.002758, 0.003199, 0.001932, 0.003265, 0.000525, 0.001758, 0.001819, 0.003120, 0.006165, 0.000080]"
doc_00938,Golf 7 On Gogus Sokulmesi Evaporator Degisimi,https://www.golftutkusu.com/topic/23409-golf-7-on-gogus-sokulmesi-evaporator-degisimi,5,0.7626666239790993,NA,unknown,2014,NA,unknown,unknown,low,0,1,"[0.016132, 0.003409, 0.015532, 0.012527, 0.762667, 0.017024, 0.016634, 0.017512, 0.020770, 0.004122, 0.020270, 0.011939, 0.008679, 0.024280, 0.006463, 0.012093, 0.011308, 0.010794, 0.006811, 0.001034]"
doc_00939,Golf 7 On Led Sinyal ile Amerikan Park,https://www.golftutkusu.com/topic/26073-golf-7-on-led-sinyal-ile-amerikan-park,8,0.9838728464844103,NA,unknown,NA,NA,unknown,unknown,medium,1,1,"[0.000835, 0.000472, 0.000538, 0.001067, 0.002257, 0.000847, 0.000746, 0.983873, 0.000348, 0.000339, 0.000918, 0.000690, 0.001063, 0.000591, 0.000597, 0.002008, 0.000892, 0.001158, 0.000602, 0.000160]"
doc_00940,Golf 7 On Park Sensor Arizasi,https://www.golftutkusu.com/topic/17654-golf-7-on-park-sensor-arizasi,13,0.9972252546980898,NA,unknown,2015,NA,unknown,unknown,high,2,16,"[0.000071, 0.000102, 0.000168, 0.000096, 0.000166, 0.000147, 0.000115, 0.000102, 0.000081, 0.000057, 0.000164, 0.000142, 0.997225, 0.000145, 0.000261, 0.000172, 0.000079, 0.000456, 0.000163, 0.000088]"
doc_00941,Golf 7 On Salincak Burclari Degisimi Tavsiye,https://www.golftutkusu.com/topic/23955-golf-7-on-salincak-burclari-degisimi-tavsiye,9,0.9860199639152684,NA,unknown,2020,8000,0-30k,unknown,high,3,92,"[0.000430, 0.000289, 0.000873, 0.000671, 0.001925, 0.000591, 0.000899, 0.000260, 0.986020, 0.000341, 0.000792, 0.000370, 0.000372, 0.000866, 0.001053, 0.001024, 0.000551, 0.001911, 0.000674, 0.000088]"
doc_00942,Golf 7 Onden Gelen Metal Sesi,https://www.golftutkusu.com/topic/17181-golf-7-onden-gelen-metal-sesi,6,0.6619710441184007,NA,unknown,NA,85000,60-90k,unknown,medium,0,9,"[0.001809, 0.001198, 0.002458, 0.002902, 0.026546, 0.661971, 0.002995, 0.001264, 0.269973, 0.001197, 0.003362, 0.001644, 0.001552, 0.006631, 0.002408, 0.002986, 0.001776, 0.004381, 0.002468, 0.000478]"
doc_00943,Golf 7 Otomatik Kararan Dikiz Aynasi,https://www.golftutkusu.com/topic/14042-golf-7-otomatik-kararan-dikiz-aynasi,12,0.7770866532164855,NA,unknown,NA,NA,unknown,unknown,medium,1,9,"[0.001761, 0.000592, 0.001292, 0.001738, 0.202200, 0.001847, 0.000883, 0.001181, 0.001903, 0.000760, 0.001188, 0.777087, 0.000939, 0.002386, 0.000275, 0.000922, 0.000972, 0.000786, 0.001231, 0.000059]"
doc_00944,Golf 7 Park Sensoru montaji hakkinda,https://www.golftutkusu.com/topic/11097-golf-7-park-sensoru-montaji-hakkinda,4,0.6639861500835201,NA,unknown,NA,NA,unknown,unknown,low,0,7,"[0.009066, 0.003765, 0.012594, 0.663986, 0.182223, 0.011175, 0.006917, 0.009091, 0.018557, 0.005407, 0.007963, 0.009571, 0.004959, 0.013063, 0.001375, 0.007742, 0.005108, 0.006114, 0.021067, 0.000258]"
doc_00945,Golf 7 Park sensor isigi,https://www.golftutkusu.com/topic/19580-golf-7-park-sensor-isigi,5,0.5290185751322797,NA,unknown,2013,NA,unknown,unknown,low,0,1,"[0.005052, 0.000134, 0.005512, 0.002209, 0.529019, 0.010585, 0.004349, 0.003846, 0.009900, 0.001210, 0.005740, 0.004173, 0.001026, 0.404127, 0.001235, 0.002695, 0.000333, 0.004196, 0.004589, 0.000071]"
doc_00946,Golf 7 Radio montaj,https://www.golftutkusu.com/topic/23088-golf-7-radio-montaj,7,0.9791088702117211,NA,unknown,NA,NA,unknown,unknown,low,0,5,"[0.001678, 0.000733, 0.000704, 0.000951, 0.004101, 0.000951, 0.979109, 0.000818, 0.001216, 0.000897, 0.001583, 0.000530, 0.000760, 0.001746, 0.000685, 0.000502, 0.001226, 0.001266, 0.000507, 0.000037]"
doc_00947,Golf 7 Replika 18 inc Jant biktirdi...,https://www.golftutkusu.com/topic/14201-golf-7-replika-18-inc-jant-biktirdi,19,0.6319754099591274,NA,unknown,NA,NA,unknown,unknown,medium,1,6,"[0.141342, 0.006278, 0.008124, 0.012013, 0.096804, 0.009217, 0.012546, 0.006415, 0.018930, 0.006402, 0.007287, 0.008320, 0.006868, 0.010853, 0.002641, 0.000895, 0.006950, 0.005955, 0.631975, 0.000184]"
doc_00948,Golf 7 Saft Tuneli Demiri,https://www.golftutkusu.com/topic/13766-golf-7-saft-tuneli-demiri,5,0.9161976396953996,NA,unknown,NA,NA,unknown,unknown,low,0,1,"[0.008055, 0.001541, 0.007207, 0.007581, 0.916198, 0.008164, 0.002990, 0.005861, 0.007294, 0.001932, 0.003674, 0.005456, 0.002651, 0.008954, 0.000719, 0.002265, 0.003658, 0.001647, 0.004013, 0.000142]"
doc_00949,Golf 7 Sag Kisa Far Sorunu,https://www.golftutkusu.com/topic/20294-golf-7-sag-kisa-far-sorunu,4,0.9691332767672417,NA,unknown,NA,NA,unknown,unknown,low,0,1,"[0.000501, 0.000226, 0.000630, 0.969133, 0.001417, 0.001074, 0.001071, 0.000619, 0.000742, 0.000264, 0.016987, 0.000865, 0.000625, 0.000922, 0.000369, 0.000985, 0.000601, 0.001467, 0.001131, 0.000371]"
doc_00950,Golf 7 Sag On Kapi Kilitlenmemesi,https://www.golftutkusu.com/topic/18365-golf-7-sag-on-kapi-kilitlenmemesi,19,0.9076238738249572,NA,unknown,2016,54000,30-60k,unknown,high,3,10,"[0.001537, 0.011157, 0.002401, 0.008003, 0.001937, 0.001352, 0.001313, 0.001333, 0.001298, 0.032339, 0.003864, 0.001665, 0.001119, 0.000787, 0.002504, 0.013744, 0.001374, 0.003994, 0.907624, 0.000655]"
doc_00951,Golf 7 Sag On Kapi Tavan Kismindan Su Alma Sorunu,https://www.golftutkusu.com/topic/22425-golf-7-sag-on-kapi-tavan-kismindan-su-alma-sorunu,9,0.9354948030155319,1.4,petrol,2013,2000,0-30k,1.4_TSI,low,0,3,"[0.005060, 0.001097, 0.002191, 0.002326, 0.020098, 0.003292, 0.005816, 0.002024, 0.935495, 0.000998, 0.001295, 0.002162, 0.001464, 0.004390, 0.001118, 0.001479, 0.001493, 0.004470, 0.003656, 0.000077]"
doc_00952,Golf 7 Sag on kapi camini kapatirken bazen kendi kendine asagi iniyor,https://www.golftutkusu.com/topic/27542-golf-7-sag-on-kapi-camini-kapatirken-bazen-kendi-kendine-asagi-iniyor,4,0.9826501927536707,NA,unknown,NA,NA,unknown,unknown,low,0,3,"[0.000442, 0.000384, 0.000720, 0.982650, 0.001264, 0.001193, 0.000982, 0.000655, 0.000842, 0.000499, 0.001177, 0.000879, 0.000725, 0.000697, 0.000703, 0.001136, 0.000670, 0.003000, 0.001064, 0.000319]"
doc_00953,Golf 7 Ses Problemi,https://www.golftutkusu.com/topic/10614-golf-7-ses-problemi,9,0.9078260434453294,NA,unknown,NA,1000,0-30k,unknown,high,2,11,"[0.000490, 0.003341, 0.000487, 0.000956, 0.059529, 0.000885, 0.000336, 0.000843, 0.907826, 0.000933, 0.001823, 0.000154, 0.000288, 0.001102, 0.001450, 0.012200, 0.000719, 0.003197, 0.000682, 0.002761]"
doc_00954,Golf 7 Ses Sorunlari,https://www.golftutkusu.com/topic/10906-golf-7-ses-sorunlari,6,0.8709725995304397,1.2,petrol,2015,NA,unknown,1.2_TSI,high,2,14,"[0.006788, 0.003502, 0.007161, 0.010430, 0.031267, 0.870973, 0.006023, 0.004075, 0.009389, 0.003281, 0.005161, 0.006177, 0.004623, 0.007348, 0.001787, 0.003083, 0.004370, 0.006549, 0.007749, 0.000266]"
doc_00955,Golf 7 Ses sistemi,https://www.golftutkusu.com/topic/26192-golf-7-ses-sistemi,4,0.8659741655123335,NA,unknown,NA,NA,unknown,unknown,low,0,1,"[0.012535, 0.002114, 0.002682, 0.865974, 0.034077, 0.007910, 0.014417, 0.007963, 0.009615, 0.002255, 0.002901, 0.005331, 0.003243, 0.007631, 0.001026, 0.002081, 0.002758, 0.008038, 0.007352, 0.000097]"
doc_00956,Golf 7 Sigara Yanigi Icin Uygun Kumasi Nasil Bulurum?,https://www.golftutkusu.com/topic/19166-golf-7-sigara-yanigi-icin-uygun-kumasi-nasil-bulurum,9,0.9411121269908125,NA,unknown,NA,NA,unknown,unknown,low,0,2,"[0.005252, 0.001835, 0.002532, 0.002893, 0.017564, 0.002094, 0.005804, 0.001000, 0.941112, 0.001712, 0.001730, 0.001820, 0.001499, 0.003017, 0.000812, 0.000725, 0.002078, 0.002838, 0.003636, 0.000045]"
doc_00957,Golf 7 Sigara yanigi tamiri,https://www.golftutkusu.com/topic/18493-golf-7-sigara-yanigi-tamiri,3,0.5328668598573199,NA,unknown,NA,NA,unknown,unknown,low,0,6,"[0.014893, 0.006977, 0.532867, 0.078474, 0.276554, 0.006415, 0.012059, 0.004172, 0.014031, 0.002790, 0.004488, 0.003919, 0.005264, 0.011843, 0.000901, 0.002504, 0.005008, 0.007598, 0.009131, 0.000114]"
doc_00958,Golf 7 Silecek Suyu,https://www.golftutkusu.com/topic/16959-golf-7-silecek-suyu,3,0.8605155913484127,NA,unknown,2013,NA,unknown,unknown,low,0,5,"[0.000512, 0.103672, 0.860516, 0.000856, 0.001157, 0.000600, 0.000611, 0.000636, 0.000855, 0.000607, 0.001991, 0.000062, 0.000819, 0.001421, 0.001607, 0.009935, 0.000676, 0.007617, 0.001325, 0.004527]"
doc_00959,Golf 7 Silecek Suyu Atmama Sorunu,https://www.golftutkusu.com/topic/23625-golf-7-silecek-suyu-atmama-sorunu,3,0.433196932613313,1.2,petrol,2013,NA,unknown,1.2_TSI,high,2,6,"[0.044739, 0.008541, 0.433197, 0.011538, 0.251277, 0.023121, 0.037412, 0.016379, 0.037795, 0.003755, 0.007533, 0.010239, 0.012123, 0.031610, 0.003896, 0.009771, 0.009144, 0.030810, 0.016744, 0.000378]"
doc_00960,Golf 7 Sis fari arka kapagi,https://www.golftutkusu.com/topic/7914-golf-7-sis-fari-arka-kapagi,12,0.9667921949612064,NA,unknown,NA,NA,unknown,unknown,low,0,1,"[0.003226, 0.001063, 0.000528, 0.001868, 0.008811, 0.001397, 0.002483, 0.000896, 0.001785, 0.001254, 0.001219, 0.966792, 0.001263, 0.002169, 0.000308, 0.000392, 0.001253, 0.001530, 0.001739, 0.000021]"
doc_00961,Golf 7 Sofor cami cizigi,https://www.golftutkusu.com/topic/27004-golf-7-sofor-cami-cizigi,6,0.9753289826216978,NA,unknown,NA,NA,unknown,unknown,low,0,6,"[0.000741, 0.000541, 0.001088, 0.001155, 0.005543, 0.975329, 0.001094, 0.000586, 0.001075, 0.000436, 0.001468, 0.001009, 0.000987, 0.001426, 0.001457, 0.001257, 0.000773, 0.002321, 0.000957, 0.000757]"
doc_00962,Golf 7 Sol Arka Cam Dugmesi Arizasi,https://www.golftutkusu.com/topic/9737-golf-7-sol-arka-cam-dugmesi-arizasi,11,0.9850751432458984,NA,unknown,NA,NA,unknown,unknown,high,2,6,"[0.000892, 0.000079, 0.000782, 0.000867, 0.001139, 0.001073, 0.001057, 0.000490, 0.000687, 0.000071, 0.985075, 0.000829, 0.000753, 0.001476, 0.000352, 0.000909, 0.000967, 0.001157, 0.000759, 0.000587]"
doc_00963,Golf 7 Start Stop Sorunu,https://www.golftutkusu.com/topic/17598-golf-7-start-stop-sorunu,11,0.9830004679867256,NA,unknown,2018,NA,unknown,unknown,high,1,20,"[0.000446, 0.000557, 0.000490, 0.001320, 0.000543, 0.000429, 0.000919, 0.000495, 0.000180, 0.000589, 0.983000, 0.000386, 0.000247, 0.000732, 0.000454, 0.005220, 0.001038, 0.001776, 0.000755, 0.000423]"
doc_00964,Golf 7 Start-Stop Hatasi,https://www.golftutkusu.com/topic/23889-golf-7-start-stop-hatasi,7,0.3668377318129054,1.4,petrol,2016,NA,unknown,1.4_TSI,medium,1,5,"[0.083208, 0.006766, 0.008451, 0.137378, 0.179782, 0.011678, 0.366838, 0.009918, 0.015025, 0.008932, 0.018588, 0.008981, 0.006222, 0.012519, 0.002437, 0.002184, 0.102344, 0.008470, 0.010104, 0.000177]"
doc_00965,Golf 7 Stop Catlak,https://www.golftutkusu.com/topic/20519-golf-7-stop-catlak,20,0.9834246747434512,NA,unknown,NA,NA,unknown,unknown,low,0,3,"[0.001980, 0.001382, 0.000003, 0.000589, 0.001177, 0.001436, 0.000530, 0.000199, 0.000666, 0.000490, 0.000142, 0.000007, 0.000052, 0.000386, 0.003613, 0.001916, 0.000912, 0.000626, 0.000471, 0.983425]"
doc_00966,Golf 7 Su seviyesi degisimi,https://www.golftutkusu.com/topic/27011-golf-7-su-seviyesi-degisimi,19,0.9623401698367463,NA,unknown,NA,NA,unknown,unknown,high,1,13,"[0.004498, 0.000717, 0.001147, 0.001757, 0.009662, 0.002060, 0.001998, 0.001458, 0.003717, 0.000661, 0.000853, 0.001491, 0.001516, 0.002890, 0.000549, 0.000262, 0.000607, 0.001765, 0.962340, 0.000052]"
doc_00967,Golf 7 Surucu Tarafi Cam Acma Dugme Seti Nasil Degisir Acaba ?,https://www.golftutkusu.com/topic/17837-golf-7-surucu-tarafi-cam-acma-dugme-seti-nasil-degisir-acaba,18,0.6496301623611842,NA,unknown,2020,NA,unknown,unknown,low,0,4,"[0.002437, 0.001430, 0.290602, 0.003509, 0.005968, 0.003209, 0.003237, 0.001962, 0.004402, 0.001391, 0.003658, 0.002027, 0.004764, 0.004067, 0.004083, 0.007400, 0.003282, 0.649630, 0.002749, 0.000194]"
doc_00968,Golf 7 TDI 1500-1900 devir arasi duzensizlik,https://www.golftutkusu.com/topic/21512-golf-7-tdi-1500-1900-devir-arasi-duzensizlik,18,0.4893047005003673,NA,unknown,NA,150000,150-180k,unknown,medium,0,3,"[0.001749, 0.000226, 0.003673, 0.002163, 0.006416, 0.212833, 0.004628, 0.001975, 0.006453, 0.002097, 0.007111, 0.177679, 0.002745, 0.057130, 0.009216, 0.007342, 0.000665, 0.489305, 0.005494, 0.001101]"
doc_00969,Golf 7 TDI Motordan Gelen ses,https://www.golftutkusu.com/topic/14605-golf-7-tdi-motordan-gelen-ses,5,0.6310551061731757,NA,unknown,NA,NA,unknown,unknown,high,0,10,"[0.004949, 0.001958, 0.081751, 0.005742, 0.631055, 0.009192, 0.005037, 0.007155, 0.007540, 0.002778, 0.006530, 0.008945, 0.004655, 0.008705, 0.004050, 0.184799, 0.007896, 0.011407, 0.002696, 0.003162]"
doc_00970,Golf 7 TDI Saga Donerken Sadece Gaz Verince Gelen Sikirti Sesi,https://www.golftutkusu.com/topic/26105-golf-7-tdi-saga-donerken-sadece-gaz-verince-gelen-sikirti-sesi,5,0.5575599689405848,NA,unknown,NA,NA,unknown,unknown,high,0,6,"[0.008757, 0.003309, 0.004452, 0.005080, 0.557560, 0.102091, 0.101425, 0.003970, 0.165694, 0.002960, 0.006950, 0.003522, 0.003009, 0.009075, 0.003603, 0.003024, 0.005437, 0.006268, 0.003432, 0.000382]"
doc_00971,Golf 7 Torpido Isigi Yanmama Sorunu,https://www.golftutkusu.com/topic/24293-golf-7-torpido-isigi-yanmama-sorunu,10,0.5064022413178633,NA,unknown,2013,NA,unknown,unknown,medium,1,5,"[0.002168, 0.001271, 0.001089, 0.004090, 0.008925, 0.002419, 0.002403, 0.001290, 0.005071, 0.506402, 0.000826, 0.447534, 0.001657, 0.003170, 0.000982, 0.001860, 0.002139, 0.002830, 0.003774, 0.000100]"
doc_00972,Golf 7 Torpido gozu mekanizma,https://www.golftutkusu.com/topic/19650-golf-7-torpido-gozu-mekanizma,1,0.9418046770712027,NA,unknown,NA,NA,unknown,unknown,low,0,12,"[0.941805, 0.000871, 0.003730, 0.002996, 0.018388, 0.002630, 0.001272, 0.002609, 0.003266, 0.001307, 0.003121, 0.002274, 0.001506, 0.003571, 0.001289, 0.000750, 0.002083, 0.001499, 0.004908, 0.000125]"
doc_00973,Golf 7 Torpido isigi sigortasi,https://www.golftutkusu.com/topic/20527-golf-7-torpido-isigi-sigortasi,9,0.9878147215073202,NA,unknown,NA,NA,unknown,unknown,low,0,3,"[0.000393, 0.000246, 0.000778, 0.000651, 0.002031, 0.000530, 0.000790, 0.000245, 0.987815, 0.000285, 0.000800, 0.000337, 0.000314, 0.000840, 0.000650, 0.000945, 0.000477, 0.001125, 0.000667, 0.000080]"
doc_00974,Golf 7 Trim sesi,https://www.golftutkusu.com/topic/27844-golf-7-trim-sesi,13,0.6986600805635858,NA,unknown,NA,NA,unknown,unknown,medium,1,2,"[0.004770, 0.003917, 0.207895, 0.005682, 0.016315, 0.003938, 0.003671, 0.002916, 0.006534, 0.001889, 0.003711, 0.003743, 0.698660, 0.007722, 0.001620, 0.003929, 0.002567, 0.012897, 0.007414, 0.000210]"
doc_00975,Golf 7 Trim sesi Cozuldu,https://www.golftutkusu.com/topic/24955-golf-7-trim-sesi-cozuldu,10,0.9487328363201787,NA,unknown,NA,NA,unknown,unknown,low,0,1,"[0.004926, 0.001229, 0.000898, 0.003012, 0.011302, 0.001869, 0.006017, 0.001317, 0.003205, 0.948733, 0.000401, 0.002446, 0.001539, 0.003307, 0.000770, 0.000486, 0.002965, 0.002216, 0.003335, 0.000028]"
doc_00976,Golf 7 Tungsten Gri Boya Ile Alakali Yardim ve Rotus Boyasi.,https://www.golftutkusu.com/topic/26666-golf-7-tungsten-gri-boya-ile-alakali-yardim-ve-rotus-boyasi,16,0.9849732427907313,NA,unknown,NA,NA,unknown,unknown,low,0,5,"[0.000069, 0.000973, 0.000947, 0.000886, 0.000175, 0.000363, 0.000547, 0.000631, 0.000168, 0.001930, 0.001585, 0.000472, 0.000318, 0.000165, 0.001039, 0.984973, 0.000422, 0.003308, 0.000285, 0.000743]"
doc_00977,Golf 7 Turbo ve Ruzgar Sesi hakkinda,https://www.golftutkusu.com/topic/15217-golf-7-turbo-ve-ruzgar-sesi-hakkinda,5,0.8728245081494986,1.4,petrol,2015,2000,0-30k,1.4_TSI,high,2,12,"[0.089901, 0.000812, 0.002377, 0.001547, 0.872825, 0.002953, 0.004293, 0.003047, 0.002616, 0.000970, 0.002834, 0.001444, 0.001310, 0.005233, 0.001256, 0.000695, 0.002968, 0.001498, 0.001303, 0.000117]"
doc_00978,Golf 7 U Led Far Uyumu,https://www.golftutkusu.com/topic/15129-golf-7-u-led-far-uyumu,5,0.5603063984737524,NA,unknown,NA,NA,unknown,unknown,medium,1,5,"[0.014193, 0.002719, 0.015186, 0.008827, 0.560306, 0.008574, 0.004929, 0.005365, 0.329233, 0.003136, 0.005530, 0.006347, 0.003444, 0.009448, 0.001788, 0.004387, 0.004691, 0.003735, 0.007863, 0.000298]"
doc_00979,Golf 7 Uled Far Kodlama,https://www.golftutkusu.com/topic/24280-golf-7-uled-far-kodlama,17,0.9860020178035632,NA,unknown,NA,NA,unknown,unknown,low,0,1,"[0.000541, 0.000307, 0.000714, 0.000574, 0.001510, 0.000808, 0.000796, 0.000663, 0.000600, 0.000561, 0.001235, 0.000595, 0.000542, 0.000384, 0.000861, 0.000699, 0.986002, 0.001916, 0.000427, 0.000264]"
doc_00980,Golf 7 VCDS ile fren bolumu fabrika ayarlarina alininca gelen hata?,https://www.golftutkusu.com/topic/22319-golf-7-vcds-ile-fren-bolumu-fabrika-ayarlarina-alininca-gelen-hata,6,0.9881529844070931,NA,unknown,NA,NA,unknown,unknown,high,1,7,"[0.000114, 0.001647, 0.000044, 0.000394, 0.000395, 0.988153, 0.000143, 0.000294, 0.000170, 0.000386, 0.000969, 0.000056, 0.000165, 0.000403, 0.000758, 0.001863, 0.000208, 0.001939, 0.000269, 0.001630]"
doc_00981,Golf 7 Vites 1-3-5-7 gormemesi sorunu hakkinda.,https://www.golftutkusu.com/topic/24950-golf-7-vites-1-3-5-7-gormemesi-sorunu-hakkinda,18,0.3996506488550942,1.2,petrol,2015,2000,0-30k,1.2_TSI,high,2,29,"[0.013111, 0.062489, 0.006750, 0.116673, 0.021557, 0.007286, 0.002976, 0.006817, 0.012259, 0.023099, 0.018134, 0.002692, 0.006523, 0.239511, 0.011075, 0.027372, 0.005307, 0.399651, 0.013257, 0.003463]"
doc_00982,Golf 7 Vites Gecisi,https://www.golftutkusu.com/topic/23189-golf-7-vites-gecisi,1,0.6687722388773925,1.2,petrol,2016,NA,unknown,1.2_TSI,low,0,1,"[0.668772, 0.000757, 0.002806, 0.002001, 0.010471, 0.001910, 0.001003, 0.001648, 0.002083, 0.001176, 0.003542, 0.001778, 0.001315, 0.293909, 0.001240, 0.000730, 0.000917, 0.001062, 0.002790, 0.000088]"
doc_00983,Golf 7 Xenon far,https://www.golftutkusu.com/topic/15405-golf-7-xenon-far,17,0.47568728607869476,NA,unknown,2018,NA,unknown,unknown,low,0,9,"[0.318511, 0.004592, 0.011927, 0.025114, 0.036657, 0.009442, 0.006662, 0.013526, 0.013309, 0.008067, 0.014992, 0.010551, 0.006547, 0.009090, 0.004220, 0.003795, 0.475687, 0.011594, 0.015326, 0.000389]"
doc_00984,Golf 7 Xenon far yanip sonuyor,https://www.golftutkusu.com/topic/25211-golf-7-xenon-far-yanip-sonuyor,20,0.9959740266428748,NA,unknown,NA,NA,unknown,unknown,low,0,2,"[0.000051, 0.000282, 0.000126, 0.000147, 0.000049, 0.000148, 0.000083, 0.000024, 0.000035, 0.000353, 0.000473, 0.000082, 0.000081, 0.000023, 0.000709, 0.000790, 0.000090, 0.000296, 0.000183, 0.995974]"
doc_00985,Golf 7 Yag Eksiltme Sorunu,https://www.golftutkusu.com/topic/18290-golf-7-yag-eksiltme-sorunu,20,0.621038491753512,1.4,petrol,2015,119000,90-120k,1.4_TSI,high,6,45,"[0.000883, 0.006468, 0.000265, 0.002048, 0.000892, 0.001625, 0.001026, 0.000899, 0.001303, 0.331571, 0.003002, 0.000424, 0.001177, 0.001833, 0.006471, 0.008141, 0.001575, 0.007286, 0.002072, 0.621038]"
doc_00986,Golf 7 Yag Eksiltmesi,https://www.golftutkusu.com/topic/19211-golf-7-yag-eksiltmesi,16,0.3498378021535376,1.2,petrol,2013,72500,60-90k,1.2_TSI,high,0,6,"[0.009015, 0.003335, 0.018884, 0.012487, 0.033105, 0.012134, 0.018532, 0.011343, 0.107292, 0.006830, 0.060705, 0.009301, 0.013222, 0.196555, 0.006566, 0.349838, 0.012465, 0.018341, 0.098777, 0.001271]"
doc_00987,Golf 7 Yag sensoru ve EPC Arizasi,https://www.golftutkusu.com/topic/24740-golf-7-yag-sensoru-ve-epc-arizasi,9,0.8113413596980462,NA,unknown,NA,NA,unknown,unknown,medium,1,1,"[0.001728, 0.000497, 0.002090, 0.001571, 0.163985, 0.001734, 0.001540, 0.000980, 0.811341, 0.000607, 0.001883, 0.000925, 0.000671, 0.003625, 0.001116, 0.001754, 0.001236, 0.001375, 0.001131, 0.000211]"
doc_00988,Golf 7 Yagmur-Far Sensoru montaji hakkinda,https://www.golftutkusu.com/topic/10656-golf-7-yagmur-far-sensoru-montaji-hakkinda,6,0.9814670589608093,NA,unknown,NA,NA,unknown,unknown,medium,1,9,"[0.000895, 0.000465, 0.000821, 0.001389, 0.005826, 0.981467, 0.000742, 0.000509, 0.001183, 0.000412, 0.000743, 0.000816, 0.000532, 0.001066, 0.000251, 0.000403, 0.000486, 0.000815, 0.001132, 0.000047]"
doc_00989,Golf 7 Yakit Gostergesi,https://www.golftutkusu.com/topic/18985-golf-7-yakit-gostergesi,17,0.7564608621612504,NA,unknown,NA,NA,unknown,unknown,low,0,7,"[0.000282, 0.000390, 0.001075, 0.000388, 0.000399, 0.000411, 0.000214, 0.232988, 0.000228, 0.001085, 0.001206, 0.000701, 0.000141, 0.000096, 0.000605, 0.001142, 0.756461, 0.001037, 0.000557, 0.000595]"
doc_00990,Golf 7 Yakit Problemi,https://www.golftutkusu.com/topic/11854-golf-7-yakit-problemi,15,0.40960631417734783,1.6,diesel,NA,118000,90-120k,1.6_TDI,high,4,37,"[0.004545, 0.003502, 0.345594, 0.002628, 0.003288, 0.003324, 0.002666, 0.004386, 0.006526, 0.005301, 0.008610, 0.005095, 0.001699, 0.005198, 0.409606, 0.003597, 0.001984, 0.010433, 0.167317, 0.004702]"
doc_00991,Golf 7 Yakit gostergesi arizasi,https://www.golftutkusu.com/topic/27309-golf-7-yakit-gostergesi-arizasi,14,0.9351955793058991,1.6,diesel,2015,NA,unknown,1.6_TDI,medium,1,2,"[0.000681, 0.014725, 0.000474, 0.001524, 0.001567, 0.001441, 0.000642, 0.001070, 0.001006, 0.002197, 0.006290, 0.000343, 0.001099, 0.935196, 0.007840, 0.011607, 0.000558, 0.005695, 0.001243, 0.004804]"
doc_00992,Golf 7 Yeni Airbag Beyni takma,https://www.golftutkusu.com/topic/23721-golf-7-yeni-airbag-beyni-takma,11,0.9764781166588293,1.2,petrol,NA,NA,unknown,1.2_TSI,high,2,5,"[0.000557, 0.000802, 0.000695, 0.001540, 0.000681, 0.000528, 0.001209, 0.000665, 0.000239, 0.000840, 0.976478, 0.000501, 0.000333, 0.000959, 0.000633, 0.008034, 0.001272, 0.002437, 0.001052, 0.000546]"
doc_00993,Golf 7 Yeni Aku,https://www.golftutkusu.com/topic/7973-golf-7-yeni-aku,15,0.9720578684507153,1.4,petrol,2016,NA,unknown,1.4_TSI,medium,1,9,"[0.001650, 0.000616, 0.001219, 0.000863, 0.001780, 0.002018, 0.001411, 0.000472, 0.001780, 0.000989, 0.000567, 0.001493, 0.001684, 0.001453, 0.972058, 0.000843, 0.001002, 0.005162, 0.001595, 0.001346]"
doc_00994,Golf 7 acilista direksiyon hizalama sorunu,https://www.golftutkusu.com/topic/22695-golf-7-acilista-direksiyon-hizalama-sorunu,5,0.7094141074120058,NA,unknown,NA,NA,unknown,unknown,high,1,2,"[0.021081, 0.005219, 0.007905, 0.009122, 0.709414, 0.010243, 0.162107, 0.007138, 0.012526, 0.005176, 0.005709, 0.006805, 0.004727, 0.013293, 0.001243, 0.001560, 0.007272, 0.003249, 0.006105, 0.000105]"
doc_00995,Golf 7 adaptif u led,https://www.golftutkusu.com/topic/19770-golf-7-adaptif-u-led,11,0.9924607294598549,NA,unknown,NA,NA,unknown,unknown,low,0,1,"[0.000432, 0.000035, 0.000393, 0.000416, 0.000720, 0.000563, 0.000512, 0.000253, 0.000366, 0.000029, 0.992461, 0.000434, 0.000374, 0.000823, 0.000113, 0.000449, 0.000471, 0.000516, 0.000378, 0.000264]"
doc_00996,Golf 7 aku degisimi ve sonrasi cikan uyarilari silmek.,https://www.golftutkusu.com/topic/9017-golf-7-aku-degisimi-ve-sonrasi-cikan-uyarilari-silmek,1,0.9208172251901408,NA,unknown,NA,NA,unknown,unknown,high,1,26,"[0.920817, 0.000319, 0.000495, 0.000435, 0.004753, 0.000537, 0.001298, 0.000897, 0.000553, 0.000540, 0.001356, 0.000402, 0.000394, 0.001027, 0.000902, 0.000148, 0.063424, 0.000980, 0.000676, 0.000045]"
doc_00997,Golf 7 allstar aracima yolu iyi gosterecek far ampulu onerisi,https://www.golftutkusu.com/topic/27645-golf-7-allstar-aracima-yolu-iyi-gosterecek-far-ampulu-onerisi,18,0.9741243544753989,NA,unknown,NA,NA,unknown,unknown,medium,1,13,"[0.001104, 0.000475, 0.002975, 0.002109, 0.002188, 0.001652, 0.000733, 0.000617, 0.002665, 0.000930, 0.000730, 0.001375, 0.002038, 0.001062, 0.001136, 0.000789, 0.001690, 0.974124, 0.001589, 0.000018]"
doc_00998,Golf 7 amortisor degisikligi hk.,https://www.golftutkusu.com/topic/23050-golf-7-amortisor-degisikligi-hk,5,0.9603633424194549,NA,unknown,2013,NA,unknown,unknown,low,0,6,"[0.003722, 0.000727, 0.004044, 0.002977, 0.960363, 0.003791, 0.001395, 0.002470, 0.004392, 0.000890, 0.001624, 0.002462, 0.001175, 0.004236, 0.000337, 0.001058, 0.001630, 0.000710, 0.001925, 0.000074]"
doc_00999,Golf 7 anahtar ust tus takimi,https://www.golftutkusu.com/topic/17558-golf-7-anahtar-ust-tus-takimi,17,0.9907893044100616,NA,unknown,NA,NA,unknown,unknown,low,0,5,"[0.000373, 0.000203, 0.000458, 0.000375, 0.001008, 0.000528, 0.000489, 0.000433, 0.000381, 0.000381, 0.000884, 0.000384, 0.000354, 0.000227, 0.000534, 0.000440, 0.990789, 0.001312, 0.000269, 0.000178]"
doc_01000,Golf 7 anahtarlik hizli pil bitmesi,https://www.golftutkusu.com/topic/9919-golf-7-anahtarlik-hizli-pil-bitmesi,15,0.9749940324936979,NA,unknown,2024,NA,unknown,unknown,high,2,17,"[0.001516, 0.000582, 0.001173, 0.000718, 0.001461, 0.001701, 0.001289, 0.000421, 0.001606, 0.000872, 0.000506, 0.001060, 0.001633, 0.001350, 0.974994, 0.000825, 0.000878, 0.004848, 0.001278, 0.001288]"
doc_01001,Golf 7 arabanin yol tutusu azaldi,https://www.golftutkusu.com/topic/23792-golf-7-arabanin-yol-tutusu-azaldi,4,0.530154122711968,NA,unknown,2015,15000,0-30k,unknown,high,1,9,"[0.010477, 0.006731, 0.017975, 0.530154, 0.051776, 0.014886, 0.015576, 0.007090, 0.223676, 0.008059, 0.010823, 0.014952, 0.010084, 0.018277, 0.003154, 0.009217, 0.007810, 0.014988, 0.023871, 0.000424]"
doc_01002,Golf 7 arac altinda delik,https://www.golftutkusu.com/topic/10622-golf-7-arac-altinda-delik,5,0.9522077245123991,NA,unknown,2015,NA,unknown,unknown,low,0,1,"[0.001234, 0.000152, 0.001426, 0.000981, 0.952208, 0.001888, 0.000934, 0.001012, 0.000961, 0.000169, 0.030454, 0.001165, 0.000756, 0.002302, 0.000381, 0.001035, 0.001236, 0.000606, 0.000537, 0.000566]"
doc_01003,Golf 7 arac kumandasindan camlar acilip kapanmiyor,https://www.golftutkusu.com/topic/18148-golf-7-arac-kumandasindan-camlar-acilip-kapanmiyor,6,0.9650632322406125,NA,unknown,NA,NA,unknown,unknown,high,5,14,"[0.001747, 0.000779, 0.001502, 0.002357, 0.011541, 0.965063, 0.001366, 0.000975, 0.002542, 0.000728, 0.001477, 0.001441, 0.000928, 0.002132, 0.000439, 0.000725, 0.000874, 0.001338, 0.001963, 0.000082]"
doc_01004,Golf 7 arac ozellikleri devre disi,https://www.golftutkusu.com/topic/24396-golf-7-arac-ozellikleri-devre-disi,16,0.5076501372023242,NA,unknown,2015,NA,unknown,unknown,low,0,2,"[0.009580, 0.323129, 0.000049, 0.004627, 0.007747, 0.007021, 0.007292, 0.006507, 0.008153, 0.004138, 0.000350, 0.000054, 0.000462, 0.005518, 0.083540, 0.507650, 0.007179, 0.010602, 0.001904, 0.004498]"
doc_01005,Golf 7 arac sarsintisi,https://www.golftutkusu.com/topic/23871-golf-7-arac-sarsintisi,5,0.9734305054729618,NA,unknown,NA,NA,unknown,unknown,medium,0,6,"[0.001568, 0.000411, 0.002897, 0.001298, 0.973431, 0.003285, 0.001152, 0.001487, 0.001327, 0.000468, 0.001444, 0.001467, 0.001106, 0.002301, 0.001001, 0.001543, 0.001313, 0.001084, 0.000746, 0.000671]"
doc_01006,Golf 7 aracim tavan su aliyor.,https://www.golftutkusu.com/topic/13953-golf-7-aracim-tavan-su-aliyor,5,0.8256500145958133,NA,unknown,NA,NA,unknown,unknown,high,2,9,"[0.011709, 0.002241, 0.002258, 0.002704, 0.825650, 0.005256, 0.005254, 0.118270, 0.004549, 0.001502, 0.001869, 0.002450, 0.001594, 0.006982, 0.000391, 0.000941, 0.002856, 0.000937, 0.002557, 0.000031]"
doc_01007,Golf 7 aracima Golf 8 direksiyon aldim soket uymuyor,https://www.golftutkusu.com/topic/24626-golf-7-aracima-golf-8-direksiyon-aldim-soket-uymuyor,14,0.46942805424023104,NA,unknown,2019,NA,unknown,unknown,low,0,7,"[0.013708, 0.005505, 0.012619, 0.022256, 0.063214, 0.010717, 0.008568, 0.296564, 0.011364, 0.006277, 0.015161, 0.013426, 0.010087, 0.469428, 0.002123, 0.014129, 0.006241, 0.007029, 0.011395, 0.000191]"
doc_01008,Golf 7 aracimda marspiyel ezilmesi,https://www.golftutkusu.com/topic/10294-golf-7-aracimda-marspiyel-ezilmesi,7,0.9792981857265561,NA,unknown,NA,NA,unknown,unknown,low,0,1,"[0.000369, 0.000197, 0.000542, 0.000628, 0.001143, 0.000531, 0.979298, 0.000425, 0.000690, 0.000254, 0.011972, 0.000349, 0.000367, 0.000946, 0.000294, 0.000613, 0.000512, 0.000498, 0.000312, 0.000061]"
doc_01009,Golf 7 aracimla kaza yaptim,https://www.golftutkusu.com/topic/11871-golf-7-aracimla-kaza-yaptim,19,0.9574558451028041,NA,unknown,2009,4000,0-30k,unknown,medium,1,36,"[0.003420, 0.001246, 0.003035, 0.004636, 0.006980, 0.002575, 0.001339, 0.001222, 0.004745, 0.001320, 0.001843, 0.002134, 0.001924, 0.002251, 0.000689, 0.000539, 0.000952, 0.001599, 0.957456, 0.000096]"
doc_01010,Golf 7 aracin tamponunu carptim ?,https://www.golftutkusu.com/topic/8578-golf-7-aracin-tamponunu-carptim,14,0.9690220589558483,NA,unknown,NA,NA,unknown,unknown,low,0,3,"[0.003109, 0.000808, 0.001155, 0.001255, 0.010222, 0.001295, 0.002653, 0.000583, 0.001639, 0.000976, 0.001599, 0.001314, 0.001084, 0.969022, 0.000312, 0.000280, 0.000532, 0.000778, 0.001370, 0.000014]"
doc_01011,Golf 7 arka havalandirma klipsi kaybolmus,https://www.golftutkusu.com/topic/8525-golf-7-arka-havalandirma-klipsi-kaybolmus,6,0.9638948921884078,NA,unknown,NA,NA,unknown,unknown,low,0,10,"[0.002100, 0.000951, 0.001674, 0.003035, 0.009348, 0.963895, 0.001532, 0.001014, 0.002369, 0.000839, 0.001669, 0.001697, 0.001129, 0.002233, 0.000511, 0.000812, 0.001105, 0.001709, 0.002291, 0.000088]"
doc_01012,Golf 7 arka kapi hoparlorleri calismiyor,https://www.golftutkusu.com/topic/25952-golf-7-arka-kapi-hoparlorleri-calismiyor,12,0.8791928514732965,NA,unknown,NA,NA,unknown,unknown,low,0,2,"[0.033873, 0.001964, 0.003250, 0.005653, 0.024179, 0.005674, 0.003127, 0.003169, 0.004949, 0.002531, 0.004992, 0.879193, 0.004056, 0.006696, 0.001390, 0.002367, 0.002383, 0.003608, 0.006763, 0.000182]"
doc_01013,Golf 7 arka sol kapi merkezi kilit,https://www.golftutkusu.com/topic/16406-golf-7-arka-sol-kapi-merkezi-kilit,1,0.7624057662661248,NA,unknown,NA,NA,unknown,unknown,low,0,2,"[0.762406, 0.004249, 0.006551, 0.008042, 0.125081, 0.007349, 0.011708, 0.006663, 0.009203, 0.004418, 0.006453, 0.006585, 0.004761, 0.010874, 0.002165, 0.000882, 0.007026, 0.004172, 0.011283, 0.000127]"
doc_01014,Golf 7 arlox Multimedia vehiclesettings hatasi,https://www.golftutkusu.com/topic/11913-golf-7-arlox-multimedia-vehiclesettings-hatasi,10,0.9034323430232075,NA,unknown,NA,NA,unknown,unknown,low,0,1,"[0.002221, 0.018675, 0.000606, 0.007357, 0.004926, 0.002111, 0.001869, 0.004658, 0.005308, 0.903432, 0.002871, 0.000896, 0.001586, 0.004752, 0.002493, 0.013723, 0.003264, 0.011947, 0.005932, 0.001372]"
doc_01015,Golf 7 auto hold aktif olmuyor,https://www.golftutkusu.com/topic/20926-golf-7-auto-hold-aktif-olmuyor,11,0.6680152661970014,1.2,petrol,2014,NA,unknown,1.2_TSI,low,0,2,"[0.001052, 0.000245, 0.006595, 0.002194, 0.000652, 0.001853, 0.001134, 0.002496, 0.002585, 0.001316, 0.668015, 0.002477, 0.000795, 0.002216, 0.001769, 0.002951, 0.002131, 0.293986, 0.004760, 0.000778]"
doc_01016,Golf 7 autohold sorunu.,https://www.golftutkusu.com/topic/13240-golf-7-autohold-sorunu,8,0.9579552665540854,1.6,diesel,2016,90000,90-120k,1.6_TDI,medium,1,7,"[0.002765, 0.001092, 0.001741, 0.003295, 0.012901, 0.001721, 0.001535, 0.957955, 0.001822, 0.000903, 0.001620, 0.001641, 0.001658, 0.001764, 0.000256, 0.002417, 0.001891, 0.001062, 0.001934, 0.000026]"
doc_01017,Golf 7 ayna sinyalleri hakkinda yardim,https://www.golftutkusu.com/topic/23071-golf-7-ayna-sinyalleri-hakkinda-yardim,4,0.9500564737575107,NA,unknown,NA,NA,unknown,unknown,low,0,2,"[0.003346, 0.001204, 0.001055, 0.950056, 0.016868, 0.001804, 0.007866, 0.001537, 0.002567, 0.001405, 0.001517, 0.001646, 0.001029, 0.002114, 0.000219, 0.000382, 0.001398, 0.001538, 0.002430, 0.000021]"
doc_01018,Golf 7 aynalara kodlama amerikan hakkinda,https://www.golftutkusu.com/topic/23136-golf-7-aynalara-kodlama-amerikan-hakkinda,1,0.9169216389207079,NA,unknown,NA,NA,unknown,unknown,low,0,5,"[0.916922, 0.001034, 0.004986, 0.003227, 0.017846, 0.004065, 0.003184, 0.003762, 0.003694, 0.001672, 0.007236, 0.002904, 0.002436, 0.006673, 0.004711, 0.002595, 0.003653, 0.004534, 0.004363, 0.000501]"
doc_01019,Golf 7 bagaj kilidi bozuldu,https://www.golftutkusu.com/topic/21997-golf-7-bagaj-kilidi-bozuldu,6,0.9654206187443317,NA,unknown,NA,NA,unknown,unknown,medium,1,2,"[0.001169, 0.000050, 0.000899, 0.000592, 0.007758, 0.965421, 0.003525, 0.001182, 0.002787, 0.000306, 0.002668, 0.000827, 0.000341, 0.002464, 0.001495, 0.001648, 0.000180, 0.005018, 0.001557, 0.000115]"
doc_01020,Golf 7 bagaj su alma sorunu,https://www.golftutkusu.com/topic/16599-golf-7-bagaj-su-alma-sorunu,1,0.8089195833631223,NA,unknown,2013,NA,unknown,unknown,medium,1,8,"[0.808920, 0.002142, 0.005262, 0.005129, 0.075246, 0.009709, 0.011394, 0.011453, 0.012810, 0.002410, 0.004340, 0.006190, 0.004354, 0.013157, 0.003206, 0.001746, 0.004830, 0.007686, 0.009821, 0.000195]"
doc_01021,Golf 7 bagajdaki kaucuk parca,https://www.golftutkusu.com/topic/26058-golf-7-bagajdaki-kaucuk-parca,10,0.49224466326288085,NA,unknown,NA,NA,unknown,unknown,low,0,1,"[0.002874, 0.001407, 0.005462, 0.004021, 0.003399, 0.005023, 0.004374, 0.001809, 0.004983, 0.492245, 0.001359, 0.006015, 0.006125, 0.003725, 0.116636, 0.006760, 0.008919, 0.318925, 0.003912, 0.002028]"
doc_01022,Golf 7 balata ve rot ayari sonrasi on takimdan ses,https://www.golftutkusu.com/topic/26186-golf-7-balata-ve-rot-ayari-sonrasi-on-takimdan-ses,5,0.920047949170823,NA,unknown,NA,NA,unknown,unknown,high,1,2,"[0.012046, 0.001118, 0.004017, 0.003155, 0.920048, 0.008086, 0.006911, 0.007026, 0.008498, 0.001093, 0.001716, 0.004048, 0.002156, 0.009480, 0.000735, 0.001430, 0.002728, 0.002776, 0.002849, 0.000082]"
doc_01023,Golf 7 bardaklik koyma haznesi sokumu,https://www.golftutkusu.com/topic/11605-golf-7-bardaklik-koyma-haznesi-sokumu,17,0.46046253069904564,NA,unknown,NA,NA,unknown,unknown,low,0,1,"[0.022735, 0.008952, 0.039952, 0.026135, 0.081348, 0.021603, 0.011623, 0.013706, 0.032198, 0.011675, 0.018163, 0.014703, 0.012630, 0.017596, 0.004615, 0.007315, 0.460463, 0.019062, 0.174949, 0.000578]"
doc_01024,Golf 7 bardaklik sorunu ve cozumu,https://www.golftutkusu.com/topic/9187-golf-7-bardaklik-sorunu-ve-cozumu,3,0.9080364437620495,NA,unknown,NA,NA,unknown,unknown,low,0,1,"[0.004340, 0.002258, 0.908036, 0.003196, 0.017502, 0.003179, 0.005244, 0.002194, 0.005685, 0.000999, 0.005040, 0.001434, 0.003355, 0.007002, 0.002405, 0.007200, 0.003238, 0.013939, 0.003389, 0.000365]"
doc_01025,Golf 7 bardaklik surgusu arkasina kart dusmesi,https://www.golftutkusu.com/topic/17844-golf-7-bardaklik-surgusu-arkasina-kart-dusmesi,5,0.8679720014155352,NA,unknown,NA,NA,unknown,unknown,medium,1,1,"[0.013787, 0.002520, 0.013568, 0.011116, 0.867972, 0.011592, 0.004831, 0.008077, 0.012780, 0.003063, 0.005771, 0.007839, 0.004199, 0.012177, 0.001223, 0.003568, 0.005417, 0.003048, 0.007229, 0.000223]"
doc_01026,Golf 7 bi-xenon park lambasi,https://www.golftutkusu.com/topic/23263-golf-7-bi-xenon-park-lambasi,15,0.9804918148634363,NA,unknown,NA,NA,unknown,unknown,low,0,1,"[0.000972, 0.000406, 0.000788, 0.000621, 0.001098, 0.001467, 0.000898, 0.000396, 0.001143, 0.000624, 0.000375, 0.001218, 0.001185, 0.000923, 0.980492, 0.000614, 0.000667, 0.003903, 0.001239, 0.000971]"
doc_01027,Golf 7 bitmeyen sorunlar,https://www.golftutkusu.com/topic/12235-golf-7-bitmeyen-sorunlar,3,0.4972586008688553,NA,unknown,2016,75000,60-90k,unknown,high,2,16,"[0.003490, 0.003421, 0.497259, 0.004566, 0.010006, 0.005671, 0.005407, 0.012544, 0.009570, 0.009170, 0.020799, 0.007496, 0.001833, 0.211208, 0.006025, 0.164720, 0.002648, 0.011779, 0.009391, 0.002997]"
doc_01028,Golf 7 buji problemi,https://www.golftutkusu.com/topic/13807-golf-7-buji-problemi,18,0.6016266676130168,1.6,diesel,NA,NA,unknown,1.6_TDI,medium,0,1,"[0.000527, 0.001101, 0.345335, 0.001569, 0.000521, 0.002186, 0.000850, 0.002146, 0.002847, 0.003298, 0.003140, 0.002264, 0.001082, 0.000883, 0.005042, 0.018157, 0.001664, 0.601627, 0.003038, 0.002722]"
doc_01029,Golf 7 calisma sesi,https://www.golftutkusu.com/topic/24625-golf-7-calisma-sesi,13,0.5513267749117251,1.6,diesel,2014,NA,unknown,1.6_TDI,high,1,15,"[0.001377, 0.001516, 0.328968, 0.001848, 0.002570, 0.001403, 0.001000, 0.002410, 0.002017, 0.001339, 0.086900, 0.002289, 0.551327, 0.002313, 0.000626, 0.002147, 0.000928, 0.002639, 0.005541, 0.000840]"
doc_01030,Golf 7 calismama sorunu.,https://www.golftutkusu.com/topic/18748-golf-7-calismama-sorunu,15,0.9804594212946567,1.6,diesel,2013,152000,150-180k,1.6_TDI,low,0,18,"[0.001947, 0.000541, 0.000922, 0.000815, 0.002353, 0.001192, 0.000834, 0.000359, 0.001990, 0.000877, 0.000185, 0.000918, 0.001061, 0.001205, 0.980459, 0.000203, 0.000589, 0.001969, 0.001464, 0.000115]"
doc_01031,"Golf 7 cam pislenmesi, direksiyondan gelen tikirti",https://www.golftutkusu.com/topic/14582-golf-7-cam-pislenmesi-direksiyondan-gelen-tikirti,3,0.6467770883372662,NA,unknown,2016,140000,120-150k,unknown,low,0,2,"[0.004117, 0.001704, 0.646777, 0.003967, 0.304570, 0.003491, 0.002548, 0.002109, 0.005378, 0.000832, 0.002797, 0.001812, 0.002014, 0.007015, 0.000467, 0.002781, 0.002174, 0.002344, 0.002982, 0.000123]"
doc_01032,Golf 7 cam silecekleri,https://www.golftutkusu.com/topic/18209-golf-7-cam-silecekleri,5,0.9341300940104298,NA,unknown,2014,NA,unknown,unknown,low,0,8,"[0.003838, 0.001048, 0.007799, 0.003170, 0.934130, 0.007824, 0.002700, 0.003392, 0.003681, 0.001157, 0.003548, 0.003398, 0.002730, 0.005002, 0.002748, 0.003912, 0.003324, 0.003097, 0.001885, 0.001617]"
doc_01033,Golf 7 cam tavan,https://www.golftutkusu.com/topic/20264-golf-7-cam-tavan,19,0.9929807046660707,NA,unknown,NA,NA,unknown,unknown,high,2,3,"[0.000412, 0.000208, 0.000480, 0.000512, 0.000385, 0.000472, 0.000221, 0.000174, 0.000446, 0.000210, 0.000503, 0.000331, 0.000506, 0.000315, 0.000550, 0.000188, 0.000187, 0.000668, 0.992981, 0.000252]"
doc_01034,Golf 7 cam tavan soyulma tamiri,https://www.golftutkusu.com/topic/16308-golf-7-cam-tavan-soyulma-tamiri,19,0.9736312775179565,NA,unknown,2013,NA,unknown,unknown,high,4,38,"[0.001809, 0.000583, 0.001691, 0.001775, 0.003888, 0.001322, 0.001142, 0.000842, 0.002075, 0.000683, 0.001928, 0.000876, 0.001337, 0.002140, 0.001067, 0.000609, 0.000763, 0.001672, 0.973631, 0.000168]"
doc_01035,Golf 7 cam tavan su kanallari su birikmesi,https://www.golftutkusu.com/topic/20767-golf-7-cam-tavan-su-kanallari-su-birikmesi,19,0.5880356935710652,NA,unknown,NA,NA,unknown,unknown,medium,1,3,"[0.004678, 0.002095, 0.008376, 0.008446, 0.007232, 0.004995, 0.002190, 0.002172, 0.015994, 0.003373, 0.002967, 0.004604, 0.005370, 0.003490, 0.003735, 0.001631, 0.003275, 0.327221, 0.588036, 0.000119]"
doc_01036,Golf 7 debriyaj ust merkezi,https://www.golftutkusu.com/topic/19825-golf-7-debriyaj-ust-merkezi,18,0.6627351832697307,NA,unknown,NA,NA,unknown,unknown,low,0,3,"[0.000654, 0.090400, 0.004182, 0.003694, 0.000413, 0.002516, 0.002018, 0.000986, 0.000885, 0.009089, 0.003670, 0.002632, 0.002408, 0.000647, 0.179415, 0.021466, 0.003486, 0.662735, 0.003814, 0.004892]"
doc_01037,Golf 7 devir ileri geri yapiyor,https://www.golftutkusu.com/topic/20056-golf-7-devir-ileri-geri-yapiyor,12,0.9661147305912053,1.4,petrol,2000,NA,unknown,1.4_TSI,high,2,5,"[0.001352, 0.000631, 0.000910, 0.001945, 0.006388, 0.001609, 0.001567, 0.001150, 0.001612, 0.000899, 0.002401, 0.966115, 0.001417, 0.003240, 0.001063, 0.002323, 0.001208, 0.002687, 0.001334, 0.000149]"
doc_01038,Golf 7 dijital klima sag iki torpido havalandirmasi sorunu,https://www.golftutkusu.com/topic/22179-golf-7-dijital-klima-sag-iki-torpido-havalandirmasi-sorunu,3,0.46388492528394826,NA,unknown,2013,NA,unknown,unknown,medium,1,3,"[0.010954, 0.004373, 0.463885, 0.011659, 0.414101, 0.007454, 0.005694, 0.006890, 0.014759, 0.002385, 0.006871, 0.005496, 0.006035, 0.012005, 0.001255, 0.006244, 0.005062, 0.006702, 0.007904, 0.000271]"
doc_01039,Golf 7 dinamik kalibrasyon sorunu,https://www.golftutkusu.com/topic/23614-golf-7-dinamik-kalibrasyon-sorunu,15,0.9910210189393232,NA,unknown,NA,NA,unknown,unknown,low,0,1,"[0.000625, 0.000215, 0.000386, 0.000246, 0.000479, 0.000603, 0.000466, 0.000144, 0.000597, 0.000322, 0.000156, 0.000366, 0.000575, 0.000462, 0.991021, 0.000249, 0.000335, 0.001741, 0.000485, 0.000528]"
doc_01040,Golf 7 dingil egikligi,https://www.golftutkusu.com/topic/11836-golf-7-dingil-egikligi,17,0.690789509623756,NA,unknown,2000,4000,0-30k,unknown,high,1,34,"[0.043449, 0.008488, 0.008926, 0.013844, 0.090772, 0.010819, 0.024588, 0.010457, 0.018280, 0.010719, 0.010194, 0.010101, 0.008339, 0.010554, 0.002525, 0.001809, 0.690790, 0.012855, 0.012357, 0.000136]"
doc_01041,Golf 7 direksiyon kaplama,https://www.golftutkusu.com/topic/25680-golf-7-direksiyon-kaplama,14,0.8557876187949024,NA,unknown,NA,NA,unknown,unknown,low,0,1,"[0.001398, 0.000822, 0.003246, 0.002225, 0.003416, 0.007369, 0.001918, 0.000869, 0.002280, 0.001852, 0.004346, 0.002550, 0.002976, 0.855788, 0.009247, 0.003680, 0.001412, 0.092006, 0.001897, 0.000701]"
doc_01042,Golf 7 direksiyon kutusu,https://www.golftutkusu.com/topic/25953-golf-7-direksiyon-kutusu,15,0.9729618567118504,NA,unknown,NA,NA,unknown,unknown,high,2,11,"[0.001550, 0.000615, 0.001274, 0.000741, 0.001795, 0.002367, 0.001260, 0.000471, 0.001624, 0.000858, 0.000546, 0.001131, 0.001690, 0.001498, 0.972962, 0.000809, 0.000992, 0.005106, 0.001387, 0.001324]"
doc_01043,Golf 7 direksiyondan donusunde gelen citirti,https://www.golftutkusu.com/topic/19870-golf-7-direksiyondan-donusunde-gelen-citirti,19,0.4185543318630815,NA,unknown,2016,NA,unknown,unknown,high,1,6,"[0.009238, 0.003881, 0.013806, 0.020886, 0.167039, 0.010197, 0.006689, 0.006025, 0.286205, 0.004464, 0.008789, 0.008852, 0.005312, 0.013392, 0.002361, 0.003857, 0.004708, 0.005316, 0.418554, 0.000429]"
doc_01044,Golf 7 dis sicaklik sensoru,https://www.golftutkusu.com/topic/20529-golf-7-dis-sicaklik-sensoru,19,0.6866013006664093,NA,unknown,2013,NA,unknown,unknown,low,0,1,"[0.019611, 0.000572, 0.017985, 0.009675, 0.057455, 0.036125, 0.013335, 0.010010, 0.048729, 0.004079, 0.015507, 0.010773, 0.004291, 0.016233, 0.006142, 0.005707, 0.001139, 0.035740, 0.686601, 0.000289]"
doc_01045,Golf 7 dis stoplari sokmek isterken beyaz mandali kirdim.,https://www.golftutkusu.com/topic/8081-golf-7-dis-stoplari-sokmek-isterken-beyaz-mandali-kirdim,3,0.7788079891070498,NA,unknown,NA,NA,unknown,unknown,low,0,1,"[0.010368, 0.005066, 0.778808, 0.007969, 0.047509, 0.008403, 0.012985, 0.005630, 0.014303, 0.002603, 0.012287, 0.003941, 0.008267, 0.019575, 0.005679, 0.016822, 0.007526, 0.023034, 0.008364, 0.000861]"
doc_01046,Golf 7 dizel 2015 model mazot kapagi,https://www.golftutkusu.com/topic/10053-golf-7-dizel-2015-model-mazot-kapagi,17,0.9246885893399491,NA,unknown,2015,NA,unknown,unknown,medium,1,1,"[0.000451, 0.004215, 0.000882, 0.001533, 0.000466, 0.000787, 0.001036, 0.000884, 0.000249, 0.006788, 0.003420, 0.000643, 0.000520, 0.000176, 0.030527, 0.009496, 0.924689, 0.009982, 0.000983, 0.002274]"
doc_01047,Golf 7 dizel dsg gazdan ayagi cekince ses geliyor,https://www.golftutkusu.com/topic/26648-golf-7-dizel-dsg-gazdan-ayagi-cekince-ses-geliyor,9,0.9476990509915897,1.4,petrol,NA,NA,unknown,1.4_TSI,high,1,6,"[0.001165, 0.001357, 0.010749, 0.002303, 0.003167, 0.001808, 0.000793, 0.002071, 0.947699, 0.003637, 0.002950, 0.002892, 0.000290, 0.001168, 0.001537, 0.001844, 0.000882, 0.002053, 0.011042, 0.000591]"
doc_01048,Golf 7 donanim ekleme,https://www.golftutkusu.com/topic/24284-golf-7-donanim-ekleme,17,0.9728066628476257,1.6,diesel,2016,NA,unknown,1.6_TDI,low,0,5,"[0.000563, 0.000487, 0.004344, 0.000619, 0.000857, 0.000724, 0.000545, 0.002321, 0.001084, 0.002834, 0.002577, 0.000961, 0.000168, 0.000415, 0.001261, 0.001039, 0.972807, 0.004815, 0.001214, 0.000367]"
doc_01049,Golf 7 dsg yokus asagi yigilma ve sonrasinda vuruntulu kalkis,https://www.golftutkusu.com/topic/24805-golf-7-dsg-yokus-asagi-yigilma-ve-sonrasinda-vuruntulu-kalkis,4,0.8992405507232326,1.6,diesel,2014,NA,unknown,1.6_TDI,medium,0,4,"[0.000188, 0.002586, 0.001251, 0.899241, 0.000410, 0.000780, 0.001125, 0.000955, 0.000262, 0.003620, 0.003721, 0.000796, 0.000457, 0.000278, 0.001781, 0.072026, 0.000823, 0.006418, 0.001426, 0.001856]"
doc_01050,Golf 7 eksozdan bagaja is atiyor,https://www.golftutkusu.com/topic/24300-golf-7-eksozdan-bagaja-is-atiyor,14,0.6581936030725759,1.4,petrol,NA,NA,unknown,1.4_TSI,high,1,10,"[0.013399, 0.001043, 0.002865, 0.002514, 0.280625, 0.007050, 0.004750, 0.004303, 0.006057, 0.001240, 0.002553, 0.003920, 0.002468, 0.658194, 0.000915, 0.001436, 0.001330, 0.002506, 0.002760, 0.000072]"
doc_01051,Golf 7 elektriksel sorun,https://www.golftutkusu.com/topic/21257-golf-7-elektriksel-sorun,4,0.45691730636312206,NA,unknown,NA,NA,unknown,unknown,low,0,3,"[0.009504, 0.004722, 0.012481, 0.456917, 0.024643, 0.009306, 0.007875, 0.008939, 0.016159, 0.009597, 0.009535, 0.013102, 0.007737, 0.007023, 0.003395, 0.005743, 0.227435, 0.151126, 0.014552, 0.000209]"
doc_01052,Golf 7 elektronik el freni arizasi,https://www.golftutkusu.com/topic/25759-golf-7-elektronik-el-freni-arizasi,14,0.7859578603989059,NA,unknown,NA,NA,unknown,unknown,low,0,2,"[0.010341, 0.003542, 0.016933, 0.009504, 0.035289, 0.012551, 0.010234, 0.006519, 0.015747, 0.004585, 0.016683, 0.006932, 0.008521, 0.785958, 0.012046, 0.013717, 0.005625, 0.017316, 0.007221, 0.000735]"
doc_01053,Golf 7 enjektor dibinde mazot yag karisimi,https://www.golftutkusu.com/topic/26702-golf-7-enjektor-dibinde-mazot-yag-karisimi,16,0.9864880016653934,NA,unknown,NA,NA,unknown,unknown,medium,1,1,"[0.000471, 0.001139, 0.000134, 0.000176, 0.000582, 0.000146, 0.000058, 0.001009, 0.000159, 0.000396, 0.000878, 0.000037, 0.000084, 0.000181, 0.000080, 0.986488, 0.001087, 0.004420, 0.000028, 0.002446]"
doc_01054,Golf 7 epc ve motor isigi yanma sorunu,https://www.golftutkusu.com/topic/25182-golf-7-epc-ve-motor-isigi-yanma-sorunu,9,0.9258096614541588,NA,unknown,2018,NA,unknown,other,high,1,7,"[0.003314, 0.001837, 0.006472, 0.006054, 0.017558, 0.003653, 0.003205, 0.001541, 0.925810, 0.001982, 0.002936, 0.002966, 0.002013, 0.004428, 0.001326, 0.002678, 0.002224, 0.003864, 0.005989, 0.000150]"
doc_01055,Golf 7 far kodlamasi,https://www.golftutkusu.com/topic/20014-golf-7-far-kodlamasi,4,0.9277741083668941,NA,unknown,2015,NA,unknown,unknown,low,0,2,"[0.002548, 0.001035, 0.003080, 0.927774, 0.036239, 0.002665, 0.001926, 0.002220, 0.003800, 0.001327, 0.002180, 0.002479, 0.001295, 0.002482, 0.000334, 0.001210, 0.001815, 0.001736, 0.003788, 0.000066]"
doc_01056,Golf 7 far ve yagmur  sensorundeki numara ve anlamlari ?,https://www.golftutkusu.com/topic/10287-golf-7-far-ve-yagmur-sensorundeki-numara-ve-anlamlari,19,0.8148396125021871,NA,unknown,2014,NA,unknown,unknown,low,0,7,"[0.015790, 0.004759, 0.013186, 0.016273, 0.034155, 0.011356, 0.005606, 0.005442, 0.019119, 0.005220, 0.007850, 0.008881, 0.009937, 0.010011, 0.002750, 0.002688, 0.004667, 0.007110, 0.814840, 0.000359]"
doc_01057,Golf 7 farim su aliyor,https://www.golftutkusu.com/topic/27320-golf-7-farim-su-aliyor,19,0.5380428772991713,NA,unknown,NA,NA,unknown,unknown,low,0,1,"[0.010336, 0.003419, 0.015698, 0.016223, 0.017906, 0.009952, 0.008953, 0.005694, 0.020855, 0.006415, 0.015737, 0.006845, 0.009203, 0.029599, 0.011210, 0.009017, 0.008981, 0.255162, 0.538043, 0.000752]"
doc_01058,Golf 7 frene basin uyarisi,https://www.golftutkusu.com/topic/23686-golf-7-frene-basin-uyarisi,7,0.6006352808386897,NA,unknown,2014,NA,unknown,unknown,medium,1,1,"[0.018979, 0.007234, 0.008188, 0.016598, 0.214136, 0.014108, 0.600635, 0.006536, 0.026808, 0.008163, 0.008437, 0.008621, 0.006910, 0.025841, 0.001998, 0.002201, 0.008316, 0.005715, 0.010438, 0.000138]"
doc_01059,Golf 7 gateway,https://www.golftutkusu.com/topic/11194-golf-7-gateway,12,0.4654583413891915,NA,unknown,NA,NA,unknown,unknown,low,0,1,"[0.004929, 0.000114, 0.002915, 0.002076, 0.436325, 0.010281, 0.007325, 0.005114, 0.007364, 0.000978, 0.022061, 0.465458, 0.001311, 0.009303, 0.002857, 0.005342, 0.000978, 0.010769, 0.004171, 0.000326]"
doc_01060,Golf 7 geri gorus kamerasi,https://www.golftutkusu.com/topic/12662-golf-7-geri-gorus-kamerasi,1,0.7632116317949714,NA,unknown,NA,NA,unknown,unknown,medium,1,7,"[0.763212, 0.004091, 0.006819, 0.007736, 0.123706, 0.007508, 0.011685, 0.006651, 0.009785, 0.004577, 0.006332, 0.006136, 0.004707, 0.010873, 0.002241, 0.000897, 0.007353, 0.004297, 0.011268, 0.000128]"
doc_01061,Golf 7 gunduz far ampulu tedarik ve takilmasi,https://www.golftutkusu.com/topic/20998-golf-7-gunduz-far-ampulu-tedarik-ve-takilmasi,15,0.9211941504667787,NA,unknown,NA,NA,unknown,unknown,low,0,2,"[0.006187, 0.001414, 0.003362, 0.002555, 0.009889, 0.004288, 0.005891, 0.002020, 0.005889, 0.002376, 0.001959, 0.002457, 0.004369, 0.006002, 0.921194, 0.002048, 0.003254, 0.010595, 0.003475, 0.000776]"
doc_01062,Golf 7 hafif yokusta kalkis yaparken gicirti sesi,https://www.golftutkusu.com/topic/24333-golf-7-hafif-yokusta-kalkis-yaparken-gicirti-sesi,8,0.4931819959708519,NA,unknown,NA,NA,unknown,unknown,medium,0,3,"[0.003937, 0.000059, 0.001334, 0.000750, 0.478501, 0.003430, 0.002319, 0.493182, 0.001984, 0.000351, 0.002370, 0.000877, 0.000476, 0.002571, 0.000851, 0.002968, 0.000516, 0.002419, 0.001050, 0.000057]"
doc_01063,Golf 7 halojen fardan basix zenon fara gecis yardim,https://www.golftutkusu.com/topic/20107-golf-7-halojen-fardan-basix-zenon-fara-gecis-yardim,7,0.5466389793323866,NA,unknown,NA,15000,0-30k,unknown,medium,1,16,"[0.003067, 0.002168, 0.010146, 0.004200, 0.370667, 0.007476, 0.546639, 0.003823, 0.004958, 0.002538, 0.005854, 0.003540, 0.003084, 0.009518, 0.003717, 0.007059, 0.003709, 0.003684, 0.002156, 0.001997]"
doc_01064,Golf 7 halojen stoplardan Cin mali led stopa gecme,https://www.golftutkusu.com/topic/21798-golf-7-halojen-stoplardan-cin-mali-led-stopa-gecme,14,0.511816579689436,NA,unknown,NA,NA,unknown,unknown,high,2,6,"[0.001633, 0.000145, 0.002791, 0.001181, 0.009976, 0.010055, 0.427740, 0.002166, 0.005563, 0.001221, 0.006594, 0.001807, 0.000862, 0.511817, 0.003225, 0.005110, 0.000242, 0.005351, 0.002385, 0.000136]"
doc_01065,Golf 7 hava yastigi uyarisi,https://www.golftutkusu.com/topic/27305-golf-7-hava-yastigi-uyarisi,2,0.8145775271586124,NA,unknown,NA,NA,unknown,unknown,medium,1,10,"[0.008791, 0.814578, 0.011372, 0.009472, 0.095625, 0.006296, 0.005066, 0.005537, 0.007471, 0.002111, 0.001649, 0.005904, 0.003961, 0.006125, 0.001252, 0.001463, 0.003474, 0.002187, 0.007509, 0.000159]"
doc_01066,Golf 7 highline far yikama,https://www.golftutkusu.com/topic/14714-golf-7-highline-far-yikama,5,0.9771874412900294,NA,unknown,NA,NA,unknown,unknown,low,0,2,"[0.002437, 0.000397, 0.002487, 0.001752, 0.977187, 0.002294, 0.000750, 0.001493, 0.002230, 0.000496, 0.000923, 0.001438, 0.000648, 0.002297, 0.000186, 0.000592, 0.000953, 0.000369, 0.001024, 0.000045]"
doc_01067,Golf 7 highline j far yardim,https://www.golftutkusu.com/topic/27504-golf-7-highline-j-far-yardim,5,0.8943327830612067,NA,unknown,2015,NA,unknown,unknown,low,0,3,"[0.060424, 0.000922, 0.005083, 0.003854, 0.894333, 0.004986, 0.001527, 0.003362, 0.004471, 0.001324, 0.002444, 0.002933, 0.001457, 0.004477, 0.000696, 0.001083, 0.002619, 0.000959, 0.002920, 0.000128]"
doc_01068,Golf 7 highline sag far ampulu patladi,https://www.golftutkusu.com/topic/18626-golf-7-highline-sag-far-ampulu-patladi,5,0.9348223906111204,NA,unknown,2015,NA,unknown,unknown,low,0,1,"[0.006538, 0.001190, 0.007459, 0.004851, 0.934822, 0.006295, 0.002303, 0.003977, 0.006286, 0.001453, 0.002707, 0.003841, 0.001975, 0.006745, 0.000569, 0.001764, 0.002604, 0.001296, 0.003208, 0.000115]"
doc_01069,Golf 7 highline u Led far,https://www.golftutkusu.com/topic/23589-golf-7-highline-u-led-far,5,0.9893693752402423,NA,unknown,NA,NA,unknown,unknown,low,0,1,"[0.001850, 0.000164, 0.001106, 0.000723, 0.989369, 0.000980, 0.000311, 0.000736, 0.000918, 0.000210, 0.000409, 0.000605, 0.000264, 0.001005, 0.000083, 0.000248, 0.000441, 0.000134, 0.000422, 0.000022]"
doc_01070,Golf 7 highline uzun far,https://www.golftutkusu.com/topic/25967-golf-7-highline-uzun-far,2,0.9897534889343321,NA,unknown,NA,4000,0-30k,unknown,low,0,14,"[0.000111, 0.989753, 0.000156, 0.000456, 0.000157, 0.000359, 0.000250, 0.000439, 0.000283, 0.000453, 0.000484, 0.000072, 0.000367, 0.000409, 0.001001, 0.001475, 0.000298, 0.001707, 0.000450, 0.001321]"
doc_01071,Golf 7 hiz sabitleme calismiyor,https://www.golftutkusu.com/topic/16652-golf-7-hiz-sabitleme-calismiyor,18,0.4925200873058857,1.2,petrol,NA,NA,unknown,1.2_TSI,high,1,17,"[0.008266, 0.000480, 0.006373, 0.004986, 0.127536, 0.007232, 0.006472, 0.004699, 0.008641, 0.000681, 0.294587, 0.006384, 0.004457, 0.014605, 0.001005, 0.002509, 0.004792, 0.492520, 0.003674, 0.000101]"
doc_01072,Golf 7 hiz sabitleyici sorunu,https://www.golftutkusu.com/topic/19697-golf-7-hiz-sabitleyici-sorunu,4,0.9262162706937175,NA,unknown,2016,NA,unknown,unknown,low,0,2,"[0.002424, 0.000794, 0.002304, 0.926216, 0.034013, 0.002646, 0.003000, 0.002601, 0.003050, 0.001184, 0.003405, 0.002046, 0.001438, 0.003520, 0.001013, 0.002404, 0.002113, 0.003390, 0.002248, 0.000190]"
doc_01073,Golf 7 iceri su alma,https://www.golftutkusu.com/topic/11471-golf-7-iceri-su-alma,3,0.7257041531517187,NA,unknown,2014,NA,unknown,unknown,medium,1,3,"[0.004714, 0.000840, 0.725704, 0.000777, 0.236392, 0.002026, 0.003757, 0.002136, 0.004290, 0.000233, 0.001445, 0.000585, 0.001194, 0.004830, 0.000883, 0.002547, 0.001467, 0.005013, 0.001012, 0.000156]"
doc_01074,Golf 7 icin 7.5 Led Stop,https://www.golftutkusu.com/topic/21714-golf-7-icin-7-5-led-stop,9,0.983444981979503,NA,unknown,2016,NA,unknown,unknown,medium,1,8,"[0.000605, 0.000356, 0.001144, 0.001055, 0.005640, 0.000710, 0.000715, 0.000290, 0.983445, 0.000392, 0.000638, 0.000587, 0.000364, 0.000891, 0.000286, 0.000611, 0.000460, 0.000737, 0.001037, 0.000035]"
doc_01075,Golf 7 icin 7.5 led stop montaji sonrasi dis stop tam yanmiyor,https://www.golftutkusu.com/topic/21794-golf-7-icin-7-5-led-stop-montaji-sonrasi-dis-stop-tam-yanmiyor,2,0.9740970338869835,NA,unknown,NA,NA,unknown,unknown,low,0,13,"[0.000733, 0.974097, 0.000599, 0.002390, 0.001815, 0.000938, 0.000589, 0.001716, 0.001681, 0.001719, 0.001314, 0.000266, 0.000808, 0.001774, 0.000680, 0.002759, 0.000800, 0.002970, 0.001872, 0.000481]"
doc_01076,Golf 7 ilk calistiginda devrin yuksek olmasi,https://www.golftutkusu.com/topic/12295-golf-7-ilk-calistiginda-devrin-yuksek-olmasi,9,0.6516056067847582,1.2,petrol,NA,NA,unknown,1.2_TSI,low,0,4,"[0.001736, 0.000366, 0.002222, 0.002547, 0.004667, 0.001891, 0.002908, 0.001074, 0.651606, 0.000397, 0.309450, 0.001948, 0.001236, 0.004301, 0.001037, 0.003725, 0.002396, 0.003950, 0.002164, 0.000378]"
doc_01077,Golf 7 ilk marsda anormal ses cikiyor,https://www.golftutkusu.com/topic/20721-golf-7-ilk-marsda-anormal-ses-cikiyor,5,0.8684786344933767,NA,unknown,2016,NA,unknown,unknown,medium,1,11,"[0.038362, 0.003162, 0.006371, 0.006661, 0.868479, 0.008057, 0.010352, 0.005899, 0.009739, 0.003193, 0.004015, 0.005585, 0.003512, 0.010603, 0.000926, 0.000973, 0.005893, 0.002484, 0.005652, 0.000082]"
doc_01078,Golf 7 j far uzun aydinlatma,https://www.golftutkusu.com/topic/27626-golf-7-j-far-uzun-aydinlatma,5,0.9656149613017084,NA,unknown,NA,NA,unknown,unknown,low,0,1,"[0.003355, 0.000616, 0.003750, 0.002624, 0.965615, 0.003346, 0.001186, 0.002284, 0.003483, 0.000759, 0.001433, 0.002071, 0.001012, 0.003526, 0.000285, 0.000938, 0.001467, 0.000609, 0.001577, 0.000063]"
doc_01079,Golf 7 j led far sorunu,https://www.golftutkusu.com/topic/22349-golf-7-j-led-far-sorunu,14,0.651068421135585,NA,unknown,NA,NA,unknown,unknown,low,0,2,"[0.005735, 0.000957, 0.002291, 0.001739, 0.310831, 0.002706, 0.004882, 0.001918, 0.002608, 0.001228, 0.003876, 0.001854, 0.001591, 0.651068, 0.001093, 0.001076, 0.001656, 0.001689, 0.001125, 0.000078]"
doc_01080,Golf 7 j led gunduz fari sorunu,https://www.golftutkusu.com/topic/15249-golf-7-j-led-gunduz-fari-sorunu,15,0.6533507313242535,NA,unknown,NA,NA,unknown,unknown,medium,1,11,"[0.003346, 0.000416, 0.000387, 0.006531, 0.294243, 0.001640, 0.004116, 0.002918, 0.002327, 0.001004, 0.000233, 0.000531, 0.004598, 0.013325, 0.653351, 0.001177, 0.004155, 0.004588, 0.000729, 0.000385]"
doc_01081,Golf 7 j led parlakligi kodlama hakkinda yardim,https://www.golftutkusu.com/topic/22913-golf-7-j-led-parlakligi-kodlama-hakkinda-yardim,7,0.8072771331730909,NA,unknown,NA,NA,unknown,unknown,low,0,6,"[0.009051, 0.001912, 0.003241, 0.005296, 0.024761, 0.004453, 0.807277, 0.002592, 0.008064, 0.001799, 0.105953, 0.003751, 0.003177, 0.006891, 0.000484, 0.001008, 0.004245, 0.002244, 0.003722, 0.000078]"
doc_01082,Golf 7 kablosuz sarj monte etmek,https://www.golftutkusu.com/topic/15686-golf-7-kablosuz-sarj-monte-etmek,19,0.915255294346102,NA,unknown,NA,NA,unknown,unknown,low,0,3,"[0.006636, 0.002259, 0.006305, 0.008260, 0.016312, 0.004748, 0.002744, 0.002440, 0.009184, 0.002469, 0.003665, 0.004117, 0.003561, 0.004417, 0.001228, 0.001131, 0.001967, 0.003130, 0.915255, 0.000172]"
doc_01083,Golf 7 kadran dili ayarlama,https://www.golftutkusu.com/topic/22009-golf-7-kadran-dili-ayarlama,2,0.9608667544391363,NA,unknown,NA,NA,unknown,unknown,low,0,3,"[0.003542, 0.960867, 0.002295, 0.002081, 0.007858, 0.001791, 0.004596, 0.001473, 0.002758, 0.000981, 0.000376, 0.001611, 0.001868, 0.001945, 0.000433, 0.000170, 0.001653, 0.001091, 0.002593, 0.000020]"
doc_01084,Golf 7 kaldirima ciktim marspiyel ezildi,https://www.golftutkusu.com/topic/23684-golf-7-kaldirima-ciktim-marspiyel-ezildi,8,0.2478821039603596,NA,unknown,NA,10000,0-30k,unknown,low,0,5,"[0.004094, 0.018114, 0.001179, 0.236058, 0.015486, 0.003969, 0.003186, 0.247882, 0.005724, 0.210800, 0.006447, 0.001515, 0.002225, 0.007093, 0.001808, 0.205019, 0.006081, 0.009461, 0.012346, 0.001513]"
doc_01085,Golf 7 kalorifer,https://www.golftutkusu.com/topic/24087-golf-7-kalorifer,3,0.5464762701156821,1.2,petrol,2014,30000,30-60k,1.2_TSI,low,0,5,"[0.006250, 0.002461, 0.546476, 0.002425, 0.014134, 0.002849, 0.004149, 0.002285, 0.005507, 0.000696, 0.001428, 0.001517, 0.002597, 0.004387, 0.000785, 0.001385, 0.001116, 0.005116, 0.394328, 0.000109]"
doc_01086,Golf 7 kalorifer sorunu,https://www.golftutkusu.com/topic/10281-golf-7-kalorifer-sorunu,13,0.9952895796020431,NA,unknown,NA,NA,unknown,unknown,low,0,3,"[0.000123, 0.000152, 0.000282, 0.000174, 0.000335, 0.000261, 0.000199, 0.000177, 0.000137, 0.000091, 0.000340, 0.000261, 0.995290, 0.000272, 0.000356, 0.000290, 0.000137, 0.000711, 0.000278, 0.000134]"
doc_01087,Golf 7 kalorifer sorunu,https://www.golftutkusu.com/topic/21724-golf-7-kalorifer-sorunu,9,0.9035534186236678,NA,unknown,2013,NA,unknown,unknown,high,2,39,"[0.001590, 0.007001, 0.000870, 0.002815, 0.055286, 0.001529, 0.000627, 0.001464, 0.903553, 0.002329, 0.003682, 0.000314, 0.000504, 0.002931, 0.001204, 0.006052, 0.001235, 0.003315, 0.002432, 0.001266]"
doc_01088,Golf 7 kapi alti kirmizi bolum,https://www.golftutkusu.com/topic/16102-golf-7-kapi-alti-kirmizi-bolum,12,0.9331466396449016,1.2,petrol,2016,NA,unknown,1.2_TSI,low,0,8,"[0.003156, 0.001473, 0.002321, 0.004620, 0.016937, 0.003437, 0.002269, 0.001960, 0.004642, 0.002148, 0.002959, 0.933147, 0.002679, 0.006667, 0.000768, 0.002201, 0.001767, 0.002900, 0.003850, 0.000103]"
doc_01089,Golf 7 kapi cami tek tusla kaldirma ve indirme arizasi,https://www.golftutkusu.com/topic/21012-golf-7-kapi-cami-tek-tusla-kaldirma-ve-indirme-arizasi,4,0.8848677217240135,NA,unknown,NA,NA,unknown,unknown,low,0,2,"[0.002456, 0.022285, 0.000975, 0.884868, 0.007426, 0.002858, 0.001677, 0.005499, 0.005388, 0.007029, 0.009848, 0.000870, 0.001603, 0.005376, 0.001319, 0.018427, 0.002107, 0.011005, 0.007490, 0.001494]"
doc_01090,Golf 7 kapi kolu sokme,https://www.golftutkusu.com/topic/10137-golf-7-kapi-kolu-sokme,18,0.9710729618032862,1.2,petrol,NA,NA,unknown,1.2_TSI,low,0,1,"[0.000511, 0.000433, 0.003016, 0.002354, 0.000986, 0.002283, 0.001045, 0.000533, 0.001827, 0.000761, 0.001128, 0.001736, 0.003444, 0.001034, 0.002753, 0.002063, 0.001420, 0.971073, 0.001323, 0.000276]"
doc_01091,Golf 7 kapidan gelen trim sesi,https://www.golftutkusu.com/topic/12356-golf-7-kapidan-gelen-trim-sesi,12,0.9906913228196446,NA,unknown,2000,300000,210k+,unknown,high,2,17,"[0.000267, 0.000232, 0.000247, 0.000522, 0.000901, 0.000580, 0.000373, 0.000238, 0.000339, 0.000283, 0.000624, 0.990691, 0.000660, 0.000555, 0.000584, 0.000760, 0.000333, 0.001135, 0.000445, 0.000230]"
doc_01092,Golf 7 kapiyi kapatirken camin sallanmasi ve ses cikarmasi,https://www.golftutkusu.com/topic/9251-golf-7-kapiyi-kapatirken-camin-sallanmasi-ve-ses-cikarmasi,1,0.9791758605865146,NA,unknown,2013,40000,30-60k,unknown,high,3,42,"[0.979176, 0.000322, 0.001448, 0.001090, 0.006405, 0.000943, 0.000433, 0.000976, 0.001152, 0.000499, 0.001100, 0.000802, 0.000546, 0.001157, 0.000565, 0.000254, 0.000727, 0.000543, 0.001807, 0.000053]"
doc_01093,Golf 7 kisa far arizasi,https://www.golftutkusu.com/topic/18772-golf-7-kisa-far-arizasi,14,0.920687816813056,NA,unknown,2014,NA,unknown,unknown,low,0,7,"[0.000877, 0.003340, 0.000367, 0.001901, 0.002428, 0.000905, 0.000813, 0.001530, 0.001048, 0.001284, 0.044249, 0.000244, 0.000702, 0.920688, 0.001241, 0.011606, 0.000637, 0.004065, 0.000920, 0.001156]"
doc_01094,Golf 7 klima duzensiz calisiyor,https://www.golftutkusu.com/topic/20433-golf-7-klima-duzensiz-calisiyor,4,0.9435189692441954,1.2,petrol,2014,NA,unknown,1.2_TSI,medium,1,8,"[0.001571, 0.001246, 0.002715, 0.943519, 0.004885, 0.003999, 0.003302, 0.002104, 0.003021, 0.001613, 0.003755, 0.002904, 0.002524, 0.002363, 0.002538, 0.004244, 0.002068, 0.006894, 0.003631, 0.001106]"
doc_01095,Golf 7 klima problemi,https://www.golftutkusu.com/topic/11152-golf-7-klima-problemi,9,0.37151124888330905,NA,unknown,2014,NA,unknown,unknown,high,2,4,"[0.001296, 0.001782, 0.005466, 0.285923, 0.003046, 0.002410, 0.000869, 0.003059, 0.371511, 0.004476, 0.003514, 0.005654, 0.000422, 0.001189, 0.001270, 0.001873, 0.000771, 0.002363, 0.302384, 0.000724]"
doc_01096,Golf 7 klima sicak/soguk uflemeyi kesiyor,https://www.golftutkusu.com/topic/21505-golf-7-klima-sicak-soguk-uflemeyi-kesiyor,13,0.9570512504244665,1.6,diesel,2016,NA,unknown,1.6_TDI,low,0,6,"[0.002558, 0.000694, 0.000860, 0.001367, 0.004227, 0.001121, 0.002892, 0.001579, 0.001040, 0.000489, 0.014488, 0.001249, 0.957051, 0.003016, 0.000790, 0.000670, 0.001569, 0.002827, 0.001421, 0.000091]"
doc_01097,Golf 7 klima sogutma yapmiyor,https://www.golftutkusu.com/topic/17719-golf-7-klima-sogutma-yapmiyor,1,0.44200374726115366,NA,unknown,NA,15000,0-30k,unknown,medium,1,9,"[0.442004, 0.001388, 0.003000, 0.155594, 0.003672, 0.002869, 0.001532, 0.002066, 0.002096, 0.002571, 0.004162, 0.004064, 0.002172, 0.002413, 0.009797, 0.001584, 0.001823, 0.004526, 0.350208, 0.002459]"
doc_01098,Golf 7 klimanin ilik uflemesi,https://www.golftutkusu.com/topic/27406-golf-7-klimanin-ilik-uflemesi,4,0.9782765019207064,NA,unknown,NA,113000,90-120k,unknown,high,1,11,"[0.000809, 0.000403, 0.000860, 0.978277, 0.003176, 0.001197, 0.001588, 0.001197, 0.001221, 0.000598, 0.001640, 0.000924, 0.000663, 0.001630, 0.000476, 0.001244, 0.000797, 0.001969, 0.001256, 0.000075]"
doc_01099,Golf 7 klimayi ilk acista gelen kotu koku,https://www.golftutkusu.com/topic/18363-golf-7-klimayi-ilk-acista-gelen-kotu-koku,8,0.5370526425225189,NA,unknown,NA,NA,unknown,unknown,medium,1,9,"[0.007267, 0.003460, 0.010352, 0.009146, 0.222508, 0.011610, 0.009423, 0.537053, 0.005764, 0.003599, 0.011037, 0.009698, 0.009293, 0.082847, 0.005267, 0.041384, 0.006535, 0.007448, 0.004320, 0.001990]"
doc_01100,Golf 7 kor nokta sorunu,https://www.golftutkusu.com/topic/26358-golf-7-kor-nokta-sorunu,8,0.4453076648893423,NA,unknown,NA,NA,unknown,unknown,high,4,3,"[0.007122, 0.002737, 0.004392, 0.008741, 0.095289, 0.004917, 0.003193, 0.445308, 0.005398, 0.002963, 0.006392, 0.007413, 0.003191, 0.005982, 0.000811, 0.004094, 0.384655, 0.003547, 0.003760, 0.000096]"
doc_01101,Golf 7 kor nokta uyari sistemi,https://www.golftutkusu.com/topic/27603-golf-7-kor-nokta-uyari-sistemi,5,0.9758956453884324,NA,unknown,2016,NA,unknown,unknown,low,0,3,"[0.002388, 0.000420, 0.002639, 0.001910, 0.975896, 0.002405, 0.000858, 0.001579, 0.002361, 0.000523, 0.001003, 0.001480, 0.000689, 0.002389, 0.000196, 0.000651, 0.001097, 0.000396, 0.001074, 0.000047]"
doc_01102,Golf 7 kumanda sorunu,https://www.golftutkusu.com/topic/15597-golf-7-kumanda-sorunu,9,0.7579410867765101,NA,unknown,NA,NA,unknown,unknown,low,0,4,"[0.005465, 0.000628, 0.002405, 0.003175, 0.126376, 0.004301, 0.011462, 0.002747, 0.757941, 0.000539, 0.062848, 0.002740, 0.001535, 0.006515, 0.000527, 0.001794, 0.002744, 0.003026, 0.003087, 0.000145]"
doc_01103,Golf 7 kumandadan cam indirme problemi,https://www.golftutkusu.com/topic/9773-golf-7-kumandadan-cam-indirme-problemi,5,0.5503489189452967,NA,unknown,2016,NA,unknown,unknown,low,0,4,"[0.016823, 0.003776, 0.019681, 0.013920, 0.550349, 0.013308, 0.007874, 0.006848, 0.300774, 0.003877, 0.007706, 0.007228, 0.004247, 0.011522, 0.002269, 0.006430, 0.007472, 0.005809, 0.009715, 0.000370]"
doc_01104,Golf 7 led stop,https://www.golftutkusu.com/topic/25829-golf-7-led-stop,5,0.6350759955621187,NA,unknown,NA,NA,unknown,unknown,low,0,1,"[0.012413, 0.003140, 0.010444, 0.010337, 0.635076, 0.247846, 0.005079, 0.009546, 0.010873, 0.003212, 0.007281, 0.007862, 0.004172, 0.011233, 0.001457, 0.003834, 0.004637, 0.003638, 0.007608, 0.000312]"
doc_01105,Golf 7 led stop yarisi yaniyor yarisi sonuyor,https://www.golftutkusu.com/topic/25137-golf-7-led-stop-yarisi-yaniyor-yarisi-sonuyor,5,0.8565713326555818,NA,unknown,NA,NA,unknown,unknown,low,0,1,"[0.012721, 0.002852, 0.014590, 0.011590, 0.856571, 0.013925, 0.005422, 0.007764, 0.016235, 0.003304, 0.006123, 0.008364, 0.004488, 0.013652, 0.001347, 0.003879, 0.005626, 0.003401, 0.007902, 0.000243]"
doc_01106,Golf 7 logo kamera siyah ekran,https://www.golftutkusu.com/topic/22495-golf-7-logo-kamera-siyah-ekran,9,0.9104137667957084,NA,unknown,NA,NA,unknown,unknown,low,0,1,"[0.002664, 0.001425, 0.005982, 0.004251, 0.014182, 0.003791, 0.005956, 0.001966, 0.910414, 0.001839, 0.006932, 0.002648, 0.002324, 0.006218, 0.003715, 0.006305, 0.003497, 0.011770, 0.003694, 0.000428]"
doc_01107,Golf 7 manuel olarak calistirin sorunu,https://www.golftutkusu.com/topic/18072-golf-7-manuel-olarak-calistirin-sorunu,19,0.9874649558702951,NA,unknown,NA,NA,unknown,unknown,medium,1,3,"[0.000283, 0.000367, 0.001945, 0.000516, 0.000111, 0.000515, 0.000138, 0.000681, 0.000514, 0.001080, 0.001012, 0.000758, 0.000204, 0.000201, 0.001190, 0.000378, 0.000185, 0.001159, 0.987465, 0.001299]"
doc_01108,Golf 7 map sensor temizligi,https://www.golftutkusu.com/topic/11276-golf-7-map-sensor-temizligi,11,0.9807851275073898,1.6,diesel,NA,NA,unknown,1.6_TDI,high,1,13,"[0.001402, 0.000084, 0.001033, 0.001079, 0.002396, 0.000993, 0.001530, 0.000842, 0.001098, 0.000088, 0.980785, 0.000802, 0.000752, 0.002536, 0.000175, 0.001031, 0.001317, 0.001099, 0.000831, 0.000127]"
doc_01109,Golf 7 mars basarken tutukluk,https://www.golftutkusu.com/topic/24496-golf-7-mars-basarken-tutukluk,12,0.9700203562871523,NA,unknown,NA,NA,unknown,unknown,medium,1,10,"[0.000871, 0.000652, 0.000868, 0.001634, 0.004782, 0.002225, 0.001176, 0.000801, 0.001192, 0.000785, 0.002007, 0.970020, 0.001556, 0.001778, 0.001493, 0.002368, 0.001054, 0.002908, 0.001174, 0.000657]"
doc_01110,Golf 7 merkezi kilit sorunu,https://www.golftutkusu.com/topic/16343-golf-7-merkezi-kilit-sorunu,12,0.9717004499656277,NA,unknown,NA,NA,unknown,unknown,high,2,10,"[0.001018, 0.000488, 0.000720, 0.001744, 0.005218, 0.001377, 0.001373, 0.000942, 0.001402, 0.000739, 0.002054, 0.971700, 0.001116, 0.002540, 0.000833, 0.002076, 0.001015, 0.002563, 0.000963, 0.000119]"
doc_01111,Golf 7 merkezi kilitleme ile ilgili,https://www.golftutkusu.com/topic/13829-golf-7-merkezi-kilitleme-ile-ilgili,6,0.9111649613583955,NA,unknown,NA,NA,unknown,unknown,medium,1,5,"[0.002159, 0.000672, 0.001826, 0.001897, 0.057015, 0.911165, 0.002109, 0.001533, 0.002217, 0.000662, 0.003863, 0.001411, 0.001111, 0.004027, 0.001173, 0.001685, 0.001674, 0.002218, 0.001292, 0.000294]"
doc_01112,Golf 7 midline plus 2013 sis fari montaji yaptik sag sis yanmiyor,https://www.golftutkusu.com/topic/21736-golf-7-midline-plus-2013-sis-fari-montaji-yaptik-sag-sis-yanmiyor,14,0.22113271691984906,NA,unknown,2013,NA,unknown,unknown,medium,1,3,"[0.028869, 0.009417, 0.107507, 0.020242, 0.131878, 0.025202, 0.010383, 0.007313, 0.182735, 0.009169, 0.015950, 0.015321, 0.013685, 0.221133, 0.006835, 0.009215, 0.008681, 0.020077, 0.155655, 0.000733]"
doc_01113,Golf 7 mikrofon calismiyor,https://www.golftutkusu.com/topic/25308-golf-7-mikrofon-calismiyor,14,0.9100322290309957,NA,unknown,2014,NA,unknown,unknown,low,0,1,"[0.003840, 0.001277, 0.003662, 0.003481, 0.012021, 0.002788, 0.002502, 0.001462, 0.004071, 0.037565, 0.002371, 0.003051, 0.002195, 0.910032, 0.001160, 0.001826, 0.001498, 0.002070, 0.003047, 0.000079]"
doc_01114,Golf 7 motor yagi hakkinda bilginiz lazim,https://www.golftutkusu.com/topic/10772-golf-7-motor-yagi-hakkinda-bilginiz-lazim,9,0.7592897828964044,NA,unknown,NA,NA,unknown,unknown,low,0,6,"[0.008100, 0.003844, 0.015253, 0.015470, 0.039514, 0.010760, 0.017891, 0.006355, 0.759290, 0.004880, 0.017773, 0.007492, 0.006732, 0.017022, 0.009503, 0.018725, 0.008640, 0.021405, 0.010249, 0.001102]"
doc_01115,Golf 7 multi medya ses gelmiyor,https://www.golftutkusu.com/topic/19968-golf-7-multi-medya-ses-gelmiyor,9,0.9624242209167668,NA,unknown,2013,NA,unknown,unknown,medium,1,1,"[0.001261, 0.000713, 0.002348, 0.001945, 0.006549, 0.001735, 0.002542, 0.000804, 0.962424, 0.000827, 0.002461, 0.001016, 0.000993, 0.002805, 0.001952, 0.002605, 0.001385, 0.003456, 0.001958, 0.000220]"
doc_01116,Golf 7 multimedia degisimi acil yardimlarinizi bekliyorum,https://www.golftutkusu.com/topic/16704-golf-7-multimedia-degisimi-acil-yardimlarinizi-bekliyorum,4,0.9850406486586865,NA,unknown,2013,5000,0-30k,unknown,medium,1,7,"[0.000411, 0.000341, 0.000660, 0.985041, 0.001572, 0.001016, 0.000993, 0.000581, 0.000718, 0.000430, 0.001062, 0.000749, 0.000639, 0.000716, 0.000563, 0.000958, 0.000494, 0.001636, 0.001135, 0.000286]"
doc_01117,Golf 7 multimedya ekran titreme ve renk problemi,https://www.golftutkusu.com/topic/14731-golf-7-multimedya-ekran-titreme-ve-renk-problemi,3,0.7811608241793521,NA,unknown,NA,NA,unknown,unknown,high,2,19,"[0.021858, 0.008815, 0.781161, 0.007206, 0.064498, 0.006784, 0.015350, 0.003760, 0.019594, 0.003190, 0.005317, 0.004250, 0.007243, 0.014137, 0.001513, 0.002818, 0.006502, 0.012301, 0.013580, 0.000123]"
doc_01118,Golf 7 on cam boya kavlamasi,https://www.golftutkusu.com/topic/21032-golf-7-on-cam-boya-kavlamasi,17,0.9840901446410318,NA,unknown,NA,NA,unknown,unknown,low,0,2,"[0.000905, 0.000284, 0.000719, 0.000688, 0.002602, 0.000680, 0.000941, 0.000910, 0.000892, 0.000616, 0.001494, 0.000487, 0.000462, 0.000680, 0.000596, 0.000632, 0.984090, 0.001843, 0.000421, 0.000057]"
doc_01119,Golf 7 on cam catlagi,https://www.golftutkusu.com/topic/21547-golf-7-on-cam-catlagi,17,0.9692262226039902,NA,unknown,2014,35000,30-60k,unknown,medium,1,13,"[0.001217, 0.000648, 0.001613, 0.001232, 0.003798, 0.001746, 0.001344, 0.001303, 0.001374, 0.001129, 0.002476, 0.001300, 0.001219, 0.000847, 0.002025, 0.001467, 0.969226, 0.004539, 0.000915, 0.000582]"
doc_01120,Golf 7 on cam catlamasi,https://www.golftutkusu.com/topic/19851-golf-7-on-cam-catlamasi,13,0.948742113420177,NA,unknown,NA,NA,unknown,unknown,high,2,9,"[0.002799, 0.001631, 0.004083, 0.002616, 0.009984, 0.002509, 0.001759, 0.002070, 0.003188, 0.001185, 0.001884, 0.002662, 0.948742, 0.003370, 0.000894, 0.001320, 0.001275, 0.003311, 0.004615, 0.000104]"
doc_01121,Golf 7 on kapi gergisi sorunu (kapiyi acinca durmuyor),https://www.golftutkusu.com/topic/8511-golf-7-on-kapi-gergisi-sorunu-kapiyi-acinca-durmuyor,1,0.9825014800519675,NA,unknown,NA,NA,unknown,unknown,low,0,2,"[0.982501, 0.000228, 0.003016, 0.000321, 0.000603, 0.000607, 0.000126, 0.001500, 0.000311, 0.000853, 0.001890, 0.000713, 0.000123, 0.000346, 0.001937, 0.000468, 0.000430, 0.000825, 0.001757, 0.001445]"
doc_01122,Golf 7 orjinal anahtar araci tanimiyor,https://www.golftutkusu.com/topic/19108-golf-7-orjinal-anahtar-araci-tanimiyor,1,0.8583421954477971,1.6,diesel,2014,NA,unknown,1.6_TDI,high,2,10,"[0.858342, 0.000278, 0.001874, 0.000985, 0.121864, 0.001477, 0.000790, 0.001580, 0.001430, 0.000470, 0.002025, 0.000765, 0.000599, 0.002342, 0.001290, 0.000703, 0.001132, 0.000779, 0.001079, 0.000198]"
doc_01123,Golf 7 orjinal far yerine taiwan 7.5 far stop alma,https://www.golftutkusu.com/topic/27561-golf-7-orjinal-far-yerine-taiwan-7-5-far-stop-alma,5,0.9520474886213343,NA,unknown,2016,NA,unknown,unknown,medium,1,9,"[0.008022, 0.001244, 0.002839, 0.002656, 0.952047, 0.003463, 0.003926, 0.002565, 0.006335, 0.001209, 0.001530, 0.002300, 0.001349, 0.004509, 0.000323, 0.000448, 0.002355, 0.000883, 0.001961, 0.000034]"
doc_01124,Golf 7 orjinal multimedya MP4 calar mi?,https://www.golftutkusu.com/topic/15778-golf-7-orjinal-multimedya-mp4-calar-mi,16,0.9560661328983909,NA,unknown,NA,NA,unknown,unknown,low,0,3,"[0.000925, 0.000329, 0.004752, 0.002155, 0.005289, 0.001797, 0.003049, 0.003649, 0.003562, 0.001174, 0.002892, 0.002112, 0.001727, 0.003677, 0.000622, 0.956066, 0.001403, 0.004087, 0.000637, 0.000096]"
doc_01125,Golf 7 replika kayar led,https://www.golftutkusu.com/topic/12823-golf-7-replika-kayar-led,15,0.9893185987800739,NA,unknown,NA,NA,unknown,unknown,low,0,1,"[0.000678, 0.000243, 0.000447, 0.000291, 0.000572, 0.000743, 0.000559, 0.000174, 0.000726, 0.000373, 0.000186, 0.000466, 0.000746, 0.000556, 0.989319, 0.000315, 0.000373, 0.002122, 0.000538, 0.000574]"
doc_01126,Golf 7 rolantide bogulma,https://www.golftutkusu.com/topic/24090-golf-7-rolantide-bogulma,5,0.9838442585183654,NA,unknown,NA,NA,unknown,unknown,medium,1,5,"[0.001779, 0.000274, 0.001712, 0.001229, 0.983844, 0.001602, 0.000534, 0.001128, 0.001485, 0.000349, 0.000670, 0.001043, 0.000453, 0.001654, 0.000126, 0.000440, 0.000708, 0.000242, 0.000695, 0.000032]"
doc_01127,Golf 7 rot balans,https://www.golftutkusu.com/topic/25857-golf-7-rot-balans,2,0.9256568611468329,NA,unknown,2021,NA,unknown,unknown,high,1,30,"[0.003206, 0.925657, 0.008532, 0.005646, 0.012458, 0.004432, 0.003932, 0.003169, 0.006326, 0.001627, 0.001005, 0.003678, 0.004281, 0.003746, 0.001031, 0.001067, 0.002357, 0.002307, 0.005444, 0.000098]"
doc_01128,Golf 7 sag kisa far calismiyor,https://www.golftutkusu.com/topic/27316-golf-7-sag-kisa-far-calismiyor,1,0.8564002237235255,NA,unknown,2024,NA,unknown,unknown,low,0,5,"[0.856400, 0.004349, 0.000644, 0.001402, 0.001008, 0.001091, 0.000239, 0.001564, 0.000661, 0.001870, 0.004256, 0.000226, 0.000924, 0.001361, 0.005703, 0.004753, 0.001446, 0.106063, 0.001808, 0.004233]"
doc_01129,Golf 7 sag on kapidan gelen citirti,https://www.golftutkusu.com/topic/10117-golf-7-sag-on-kapidan-gelen-citirti,12,0.9941113567248528,NA,unknown,NA,NA,unknown,unknown,low,0,5,"[0.000176, 0.000142, 0.000143, 0.000308, 0.000511, 0.000362, 0.000232, 0.000149, 0.000216, 0.000188, 0.000410, 0.994111, 0.000344, 0.000347, 0.000496, 0.000474, 0.000201, 0.000691, 0.000336, 0.000162]"
doc_01130,Golf 7 sag yan ayna motor problemi,https://www.golftutkusu.com/topic/26050-golf-7-sag-yan-ayna-motor-problemi,15,0.7673583086985676,1.2,petrol,2015,NA,unknown,1.2_TSI,high,2,4,"[0.001088, 0.000870, 0.001436, 0.001196, 0.001463, 0.002054, 0.204580, 0.000577, 0.002207, 0.001451, 0.000889, 0.001053, 0.001604, 0.001697, 0.767358, 0.001590, 0.001182, 0.005549, 0.000981, 0.001172]"
doc_01131,Golf 7 sag yolcu tarafi soguk ufleme sorunu,https://www.golftutkusu.com/topic/21734-golf-7-sag-yolcu-tarafi-soguk-ufleme-sorunu,19,0.8611243137916079,NA,unknown,2018,2000,0-30k,unknown,high,1,48,"[0.002095, 0.001032, 0.001811, 0.002625, 0.004631, 0.112352, 0.000897, 0.000787, 0.002611, 0.001050, 0.001348, 0.001457, 0.001290, 0.001577, 0.000626, 0.000398, 0.000697, 0.001485, 0.861124, 0.000106]"
doc_01132,Golf 7 saga ve sola donuslerde ses,https://www.golftutkusu.com/topic/19539-golf-7-saga-ve-sola-donuslerde-ses,3,0.9261688263565088,NA,unknown,2016,NA,unknown,unknown,high,1,23,"[0.000696, 0.000657, 0.926169, 0.000587, 0.001933, 0.001297, 0.002139, 0.000636, 0.000787, 0.000872, 0.025571, 0.000173, 0.000192, 0.001009, 0.002460, 0.012162, 0.000253, 0.019665, 0.002208, 0.000533]"
doc_01133,Golf 7 sanziman ariza hatasi,https://www.golftutkusu.com/topic/20777-golf-7-sanziman-ariza-hatasi,3,0.6395505804552911,NA,unknown,2012,162000,150-180k,unknown,low,0,2,"[0.001827, 0.002271, 0.639551, 0.002893, 0.002475, 0.003047, 0.001990, 0.006129, 0.005056, 0.005651, 0.006520, 0.003493, 0.001495, 0.002972, 0.006990, 0.009543, 0.003126, 0.287017, 0.006595, 0.001360]"
doc_01134,Golf 7 sanziman hatasi.,https://www.golftutkusu.com/topic/27252-golf-7-sanziman-hatasi,9,0.9737312642378912,1.4,petrol,2013,80000,60-90k,1.4_TSI,medium,1,8,"[0.000870, 0.000391, 0.001455, 0.001067, 0.008436, 0.000980, 0.001313, 0.000501, 0.973731, 0.000468, 0.001473, 0.000589, 0.000545, 0.001745, 0.001012, 0.001612, 0.000875, 0.001776, 0.001021, 0.000137]"
doc_01135,Golf 7 sanzimandan gelen ses,https://www.golftutkusu.com/topic/9379-golf-7-sanzimandan-gelen-ses,5,0.8850741949643856,1.6,diesel,2015,NA,unknown,1.6_TDI,medium,0,1,"[0.010524, 0.002178, 0.013641, 0.009043, 0.885074, 0.009843, 0.004156, 0.007002, 0.011228, 0.002581, 0.004788, 0.006737, 0.003792, 0.011748, 0.001025, 0.003418, 0.004565, 0.002590, 0.005876, 0.000189]"
doc_01136,Golf 7 sigorta kutusundan anlayan var mi,https://www.golftutkusu.com/topic/16816-golf-7-sigorta-kutusundan-anlayan-var-mi,9,0.4220312515603853,NA,unknown,NA,NA,unknown,unknown,medium,1,5,"[0.028400, 0.004355, 0.007233, 0.007075, 0.389157, 0.009530, 0.009967, 0.003716, 0.422031, 0.005409, 0.005455, 0.005734, 0.003768, 0.077841, 0.002081, 0.001774, 0.004879, 0.004072, 0.007388, 0.000135]"
doc_01137,Golf 7 sinyal ampulu arizasi,https://www.golftutkusu.com/topic/26155-golf-7-sinyal-ampulu-arizasi,9,0.38418413461569756,NA,unknown,NA,NA,unknown,unknown,low,0,1,"[0.001230, 0.001608, 0.261397, 0.002451, 0.005216, 0.002731, 0.003164, 0.001881, 0.384184, 0.001414, 0.003278, 0.002369, 0.002515, 0.003041, 0.002731, 0.303197, 0.001757, 0.011873, 0.002364, 0.001601]"
doc_01138,Golf 7 sis fari,https://www.golftutkusu.com/topic/18202-golf-7-sis-fari,11,0.5553617923429541,NA,unknown,NA,NA,unknown,unknown,low,0,5,"[0.223539, 0.000517, 0.002645, 0.002283, 0.173823, 0.004170, 0.006426, 0.003471, 0.003263, 0.000535, 0.555362, 0.002034, 0.002001, 0.008341, 0.000867, 0.000987, 0.004790, 0.002093, 0.002581, 0.000273]"
doc_01139,Golf 7 sogukken arac sallaniyor,https://www.golftutkusu.com/topic/23802-golf-7-sogukken-arac-sallaniyor,5,0.8836376391223469,NA,unknown,2013,NA,unknown,unknown,high,0,10,"[0.013691, 0.002159, 0.011253, 0.009096, 0.883638, 0.010527, 0.004168, 0.006440, 0.011644, 0.002624, 0.005036, 0.006618, 0.003681, 0.011695, 0.001107, 0.002923, 0.004473, 0.002483, 0.006541, 0.000203]"
doc_01140,Golf 7 sol arka stop duyu yandi.,https://www.golftutkusu.com/topic/25088-golf-7-sol-arka-stop-duyu-yandi,2,0.9799476069036647,NA,unknown,NA,NA,unknown,unknown,medium,1,4,"[0.000517, 0.979948, 0.001942, 0.001152, 0.001538, 0.001634, 0.001483, 0.000844, 0.001064, 0.000376, 0.000397, 0.001159, 0.001436, 0.000896, 0.001153, 0.000667, 0.000921, 0.001375, 0.001107, 0.000391]"
doc_01141,Golf 7 sol kapi aydinlatma calismiyor,https://www.golftutkusu.com/topic/24599-golf-7-sol-kapi-aydinlatma-calismiyor,19,0.9511844156680709,NA,unknown,NA,NA,unknown,unknown,low,0,1,"[0.003141, 0.001071, 0.003776, 0.004102, 0.005106, 0.002318, 0.001924, 0.001513, 0.003675, 0.001190, 0.003861, 0.001818, 0.002458, 0.003874, 0.002114, 0.001225, 0.001348, 0.004008, 0.951184, 0.000293]"
doc_01142,Golf 7 sol stop su alma sorunu,https://www.golftutkusu.com/topic/16675-golf-7-sol-stop-su-alma-sorunu,8,0.7796755581036594,NA,unknown,2013,100000,90-120k,unknown,high,2,8,"[0.096951, 0.000711, 0.001723, 0.001792, 0.098108, 0.001915, 0.001501, 0.779676, 0.001235, 0.000721, 0.002489, 0.001121, 0.001289, 0.002451, 0.001066, 0.002480, 0.002032, 0.001165, 0.001445, 0.000128]"
doc_01143,Golf 7 sonradan takilan park sensoru hatasi,https://www.golftutkusu.com/topic/8994-golf-7-sonradan-takilan-park-sensoru-hatasi,5,0.8569128859563916,NA,unknown,NA,NA,unknown,unknown,medium,1,5,"[0.100839, 0.001384, 0.003326, 0.002706, 0.856913, 0.003810, 0.003774, 0.003371, 0.004925, 0.001358, 0.001955, 0.002375, 0.001497, 0.004227, 0.000555, 0.000417, 0.002957, 0.000961, 0.002600, 0.000051]"
doc_01144,Golf 7 statik viraj fari yanmiyor,https://www.golftutkusu.com/topic/27638-golf-7-statik-viraj-fari-yanmiyor,8,0.7115900810110535,NA,unknown,NA,NA,unknown,unknown,medium,1,2,"[0.002515, 0.001306, 0.000919, 0.002095, 0.006799, 0.003336, 0.243280, 0.711590, 0.001763, 0.000932, 0.002223, 0.002253, 0.002686, 0.002301, 0.002256, 0.005002, 0.002217, 0.004757, 0.001356, 0.000414]"
doc_01145,Golf 7 stoplarini 7.5 comfort stop ile degistirme,https://www.golftutkusu.com/topic/16349-golf-7-stoplarini-7-5-comfort-stop-ile-degistirme,7,0.7284095841117436,NA,unknown,NA,NA,unknown,unknown,low,0,7,"[0.000380, 0.006130, 0.002345, 0.007425, 0.001488, 0.001232, 0.728410, 0.002230, 0.000795, 0.009141, 0.007759, 0.001155, 0.000722, 0.001089, 0.003263, 0.216724, 0.001968, 0.005833, 0.001155, 0.000754]"
doc_01146,Golf 7 su aliyor,https://www.golftutkusu.com/topic/13190-golf-7-su-aliyor,15,0.9679432408234506,NA,unknown,2013,NA,unknown,unknown,high,2,12,"[0.001400, 0.000347, 0.000677, 0.000581, 0.001317, 0.000862, 0.000877, 0.000318, 0.001481, 0.000573, 0.000399, 0.000522, 0.000830, 0.001999, 0.967943, 0.000285, 0.000490, 0.001874, 0.016954, 0.000271]"
doc_01147,Golf 7 su aliyor !!!,https://www.golftutkusu.com/topic/9530-golf-7-su-aliyor,11,0.8839900423128939,1.4,petrol,2013,91000,90-120k,1.4_TSI,medium,1,4,"[0.001982, 0.000205, 0.002318, 0.001672, 0.002154, 0.002284, 0.002201, 0.000843, 0.001730, 0.000298, 0.883990, 0.001820, 0.001635, 0.002385, 0.001575, 0.003810, 0.001697, 0.002565, 0.001576, 0.083260]"
doc_01148,Golf 7 su alma sonucu airbag beyni bozulmasi,https://www.golftutkusu.com/topic/22973-golf-7-su-alma-sonucu-airbag-beyni-bozulmasi,7,0.3918121653883676,NA,unknown,2016,20000,0-30k,unknown,medium,1,14,"[0.161342, 0.006523, 0.004174, 0.006042, 0.022134, 0.004978, 0.391812, 0.003871, 0.249389, 0.089865, 0.004056, 0.008620, 0.004443, 0.017424, 0.005470, 0.002003, 0.005315, 0.005137, 0.007226, 0.000177]"
doc_01149,Golf 7 tdi dsg gec alma,https://www.golftutkusu.com/topic/11591-golf-7-tdi-dsg-gec-alma,20,0.9954338884851441,NA,unknown,2013,5000,0-30k,unknown,high,1,15,"[0.000104, 0.000079, 0.000678, 0.000098, 0.000071, 0.000274, 0.000069, 0.000107, 0.000200, 0.000236, 0.000426, 0.000242, 0.000069, 0.000059, 0.000991, 0.000155, 0.000072, 0.000174, 0.000463, 0.995434]"
doc_01150,Golf 7 tdi elinde bu parcalardan olanlar ?,https://www.golftutkusu.com/topic/16700-golf-7-tdi-elinde-bu-parcalardan-olanlar,15,0.9459968232166496,NA,unknown,NA,NA,unknown,unknown,low,0,6,"[0.002986, 0.009003, 0.000429, 0.002110, 0.002567, 0.001551, 0.000786, 0.001215, 0.003398, 0.004258, 0.001568, 0.000364, 0.001227, 0.003172, 0.945997, 0.003023, 0.001193, 0.009512, 0.003033, 0.002606]"
doc_01151,Golf 7 tdi su eksiltme,https://www.golftutkusu.com/topic/16299-golf-7-tdi-su-eksiltme,8,0.8978988490746006,1.6,diesel,2018,120000,120-150k,1.6_TDI,high,3,68,"[0.012570, 0.001902, 0.001881, 0.004240, 0.031485, 0.004884, 0.008225, 0.897899, 0.004833, 0.001415, 0.002075, 0.003745, 0.003380, 0.005610, 0.000714, 0.003202, 0.003658, 0.004352, 0.003886, 0.000044]"
doc_01152,Golf 7 termostat arizasi,https://www.golftutkusu.com/topic/22864-golf-7-termostat-arizasi,7,0.9904290848668855,1.2,petrol,2013,NA,unknown,1.2_TSI,low,0,1,"[0.000059, 0.000341, 0.001202, 0.000313, 0.000099, 0.000373, 0.990429, 0.000741, 0.000300, 0.001055, 0.000909, 0.000496, 0.000097, 0.000146, 0.000715, 0.000867, 0.000200, 0.000542, 0.000449, 0.000668]"
doc_01153,Golf 7 teyp calismiyor,https://www.golftutkusu.com/topic/14973-golf-7-teyp-calismiyor,7,0.975721857780643,NA,unknown,NA,NA,unknown,unknown,low,0,1,"[0.001907, 0.001054, 0.000999, 0.001587, 0.006670, 0.001069, 0.975722, 0.000810, 0.001689, 0.001269, 0.001015, 0.000961, 0.000766, 0.001337, 0.000255, 0.000278, 0.000961, 0.000681, 0.000954, 0.000015]"
doc_01154,Golf 7 topspeed yapmiyor,https://www.golftutkusu.com/topic/16125-golf-7-topspeed-yapmiyor,6,0.900081042547348,1.6,diesel,2013,5000,0-30k,1.6_TDI,high,1,30,"[0.005390, 0.002692, 0.004443, 0.007644, 0.027560, 0.900081, 0.003418, 0.002670, 0.010043, 0.002080, 0.003651, 0.004308, 0.002761, 0.006588, 0.001287, 0.002123, 0.002395, 0.003932, 0.006728, 0.000207]"
doc_01155,Golf 7 torpido siyah kisim temizligi,https://www.golftutkusu.com/topic/27651-golf-7-torpido-siyah-kisim-temizligi,2,0.976908027910956,NA,unknown,NA,NA,unknown,unknown,low,0,10,"[0.001633, 0.976908, 0.000269, 0.001722, 0.002600, 0.000732, 0.001515, 0.001480, 0.001379, 0.001957, 0.001030, 0.000193, 0.000683, 0.001583, 0.000498, 0.000940, 0.000923, 0.002138, 0.001621, 0.000197]"
doc_01156,Golf 7 trim sesleri,https://www.golftutkusu.com/topic/22674-golf-7-trim-sesleri,3,0.8253289840274902,NA,unknown,NA,NA,unknown,unknown,low,0,1,"[0.003994, 0.001574, 0.825329, 0.002516, 0.136791, 0.002430, 0.001827, 0.001630, 0.004493, 0.000663, 0.002010, 0.001336, 0.001733, 0.004076, 0.000424, 0.002246, 0.001678, 0.002358, 0.002794, 0.000099]"
doc_01157,Golf 7 ufak bir kaporta sorusu?,https://www.golftutkusu.com/topic/11018-golf-7-ufak-bir-kaporta-sorusu,16,0.6679610538947026,1.2,petrol,2017,NA,unknown,1.2_TSI,low,0,4,"[0.000766, 0.024425, 0.005312, 0.008846, 0.001945, 0.003463, 0.005253, 0.002406, 0.080388, 0.118092, 0.007528, 0.003109, 0.001856, 0.001374, 0.019236, 0.667961, 0.005492, 0.019110, 0.005416, 0.018024]"
doc_01158,Golf 7 uzun far sorunu,https://www.golftutkusu.com/topic/23494-golf-7-uzun-far-sorunu,20,0.4996506974227569,NA,unknown,NA,NA,unknown,unknown,low,0,3,"[0.000629, 0.001338, 0.000378, 0.000612, 0.480174, 0.001046, 0.000241, 0.000794, 0.000587, 0.000597, 0.006686, 0.000203, 0.000356, 0.001191, 0.000898, 0.002931, 0.000604, 0.000683, 0.000402, 0.499651]"
doc_01159,Golf 7 yag kokusu,https://www.golftutkusu.com/topic/26891-golf-7-yag-kokusu,13,0.9599567695819393,1.4,petrol,2012,139000,120-150k,1.4_TSI,high,1,6,"[0.000324, 0.001176, 0.011224, 0.000626, 0.000339, 0.000968, 0.000462, 0.001699, 0.000652, 0.001968, 0.002390, 0.001628, 0.959957, 0.000661, 0.002690, 0.001854, 0.000440, 0.003720, 0.004084, 0.003138]"
doc_01160,Golf 7 yag seviyesini kontrol edin uyarisi (yardim),https://www.golftutkusu.com/topic/24902-golf-7-yag-seviyesini-kontrol-edin-uyarisi-yardim,5,0.7194858977889159,1.2,petrol,2016,2000,0-30k,1.2_TSI,high,2,25,"[0.018228, 0.005408, 0.034424, 0.031768, 0.719486, 0.027707, 0.011409, 0.012127, 0.023833, 0.006093, 0.011336, 0.014181, 0.008972, 0.030856, 0.002455, 0.007580, 0.008741, 0.007112, 0.017855, 0.000430]"
doc_01161,Golf 7 yakit gostergesi orantisizlik sorunu,https://www.golftutkusu.com/topic/27628-golf-7-yakit-gostergesi-orantisizlik-sorunu,14,0.9613720292949287,1.6,diesel,2016,NA,unknown,1.6_TDI,high,2,9,"[0.000890, 0.000485, 0.002448, 0.001350, 0.003209, 0.001983, 0.001283, 0.000895, 0.001281, 0.000939, 0.002616, 0.001693, 0.001681, 0.961372, 0.001762, 0.010698, 0.000559, 0.003487, 0.000928, 0.000439]"
doc_01162,Golf 7 yakit gostergesi sorunu,https://www.golftutkusu.com/topic/18912-golf-7-yakit-gostergesi-sorunu,16,0.9749874465212339,NA,unknown,NA,NA,unknown,unknown,low,0,1,"[0.000506, 0.000184, 0.002324, 0.001194, 0.003113, 0.001245, 0.002191, 0.002426, 0.002079, 0.000770, 0.001536, 0.001115, 0.000911, 0.002008, 0.000329, 0.974987, 0.000758, 0.001938, 0.000330, 0.000054]"
doc_01163,Golf 7 yan ayna titreme sorunu,https://www.golftutkusu.com/topic/9051-golf-7-yan-ayna-titreme-sorunu,2,0.9504180082849492,NA,unknown,2014,NA,unknown,unknown,high,2,6,"[0.002134, 0.950418, 0.004794, 0.003658, 0.007909, 0.002973, 0.002887, 0.002129, 0.004469, 0.001139, 0.000645, 0.002771, 0.002718, 0.002543, 0.000755, 0.000671, 0.001697, 0.001571, 0.004051, 0.000069]"
doc_01164,Golf 7 yangin tupu,https://www.golftutkusu.com/topic/10283-golf-7-yangin-tupu,5,0.5288949724582245,NA,unknown,NA,NA,unknown,unknown,medium,0,10,"[0.227223, 0.002590, 0.004782, 0.004195, 0.528895, 0.004986, 0.005368, 0.003190, 0.188198, 0.002484, 0.002962, 0.003371, 0.002190, 0.006405, 0.001409, 0.000792, 0.003701, 0.002022, 0.005131, 0.000108]"
doc_01165,Golf 7 yay sesi ve sertlik,https://www.golftutkusu.com/topic/23419-golf-7-yay-sesi-ve-sertlik,5,0.6310590804693272,NA,unknown,NA,NA,unknown,unknown,low,0,5,"[0.012698, 0.004005, 0.019596, 0.010311, 0.631059, 0.012400, 0.007055, 0.235335, 0.007802, 0.003270, 0.005679, 0.007835, 0.005967, 0.011672, 0.001184, 0.007475, 0.005404, 0.003093, 0.007972, 0.000185]"
doc_01166,"Golf 7 ye 7,5 J far uyar mi",https://www.golftutkusu.com/topic/24076-golf-7-ye-7-5-j-far-uyar-mi,2,0.9894225750180508,NA,unknown,NA,NA,unknown,unknown,low,0,7,"[0.000316, 0.989423, 0.000278, 0.000940, 0.000773, 0.000408, 0.000279, 0.000691, 0.000733, 0.000724, 0.000493, 0.000111, 0.000366, 0.000705, 0.000304, 0.001009, 0.000341, 0.001010, 0.000877, 0.000219]"
doc_01167,Golf 7 ye 8R dizayn Far Mi J far mi,https://www.golftutkusu.com/topic/26296-golf-7-ye-8r-dizayn-far-mi-j-far-mi,4,0.8182828317438812,NA,unknown,NA,NA,unknown,unknown,low,0,1,"[0.004302, 0.053988, 0.002886, 0.818283, 0.008555, 0.002712, 0.010667, 0.003944, 0.002088, 0.024183, 0.009262, 0.003097, 0.001669, 0.001738, 0.002110, 0.023566, 0.004532, 0.010520, 0.011587, 0.000312]"
doc_01168,Golf 7 yerden yuksekligi artirmak,https://www.golftutkusu.com/topic/15756-golf-7-yerden-yuksekligi-artirmak,5,0.9652566227031784,1.2,petrol,2019,NA,unknown,1.2_TSI,low,0,9,"[0.005529, 0.000584, 0.003442, 0.002309, 0.965257, 0.003161, 0.001098, 0.002035, 0.003905, 0.000723, 0.001365, 0.001875, 0.000943, 0.003137, 0.000306, 0.000816, 0.001379, 0.000561, 0.001511, 0.000065]"
doc_01169,Golf 7'de birkac sorun,https://www.golftutkusu.com/topic/15818-golf-7de-birkac-sorun,10,0.9564040052257846,1.4,petrol,2015,NA,unknown,1.4_TSI,low,0,3,"[0.002244, 0.000819, 0.001568, 0.003529, 0.007179, 0.001995, 0.003290, 0.001312, 0.004458, 0.956404, 0.000478, 0.002381, 0.001477, 0.002734, 0.000948, 0.001298, 0.002295, 0.002144, 0.003378, 0.000068]"
doc_01170,Golf 7'ye 7.5 orjinal highline stop,https://www.golftutkusu.com/topic/22894-golf-7ye-7-5-orjinal-highline-stop,3,0.5893026248431049,NA,unknown,2015,NA,unknown,unknown,low,0,5,"[0.002182, 0.004441, 0.589303, 0.004293, 0.005177, 0.003673, 0.327283, 0.005740, 0.008920, 0.007561, 0.008999, 0.004237, 0.000947, 0.003205, 0.002218, 0.004948, 0.002195, 0.005262, 0.008387, 0.001029]"
doc_01171,Golf 7'ye hayalet ekran takilmasi,https://www.golftutkusu.com/topic/22582-golf-7ye-hayalet-ekran-takilmasi,8,0.743038727540065,NA,unknown,NA,NA,unknown,unknown,low,0,3,"[0.005112, 0.001011, 0.002462, 0.003137, 0.223502, 0.002247, 0.001455, 0.743039, 0.001966, 0.000960, 0.001669, 0.001888, 0.001418, 0.002971, 0.000275, 0.002186, 0.002324, 0.000746, 0.001595, 0.000037]"
doc_01172,"Golf 7, Sabahlari ilk calistirmada tekliyor",https://www.golftutkusu.com/topic/24160-golf-7-sabahlari-ilk-calistirmada-tekliyor,8,0.8083241519764807,1.6,diesel,2016,NA,unknown,1.6_TDI,low,0,7,"[0.038133, 0.001459, 0.001367, 0.002572, 0.127009, 0.002061, 0.002615, 0.808324, 0.001834, 0.001188, 0.001485, 0.001615, 0.001725, 0.002233, 0.000283, 0.000844, 0.002469, 0.000825, 0.001940, 0.000018]"
doc_01173,"Golf 7,5 1.4 dsg tsi highline J led far sorunu",https://www.golftutkusu.com/topic/26097-golf-7-5-1-4-dsg-tsi-highline-j-led-far-sorunu,5,0.9396847978329935,NA,unknown,NA,30000,30-60k,unknown,low,0,11,"[0.003807, 0.000786, 0.005764, 0.003060, 0.939685, 0.005920, 0.003102, 0.003853, 0.004056, 0.001258, 0.003734, 0.002993, 0.002029, 0.006405, 0.001597, 0.003448, 0.003370, 0.003239, 0.001612, 0.000282]"
doc_01174,"Golf 7,5 GTI Donusum Sonrasi Sis Fari",https://www.golftutkusu.com/topic/23009-golf-7-5-gti-donusum-sonrasi-sis-fari,19,0.8983151228822889,NA,unknown,NA,2000,0-30k,unknown,low,0,7,"[0.000776, 0.005981, 0.000504, 0.002497, 0.000362, 0.001227, 0.000329, 0.000856, 0.001294, 0.002240, 0.003631, 0.000264, 0.001372, 0.001162, 0.004882, 0.004845, 0.000809, 0.062537, 0.898315, 0.006118]"
doc_01175,"Golf 7,5 Manuel Depriyaj Sesi",https://www.golftutkusu.com/topic/19282-golf-7-5-manuel-depriyaj-sesi,1,0.8944005514765349,NA,unknown,2020,NA,unknown,unknown,medium,1,2,"[0.894401, 0.000934, 0.000110, 0.000131, 0.000448, 0.000134, 0.000015, 0.000404, 0.000072, 0.000323, 0.000641, 0.000023, 0.000091, 0.000126, 0.000654, 0.003397, 0.001181, 0.095083, 0.000107, 0.001725]"
doc_01176,"Golf 7,Bu parca ne ve uzerindeki terleme, islaklik normal mi?",https://www.golftutkusu.com/topic/26875-golf-7-bu-parca-ne-ve-uzerindeki-terleme-islaklik-normal-mi,1,0.7421365635177801,1.2,petrol,NA,NA,unknown,1.2_TSI,high,0,8,"[0.742137, 0.001180, 0.002122, 0.002253, 0.204972, 0.002776, 0.002889, 0.002511, 0.003475, 0.017506, 0.001344, 0.002228, 0.001455, 0.003623, 0.000982, 0.000335, 0.002909, 0.001406, 0.003839, 0.000059]"
doc_01177,Golf 7.5 1.0 TSI Yuksek Suratte Frene Basinca Direksiyon Titremesi (Cozuldu),https://www.golftutkusu.com/topic/22248-golf-7-5-1-0-tsi-yuksek-suratte-frene-basinca-direksiyon-titremesi-cozuldu,9,0.41453054337904593,NA,unknown,NA,98000,90-120k,other,high,0,29,"[0.021061, 0.007742, 0.039876, 0.033987, 0.288482, 0.023140, 0.015327, 0.010977, 0.414531, 0.009240, 0.015214, 0.016315, 0.010813, 0.026478, 0.004577, 0.011406, 0.011415, 0.013315, 0.025460, 0.000644]"
doc_01178,Golf 7.5 J Far - H7 Fansiz Kisa far,https://www.golftutkusu.com/topic/25671-golf-7-5-j-far-h7-fansiz-kisa-far,17,0.7806772385393419,NA,unknown,NA,NA,unknown,unknown,low,0,6,"[0.003766, 0.001547, 0.006174, 0.004817, 0.009622, 0.004303, 0.004447, 0.003523, 0.005412, 0.003018, 0.006393, 0.003600, 0.003703, 0.003587, 0.004445, 0.003674, 0.780677, 0.144390, 0.002671, 0.000231]"
doc_01179,Golf 7.5 J LED Far Tavsiye,https://www.golftutkusu.com/topic/20007-golf-7-5-j-led-far-tavsiye,13,0.42096068756107163,NA,unknown,NA,NA,unknown,unknown,low,0,1,"[0.015400, 0.005906, 0.016136, 0.020528, 0.355642, 0.019884, 0.009060, 0.011295, 0.022488, 0.007324, 0.009192, 0.013501, 0.420961, 0.026237, 0.003422, 0.006818, 0.008321, 0.009688, 0.017700, 0.000498]"
doc_01180,Golf 7.5 Kamera Trimleri,https://www.golftutkusu.com/topic/27140-golf-7-5-kamera-trimleri,8,0.5074070349918459,NA,unknown,2017,NA,unknown,unknown,medium,1,5,"[0.001621, 0.001023, 0.003357, 0.003046, 0.002905, 0.003037, 0.001707, 0.507407, 0.001567, 0.001686, 0.002276, 0.002139, 0.003977, 0.001327, 0.004013, 0.007224, 0.003820, 0.445813, 0.001710, 0.000345]"
doc_01181,Golf 7.5 On Cam Sag Taraf Fitili,https://www.golftutkusu.com/topic/24850-golf-7-5-on-cam-sag-taraf-fitili,14,0.5744432004855643,NA,unknown,NA,NA,unknown,unknown,low,0,1,"[0.001720, 0.000245, 0.000403, 0.005300, 0.396289, 0.001191, 0.003033, 0.002599, 0.001181, 0.000555, 0.000774, 0.000518, 0.002869, 0.574443, 0.001976, 0.001700, 0.002995, 0.001711, 0.000401, 0.000099]"
doc_01182,Golf 7.5 Sikisik Trafik Sonrasi Titreme,https://www.golftutkusu.com/topic/26870-golf-7-5-sikisik-trafik-sonrasi-titreme,1,0.5202606918542944,NA,unknown,NA,3000,0-30k,unknown,high,1,7,"[0.520261, 0.005075, 0.019210, 0.010328, 0.133270, 0.010763, 0.004875, 0.013461, 0.012482, 0.004712, 0.011762, 0.009623, 0.079730, 0.012648, 0.004354, 0.003253, 0.006202, 0.007197, 0.130198, 0.000596]"
doc_01183,Golf 7.5 Torpidodaki isigi sokme/Degistirme,https://www.golftutkusu.com/topic/12307-golf-7-5-torpidodaki-isigi-sokme-degistirme,18,0.9528049024312532,NA,unknown,NA,NA,unknown,unknown,low,0,11,"[0.001558, 0.000587, 0.004748, 0.002794, 0.003361, 0.002772, 0.002049, 0.001323, 0.003550, 0.001440, 0.002429, 0.002642, 0.003335, 0.002926, 0.003812, 0.002977, 0.003084, 0.952805, 0.001711, 0.000097]"
doc_01184,Golf 7.5 kayar led (Taiwan ) yardim,https://www.golftutkusu.com/topic/23556-golf-7-5-kayar-led-taiwan-yardim,19,0.976643126617902,NA,unknown,NA,NA,unknown,unknown,low,0,1,"[0.002476, 0.000711, 0.001684, 0.002280, 0.003426, 0.001337, 0.000649, 0.000653, 0.002299, 0.000803, 0.001110, 0.001150, 0.001204, 0.001238, 0.000438, 0.000269, 0.000614, 0.000954, 0.976643, 0.000059]"
doc_01185,Golf 7.5 manuel yarim debriyaj ile kalkislarda gelen surtme sesi,https://www.golftutkusu.com/topic/24506-golf-7-5-manuel-yarim-debriyaj-ile-kalkislarda-gelen-surtme-sesi,1,0.740874248367049,NA,unknown,2017,77000,60-90k,unknown,medium,0,3,"[0.740874, 0.002231, 0.010250, 0.007616, 0.155981, 0.007768, 0.003267, 0.006673, 0.008680, 0.003194, 0.006937, 0.006717, 0.004129, 0.008951, 0.002666, 0.002176, 0.005563, 0.003335, 0.012677, 0.000313]"
doc_01186,Golf 7.5 sunroof catlak,https://www.golftutkusu.com/topic/20772-golf-7-5-sunroof-catlak,16,0.5687432035080542,NA,unknown,2013,15000,0-30k,unknown,low,0,6,"[0.010444, 0.009051, 0.001117, 0.002941, 0.010235, 0.001235, 0.000366, 0.084881, 0.002123, 0.005897, 0.005184, 0.000386, 0.000805, 0.001224, 0.000304, 0.568743, 0.133893, 0.158623, 0.000600, 0.001947]"
doc_01187,Golf 7.5 xenon far ve amerikan park,https://www.golftutkusu.com/topic/23730-golf-7-5-xenon-far-ve-amerikan-park,6,0.6661306147073242,NA,unknown,NA,NA,unknown,unknown,low,0,2,"[0.016584, 0.004713, 0.011429, 0.016560, 0.176394, 0.666131, 0.008103, 0.006728, 0.014199, 0.004665, 0.008283, 0.012020, 0.006376, 0.012160, 0.002902, 0.004343, 0.007988, 0.007867, 0.012113, 0.000443]"
doc_01188,Golf 7.5 yokusta ve kalkista silkeleme,https://www.golftutkusu.com/topic/24889-golf-7-5-yokusta-ve-kalkista-silkeleme,12,0.9551577243328708,NA,unknown,NA,60000,60-90k,other,low,0,4,"[0.001891, 0.000856, 0.001293, 0.002342, 0.008025, 0.002088, 0.002117, 0.001514, 0.002154, 0.001161, 0.003283, 0.955158, 0.001797, 0.004564, 0.001482, 0.002869, 0.001600, 0.003672, 0.001938, 0.000197]"
doc_01189,Golf 7.5R tampona sis fari takmak,https://www.golftutkusu.com/topic/22434-golf-7-5r-tampona-sis-fari-takmak,19,0.5151318748538476,NA,unknown,NA,NA,unknown,unknown,low,0,1,"[0.018085, 0.000638, 0.011312, 0.012022, 0.048643, 0.030200, 0.019861, 0.011492, 0.040330, 0.197035, 0.008026, 0.013927, 0.004615, 0.017148, 0.008780, 0.007575, 0.001935, 0.032912, 0.515132, 0.000332]"
doc_01190,Golf 7/ klima acinca gosterge paneli arkasindan tak tak ses geliyor.,https://www.golftutkusu.com/topic/23429-golf-7-klima-acinca-gosterge-paneli-arkasindan-tak-tak-ses-geliyor,12,0.9627598553162402,NA,unknown,2014,NA,unknown,unknown,medium,0,3,"[0.001433, 0.000639, 0.000900, 0.001910, 0.006680, 0.001702, 0.001901, 0.001343, 0.001695, 0.000993, 0.002735, 0.962760, 0.001412, 0.004569, 0.001275, 0.002377, 0.001326, 0.002831, 0.001361, 0.000159]"
doc_01191,Golf BCM Fotografi,https://www.golftutkusu.com/topic/23296-golf-bcm-fotografi,4,0.977217065507758,NA,unknown,NA,NA,unknown,unknown,low,0,1,"[0.001051, 0.000550, 0.001132, 0.977217, 0.004854, 0.001357, 0.001109, 0.001039, 0.001802, 0.000757, 0.001096, 0.001366, 0.000689, 0.001196, 0.000178, 0.000660, 0.000666, 0.001158, 0.002091, 0.000030]"
doc_01192,Golf MK7 Midline Plus Arac Gizli Ozellikleri,https://www.golftutkusu.com/topic/10961-golf-mk7-midline-plus-arac-gizli-ozellikleri,18,0.9685114684360662,NA,unknown,NA,NA,unknown,unknown,medium,0,3,"[0.001042, 0.000369, 0.002826, 0.002072, 0.002725, 0.001745, 0.001559, 0.001032, 0.001891, 0.000875, 0.001474, 0.001355, 0.003282, 0.001714, 0.002531, 0.002020, 0.001900, 0.968511, 0.001019, 0.000059]"
doc_01193,Golf MK7 Ortadaki klima calismiyor,https://www.golftutkusu.com/topic/27509-golf-mk7-ortadaki-klima-calismiyor,1,0.9954448556120882,NA,unknown,2015,NA,unknown,unknown,low,0,4,"[0.995445, 0.000062, 0.000291, 0.000152, 0.000699, 0.000253, 0.000100, 0.000218, 0.000122, 0.000094, 0.000415, 0.000162, 0.000158, 0.000216, 0.000529, 0.000124, 0.000200, 0.000276, 0.000313, 0.000171]"
doc_01194,Golf MK7 bagaj su alma sorunu konusunda destek.,https://www.golftutkusu.com/topic/13786-golf-mk7-bagaj-su-alma-sorunu-konusunda-destek,19,0.46818646881706216,NA,unknown,NA,45000,30-60k,unknown,medium,1,5,"[0.013535, 0.002162, 0.009175, 0.007100, 0.446186, 0.007149, 0.002727, 0.004391, 0.009700, 0.002536, 0.004565, 0.004725, 0.003224, 0.007004, 0.001158, 0.001501, 0.002675, 0.002057, 0.468186, 0.000245]"
doc_01195,Golf Mk7 Gti XENON far sorunu.,https://www.golftutkusu.com/topic/13537-golf-mk7-gti-xenon-far-sorunu,3,0.9876596248392342,NA,unknown,2014,NA,unknown,unknown,high,3,50,"[0.000443, 0.000452, 0.987660, 0.000358, 0.001443, 0.000518, 0.000558, 0.000215, 0.000608, 0.000115, 0.000623, 0.000215, 0.000582, 0.000642, 0.000520, 0.001933, 0.000362, 0.001867, 0.000561, 0.000326]"
doc_01196,Golf Stop Lambasi,https://www.golftutkusu.com/topic/22746-golf-stop-lambasi,13,0.9794746270259129,NA,unknown,NA,NA,unknown,unknown,low,0,3,"[0.000447, 0.000529, 0.001098, 0.000684, 0.001109, 0.001738, 0.000748, 0.000627, 0.000579, 0.000407, 0.001063, 0.001021, 0.979475, 0.000890, 0.001592, 0.001211, 0.000621, 0.004731, 0.000924, 0.000507]"
doc_01197,Golf Tdi isitma bujisi sorunu..,https://www.golftutkusu.com/topic/19370-golf-tdi-isitma-bujisi-sorunu,15,0.9285567852550478,NA,unknown,2018,160000,150-180k,unknown,high,0,23,"[0.000983, 0.000634, 0.003936, 0.000546, 0.000305, 0.001560, 0.000542, 0.000880, 0.001367, 0.002174, 0.001578, 0.001482, 0.000483, 0.000580, 0.928557, 0.000942, 0.000616, 0.003892, 0.004204, 0.044738]"
doc_01198,Golf VII 2013 DSG Geri vites takilamiyor hatasi hk.,https://www.golftutkusu.com/topic/26936-golf-vii-2013-dsg-geri-vites-takilamiyor-hatasi-hk,2,0.9153888916509147,NA,unknown,2013,NA,unknown,unknown,high,2,3,"[0.000212, 0.915389, 0.070001, 0.000505, 0.000274, 0.000774, 0.000501, 0.001328, 0.000700, 0.000721, 0.000576, 0.000934, 0.000374, 0.000370, 0.001182, 0.001062, 0.000411, 0.001823, 0.001549, 0.001316]"
doc_01199,Golf VII TDI Motor Sesi,https://www.golftutkusu.com/topic/14639-golf-vii-tdi-motor-sesi,18,0.9548852129368695,1.6,diesel,2014,90000,90-120k,1.6_TDI,high,3,11,"[0.003823, 0.001032, 0.003258, 0.002896, 0.006754, 0.002186, 0.003427, 0.000965, 0.003997, 0.001693, 0.001016, 0.002098, 0.002870, 0.002153, 0.001367, 0.000503, 0.002970, 0.954885, 0.002095, 0.000012]"
doc_01200,Golf mk7 1.6 tdi dsg zincir/sirilti sesine benzer ses,https://www.golftutkusu.com/topic/27673-golf-mk7-1-6-tdi-dsg-zincir-sirilti-sesine-benzer-ses,17,0.9299877851710424,1.6,diesel,2000,240000,210k+,1.6_TDI,high,1,8,"[0.008591, 0.002010, 0.001981, 0.003186, 0.019889, 0.002450, 0.005728, 0.002666, 0.004415, 0.002971, 0.002784, 0.002242, 0.001807, 0.002127, 0.000591, 0.000428, 0.929988, 0.003481, 0.002632, 0.000032]"
doc_01201,Golf multimedya ekran bilesen koruma kaldirma,https://www.golftutkusu.com/topic/23174-golf-multimedya-ekran-bilesen-koruma-kaldirma,10,0.9859158270347661,NA,unknown,NA,10000,0-30k,unknown,low,0,8,"[0.000385, 0.000238, 0.000373, 0.000937, 0.001015, 0.000838, 0.001229, 0.000341, 0.000616, 0.985916, 0.000192, 0.000754, 0.000675, 0.000840, 0.001041, 0.000928, 0.000957, 0.001741, 0.000723, 0.000263]"
doc_01202,Golf serit takip,https://www.golftutkusu.com/topic/19868-golf-serit-takip,6,0.9908131420167395,NA,unknown,NA,NA,unknown,unknown,low,0,2,"[0.000118, 0.000262, 0.000919, 0.000278, 0.000272, 0.990813, 0.000166, 0.000411, 0.000260, 0.000551, 0.000671, 0.000486, 0.000090, 0.000192, 0.000988, 0.000515, 0.000171, 0.001023, 0.000688, 0.001125]"
doc_01203,Golf un kesfedemedigim ziriltisi ?,https://www.golftutkusu.com/topic/8188-golf-un-kesfedemedigim-ziriltisi,11,0.8652361231122563,NA,unknown,2018,2000,0-30k,unknown,high,1,34,"[0.009313, 0.000995, 0.007805, 0.010950, 0.025234, 0.007023, 0.007547, 0.004760, 0.010678, 0.001029, 0.865236, 0.008205, 0.004665, 0.013638, 0.000507, 0.003727, 0.005714, 0.003946, 0.008761, 0.000267]"
doc_01204,Golf'umun Sanzimanindan Gelen Ugultu Sesi icin Sanziman Degisimi,https://www.golftutkusu.com/topic/8234-golfumun-sanzimanindan-gelen-ugultu-sesi-icin-sanziman-degisimi,16,0.9382385470061447,1.6,diesel,2015,6000,0-30k,1.6_TDI,high,1,44,"[0.000785, 0.006229, 0.000973, 0.003201, 0.002831, 0.001318, 0.001584, 0.007974, 0.002929, 0.003184, 0.008417, 0.000390, 0.001142, 0.005786, 0.001565, 0.938239, 0.001433, 0.009471, 0.000929, 0.001620]"
doc_01205,Golf-Civic Aku Takviyesi,https://www.golftutkusu.com/topic/15228-golf-civic-aku-takviyesi,10,0.9338474412940385,NA,unknown,NA,NA,unknown,unknown,low,0,1,"[0.000138, 0.001173, 0.000086, 0.000715, 0.000144, 0.000383, 0.000322, 0.000409, 0.000325, 0.933847, 0.000437, 0.000146, 0.000399, 0.000495, 0.001565, 0.007350, 0.000658, 0.049672, 0.000428, 0.001309]"
doc_01206,Golf7 1.2 TSI 2015 model aracimdaki egzoz emisyon lambasi ve epc lambasi yaniyor 🔥,https://www.golftutkusu.com/topic/18055-golf7-1-2-tsi-2015-model-aracimdaki-egzoz-emisyon-lambasi-ve-epc-lambasi-yaniyor,19,0.9548496922292163,1.2,petrol,2015,NA,unknown,1.2_TSI,medium,1,1,"[0.000686, 0.008422, 0.000362, 0.001937, 0.000410, 0.000899, 0.000343, 0.000936, 0.001075, 0.001797, 0.004205, 0.000218, 0.001044, 0.001239, 0.002729, 0.005811, 0.000561, 0.007306, 0.954850, 0.005170]"
doc_01207,Golf7 1.4 TSI Manuel ve DSG Tuketim Farki,https://www.golftutkusu.com/topic/22446-golf7-1-4-tsi-manuel-ve-dsg-tuketim-farki,11,0.49949738771818014,1.2,petrol,2015,40000,30-60k,1.2_TSI,high,2,30,"[0.002366, 0.000032, 0.002063, 0.001280, 0.013170, 0.003208, 0.003439, 0.001227, 0.459400, 0.000186, 0.499497, 0.001515, 0.000444, 0.003778, 0.000342, 0.001670, 0.000384, 0.002769, 0.003145, 0.000085]"
doc_01208,Golf7 3.Stop Cakar Modul,https://www.golftutkusu.com/topic/10911-golf7-3-stop-cakar-modul,3,0.9616061372696905,1.2,petrol,2016,NA,unknown,1.2_TSI,high,2,3,"[0.000962, 0.015066, 0.961606, 0.000790, 0.002496, 0.001089, 0.001429, 0.000489, 0.001295, 0.000280, 0.000826, 0.000510, 0.001348, 0.001544, 0.001788, 0.002226, 0.000804, 0.003636, 0.001229, 0.000587]"
doc_01209,Golf7 7.5 led far kodlama,https://www.golftutkusu.com/topic/15873-golf7-7-5-led-far-kodlama,5,0.9779175248660327,NA,unknown,NA,NA,unknown,unknown,low,0,1,"[0.004349, 0.000552, 0.001394, 0.001256, 0.977918, 0.001707, 0.001747, 0.001263, 0.001849, 0.000542, 0.000709, 0.001096, 0.000639, 0.002269, 0.000138, 0.000198, 0.001162, 0.000344, 0.000852, 0.000017]"
doc_01210,Golf7 Aku Hakkinda,https://www.golftutkusu.com/topic/14807-golf7-aku-hakkinda,3,0.9825670390212937,NA,unknown,NA,NA,unknown,unknown,low,0,10,"[0.000753, 0.000828, 0.982567, 0.000746, 0.001923, 0.000620, 0.000332, 0.001005, 0.001614, 0.000878, 0.001203, 0.000726, 0.000191, 0.000667, 0.000332, 0.001034, 0.000345, 0.001242, 0.002782, 0.000211]"
doc_01211,Golf7 DIREKSIYONU KIRINCA GELEN SES ?,https://www.golftutkusu.com/topic/7612-golf7-direksiyonu-kirinca-gelen-ses,9,0.9620333198540404,NA,unknown,2017,177000,150-180k,unknown,high,0,14,"[0.001469, 0.000952, 0.002605, 0.005340, 0.007931, 0.001744, 0.001705, 0.000788, 0.962033, 0.001043, 0.001477, 0.001590, 0.000932, 0.001909, 0.000674, 0.001506, 0.001261, 0.001964, 0.002999, 0.000078]"
doc_01212,Golf7 J Led ve Ampul Secimi,https://www.golftutkusu.com/topic/13623-golf7-j-led-ve-ampul-secimi,3,0.9865512388967655,NA,unknown,NA,NA,unknown,unknown,low,0,9,"[0.000533, 0.000735, 0.986551, 0.000576, 0.001383, 0.000462, 0.000256, 0.000776, 0.001316, 0.000687, 0.000853, 0.000517, 0.000149, 0.000497, 0.000249, 0.000859, 0.000260, 0.000998, 0.002184, 0.000159]"
doc_01213,Golf7 Kapilara Ses Yalitimi..,https://www.golftutkusu.com/topic/12445-golf7-kapilara-ses-yalitimi,3,0.4202742239198215,1.6,diesel,2016,NA,unknown,1.6_TDI,low,0,1,"[0.010737, 0.004071, 0.420274, 0.007277, 0.337004, 0.007305, 0.005079, 0.004076, 0.010409, 0.002532, 0.006337, 0.005229, 0.004970, 0.151713, 0.001421, 0.005341, 0.003330, 0.005387, 0.007268, 0.000240]"
doc_01214,Golf7 Klima Klape Sesi,https://www.golftutkusu.com/topic/22187-golf7-klima-klape-sesi,17,0.7803178397725766,NA,unknown,NA,NA,unknown,unknown,low,0,2,"[0.023101, 0.005436, 0.005344, 0.006017, 0.106592, 0.006020, 0.011879, 0.005817, 0.009200, 0.005876, 0.005300, 0.005129, 0.003857, 0.005844, 0.001283, 0.000921, 0.780318, 0.005928, 0.006062, 0.000076]"
doc_01215,Golf7 Trim Sesi,https://www.golftutkusu.com/topic/12070-golf7-trim-sesi,5,0.5006040771135195,1.6,diesel,2016,49000,30-60k,1.6_TDI,low,0,9,"[0.001192, 0.000232, 0.001337, 0.000651, 0.500604, 0.001340, 0.000770, 0.000762, 0.001067, 0.000361, 0.001490, 0.000714, 0.000534, 0.486304, 0.000493, 0.000772, 0.000478, 0.000412, 0.000406, 0.000080]"
doc_01216,Golf7 U farlarin sadece 1 tanesi yaniyor,https://www.golftutkusu.com/topic/26482-golf7-u-farlarin-sadece-1-tanesi-yaniyor,18,0.9252050346659827,NA,unknown,2013,NA,unknown,unknown,low,0,1,"[0.001584, 0.013765, 0.001764, 0.005900, 0.002628, 0.002267, 0.000778, 0.002443, 0.004550, 0.005332, 0.005109, 0.000710, 0.002555, 0.003277, 0.003397, 0.011372, 0.002772, 0.925205, 0.003876, 0.000715]"
doc_01217,Golf7 bardaklik surgusu tamiri,https://www.golftutkusu.com/topic/27822-golf7-bardaklik-surgusu-tamiri,13,0.9580324410394597,NA,unknown,NA,NA,unknown,unknown,low,0,1,"[0.001864, 0.001329, 0.002961, 0.002647, 0.008242, 0.001976, 0.001656, 0.001704, 0.002240, 0.000951, 0.002031, 0.002235, 0.958032, 0.003456, 0.000674, 0.001184, 0.001092, 0.002648, 0.002995, 0.000082]"
doc_01218,Golf7 comfortline Yagmur sensoru var far sensoru yok,https://www.golftutkusu.com/topic/7941-golf7-comfortline-yagmur-sensoru-var-far-sensoru-yok,13,0.9779399636806781,NA,unknown,2013,NA,unknown,unknown,medium,1,22,"[0.000609, 0.000658, 0.001431, 0.000828, 0.001512, 0.001298, 0.000924, 0.000787, 0.000698, 0.000439, 0.001438, 0.001164, 0.977940, 0.001163, 0.001754, 0.001444, 0.000678, 0.003406, 0.001231, 0.000598]"
doc_01219,Golf7 debriyajdan gelen tak sesi,https://www.golftutkusu.com/topic/8739-golf7-debriyajdan-gelen-tak-sesi,19,0.9712659670101884,1.2,petrol,2016,NA,unknown,1.2_TSI,low,0,1,"[0.001446, 0.000875, 0.001972, 0.002403, 0.001598, 0.002110, 0.001002, 0.000694, 0.001685, 0.000826, 0.001823, 0.001294, 0.001868, 0.001428, 0.002184, 0.000942, 0.000793, 0.002934, 0.971266, 0.000857]"
doc_01220,Golf7 direksiyon tus takimi arizasi,https://www.golftutkusu.com/topic/12663-golf7-direksiyon-tus-takimi-arizasi,11,0.9922202913703949,NA,unknown,NA,NA,unknown,unknown,low,0,2,"[0.000192, 0.000454, 0.000057, 0.000396, 0.000148, 0.000259, 0.000196, 0.000273, 0.000177, 0.000079, 0.992220, 0.000068, 0.000186, 0.000703, 0.000181, 0.001322, 0.000349, 0.001212, 0.000301, 0.001226]"
doc_01221,Golf7 surucu koltuk doseme yirtigi (Sorun Cozuldu),https://www.golftutkusu.com/topic/22566-golf7-surucu-koltuk-doseme-yirtigi-sorun-cozuldu,9,0.9812756624562473,NA,unknown,2016,NA,unknown,unknown,high,2,3,"[0.000454, 0.000399, 0.001175, 0.000922, 0.002836, 0.001122, 0.000906, 0.000286, 0.981276, 0.000400, 0.001123, 0.000671, 0.000598, 0.000832, 0.001394, 0.001523, 0.000616, 0.001890, 0.001028, 0.000550]"
doc_01222,Gosterge Paneli / Direksiyon Kutusundan Gelen Ses,https://www.golftutkusu.com/topic/18835-gosterge-paneli-direksiyon-kutusundan-gelen-ses,17,0.8876832866696398,NA,unknown,NA,NA,unknown,unknown,high,3,11,"[0.004859, 0.001470, 0.003182, 0.002882, 0.008181, 0.003456, 0.005304, 0.003211, 0.004432, 0.003027, 0.004159, 0.002283, 0.002591, 0.003557, 0.043852, 0.002381, 0.887683, 0.010821, 0.002240, 0.000429]"
doc_01223,Gosterge Panelinde Ariza Isiklarinin Yanip Sonmesi,https://www.golftutkusu.com/topic/17917-gosterge-panelinde-ariza-isiklarinin-yanip-sonmesi,6,0.9678609556238661,1.2,petrol,2016,NA,unknown,1.2_TSI,high,2,18,"[0.001303, 0.000647, 0.001299, 0.001793, 0.006422, 0.967861, 0.001852, 0.000987, 0.001834, 0.000657, 0.002046, 0.001018, 0.001126, 0.002490, 0.001558, 0.001524, 0.001082, 0.002940, 0.001341, 0.000221]"
doc_01224,Gosterge arka aydinlatmalari calismiyor ne yapabilirim ?,https://www.golftutkusu.com/topic/8091-gosterge-arka-aydinlatmalari-calismiyor-ne-yapabilirim,6,0.9876450806057607,NA,unknown,2016,NA,unknown,unknown,high,2,9,"[0.000089, 0.000155, 0.000600, 0.000149, 0.000173, 0.987645, 0.000102, 0.000223, 0.000168, 0.000385, 0.000408, 0.000276, 0.000063, 0.000116, 0.000877, 0.000275, 0.000106, 0.000581, 0.000415, 0.007196]"
doc_01225,Gozluk koyma yeri kapagi ve  On taraftan gelen tikirti sesi ?,https://www.golftutkusu.com/topic/15527-gozluk-koyma-yeri-kapagi-ve-on-taraftan-gelen-tikirti-sesi,1,0.5036297854009025,NA,unknown,NA,NA,unknown,unknown,medium,0,3,"[0.503630, 0.000782, 0.005252, 0.000951, 0.002532, 0.457484, 0.000575, 0.003087, 0.001132, 0.002796, 0.004030, 0.001430, 0.000255, 0.001324, 0.004458, 0.001064, 0.000991, 0.002453, 0.004085, 0.001688]"
doc_01226,Gozluk koyma yeri ve ic isiklari acma yerindeki trim sesi,https://www.golftutkusu.com/topic/25546-gozluk-koyma-yeri-ve-ic-isiklari-acma-yerindeki-trim-sesi,3,0.9941996540136597,NA,unknown,2016,NA,unknown,unknown,medium,1,3,"[0.000210, 0.000227, 0.994200, 0.000158, 0.000606, 0.000224, 0.000242, 0.000080, 0.000275, 0.000049, 0.000277, 0.000085, 0.000277, 0.000290, 0.000269, 0.000639, 0.000169, 0.001308, 0.000273, 0.000142]"
doc_01227,Guclendirilmis mekatronik tup ve sanziman yagi hakkinda,https://www.golftutkusu.com/topic/18549-guclendirilmis-mekatronik-tup-ve-sanziman-yagi-hakkinda,5,0.9596955883822411,1.6,diesel,2000,5000,0-30k,1.6_TDI,high,4,75,"[0.004062, 0.000729, 0.004346, 0.003140, 0.959696, 0.003816, 0.001422, 0.002716, 0.004001, 0.000898, 0.001670, 0.002420, 0.001221, 0.004013, 0.000340, 0.001087, 0.001676, 0.000731, 0.001942, 0.000073]"
doc_01228,Guclendirilmis tup tavsiyesi,https://www.golftutkusu.com/topic/26555-guclendirilmis-tup-tavsiyesi,18,0.9648629147724556,1.6,diesel,2019,10000,0-30k,1.6_TDI,medium,0,15,"[0.000235, 0.000423, 0.012413, 0.000940, 0.000136, 0.001187, 0.000305, 0.000930, 0.000980, 0.002282, 0.001653, 0.001581, 0.000638, 0.000326, 0.003837, 0.002048, 0.000959, 0.964863, 0.002055, 0.002208]"
doc_01229,Guclu titreme sonucu Yakit sisteminde sorun,https://www.golftutkusu.com/topic/19369-guclu-titreme-sonucu-yakit-sisteminde-sorun,4,0.5929553415298121,NA,unknown,2017,60400,60-90k,unknown,high,3,49,"[0.000695, 0.004951, 0.000669, 0.592955, 0.001204, 0.001752, 0.001445, 0.003198, 0.001760, 0.002059, 0.117820, 0.000631, 0.001265, 0.003607, 0.001404, 0.238168, 0.001539, 0.017551, 0.001831, 0.005494]"
doc_01230,Gunduz ledi nereden sokuluyor ?,https://www.golftutkusu.com/topic/20080-gunduz-ledi-nereden-sokuluyor,19,0.6827675782638282,NA,unknown,NA,NA,unknown,unknown,low,0,4,"[0.012280, 0.005123, 0.012941, 0.015582, 0.030922, 0.009292, 0.006019, 0.004423, 0.159023, 0.005710, 0.007496, 0.008026, 0.009553, 0.011196, 0.003377, 0.003339, 0.004480, 0.008037, 0.682768, 0.000415]"
doc_01231,Gunun ilk calismasinda Sarsinti.,https://www.golftutkusu.com/topic/14898-gunun-ilk-calismasinda-sarsinti,16,0.9840757701873694,1.6,diesel,NA,NA,unknown,1.6_TDI,high,1,5,"[0.000237, 0.000120, 0.001606, 0.000746, 0.001451, 0.000884, 0.000976, 0.001164, 0.001071, 0.000411, 0.001567, 0.001052, 0.000734, 0.000940, 0.000353, 0.984076, 0.000462, 0.001703, 0.000247, 0.000197]"
doc_01232,Gunun ilk marsi sorunlar,https://www.golftutkusu.com/topic/22783-gunun-ilk-marsi-sorunlar,12,0.9836592736640912,1.2,petrol,2015,140000,120-150k,1.2_TSI,high,1,11,"[0.000611, 0.000314, 0.000386, 0.000891, 0.002488, 0.000759, 0.000942, 0.000660, 0.000731, 0.000508, 0.001343, 0.983659, 0.000689, 0.001497, 0.000555, 0.001251, 0.000612, 0.001403, 0.000626, 0.000076]"
doc_01233,Hafif Kaza sonucu Tampon cizilmesi,https://www.golftutkusu.com/topic/13329-hafif-kaza-sonucu-tampon-cizilmesi,6,0.6161585059256396,NA,unknown,NA,NA,unknown,unknown,low,0,1,"[0.323276, 0.006125, 0.000011, 0.004079, 0.019905, 0.616159, 0.001718, 0.002157, 0.003316, 0.002318, 0.000499, 0.000029, 0.000100, 0.003494, 0.001884, 0.004296, 0.003335, 0.001716, 0.003507, 0.002077]"
doc_01234,Hafif tekleme sorunu hakkinda,https://www.golftutkusu.com/topic/21820-hafif-tekleme-sorunu-hakkinda,9,0.6338517466633048,NA,unknown,2013,NA,unknown,unknown,high,1,14,"[0.000172, 0.002296, 0.001404, 0.001613, 0.000821, 0.000464, 0.001044, 0.000565, 0.633852, 0.002938, 0.002417, 0.000421, 0.000270, 0.000479, 0.002221, 0.338666, 0.000842, 0.008248, 0.000809, 0.000458]"
doc_01235,Haftalik partikul temizligi,https://www.golftutkusu.com/topic/15562-haftalik-partikul-temizligi,5,0.9767094404823473,NA,unknown,NA,1000,0-30k,unknown,medium,0,7,"[0.001222, 0.000339, 0.001856, 0.000985, 0.976709, 0.003030, 0.001038, 0.001472, 0.001281, 0.000461, 0.001062, 0.001305, 0.000993, 0.001759, 0.001319, 0.001739, 0.001230, 0.000974, 0.000548, 0.000677]"
doc_01236,Halojen kisa far ampulunu degistirme,https://www.golftutkusu.com/topic/15845-halojen-kisa-far-ampulunu-degistirme,2,0.9964072245380087,NA,unknown,NA,NA,unknown,unknown,low,0,4,"[0.000384, 0.996407, 0.000000, 0.000368, 0.000035, 0.000040, 0.000434, 0.000058, 0.000034, 0.000067, 0.000004, 0.000000, 0.000001, 0.000036, 0.001309, 0.000455, 0.000061, 0.000148, 0.000020, 0.000141]"
doc_01237,"Hangi aracin moturundaki ses tuhaf, video icerir",https://www.golftutkusu.com/topic/9749-hangi-aracin-moturundaki-ses-tuhaf-video-icerir,15,0.5585945073484816,1.4,petrol,2016,30000,30-60k,1.4_TSI,medium,0,21,"[0.002640, 0.002669, 0.000708, 0.001816, 0.002699, 0.005803, 0.003618, 0.004625, 0.006444, 0.004183, 0.008714, 0.000408, 0.001104, 0.006399, 0.558595, 0.016608, 0.000628, 0.362379, 0.006201, 0.003760]"
doc_01238,Hangi lastigi kullaniyorsunuz ?,https://www.golftutkusu.com/topic/7975-hangi-lastigi-kullaniyorsunuz,13,0.5930311817077859,NA,unknown,2014,2000,0-30k,unknown,high,1,17,"[0.000194, 0.000256, 0.000965, 0.000552, 0.000324, 0.000642, 0.000376, 0.000295, 0.000441, 0.000290, 0.000527, 0.000660, 0.593031, 0.000400, 0.001165, 0.000759, 0.000524, 0.397831, 0.000618, 0.000149]"
doc_01239,Hangisini tercih etmeliyim,https://www.golftutkusu.com/topic/18351-hangisini-tercih-etmeliyim,14,0.9881334434259567,1.5,petrol,2018,660000,210k+,1.5_TSI,medium,1,47,"[0.000402, 0.000237, 0.000877, 0.000461, 0.001483, 0.000787, 0.000530, 0.000235, 0.000477, 0.000334, 0.001276, 0.000640, 0.000665, 0.988133, 0.000800, 0.000843, 0.000208, 0.000956, 0.000457, 0.000201]"
doc_01240,Hararet gostertesi sorunu,https://www.golftutkusu.com/topic/18526-hararet-gostertesi-sorunu,4,0.9567649617489392,1.2,petrol,2013,NA,unknown,1.2_TSI,medium,0,4,"[0.000680, 0.000255, 0.000151, 0.956765, 0.012021, 0.000662, 0.004055, 0.002409, 0.000974, 0.000594, 0.000445, 0.000329, 0.003102, 0.006947, 0.001748, 0.001374, 0.002991, 0.003793, 0.000634, 0.000071]"
doc_01241,Hareket Etmeme ve Ses Cikarma,https://www.golftutkusu.com/topic/11287-hareket-etmeme-ve-ses-cikarma,11,0.5172517626427269,NA,unknown,NA,NA,unknown,unknown,high,3,45,"[0.001129, 0.000280, 0.001716, 0.001730, 0.002837, 0.001860, 0.002313, 0.000597, 0.452882, 0.000239, 0.517252, 0.001303, 0.001190, 0.002746, 0.001117, 0.002204, 0.001705, 0.003951, 0.001796, 0.001154]"
doc_01242,"Hareket sonrasi gelen ""lok"" sesi",https://www.golftutkusu.com/topic/7924-hareket-sonrasi-gelen-lok-sesi,9,0.5003356519664491,NA,unknown,NA,NA,unknown,unknown,high,1,20,"[0.001400, 0.000823, 0.002527, 0.001928, 0.007527, 0.001544, 0.001399, 0.000539, 0.500336, 0.001088, 0.002132, 0.001509, 0.001048, 0.469477, 0.000798, 0.001341, 0.000559, 0.001390, 0.002567, 0.000067]"
doc_01243,Hata Kodu C10AC07 Mekanik Direksiyon Hatasi,https://www.golftutkusu.com/topic/17706-hata-kodu-c10ac07-mekanik-direksiyon-hatasi,5,0.8589005158865294,NA,unknown,NA,NA,unknown,unknown,low,0,10,"[0.012094, 0.002709, 0.014083, 0.011059, 0.858901, 0.011818, 0.005205, 0.007816, 0.018053, 0.003523, 0.005843, 0.008335, 0.005117, 0.012770, 0.001335, 0.004194, 0.005506, 0.003376, 0.008023, 0.000239]"
doc_01244,Hata Start-Stop,https://www.golftutkusu.com/topic/15954-hata-start-stop,16,0.9777987148005731,NA,unknown,2019,NA,unknown,unknown,high,2,22,"[0.000191, 0.000159, 0.004163, 0.000766, 0.000568, 0.000818, 0.000647, 0.002530, 0.001590, 0.001668, 0.001934, 0.001440, 0.000217, 0.000985, 0.000546, 0.977799, 0.000381, 0.002680, 0.000682, 0.000237]"
doc_01245,Hata hava yastigi uyarisi,https://www.golftutkusu.com/topic/23135-hata-hava-yastigi-uyarisi,3,0.5191153283337375,NA,unknown,NA,NA,unknown,unknown,low,0,4,"[0.001130, 0.000853, 0.519115, 0.000795, 0.010649, 0.001353, 0.001187, 0.000445, 0.001086, 0.000376, 0.002123, 0.000659, 0.001216, 0.451296, 0.001103, 0.002287, 0.000492, 0.002023, 0.001253, 0.000559]"
doc_01246,Hata kodu,https://www.golftutkusu.com/topic/8922-hata-kodu,4,0.910193825658489,NA,unknown,NA,NA,unknown,unknown,low,0,1,"[0.000954, 0.000349, 0.001127, 0.910194, 0.002256, 0.001812, 0.001912, 0.001112, 0.001265, 0.000409, 0.064653, 0.001731, 0.001261, 0.002021, 0.000637, 0.001796, 0.001168, 0.002668, 0.001948, 0.000729]"
doc_01247,Hata.. Vitesi P konumunda Getirip araci terk edin...,https://www.golftutkusu.com/topic/12448-hata-vitesi-p-konumunda-getirip-araci-terk-edin,15,0.9390706354850387,1.6,diesel,2016,51000,30-60k,1.6_TDI,medium,1,16,"[0.002575, 0.000937, 0.002376, 0.002063, 0.004478, 0.003641, 0.005514, 0.001173, 0.003452, 0.002031, 0.001754, 0.002105, 0.002525, 0.007055, 0.939071, 0.002020, 0.002863, 0.011776, 0.002061, 0.000532]"
doc_01248,Hata: Hava yastigi,https://www.golftutkusu.com/topic/13106-hata-hava-yastigi,16,0.969847619443289,NA,unknown,NA,NA,unknown,unknown,high,2,18,"[0.000277, 0.000231, 0.006344, 0.000925, 0.000846, 0.000870, 0.000900, 0.004399, 0.001869, 0.002922, 0.002538, 0.002131, 0.000267, 0.001213, 0.000640, 0.969848, 0.000524, 0.002075, 0.000849, 0.000332]"
doc_01249,Hata: On park pilot,https://www.golftutkusu.com/topic/20411-hata-on-park-pilot,16,0.9383550024366464,NA,unknown,2016,NA,unknown,unknown,high,2,23,"[0.001487, 0.000609, 0.007774, 0.003944, 0.009430, 0.002783, 0.002830, 0.005059, 0.006283, 0.001920, 0.002286, 0.004479, 0.002309, 0.003975, 0.000293, 0.938355, 0.001517, 0.003141, 0.001480, 0.000047]"
doc_01250,Hata: Sanziman durumu hakkinda,https://www.golftutkusu.com/topic/22271-hata-sanziman-durumu-hakkinda,2,0.8372627618716746,NA,unknown,2014,130000,120-150k,unknown,medium,1,9,"[0.003481, 0.837263, 0.059345, 0.005662, 0.006374, 0.005646, 0.002857, 0.010240, 0.009069, 0.009410, 0.003491, 0.009653, 0.001641, 0.003504, 0.002949, 0.002340, 0.002544, 0.003617, 0.019860, 0.001053]"
doc_01251,Hava akis metresi temizligi,https://www.golftutkusu.com/topic/9840-hava-akis-metresi-temizligi,1,0.8195519843677604,1.6,diesel,2016,NA,unknown,1.6_TDI,medium,0,8,"[0.819552, 0.004206, 0.006427, 0.007867, 0.065197, 0.007154, 0.011820, 0.006286, 0.009637, 0.004875, 0.006464, 0.006030, 0.004912, 0.010250, 0.002485, 0.000863, 0.007707, 0.004956, 0.013186, 0.000125]"
doc_01252,Hava basinci az veya cok hatasi,https://www.golftutkusu.com/topic/16435-hava-basinci-az-veya-cok-hatasi,6,0.9631497537865635,NA,unknown,NA,NA,unknown,unknown,low,0,2,"[0.001195, 0.000046, 0.000846, 0.000556, 0.010867, 0.963150, 0.002872, 0.001354, 0.002504, 0.000281, 0.003212, 0.000768, 0.000342, 0.002935, 0.001317, 0.001561, 0.000182, 0.004377, 0.001520, 0.000115]"
doc_01253,Hava filtre kutusu,https://www.golftutkusu.com/topic/26735-hava-filtre-kutusu,7,0.9237616010578696,1.6,diesel,NA,NA,unknown,1.6_TDI,low,0,1,"[0.006043, 0.002154, 0.002560, 0.003234, 0.015775, 0.003251, 0.923762, 0.002828, 0.004646, 0.002598, 0.006735, 0.001961, 0.002645, 0.006612, 0.002189, 0.001705, 0.004404, 0.004825, 0.001951, 0.000123]"
doc_01254,Havalandirma Kiti Kirildi.,https://www.golftutkusu.com/topic/15646-havalandirma-kiti-kirildi,9,0.8666529286843391,NA,unknown,NA,NA,unknown,unknown,low,0,1,"[0.000871, 0.000685, 0.001583, 0.001162, 0.002062, 0.001564, 0.001361, 0.000378, 0.866653, 0.000850, 0.000928, 0.001160, 0.000971, 0.001255, 0.108117, 0.002286, 0.000922, 0.004097, 0.001632, 0.001464]"
doc_01255,Hayalet ekran montaji,https://www.golftutkusu.com/topic/19594-hayalet-ekran-montaji,10,0.8205329065602385,NA,unknown,NA,NA,unknown,unknown,medium,1,14,"[0.006433, 0.001790, 0.006767, 0.007900, 0.092241, 0.005731, 0.005081, 0.003591, 0.007998, 0.820533, 0.001351, 0.005728, 0.003353, 0.011423, 0.001721, 0.002912, 0.005197, 0.003576, 0.006502, 0.000172]"
doc_01256,Hayalet ekranimdaki nokta nedir,https://www.golftutkusu.com/topic/26884-hayalet-ekranimdaki-nokta-nedir,15,0.3988638375047523,NA,unknown,NA,NA,unknown,unknown,medium,1,4,"[0.000575, 0.000847, 0.001989, 0.000755, 0.000269, 0.000799, 0.000386, 0.000526, 0.386251, 0.001493, 0.000910, 0.000984, 0.000287, 0.000393, 0.398864, 0.000773, 0.000347, 0.002010, 0.196709, 0.004833]"
doc_01257,Hicbir usta sorunun ne oldugunu soyleyemiyor,https://www.golftutkusu.com/topic/25116-hicbir-usta-sorunun-ne-oldugunu-soyleyemiyor,12,0.9873816518512628,NA,unknown,2014,3000,0-30k,unknown,high,1,7,"[0.000487, 0.000245, 0.000292, 0.000679, 0.002114, 0.000580, 0.000623, 0.000423, 0.000625, 0.000365, 0.000995, 0.987382, 0.000575, 0.001226, 0.000410, 0.000852, 0.000459, 0.001115, 0.000494, 0.000059]"
doc_01258,Hoparlorler Calismiyor,https://www.golftutkusu.com/topic/22556-hoparlorler-calismiyor,2,0.9798134311743771,NA,unknown,NA,NA,unknown,unknown,low,0,7,"[0.000118, 0.979813, 0.001039, 0.001150, 0.000166, 0.000568, 0.000779, 0.000419, 0.000139, 0.001544, 0.000997, 0.000445, 0.000501, 0.000166, 0.001928, 0.004932, 0.000652, 0.002612, 0.000984, 0.001050]"
doc_01259,Hos Geldin Yag Kacagi Bebek,https://www.golftutkusu.com/topic/23567-hos-geldin-yag-kacagi-bebek,2,0.9941320069796448,1.6,diesel,2012,7000,0-30k,1.6_TDI,high,2,15,"[0.000060, 0.994132, 0.000098, 0.000280, 0.000088, 0.000199, 0.000145, 0.000264, 0.000158, 0.000258, 0.000281, 0.000044, 0.000214, 0.000233, 0.000474, 0.000907, 0.000169, 0.001044, 0.000247, 0.000705]"
doc_01260,Ic Dikiz Aynasi Trim Boslugu,https://www.golftutkusu.com/topic/12517-ic-dikiz-aynasi-trim-boslugu,12,0.656831482046392,NA,unknown,2020,NA,unknown,unknown,medium,1,16,"[0.003134, 0.002725, 0.006387, 0.006675, 0.007906, 0.012937, 0.004527, 0.002911, 0.006057, 0.004193, 0.008340, 0.656831, 0.008786, 0.008831, 0.009824, 0.011150, 0.007447, 0.223666, 0.005499, 0.002173]"
doc_01261,Ilk Kontakta Gelen Ses,https://www.golftutkusu.com/topic/13137-ilk-kontakta-gelen-ses,17,0.8714407837449409,1.4,petrol,2009,NA,unknown,1.4_TSI,high,1,14,"[0.000153, 0.001560, 0.000613, 0.000816, 0.000157, 0.000464, 0.000361, 0.000353, 0.000132, 0.003295, 0.001830, 0.000364, 0.000324, 0.000064, 0.003417, 0.004174, 0.871441, 0.109234, 0.000486, 0.000762]"
doc_01262,Ilk calistirmada yuksek devirli calisiyor 15-20 saniye sonra devir dusuyor,https://www.golftutkusu.com/topic/15385-ilk-calistirmada-yuksek-devirli-calisiyor-15-20-saniye-sonra-devir-dusuyor,13,0.9968112888854795,1.2,petrol,2014,2000,0-30k,1.2_TSI,high,4,59,"[0.000020, 0.000026, 0.000012, 0.000286, 0.000238, 0.000045, 0.000246, 0.000151, 0.000018, 0.000023, 0.000048, 0.000023, 0.996811, 0.000467, 0.000492, 0.000224, 0.000162, 0.000593, 0.000026, 0.000090]"
doc_01263,Ilk kalkista on gogusten gelen vuruntu sesi,https://www.golftutkusu.com/topic/27693-ilk-kalkista-on-gogusten-gelen-vuruntu-sesi,18,0.5578718288027646,NA,unknown,NA,NA,unknown,unknown,high,1,1,"[0.000737, 0.001852, 0.000979, 0.001303, 0.001769, 0.005700, 0.001720, 0.003172, 0.002999, 0.003358, 0.009858, 0.000597, 0.001209, 0.341277, 0.011136, 0.047457, 0.000274, 0.557872, 0.002779, 0.003953]"
doc_01264,Illallah ettiren sorun,https://www.golftutkusu.com/topic/18952-illallah-ettiren-sorun,14,0.565518890299646,1.4,petrol,2013,53000,30-60k,1.4_TSI,high,2,21,"[0.043907, 0.011402, 0.021061, 0.021123, 0.126576, 0.019404, 0.038079, 0.008584, 0.022572, 0.012691, 0.017520, 0.017120, 0.014464, 0.565519, 0.003758, 0.003473, 0.013818, 0.017132, 0.021613, 0.000184]"
doc_01265,Imdaat tikirti :) ( COZULDU ),https://www.golftutkusu.com/topic/12911-imdaat-tikirti-cozuldu,12,0.8632716312800919,NA,unknown,NA,43000,30-60k,unknown,high,4,124,"[0.001841, 0.000595, 0.001254, 0.001956, 0.116046, 0.001831, 0.000829, 0.001178, 0.001636, 0.000778, 0.001243, 0.863272, 0.000939, 0.002271, 0.000275, 0.000930, 0.000937, 0.000813, 0.001318, 0.000058]"
doc_01266,Immobilizer sanziman hatasi,https://www.golftutkusu.com/topic/18525-immobilizer-sanziman-hatasi,16,0.923485439316372,1.2,petrol,2013,NA,unknown,1.2_TSI,high,1,7,"[0.000196, 0.000371, 0.057910, 0.000643, 0.000592, 0.000839, 0.000640, 0.002573, 0.001187, 0.001449, 0.001680, 0.001725, 0.000318, 0.000625, 0.000812, 0.923485, 0.000362, 0.002283, 0.001090, 0.001223]"
doc_01267,Interface Hakkinda Yardim,https://www.golftutkusu.com/topic/8635-interface-hakkinda-yardim,16,0.9613476508448423,NA,unknown,NA,NA,unknown,unknown,low,0,2,"[0.000799, 0.000287, 0.004125, 0.001949, 0.004804, 0.001638, 0.002762, 0.003154, 0.003514, 0.001093, 0.002210, 0.001771, 0.001351, 0.003062, 0.000553, 0.961348, 0.001189, 0.003769, 0.000543, 0.000082]"
doc_01268,Isigi kapatin uyarisi vcds den kapatilabilir mi ?,https://www.golftutkusu.com/topic/25291-isigi-kapatin-uyarisi-vcds-den-kapatilabilir-mi,18,0.5132836899424275,NA,unknown,NA,NA,unknown,unknown,low,0,9,"[0.001586, 0.001944, 0.003845, 0.003993, 0.002034, 0.005787, 0.002523, 0.001484, 0.002522, 0.002082, 0.001953, 0.003488, 0.351602, 0.003027, 0.088657, 0.003031, 0.002744, 0.513284, 0.002994, 0.001420]"
doc_01269,Isitma bujisi lambasi,https://www.golftutkusu.com/topic/12273-isitma-bujisi-lambasi,8,0.533247279358589,1.6,diesel,2014,110000,90-120k,1.6_TDI,high,1,19,"[0.004286, 0.000627, 0.000423, 0.012371, 0.397609, 0.001663, 0.007229, 0.533247, 0.001329, 0.000952, 0.000807, 0.000661, 0.007473, 0.010983, 0.003110, 0.004409, 0.008574, 0.003395, 0.000732, 0.000121]"
doc_01270,Islak ayakkabi ile pedaldan gelen ses,https://www.golftutkusu.com/topic/27870-islak-ayakkabi-ile-pedaldan-gelen-ses,16,0.9696300698554066,NA,unknown,NA,NA,unknown,unknown,medium,1,3,"[0.000157, 0.000048, 0.000237, 0.003747, 0.003626, 0.000289, 0.003445, 0.002984, 0.000640, 0.000290, 0.000439, 0.000188, 0.002339, 0.005473, 0.001271, 0.969630, 0.001600, 0.003472, 0.000053, 0.000071]"
doc_01271,Islik Sesi,https://www.golftutkusu.com/topic/17683-islik-sesi,2,0.7049068622860457,NA,unknown,NA,NA,unknown,unknown,high,2,10,"[0.013188, 0.704907, 0.006344, 0.004902, 0.203732, 0.007877, 0.011545, 0.004587, 0.009461, 0.002347, 0.001382, 0.004178, 0.003980, 0.008595, 0.000992, 0.000551, 0.004149, 0.002009, 0.005209, 0.000066]"
doc_01272,Istanbul'da Digital Far Ayari Yapan Yer Arayisi ?,https://www.golftutkusu.com/topic/9363-istanbulda-digital-far-ayari-yapan-yer-arayisi,7,0.3385775202142617,NA,unknown,NA,NA,unknown,unknown,low,0,9,"[0.024928, 0.009587, 0.061032, 0.034607, 0.044559, 0.030289, 0.338578, 0.012537, 0.029970, 0.012504, 0.024390, 0.021079, 0.016272, 0.017995, 0.009917, 0.013194, 0.015732, 0.260955, 0.021384, 0.000493]"
doc_01273,Istanbul'da onerebileceginiz klimaci var mi?,https://www.golftutkusu.com/topic/15045-istanbulda-onerebileceginiz-klimaci-var-mi,14,0.5375346529561325,NA,unknown,2014,65000,60-90k,unknown,medium,1,27,"[0.025194, 0.003332, 0.006120, 0.005297, 0.361990, 0.007063, 0.008596, 0.004152, 0.007449, 0.003555, 0.005852, 0.005860, 0.004158, 0.537535, 0.001107, 0.001135, 0.003685, 0.002526, 0.005324, 0.000072]"
doc_01274,Istanbulda Kodlama Yapabilecek birisi;,https://www.golftutkusu.com/topic/8415-istanbulda-kodlama-yapabilecek-birisi,3,0.5809845285370268,NA,unknown,NA,NA,unknown,unknown,low,0,2,"[0.006762, 0.001262, 0.580985, 0.002270, 0.381306, 0.003266, 0.001549, 0.001685, 0.003676, 0.000622, 0.001731, 0.001294, 0.001568, 0.003711, 0.000420, 0.002059, 0.001401, 0.001782, 0.002543, 0.000109]"
doc_01275,Izmir'de Golf baski balata degisimi icin yer tavsiyesi,https://www.golftutkusu.com/topic/25842-izmirde-golf-baski-balata-degisimi-icin-yer-tavsiyesi,3,0.9820627503918569,NA,unknown,2015,NA,unknown,unknown,low,0,1,"[0.000838, 0.000584, 0.982063, 0.000485, 0.004233, 0.000766, 0.000716, 0.000300, 0.000812, 0.000151, 0.000889, 0.000299, 0.000742, 0.000910, 0.000677, 0.001635, 0.000507, 0.002261, 0.000723, 0.000411]"
doc_01276,J Far Kayar Led Problemi,https://www.golftutkusu.com/topic/25672-j-far-kayar-led-problemi,19,0.4587068913494605,NA,unknown,NA,NA,unknown,unknown,low,0,2,"[0.070836, 0.014143, 0.016966, 0.027617, 0.186259, 0.021426, 0.034156, 0.012029, 0.034329, 0.013250, 0.013917, 0.017263, 0.015821, 0.028906, 0.004213, 0.002251, 0.014240, 0.013382, 0.458707, 0.000291]"
doc_01277,J Far uzunlarin takili kalmasi,https://www.golftutkusu.com/topic/27473-j-far-uzunlarin-takili-kalmasi,5,0.9765862371767152,NA,unknown,NA,NA,unknown,unknown,low,0,5,"[0.007718, 0.000331, 0.001026, 0.000676, 0.976586, 0.001463, 0.001924, 0.001326, 0.001129, 0.000390, 0.001044, 0.000644, 0.000517, 0.002207, 0.000380, 0.000332, 0.001286, 0.000549, 0.000427, 0.000045]"
doc_01278,J Farlarim yanip sonuyor cozum bulamiyorum,https://www.golftutkusu.com/topic/24832-j-farlarim-yanip-sonuyor-cozum-bulamiyorum,5,0.9484948147871164,NA,unknown,NA,NA,unknown,unknown,high,2,8,"[0.010202, 0.001352, 0.003111, 0.002976, 0.948495, 0.003820, 0.004483, 0.002772, 0.004284, 0.001320, 0.001684, 0.002601, 0.001479, 0.004927, 0.000342, 0.000460, 0.002582, 0.000935, 0.002138, 0.000036]"
doc_01279,J Led Far Sofor Tarafi Sag Taraftan Yukarida Gosteriyor.,https://www.golftutkusu.com/topic/26964-j-led-far-sofor-tarafi-sag-taraftan-yukarida-gosteriyor,5,0.9547295117307283,NA,unknown,NA,NA,unknown,unknown,low,0,1,"[0.004953, 0.000814, 0.004863, 0.003419, 0.954730, 0.004233, 0.001537, 0.002876, 0.004810, 0.001000, 0.001855, 0.002711, 0.001306, 0.004368, 0.000390, 0.001205, 0.001836, 0.000827, 0.002187, 0.000082]"
doc_01280,J Led Ic Kisa Led Onerisi,https://www.golftutkusu.com/topic/17966-j-led-ic-kisa-led-onerisi,9,0.8781239942886128,NA,unknown,NA,NA,unknown,unknown,medium,1,13,"[0.010137, 0.003834, 0.007350, 0.005593, 0.039037, 0.004673, 0.010160, 0.002140, 0.878124, 0.003207, 0.003205, 0.003414, 0.002811, 0.006221, 0.001458, 0.001370, 0.003779, 0.005185, 0.008216, 0.000087]"
doc_01281,J led far Amerikan park kodlama sorunu,https://www.golftutkusu.com/topic/22807-j-led-far-amerikan-park-kodlama-sorunu,14,0.9544418790293688,NA,unknown,NA,NA,unknown,unknown,low,0,2,"[0.004218, 0.001215, 0.001629, 0.001787, 0.013502, 0.001798, 0.005870, 0.000877, 0.002661, 0.001534, 0.002335, 0.001807, 0.001552, 0.954442, 0.000454, 0.000423, 0.000847, 0.001152, 0.001877, 0.000019]"
doc_01282,J led uygulamasi sonrasi selektor atarken ses,https://www.golftutkusu.com/topic/26985-j-led-uygulamasi-sonrasi-selektor-atarken-ses,19,0.9600342156515874,NA,unknown,NA,NA,unknown,unknown,low,0,4,"[0.003312, 0.001146, 0.002899, 0.003931, 0.006506, 0.002416, 0.001287, 0.001184, 0.004291, 0.001326, 0.001847, 0.001987, 0.001815, 0.002251, 0.000648, 0.000520, 0.000964, 0.001546, 0.960034, 0.000090]"
doc_01283,Jant Camurluga Surtuyor Yardim,https://www.golftutkusu.com/topic/20832-jant-camurluga-surtuyor-yardim,7,0.9328366897290143,NA,unknown,2013,NA,unknown,unknown,low,0,1,"[0.005933, 0.002909, 0.002564, 0.004304, 0.017153, 0.003366, 0.932837, 0.002081, 0.005160, 0.003096, 0.002805, 0.002352, 0.002128, 0.003960, 0.000698, 0.000682, 0.003005, 0.002028, 0.002900, 0.000040]"
doc_01284,Jant Onerisi,https://www.golftutkusu.com/topic/26412-jant-onerisi,12,0.7994241254933209,NA,unknown,NA,NA,unknown,unknown,low,0,4,"[0.019086, 0.005950, 0.003677, 0.010744, 0.058274, 0.008048, 0.019441, 0.005077, 0.010980, 0.006603, 0.006428, 0.799424, 0.006699, 0.011683, 0.001611, 0.001901, 0.007354, 0.007571, 0.009339, 0.000109]"
doc_01285,Jant gobegi,https://www.golftutkusu.com/topic/13821-jant-gobegi,15,0.9812812232286602,NA,unknown,NA,NA,unknown,unknown,low,0,3,"[0.003223, 0.001594, 0.000002, 0.000518, 0.001577, 0.001010, 0.000908, 0.000340, 0.001149, 0.000874, 0.000036, 0.000004, 0.000045, 0.001055, 0.981281, 0.001524, 0.001194, 0.001816, 0.000404, 0.001446]"
doc_01286,Jant onerisi,https://www.golftutkusu.com/topic/19798-jant-onerisi,2,0.9728236141496435,NA,unknown,NA,NA,unknown,unknown,low,0,2,"[0.004596, 0.972824, 0.000010, 0.002069, 0.005089, 0.002069, 0.001231, 0.001140, 0.002114, 0.001052, 0.000048, 0.000014, 0.000075, 0.001143, 0.000580, 0.001753, 0.001849, 0.000561, 0.001320, 0.000462]"
doc_01287,Jant yamuldu tamir icin oneriler,https://www.golftutkusu.com/topic/13188-jant-yamuldu-tamir-icin-oneriler,19,0.5996375541047819,NA,unknown,NA,NA,unknown,unknown,low,0,1,"[0.005802, 0.001871, 0.008491, 0.008353, 0.006824, 0.005091, 0.002097, 0.002362, 0.007251, 0.003308, 0.003191, 0.004544, 0.006778, 0.003452, 0.002932, 0.001539, 0.003204, 0.323162, 0.599638, 0.000112]"
doc_01288,Jantim kirildi.,https://www.golftutkusu.com/topic/23511-jantim-kirildi,7,0.9876938039125825,NA,unknown,NA,NA,unknown,unknown,medium,1,5,"[0.000058, 0.002186, 0.000077, 0.000506, 0.000140, 0.000284, 0.987694, 0.000280, 0.000249, 0.000778, 0.001374, 0.000044, 0.000183, 0.000346, 0.000764, 0.002176, 0.000257, 0.001351, 0.000179, 0.001077]"
doc_01289,KAZA GUNLUGU-3,https://www.golftutkusu.com/topic/13309-kaza-gunlugu-3,10,0.9784264429249113,NA,unknown,NA,7000,0-30k,unknown,low,0,5,"[0.000388, 0.002110, 0.000519, 0.002030, 0.000760, 0.000452, 0.000814, 0.000457, 0.000357, 0.978426, 0.000655, 0.000682, 0.000278, 0.000334, 0.001037, 0.005185, 0.001131, 0.002801, 0.001451, 0.000133]"
doc_01290,KONTAK ACILDIGINDA GELEN SES,https://www.golftutkusu.com/topic/12618-kontak-acildiginda-gelen-ses,3,0.6401002491949366,NA,unknown,2014,NA,unknown,unknown,low,0,2,"[0.001023, 0.001237, 0.640100, 0.001162, 0.001372, 0.000733, 0.000321, 0.000969, 0.001877, 0.001171, 0.001299, 0.000958, 0.000298, 0.000693, 0.000536, 0.000675, 0.000297, 0.001273, 0.343675, 0.000334]"
doc_01291,Kafayi yemek uzereyim.. Elektrikli Ayna sonrasi Cam sikisma sensor sorunu,https://www.golftutkusu.com/topic/20401-kafayi-yemek-uzereyim-elektrikli-ayna-sonrasi-cam-sikisma-sensor-sorunu,2,0.7261131281189456,1.2,petrol,2015,NA,unknown,1.2_TSI,high,3,19,"[0.000168, 0.726113, 0.001542, 0.000428, 0.000079, 0.000472, 0.000231, 0.000560, 0.000428, 0.000586, 0.000325, 0.000603, 0.000245, 0.000157, 0.001210, 0.000197, 0.000177, 0.000525, 0.265088, 0.000867]"
doc_01292,Kalkista Agir Kalkmasi,https://www.golftutkusu.com/topic/9391-kalkista-agir-kalkmasi,8,0.977478606885674,1.4,petrol,2014,NA,unknown,1.4_TSI,low,0,3,"[0.001163, 0.000509, 0.000677, 0.001938, 0.004241, 0.001033, 0.001298, 0.977479, 0.000679, 0.000434, 0.001462, 0.000719, 0.000935, 0.001204, 0.000400, 0.002656, 0.001171, 0.001260, 0.000704, 0.000038]"
doc_01293,Kalorifer Isitmiyor,https://www.golftutkusu.com/topic/27037-kalorifer-isitmiyor,19,0.9928451519144728,1.6,diesel,2013,NA,unknown,1.6_TDI,low,0,11,"[0.000158, 0.001078, 0.000056, 0.000397, 0.000068, 0.000162, 0.000052, 0.000152, 0.000190, 0.000369, 0.000680, 0.000037, 0.000183, 0.000200, 0.000628, 0.000568, 0.000090, 0.000970, 0.992845, 0.001117]"
doc_01294,Kalorifer Sorunu,https://www.golftutkusu.com/topic/19132-kalorifer-sorunu,16,0.9791417346843239,1.6,diesel,2013,3000,0-30k,1.6_TDI,high,2,31,"[0.000311, 0.000199, 0.002674, 0.001028, 0.001427, 0.001185, 0.001236, 0.001463, 0.001441, 0.000598, 0.001105, 0.001451, 0.001072, 0.001063, 0.000611, 0.979142, 0.000603, 0.002723, 0.000410, 0.000260]"
doc_01295,Kalorifer kapali olmasina ragmen gelen sicak hava,https://www.golftutkusu.com/topic/9716-kalorifer-kapali-olmasina-ragmen-gelen-sicak-hava,12,0.4983403159897611,NA,unknown,2016,NA,unknown,unknown,medium,1,15,"[0.001667, 0.007848, 0.001714, 0.010371, 0.003075, 0.001670, 0.001150, 0.001415, 0.001221, 0.009447, 0.006761, 0.498340, 0.001320, 0.001114, 0.002545, 0.015785, 0.001406, 0.005270, 0.427135, 0.000745]"
doc_01296,Kalorifer radyatoru (araba isinmiyor),https://www.golftutkusu.com/topic/13744-kalorifer-radyatoru-araba-isinmiyor,19,0.9622829640841308,1.2,petrol,2012,NA,unknown,1.2_TSI,high,1,27,"[0.003055, 0.001092, 0.002804, 0.003892, 0.006581, 0.002065, 0.001268, 0.001141, 0.003620, 0.001209, 0.001721, 0.001873, 0.001824, 0.002094, 0.000605, 0.000476, 0.000879, 0.001430, 0.962283, 0.000087]"
doc_01297,Kalorifer sorunu,https://www.golftutkusu.com/topic/18567-kalorifer-sorunu,5,0.9920779128178463,NA,unknown,2016,3000,0-30k,unknown,high,3,12,"[0.000539, 0.000112, 0.000799, 0.000368, 0.992078, 0.000955, 0.000281, 0.000504, 0.000481, 0.000137, 0.000442, 0.000467, 0.000277, 0.000735, 0.000288, 0.000453, 0.000409, 0.000259, 0.000202, 0.000214]"
doc_01298,Kalorifer ve klima sorunu hk.,https://www.golftutkusu.com/topic/14981-kalorifer-ve-klima-sorunu-hk,12,0.8666911856021239,1.4,petrol,2014,NA,unknown,1.4_TSI,low,0,5,"[0.009178, 0.002362, 0.001658, 0.004025, 0.075658, 0.003162, 0.005471, 0.002244, 0.004752, 0.002489, 0.002771, 0.866691, 0.002578, 0.005467, 0.000635, 0.000818, 0.002590, 0.002505, 0.004893, 0.000052]"
doc_01299,Kameradan su alma mumkun mu?,https://www.golftutkusu.com/topic/27831-kameradan-su-alma-mumkun-mu,11,0.9706627540259499,NA,unknown,2015,NA,unknown,unknown,low,0,2,"[0.003405, 0.000163, 0.000747, 0.001079, 0.004776, 0.001112, 0.004230, 0.001037, 0.001305, 0.000141, 0.970663, 0.000968, 0.000982, 0.004241, 0.000184, 0.000540, 0.001906, 0.001347, 0.001103, 0.000072]"
doc_01300,Kapi Acma Kolu Ambiyans Aydinlatmasi!!,https://www.golftutkusu.com/topic/14680-kapi-acma-kolu-ambiyans-aydinlatmasi,9,0.9809384151412267,NA,unknown,NA,NA,unknown,unknown,high,2,45,"[0.000766, 0.000504, 0.001503, 0.001430, 0.004558, 0.000942, 0.000878, 0.000359, 0.980938, 0.000592, 0.000751, 0.000836, 0.000494, 0.001001, 0.000402, 0.000768, 0.000601, 0.001049, 0.001583, 0.000047]"
doc_01301,Kapi Alti Aydinlatma Montaj Yardim,https://www.golftutkusu.com/topic/15284-kapi-alti-aydinlatma-montaj-yardim,5,0.9848298585759336,NA,unknown,NA,NA,unknown,unknown,low,0,5,"[0.001323, 0.000149, 0.001282, 0.000688, 0.984830, 0.001236, 0.000704, 0.001020, 0.001054, 0.000200, 0.002025, 0.000596, 0.000395, 0.001959, 0.000268, 0.000684, 0.000801, 0.000369, 0.000337, 0.000081]"
doc_01302,Kapi Cizigi Hak.,https://www.golftutkusu.com/topic/12602-kapi-cizigi-hak,5,0.38974696543311765,NA,unknown,NA,NA,unknown,unknown,medium,1,12,"[0.009262, 0.001150, 0.003718, 0.003408, 0.389747, 0.005442, 0.386139, 0.004302, 0.005656, 0.001220, 0.161902, 0.002990, 0.002458, 0.009485, 0.001027, 0.002077, 0.005158, 0.002734, 0.001883, 0.000241]"
doc_01303,Kapi Kilidi icin yag tavsiyesi,https://www.golftutkusu.com/topic/12232-kapi-kilidi-icin-yag-tavsiyesi,19,0.9427505013581579,NA,unknown,NA,NA,unknown,unknown,low,0,8,"[0.008780, 0.002110, 0.002201, 0.004508, 0.011281, 0.002425, 0.004189, 0.001330, 0.004588, 0.001996, 0.001880, 0.002290, 0.002312, 0.002855, 0.000670, 0.000223, 0.001603, 0.001961, 0.942751, 0.000047]"
doc_01304,Kapi alti aydinlatma,https://www.golftutkusu.com/topic/9231-kapi-alti-aydinlatma,13,0.3646622334762948,NA,unknown,NA,NA,unknown,unknown,medium,1,18,"[0.195760, 0.004633, 0.010448, 0.007464, 0.262772, 0.014742, 0.014845, 0.021406, 0.013726, 0.003649, 0.006057, 0.011445, 0.364662, 0.023637, 0.004475, 0.003669, 0.006689, 0.015441, 0.014126, 0.000353]"
doc_01305,Kapi aydinlatma yardim - Acil,https://www.golftutkusu.com/topic/9036-kapi-aydinlatma-yardim-acil,4,0.9816327598601021,NA,unknown,NA,NA,unknown,unknown,medium,1,4,"[0.000854, 0.000466, 0.000937, 0.981633, 0.003538, 0.001043, 0.000888, 0.000826, 0.001507, 0.000620, 0.000896, 0.001093, 0.000588, 0.000972, 0.000148, 0.000527, 0.000539, 0.000945, 0.001955, 0.000026]"
doc_01306,Kapi dosemesi ust taraftan sokulmeye basladi,https://www.golftutkusu.com/topic/15837-kapi-dosemesi-ust-taraftan-sokulmeye-basladi,5,0.979813954526018,NA,unknown,NA,NA,unknown,unknown,low,0,3,"[0.001687, 0.000314, 0.002020, 0.001452, 0.979814, 0.002987, 0.000646, 0.001144, 0.001684, 0.000398, 0.001353, 0.001299, 0.000566, 0.001877, 0.000148, 0.000496, 0.000836, 0.000364, 0.000874, 0.000043]"
doc_01307,Kapi icindeki bant izi?,https://www.golftutkusu.com/topic/11128-kapi-icindeki-bant-izi,4,0.9681287986578753,NA,unknown,NA,NA,unknown,unknown,low,0,1,"[0.001206, 0.000551, 0.001264, 0.968129, 0.005751, 0.001590, 0.002292, 0.001698, 0.001821, 0.000808, 0.002489, 0.001201, 0.001011, 0.002274, 0.000633, 0.001718, 0.001099, 0.002513, 0.001842, 0.000111]"
doc_01308,Kapi kolunu cikarirken kirilan parca?,https://www.golftutkusu.com/topic/10791-kapi-kolunu-cikarirken-kirilan-parca,10,0.96752328366945894,NA,unknown,NA,NA,unknown,unknown,low,0,13,"[0.001463, 0.000456, 0.000923, 0.001832, 0.004274, 0.001425, 0.003126, 0.001168, 0.001988, 0.967523, 0.000574, 0.001345, 0.001239, 0.002588, 0.001723, 0.002033, 0.002033, 0.002732, 0.001418, 0.000136]"
doc_01309,Kapi tutamaclarindan gelen sesleri giderme,https://www.golftutkusu.com/topic/12987-kapi-tutamaclarindan-gelen-sesleri-giderme,11,0.5113367326688393,NA,unknown,NA,25000,0-30k,unknown,low,0,23,"[0.003046, 0.000218, 0.002061, 0.002168, 0.229315, 0.003214, 0.002362, 0.001613, 0.002311, 0.000287, 0.511337, 0.001712, 0.001282, 0.233003, 0.000437, 0.001607, 0.001652, 0.000999, 0.001122, 0.000252]"
doc_01310,Kapi ya da torpidoyu acinca bagaj acik uyarisi,https://www.golftutkusu.com/topic/27692-kapi-ya-da-torpidoyu-acinca-bagaj-acik-uyarisi,6,0.9549107371935914,NA,unknown,2015,NA,unknown,unknown,medium,1,2,"[0.002136, 0.001238, 0.002068, 0.003888, 0.014047, 0.954911, 0.001846, 0.001206, 0.002935, 0.001062, 0.001553, 0.001854, 0.001532, 0.002535, 0.000578, 0.000952, 0.001098, 0.001895, 0.002567, 0.000099]"
doc_01311,Kapidan ruzgar sesi gelmesi,https://www.golftutkusu.com/topic/27128-kapidan-ruzgar-sesi-gelmesi,12,0.7998664371249515,NA,unknown,2016,95000,90-120k,unknown,medium,1,6,"[0.001040, 0.000579, 0.000525, 0.000819, 0.001335, 0.001528, 0.000888, 0.000400, 0.001002, 0.000887, 0.000758, 0.799866, 0.001296, 0.001275, 0.178849, 0.001081, 0.000833, 0.004376, 0.001112, 0.001551]"
doc_01312,Kapilar icerden kilitlenmiyor?,https://www.golftutkusu.com/topic/14123-kapilar-icerden-kilitlenmiyor,12,0.900631920597506,NA,unknown,NA,NA,unknown,unknown,medium,1,11,"[0.003435, 0.002657, 0.001027, 0.001852, 0.009895, 0.003193, 0.005748, 0.001511, 0.001621, 0.001930, 0.002938, 0.900632, 0.044641, 0.003687, 0.002822, 0.001724, 0.002014, 0.005890, 0.002111, 0.000671]"
doc_01313,Kapilardan Gelen Yol Sesi Fitil Sorunu,https://www.golftutkusu.com/topic/14028-kapilardan-gelen-yol-sesi-fitil-sorunu,19,0.9425250744459961,NA,unknown,2015,NA,unknown,unknown,low,0,6,"[0.004823, 0.001653, 0.004333, 0.005819, 0.009540, 0.003192, 0.001713, 0.001689, 0.005549, 0.001852, 0.002646, 0.002903, 0.002783, 0.003424, 0.000935, 0.000766, 0.001398, 0.002331, 0.942525, 0.000128]"
doc_01314,Kaput Ici Sivi Sizintisi,https://www.golftutkusu.com/topic/26542-kaput-ici-sivi-sizintisi,3,0.9911223175887506,NA,unknown,NA,150000,150-180k,unknown,high,1,25,"[0.000347, 0.000324, 0.991122, 0.000244, 0.000966, 0.000338, 0.000387, 0.000129, 0.000419, 0.000075, 0.000521, 0.000138, 0.000435, 0.000474, 0.000452, 0.000923, 0.000263, 0.001803, 0.000416, 0.000222]"
doc_01315,Kaput alti fitil takozu,https://www.golftutkusu.com/topic/10372-kaput-alti-fitil-takozu,9,0.990062745058677,NA,unknown,NA,NA,unknown,unknown,high,1,9,"[0.000390, 0.000262, 0.000769, 0.000709, 0.002663, 0.000467, 0.000455, 0.000171, 0.990063, 0.000270, 0.000380, 0.000377, 0.000244, 0.000517, 0.000214, 0.000386, 0.000291, 0.000502, 0.000841, 0.000026]"
doc_01316,Kaputtaki tas izleri nasil giderilir ?,https://www.golftutkusu.com/topic/8012-kaputtaki-tas-izleri-nasil-giderilir,6,0.9300613681384283,NA,unknown,NA,NA,unknown,unknown,low,0,5,"[0.003287, 0.001549, 0.003162, 0.004585, 0.023083, 0.930061, 0.002459, 0.001822, 0.005274, 0.001420, 0.002610, 0.003077, 0.002016, 0.004942, 0.000832, 0.001469, 0.001653, 0.002644, 0.003908, 0.000145]"
doc_01317,Kaputun Altinda Kedi :(,https://www.golftutkusu.com/topic/14825-kaputun-altinda-kedi,19,0.9336663034679643,NA,unknown,NA,NA,unknown,unknown,high,3,34,"[0.005360, 0.002127, 0.005705, 0.006126, 0.010653, 0.003755, 0.002047, 0.001845, 0.007615, 0.001917, 0.002852, 0.003005, 0.003394, 0.003598, 0.001074, 0.000888, 0.001596, 0.002628, 0.933666, 0.000149]"
doc_01318,Kararan Dikiz Aynasi,https://www.golftutkusu.com/topic/17928-kararan-dikiz-aynasi,1,0.9703240620801725,NA,unknown,2015,NA,unknown,unknown,low,0,11,"[0.970324, 0.003463, 0.000228, 0.000601, 0.000815, 0.000549, 0.000151, 0.001070, 0.000316, 0.001026, 0.002472, 0.000108, 0.000354, 0.000789, 0.003418, 0.002570, 0.000615, 0.002532, 0.001054, 0.007545]"
doc_01319,Kararan dikiz aynasi artik kararmiyor,https://www.golftutkusu.com/topic/24018-kararan-dikiz-aynasi-artik-kararmiyor,8,0.9809254491472919,NA,unknown,NA,NA,unknown,unknown,low,0,6,"[0.001532, 0.000566, 0.000756, 0.001617, 0.004872, 0.000802, 0.000733, 0.980925, 0.000734, 0.000461, 0.000754, 0.000824, 0.000837, 0.000786, 0.000126, 0.001264, 0.000899, 0.000524, 0.000976, 0.000012]"
doc_01320,Kardan Sonra Kasisten Gecerken Alt takimdan ses gelmesi,https://www.golftutkusu.com/topic/24894-kardan-sonra-kasisten-gecerken-alt-takimdan-ses-gelmesi,13,0.9803600579917571,NA,unknown,2014,NA,unknown,unknown,low,0,2,"[0.000525, 0.000672, 0.001196, 0.000749, 0.001230, 0.001137, 0.000817, 0.000685, 0.000627, 0.000394, 0.001118, 0.001020, 0.980360, 0.001091, 0.001639, 0.001234, 0.000589, 0.003314, 0.001079, 0.000526]"
doc_01321,Karter Tapasi Dogru Mu?,https://www.golftutkusu.com/topic/14406-karter-tapasi-dogru-mu,8,0.9789055023638696,1.2,petrol,2014,NA,unknown,1.2_TSI,high,1,14,"[0.001457, 0.000489, 0.000664, 0.001326, 0.004094, 0.000807, 0.001152, 0.978906, 0.000605, 0.000408, 0.001443, 0.000613, 0.000929, 0.001218, 0.000413, 0.002148, 0.001472, 0.001145, 0.000674, 0.000037]"
doc_01322,Karter tapasindan cok az yag sizintisi,https://www.golftutkusu.com/topic/15603-karter-tapasindan-cok-az-yag-sizintisi,12,0.9844273430262398,NA,unknown,NA,NA,unknown,unknown,low,0,2,"[0.000748, 0.000379, 0.000485, 0.001259, 0.003509, 0.000809, 0.000558, 0.000487, 0.001089, 0.000567, 0.000774, 0.984427, 0.000668, 0.001224, 0.000192, 0.000650, 0.000449, 0.000754, 0.000944, 0.000028]"
doc_01323,Kasislerde On Sag Takimdan Gelen Tak Sesi,https://www.golftutkusu.com/topic/18026-kasislerde-on-sag-takimdan-gelen-tak-sesi,9,0.6577623791445806,NA,unknown,NA,NA,unknown,unknown,high,2,5,"[0.191581, 0.002994, 0.008859, 0.010680, 0.056163, 0.006660, 0.005343, 0.004003, 0.657762, 0.004156, 0.007003, 0.005275, 0.003226, 0.009435, 0.003467, 0.003461, 0.004563, 0.004899, 0.010090, 0.000380]"
doc_01324,Kasko Mini Onarim,https://www.golftutkusu.com/topic/18029-kasko-mini-onarim,19,0.9327034132983798,NA,unknown,NA,3000,0-30k,unknown,medium,2,14,"[0.003248, 0.000872, 0.002956, 0.002634, 0.028812, 0.002789, 0.001832, 0.001647, 0.003281, 0.000959, 0.004036, 0.001488, 0.002081, 0.004754, 0.001349, 0.001049, 0.001222, 0.001998, 0.932703, 0.000292]"
doc_01325,Katlanabilir yan aynalar,https://www.golftutkusu.com/topic/19265-katlanabilir-yan-aynalar,5,0.9427829061676095,NA,unknown,2013,NA,unknown,unknown,low,0,7,"[0.004876, 0.000987, 0.004889, 0.004078, 0.942783, 0.004742, 0.001886, 0.003059, 0.006076, 0.001289, 0.002197, 0.004505, 0.001912, 0.008810, 0.000506, 0.001523, 0.002139, 0.001230, 0.002418, 0.000094]"
doc_01326,Katlanir Ayna Ozelligi,https://www.golftutkusu.com/topic/18758-katlanir-ayna-ozelligi,6,0.9236461891215023,NA,unknown,NA,NA,unknown,unknown,low,0,1,"[0.003963, 0.000775, 0.000988, 0.001686, 0.045050, 0.923646, 0.003642, 0.002038, 0.003247, 0.000587, 0.000953, 0.001785, 0.001130, 0.004022, 0.000562, 0.000661, 0.001006, 0.002406, 0.001787, 0.000066]"
doc_01327,Katlanir Aynalar Ayni Anda Hareket Etmiyor,https://www.golftutkusu.com/topic/22279-katlanir-aynalar-ayni-anda-hareket-etmiyor,15,0.9692366563224756,NA,unknown,NA,NA,unknown,unknown,medium,1,11,"[0.000123, 0.000592, 0.000217, 0.000251, 0.000040, 0.000219, 0.000187, 0.000063, 0.000086, 0.001073, 0.000283, 0.000155, 0.000215, 0.000069, 0.969237, 0.001528, 0.000279, 0.024232, 0.000325, 0.000827]"
doc_01328,Katlanir ayna,https://www.golftutkusu.com/topic/18908-katlanir-ayna,18,0.6406017753356547,NA,unknown,NA,NA,unknown,unknown,low,0,5,"[0.000274, 0.000054, 0.002526, 0.000388, 0.000272, 0.001760, 0.000444, 0.340938, 0.000961, 0.000962, 0.001620, 0.001068, 0.000235, 0.000228, 0.002428, 0.003011, 0.000247, 0.640602, 0.001595, 0.000388]"
doc_01329,Katlanir ayna icerden katlanmiyor,https://www.golftutkusu.com/topic/21920-katlanir-ayna-icerden-katlanmiyor,6,0.8959905491443534,NA,unknown,2013,NA,unknown,unknown,low,0,3,"[0.000171, 0.002681, 0.000146, 0.000774, 0.000421, 0.895991, 0.000227, 0.000384, 0.000369, 0.000878, 0.001430, 0.000122, 0.000462, 0.000592, 0.001899, 0.003926, 0.000539, 0.086256, 0.000472, 0.002262]"
doc_01330,Kavrama Degisimi,https://www.golftutkusu.com/topic/19034-kavrama-degisimi,6,0.9858326727047374,1.4,petrol,2015,120000,120-150k,1.4_TSI,high,0,53,"[0.000427, 0.000350, 0.000598, 0.000704, 0.001834, 0.985833, 0.000664, 0.000359, 0.000564, 0.000301, 0.000884, 0.000699, 0.000623, 0.000704, 0.001023, 0.000818, 0.000535, 0.001974, 0.000603, 0.000502]"
doc_01331,Kavrama Titreme sorunu,https://www.golftutkusu.com/topic/23541-kavrama-titreme-sorunu,1,0.9615859171834202,1.6,diesel,2016,NA,unknown,1.6_TDI,high,3,15,"[0.961586, 0.000630, 0.002885, 0.002157, 0.010293, 0.001932, 0.000889, 0.001827, 0.002390, 0.000931, 0.002125, 0.001567, 0.001062, 0.002085, 0.000972, 0.000530, 0.001527, 0.001254, 0.003266, 0.000091]"
doc_01332,Kavrama volan tup degisimi sonrasi vuruntu,https://www.golftutkusu.com/topic/27584-kavrama-volan-tup-degisimi-sonrasi-vuruntu,1,0.7956883301875353,1.2,petrol,NA,2000,0-30k,1.2_TSI,high,1,7,"[0.795688, 0.000591, 0.001968, 0.001487, 0.168620, 0.003168, 0.002770, 0.003448, 0.004254, 0.000686, 0.001537, 0.002340, 0.001232, 0.004906, 0.000973, 0.000518, 0.001456, 0.001622, 0.002654, 0.000082]"
doc_01333,"Kavrama, Volant Degi̇si̇mi̇ Sonrasi Vi̇tes Geci̇sleri̇nde Vuruntu",https://www.golftutkusu.com/topic/26986-kavrama-volant-degisimi-sonrasi-vites-gecislerinde-vuruntu,19,0.9867296583213765,NA,unknown,NA,NA,unknown,unknown,high,1,5,"[0.001061, 0.000326, 0.000804, 0.001004, 0.001257, 0.000688, 0.000549, 0.000410, 0.001108, 0.000397, 0.001032, 0.000471, 0.000696, 0.001011, 0.000692, 0.000294, 0.000406, 0.000962, 0.986730, 0.000100]"
doc_01334,Kayar Led'lerin kaymamasi,https://www.golftutkusu.com/topic/15315-kayar-ledlerin-kaymamasi,9,0.9864751430261515,NA,unknown,NA,NA,unknown,unknown,low,0,2,"[0.000482, 0.000272, 0.000828, 0.000632, 0.001960, 0.000589, 0.000878, 0.000261, 0.986475, 0.000323, 0.000879, 0.000363, 0.000360, 0.001013, 0.000954, 0.000971, 0.000543, 0.001318, 0.000804, 0.000093]"
doc_01335,Kayar sinyalli led stop sorunu,https://www.golftutkusu.com/topic/23501-kayar-sinyalli-led-stop-sorunu,17,0.9896703746435482,NA,unknown,2013,NA,unknown,unknown,low,0,5,"[0.001512, 0.000904, 0.000001, 0.000433, 0.001530, 0.000502, 0.000491, 0.000519, 0.000422, 0.000552, 0.000134, 0.000003, 0.000014, 0.000316, 0.000468, 0.001299, 0.989670, 0.000749, 0.000137, 0.000345]"
doc_01336,Kaza sonrasi gocuk duzeltme mi degisim mi yapilmali?,https://www.golftutkusu.com/topic/17723-kaza-sonrasi-gocuk-duzeltme-mi-degisim-mi-yapilmali,9,0.9907137080689844,NA,unknown,2013,100000,90-120k,unknown,medium,1,25,"[0.000053, 0.001533, 0.000065, 0.000265, 0.000167, 0.000149, 0.000120, 0.000090, 0.990714, 0.000306, 0.000641, 0.000027, 0.000084, 0.000220, 0.000762, 0.001945, 0.000150, 0.001364, 0.000310, 0.001035]"
doc_01337,Kaza sonrasi tamirde kafa karisikligi,https://www.golftutkusu.com/topic/21431-kaza-sonrasi-tamirde-kafa-karisikligi,9,0.9778003360366154,NA,unknown,2020,NA,unknown,unknown,medium,1,29,"[0.001480, 0.000407, 0.000785, 0.000817, 0.006920, 0.001128, 0.001932, 0.000639, 0.977800, 0.000359, 0.000452, 0.000728, 0.000486, 0.001470, 0.000432, 0.000574, 0.000530, 0.001783, 0.001249, 0.000029]"
doc_01338,Kaza yaptik. :(,https://www.golftutkusu.com/topic/16378-kaza-yaptik,15,0.5195344763514695,NA,unknown,NA,15000,0-30k,unknown,medium,1,30,"[0.000581, 0.000064, 0.005277, 0.000285, 0.000212, 0.002937, 0.000813, 0.001371, 0.002709, 0.001732, 0.001553, 0.001753, 0.000297, 0.000518, 0.519534, 0.001784, 0.000181, 0.451455, 0.004927, 0.002017]"
doc_01339,Kaza yaptim fikir ve goruslerinize ihtiyacim var,https://www.golftutkusu.com/topic/25786-kaza-yaptim-fikir-ve-goruslerinize-ihtiyacim-var,7,0.9749660998410362,1.2,petrol,2019,800000,210k+,1.2_TSI,high,3,38,"[0.002070, 0.001057, 0.000918, 0.001545, 0.006924, 0.001173, 0.974966, 0.000781, 0.001919, 0.001215, 0.001061, 0.000898, 0.000818, 0.001421, 0.000270, 0.000270, 0.000995, 0.000703, 0.000981, 0.000015]"
doc_01340,Kemer takmadan el freni devreye girmiyor,https://www.golftutkusu.com/topic/12725-kemer-takmadan-el-freni-devreye-girmiyor,5,0.9890910789461755,NA,unknown,2013,NA,unknown,unknown,low,0,2,"[0.000949, 0.000130, 0.000953, 0.000572, 0.989091, 0.001068, 0.000538, 0.000813, 0.000795, 0.000184, 0.000697, 0.000483, 0.000303, 0.001486, 0.000228, 0.000545, 0.000574, 0.000285, 0.000246, 0.000058]"
doc_01341,Kendi Bakimimi Kendim Yapacagim.,https://www.golftutkusu.com/topic/17703-kendi-bakimimi-kendim-yapacagim,4,0.8526940760430699,1.6,diesel,2014,NA,unknown,1.6_TDI,high,0,11,"[0.000256, 0.001329, 0.000477, 0.852694, 0.000324, 0.000674, 0.000933, 0.000627, 0.000169, 0.001296, 0.123492, 0.000689, 0.000352, 0.000356, 0.000936, 0.008498, 0.000849, 0.003067, 0.001398, 0.001584]"
doc_01342,Kendi dolu brandami yaptim ☺️,https://www.golftutkusu.com/topic/11980-kendi-dolu-brandami-yaptim,5,0.935896086522851,NA,unknown,NA,NA,unknown,unknown,low,0,10,"[0.009618, 0.000879, 0.003062, 0.002591, 0.935896, 0.006215, 0.005304, 0.005941, 0.007106, 0.000881, 0.001380, 0.003342, 0.001764, 0.007700, 0.000577, 0.001156, 0.002163, 0.002142, 0.002215, 0.000067]"
doc_01343,Keyless go uzdu :(,https://www.golftutkusu.com/topic/10857-keyless-go-uzdu,2,0.9760306827104168,NA,unknown,NA,NA,unknown,unknown,medium,1,15,"[0.000342, 0.976031, 0.000376, 0.001142, 0.000777, 0.000569, 0.000706, 0.001460, 0.000848, 0.000898, 0.001515, 0.000125, 0.000644, 0.001529, 0.000980, 0.007053, 0.000667, 0.002894, 0.000699, 0.000747]"
doc_01344,Kisa Mesafelerde Fan Acma,https://www.golftutkusu.com/topic/26642-kisa-mesafelerde-fan-acma,12,0.9824347486778104,1.4,petrol,NA,3000,0-30k,1.4_TSI,high,1,15,"[0.000378, 0.000187, 0.000324, 0.000665, 0.001069, 0.000683, 0.000542, 0.000349, 0.000433, 0.000234, 0.007015, 0.982435, 0.000596, 0.000813, 0.000443, 0.001359, 0.000486, 0.001133, 0.000511, 0.000345]"
doc_01345,Kisa fari actigimda gunduz ledleri sonuyor,https://www.golftutkusu.com/topic/15392-kisa-fari-actigimda-gunduz-ledleri-sonuyor,17,0.9797594739929784,NA,unknown,NA,NA,unknown,unknown,low,0,1,"[0.000766, 0.000434, 0.001070, 0.000842, 0.002044, 0.001170, 0.000984, 0.000880, 0.000860, 0.000750, 0.002051, 0.000940, 0.000857, 0.000553, 0.001157, 0.001045, 0.979759, 0.002760, 0.000684, 0.000392]"
doc_01346,Kisin ilk calistirmada devir saatinin 800de olmasi,https://www.golftutkusu.com/topic/18909-kisin-ilk-calistirmada-devir-saatinin-800de-olmasi,4,0.945605913816217,1.2,petrol,NA,NA,unknown,1.2_TSI,medium,0,6,"[0.001297, 0.007454, 0.000443, 0.945606, 0.015176, 0.001419, 0.000686, 0.002560, 0.002171, 0.002629, 0.003840, 0.000391, 0.000577, 0.002253, 0.000498, 0.005242, 0.000959, 0.003484, 0.002614, 0.000702]"
doc_01347,Kizdirma bujisi ayari,https://www.golftutkusu.com/topic/13909-kizdirma-bujisi-ayari,13,0.7634570317053072,NA,unknown,NA,NA,unknown,unknown,high,2,28,"[0.001841, 0.002687, 0.012491, 0.004029, 0.001859, 0.003680, 0.001568, 0.006548, 0.002761, 0.006698, 0.011851, 0.004132, 0.763457, 0.003051, 0.005014, 0.003357, 0.001356, 0.008165, 0.152822, 0.002633]"
doc_01348,Kizdirma bujisi lambasi ve motor lambasi yakma,https://www.golftutkusu.com/topic/18094-kizdirma-bujisi-lambasi-ve-motor-lambasi-yakma,19,0.9945482317993567,NA,unknown,2016,NA,unknown,unknown,high,2,5,"[0.000346, 0.000257, 0.000697, 0.000187, 0.000090, 0.000204, 0.000166, 0.000239, 0.000224, 0.000471, 0.000423, 0.000278, 0.000097, 0.000101, 0.000654, 0.000055, 0.000103, 0.000428, 0.994548, 0.000433]"
doc_01349,Klima AC acinca icerden fan surtme sesi geliyor!,https://www.golftutkusu.com/topic/27519-klima-ac-acinca-icerden-fan-surtme-sesi-geliyor,19,0.9269226100286388,1.2,petrol,2015,NA,unknown,1.2_TSI,low,0,3,"[0.006108, 0.002019, 0.005912, 0.007516, 0.013206, 0.003938, 0.002071, 0.002127, 0.006940, 0.002208, 0.003203, 0.003586, 0.003315, 0.004072, 0.001137, 0.000975, 0.001750, 0.002841, 0.926923, 0.000152]"
doc_01350,Klima Calistirinca Gelen Islik Sesi,https://www.golftutkusu.com/topic/17379-klima-calistirinca-gelen-islik-sesi,4,0.9764288083445677,1.6,diesel,2014,160000,150-180k,1.6_TDI,medium,1,5,"[0.001086, 0.000575, 0.001233, 0.976429, 0.004882, 0.001334, 0.001129, 0.001114, 0.001882, 0.000785, 0.001138, 0.001395, 0.000756, 0.001250, 0.000183, 0.000700, 0.000701, 0.001199, 0.002199, 0.000031]"
doc_01351,Klima Cok Az Isitiyor,https://www.golftutkusu.com/topic/16916-klima-cok-az-isitiyor,2,0.9877661234801846,1.6,diesel,2013,NA,unknown,1.6_TDI,high,1,37,"[0.000076, 0.987766, 0.000571, 0.000717, 0.000102, 0.000361, 0.000470, 0.000266, 0.000089, 0.000991, 0.000521, 0.000308, 0.000332, 0.000102, 0.001355, 0.002561, 0.000394, 0.001575, 0.000776, 0.000667]"
doc_01352,Klima Izgarasi Bulunan Parcalar,https://www.golftutkusu.com/topic/15519-klima-izgarasi-bulunan-parcalar,19,0.9972012365258531,NA,unknown,NA,NA,unknown,unknown,low,0,2,"[0.000315, 0.000110, 0.000109, 0.000173, 0.000203, 0.000156, 0.000182, 0.000058, 0.000160, 0.000090, 0.000244, 0.000115, 0.000182, 0.000129, 0.000175, 0.000024, 0.000087, 0.000230, 0.997201, 0.000056]"
doc_01353,Klima Problemi,https://www.golftutkusu.com/topic/10824-klima-problemi,6,0.9507077058011086,NA,unknown,2015,NA,unknown,unknown,low,0,6,"[0.001097, 0.010343, 0.000345, 0.003838, 0.004602, 0.950708, 0.000609, 0.001420, 0.001925, 0.002329, 0.003501, 0.000328, 0.000652, 0.002270, 0.000960, 0.005098, 0.000831, 0.005022, 0.002929, 0.001193]"
doc_01354,Klima Sag Sol Farkli Sicaklik Uflemesi Sorunu Cozumu,https://www.golftutkusu.com/topic/11963-klima-sag-sol-farkli-sicaklik-uflemesi-sorunu-cozumu,19,0.8028993108347866,1.4,petrol,2014,NA,unknown,1.4_TSI,high,3,8,"[0.000284, 0.002192, 0.000108, 0.182245, 0.000227, 0.000417, 0.000177, 0.000518, 0.000455, 0.000868, 0.001653, 0.000111, 0.000348, 0.000481, 0.000797, 0.002097, 0.000214, 0.002249, 0.802899, 0.001659]"
doc_01355,Klima Yonlendirme,https://www.golftutkusu.com/topic/14634-klima-yonlendirme,16,0.8475356262068595,NA,unknown,2011,200000,180-210k,unknown,high,5,120,"[0.001678, 0.001265, 0.009943, 0.009082, 0.006060, 0.005535, 0.005017, 0.005508, 0.009060, 0.003034, 0.005736, 0.008511, 0.011637, 0.005229, 0.004094, 0.847536, 0.004478, 0.052861, 0.002500, 0.001238]"
doc_01356,Klima Yonlendirme Arizasi,https://www.golftutkusu.com/topic/19757-klima-yonlendirme-arizasi,4,0.4162799563253138,1.2,petrol,2015,NA,unknown,1.2_TSI,low,0,5,"[0.003654, 0.002077, 0.009768, 0.416280, 0.011402, 0.136352, 0.003391, 0.003335, 0.005799, 0.004126, 0.003956, 0.008421, 0.005479, 0.003990, 0.002168, 0.004198, 0.006780, 0.361862, 0.006831, 0.000133]"
doc_01357,Klima Yuze Uflemiyor,https://www.golftutkusu.com/topic/16470-klima-yuze-uflemiyor,4,0.22411892861001798,1.2,petrol,2013,NA,unknown,1.2_TSI,high,1,34,"[0.038897, 0.001072, 0.028005, 0.224119, 0.182432, 0.085361, 0.038778, 0.024092, 0.087814, 0.009246, 0.029963, 0.034497, 0.006439, 0.043843, 0.008212, 0.017035, 0.002555, 0.055709, 0.081449, 0.000483]"
doc_01358,Klima acikken gelen tikirti,https://www.golftutkusu.com/topic/12456-klima-acikken-gelen-tikirti,9,0.5780446649912958,NA,unknown,NA,NA,unknown,unknown,high,3,1,"[0.001743, 0.002003, 0.007830, 0.008259, 0.007929, 0.005798, 0.005505, 0.004459, 0.578045, 0.002889, 0.005766, 0.008159, 0.003986, 0.004315, 0.004789, 0.329225, 0.003149, 0.010233, 0.003820, 0.002100]"
doc_01359,Klima ilk acilista gelen koku,https://www.golftutkusu.com/topic/8160-klima-ilk-acilista-gelen-koku,3,0.3990961390627617,NA,unknown,NA,7000,0-30k,unknown,low,0,6,"[0.001557, 0.002116, 0.399096, 0.217477, 0.002201, 0.001550, 0.001322, 0.002972, 0.002687, 0.002806, 0.004263, 0.001945, 0.000565, 0.001870, 0.002041, 0.002969, 0.000849, 0.004326, 0.345975, 0.001412]"
doc_01360,Klima kontrol panelinin isiklarinin yanmamasi,https://www.golftutkusu.com/topic/19456-klima-kontrol-panelinin-isiklarinin-yanmamasi,12,0.8078802856782741,NA,unknown,NA,NA,unknown,unknown,low,0,1,"[0.008944, 0.004169, 0.008741, 0.018168, 0.046152, 0.010236, 0.006433, 0.005904, 0.012860, 0.005302, 0.008349, 0.807880, 0.007329, 0.013811, 0.001992, 0.006161, 0.005103, 0.008085, 0.014103, 0.000279]"
doc_01361,"Klima menfezinden motor, turbo, yol sesi geliyor",https://www.golftutkusu.com/topic/23129-klima-menfezinden-motor-turbo-yol-sesi-geliyor,6,0.981496606842197,NA,unknown,2016,NA,unknown,unknown,high,1,1,"[0.001002, 0.000510, 0.000848, 0.001465, 0.004845, 0.981497, 0.000774, 0.000523, 0.001211, 0.000446, 0.000803, 0.000882, 0.000584, 0.001163, 0.000278, 0.000431, 0.000511, 0.000908, 0.001270, 0.000048]"
doc_01362,Klima sorunu hk.,https://www.golftutkusu.com/topic/13624-klima-sorunu-hk,3,0.5462800968453321,1.6,diesel,2015,75000,60-90k,1.6_TDI,medium,1,6,"[0.003126, 0.002642, 0.546280, 0.003467, 0.005756, 0.003504, 0.002577, 0.001267, 0.003606, 0.001091, 0.003903, 0.001700, 0.003604, 0.003284, 0.003452, 0.004448, 0.001719, 0.008760, 0.393804, 0.002009]"
doc_01363,Klima sorunu ve motor ariza isigi,https://www.golftutkusu.com/topic/18683-klima-sorunu-ve-motor-ariza-isigi,8,0.8114638704230858,NA,unknown,NA,NA,unknown,unknown,low,0,1,"[0.001793, 0.011792, 0.000522, 0.005556, 0.005371, 0.001351, 0.001436, 0.811464, 0.001688, 0.003178, 0.007047, 0.000363, 0.001911, 0.003939, 0.002060, 0.126303, 0.002519, 0.008479, 0.001853, 0.001374]"
doc_01364,Klima yonledirme sorunu,https://www.golftutkusu.com/topic/10168-klima-yonledirme-sorunu,16,0.981560996980115,NA,unknown,NA,NA,unknown,unknown,low,0,6,"[0.001074, 0.001695, 0.000200, 0.000312, 0.001775, 0.000168, 0.000122, 0.001929, 0.000343, 0.000609, 0.001521, 0.000040, 0.000093, 0.000539, 0.000068, 0.981561, 0.001830, 0.005029, 0.000039, 0.001052]"
doc_01365,Klima yonlendirme sesi,https://www.golftutkusu.com/topic/21939-klima-yonlendirme-sesi,7,0.7339265470078888,NA,unknown,NA,NA,unknown,unknown,high,2,3,"[0.000819, 0.020265, 0.000572, 0.170573, 0.002583, 0.001745, 0.733927, 0.003942, 0.002769, 0.005980, 0.009827, 0.000323, 0.001033, 0.003613, 0.003037, 0.024156, 0.002032, 0.008223, 0.001914, 0.002667]"
doc_01366,Klimadan gelen gicirti sesi,https://www.golftutkusu.com/topic/10927-klimadan-gelen-gicirti-sesi,2,0.9562736282535802,1.2,petrol,2013,NA,unknown,1.2_TSI,medium,1,4,"[0.001043, 0.956274, 0.001569, 0.000906, 0.002659, 0.003299, 0.002431, 0.001317, 0.001572, 0.000361, 0.000266, 0.001438, 0.001904, 0.001650, 0.002689, 0.000671, 0.001203, 0.017316, 0.001120, 0.000314]"
doc_01367,Klimadan gelen islik sesi…,https://www.golftutkusu.com/topic/17099-klimadan-gelen-islik-sesi,12,0.975980356200228,NA,unknown,NA,NA,unknown,other,medium,0,3,"[0.000434, 0.000205, 0.000328, 0.000811, 0.001019, 0.000919, 0.000669, 0.000370, 0.000474, 0.000252, 0.012087, 0.975980, 0.000780, 0.000915, 0.000542, 0.001104, 0.000551, 0.001544, 0.000635, 0.000383]"
doc_01368,Klimadan gelen ses,https://www.golftutkusu.com/topic/20192-klimadan-gelen-ses,12,0.9769130307719546,1.2,petrol,2016,60000,60-90k,1.2_TSI,medium,0,6,"[0.001155, 0.000547, 0.000733, 0.001787, 0.006024, 0.001202, 0.000754, 0.000752, 0.001490, 0.000746, 0.001106, 0.976913, 0.000933, 0.001549, 0.000269, 0.000817, 0.000677, 0.001038, 0.001468, 0.000039]"
doc_01369,Klimadan gelen ses?,https://www.golftutkusu.com/topic/13296-klimadan-gelen-ses,8,0.9672356046528391,NA,unknown,2019,NA,unknown,unknown,high,2,23,"[0.001141, 0.000881, 0.004437, 0.001549, 0.001932, 0.001044, 0.000838, 0.967236, 0.000942, 0.002086, 0.003449, 0.001536, 0.000392, 0.001020, 0.001150, 0.004445, 0.001300, 0.001943, 0.002309, 0.000371]"
doc_01370,Klimanin degisik halleri,https://www.golftutkusu.com/topic/20655-klimanin-degisik-halleri,18,0.952243373064357,NA,unknown,2013,NA,unknown,unknown,high,3,11,"[0.002202, 0.000521, 0.001643, 0.001021, 0.002359, 0.001233, 0.003065, 0.000590, 0.001991, 0.001144, 0.000934, 0.000914, 0.001887, 0.002840, 0.021768, 0.000542, 0.001976, 0.952243, 0.001092, 0.000035]"
doc_01371,Klimatronik arizasi (klima kontrol paneli),https://www.golftutkusu.com/topic/15541-klimatronik-arizasi-klima-kontrol-paneli,6,0.9886641881092201,NA,unknown,NA,NA,unknown,unknown,low,0,11,"[0.000371, 0.001237, 0.000110, 0.000458, 0.000989, 0.988664, 0.000875, 0.000206, 0.000076, 0.001029, 0.001110, 0.000140, 0.000112, 0.000233, 0.000777, 0.001445, 0.000398, 0.001303, 0.000314, 0.000154]"
doc_01372,Klimayi acinca 1000 devire yukselmesi,https://www.golftutkusu.com/topic/25125-klimayi-acinca-1000-devire-yukselmesi,10,0.950652840745368,1.6,diesel,2014,NA,unknown,1.6_TDI,medium,1,3,"[0.002267, 0.000901, 0.001765, 0.003763, 0.008776, 0.002242, 0.003233, 0.001479, 0.003503, 0.950653, 0.000575, 0.004137, 0.001716, 0.003894, 0.000925, 0.001554, 0.002541, 0.002415, 0.003589, 0.000074]"
doc_01373,Km yukseltme,https://www.golftutkusu.com/topic/10499-km-yukseltme,11,0.9789363244959238,NA,unknown,2016,50000,30-60k,unknown,medium,1,18,"[0.001398, 0.000236, 0.002171, 0.000710, 0.000644, 0.001027, 0.001706, 0.001753, 0.000751, 0.000509, 0.978936, 0.001383, 0.000311, 0.001066, 0.000559, 0.000646, 0.001111, 0.001564, 0.002075, 0.001445]"
doc_01374,Koltuk Dosemesi Sokugu,https://www.golftutkusu.com/topic/8175-koltuk-dosemesi-sokugu,9,0.9862301200572444,1.4,petrol,2013,5000,0-30k,1.4_TSI,medium,1,47,"[0.000300, 0.000332, 0.000892, 0.000719, 0.001298, 0.000767, 0.000705, 0.000198, 0.986230, 0.000314, 0.000829, 0.000510, 0.000507, 0.000554, 0.001169, 0.001248, 0.000479, 0.001587, 0.000914, 0.000447]"
doc_01375,Koltuk Isitma Calismamasi,https://www.golftutkusu.com/topic/27208-koltuk-isitma-calismamasi,13,0.6341540537739216,NA,unknown,NA,NA,unknown,unknown,low,0,3,"[0.001573, 0.000909, 0.002006, 0.001230, 0.005110, 0.001556, 0.001528, 0.001215, 0.001495, 0.000902, 0.003394, 0.001513, 0.634154, 0.332761, 0.002780, 0.001759, 0.000756, 0.003075, 0.002083, 0.000202]"
doc_01376,Kontak Kapali durumdayken Radyo Isiklarinin yanip sonmesi,https://www.golftutkusu.com/topic/9775-kontak-kapali-durumdayken-radyo-isiklarinin-yanip-sonmesi,6,0.5756584642453451,1.6,diesel,2016,NA,unknown,1.6_TDI,high,2,15,"[0.277485, 0.003394, 0.010862, 0.009496, 0.039321, 0.575658, 0.004541, 0.005383, 0.009601, 0.003702, 0.007798, 0.007395, 0.004614, 0.008755, 0.003612, 0.002790, 0.005047, 0.008264, 0.011831, 0.000451]"
doc_01377,Kontak actiktan sonra konsoldan gelen tuhaf bir ses,https://www.golftutkusu.com/topic/11614-kontak-actiktan-sonra-konsoldan-gelen-tuhaf-bir-ses,9,0.9684324250319922,NA,unknown,NA,NA,unknown,unknown,high,1,14,"[0.001555, 0.000498, 0.001779, 0.001298, 0.008339, 0.001221, 0.001596, 0.000626, 0.968432, 0.000603, 0.001853, 0.000741, 0.000686, 0.002678, 0.001485, 0.001831, 0.001050, 0.002196, 0.001353, 0.000178]"
doc_01378,Korna arizasi,https://www.golftutkusu.com/topic/16270-korna-arizasi,17,0.9868786578786884,NA,unknown,2016,NA,unknown,unknown,medium,1,8,"[0.000463, 0.000309, 0.000689, 0.000615, 0.001170, 0.000759, 0.000627, 0.000632, 0.000560, 0.000559, 0.001048, 0.000605, 0.000515, 0.000323, 0.000766, 0.000883, 0.986879, 0.001969, 0.000376, 0.000251]"
doc_01379,Korna onerisi,https://www.golftutkusu.com/topic/25127-korna-onerisi,3,0.9575994665840676,NA,unknown,NA,NA,unknown,unknown,low,0,1,"[0.001548, 0.001036, 0.957599, 0.000993, 0.015940, 0.001668, 0.001398, 0.000737, 0.001674, 0.000312, 0.001872, 0.000688, 0.001404, 0.001847, 0.001362, 0.003116, 0.001060, 0.003580, 0.001344, 0.000823]"
doc_01380,Korna ve bagaj lambasi yanmama,https://www.golftutkusu.com/topic/24694-korna-ve-bagaj-lambasi-yanmama,6,0.570336058939082,NA,unknown,2024,NA,unknown,unknown,medium,1,3,"[0.004314, 0.001191, 0.003850, 0.003960, 0.370856, 0.570336, 0.004230, 0.003617, 0.004091, 0.001316, 0.004940, 0.002679, 0.002118, 0.007815, 0.002111, 0.003391, 0.003219, 0.003397, 0.002069, 0.000498]"
doc_01381,Kronik sorunlar,https://www.golftutkusu.com/topic/15372-kronik-sorunlar,5,0.9706133951282907,NA,unknown,2018,12000,0-30k,unknown,high,1,23,"[0.003746, 0.000399, 0.001519, 0.001358, 0.970613, 0.002676, 0.002568, 0.002948, 0.003491, 0.000391, 0.000643, 0.001633, 0.000738, 0.003700, 0.000236, 0.000550, 0.001006, 0.000827, 0.000924, 0.000032]"
doc_01382,Kucuk bir hasar icin Maslak'ta kaporta-boya ustasi tavsiye,https://www.golftutkusu.com/topic/21137-kucuk-bir-hasar-icin-maslakta-kaporta-boya-ustasi-tavsiye,9,0.9744622192083926,NA,unknown,2021,20000,0-30k,unknown,high,2,9,"[0.000522, 0.000727, 0.006481, 0.001245, 0.001603, 0.000863, 0.000449, 0.001083, 0.974462, 0.001843, 0.001589, 0.001293, 0.000143, 0.000598, 0.000768, 0.001193, 0.000456, 0.001174, 0.003204, 0.000302]"
doc_01383,Kumandadan 4 cam acilmama sorunu?,https://www.golftutkusu.com/topic/22675-kumandadan-4-cam-acilmama-sorunu,17,0.9887076622497337,NA,unknown,NA,NA,unknown,unknown,medium,1,2,"[0.000140, 0.001449, 0.000056, 0.000320, 0.000236, 0.000214, 0.000134, 0.000525, 0.000175, 0.000735, 0.001254, 0.000048, 0.000139, 0.000158, 0.000608, 0.001755, 0.988708, 0.002241, 0.000166, 0.000941]"
doc_01384,Kumandadan Sunroof Kapanmama Sorunu,https://www.golftutkusu.com/topic/24760-kumandadan-sunroof-kapanmama-sorunu,19,0.9875918830589727,NA,unknown,NA,NA,unknown,unknown,low,0,2,"[0.000718, 0.000353, 0.000882, 0.000828, 0.000676, 0.000800, 0.000386, 0.000303, 0.000843, 0.000354, 0.000903, 0.000567, 0.000818, 0.000554, 0.001096, 0.000347, 0.000347, 0.001181, 0.987592, 0.000451]"
doc_01385,Kus sesi acil yardim,https://www.golftutkusu.com/topic/19632-kus-sesi-acil-yardim,13,0.9870357362947009,1.6,diesel,2016,29000,0-30k,1.6_TDI,low,0,4,"[0.001029, 0.000447, 0.000395, 0.000360, 0.001881, 0.000400, 0.001827, 0.000580, 0.000419, 0.000291, 0.000697, 0.000396, 0.987036, 0.001003, 0.000486, 0.000244, 0.000519, 0.001456, 0.000504, 0.000030]"
doc_01386,Lambda Sondasi (oksijen sensoru),https://www.golftutkusu.com/topic/22344-lambda-sondasi-oksijen-sensoru,10,0.953504990328704,1.2,petrol,2014,NA,unknown,1.2_TSI,high,2,2,"[0.002431, 0.000949, 0.000633, 0.001590, 0.003748, 0.001964, 0.013051, 0.000910, 0.001623, 0.953505, 0.000568, 0.001790, 0.002420, 0.002183, 0.002742, 0.001126, 0.002975, 0.003705, 0.001707, 0.000381]"
doc_01387,Lambda sensoru,https://www.golftutkusu.com/topic/12413-lambda-sensoru,7,0.9700037118529075,NA,unknown,2015,3000,0-30k,unknown,high,2,23,"[0.000835, 0.000740, 0.001732, 0.001819, 0.003736, 0.001646, 0.970004, 0.001314, 0.001838, 0.001051, 0.003129, 0.000884, 0.001186, 0.002794, 0.001086, 0.002084, 0.001384, 0.001779, 0.000837, 0.000122]"
doc_01388,Lastigim dayanir mi?,https://www.golftutkusu.com/topic/17809-lastigim-dayanir-mi,7,0.9736682161471955,NA,unknown,2020,5000,0-30k,unknown,medium,1,25,"[0.000731, 0.000717, 0.001560, 0.001672, 0.003310, 0.001385, 0.973668, 0.001029, 0.001853, 0.001016, 0.002325, 0.000783, 0.001033, 0.002365, 0.001057, 0.001829, 0.001166, 0.001666, 0.000725, 0.000109]"
doc_01389,Lastik Balon Yapti,https://www.golftutkusu.com/topic/22750-lastik-balon-yapti,16,0.6332775702551522,NA,unknown,NA,NA,unknown,unknown,high,1,8,"[0.002564, 0.000642, 0.007444, 0.006046, 0.303695, 0.005040, 0.003206, 0.006204, 0.006991, 0.002068, 0.002979, 0.005136, 0.002290, 0.006489, 0.000311, 0.633278, 0.001986, 0.001950, 0.001606, 0.000075]"
doc_01390,Lastik Basinc Uyarisi,https://www.golftutkusu.com/topic/13743-lastik-basinc-uyarisi,9,0.9886735174191128,NA,unknown,NA,NA,unknown,unknown,medium,1,5,"[0.000244, 0.000271, 0.000742, 0.000559, 0.001108, 0.000630, 0.000619, 0.000160, 0.988674, 0.000262, 0.000693, 0.000416, 0.000372, 0.000464, 0.000952, 0.001039, 0.000406, 0.001387, 0.000639, 0.000365]"
doc_01391,Lastik Basinc Uyarisi!,https://www.golftutkusu.com/topic/12411-lastik-basinc-uyarisi,13,0.982182492420989,NA,unknown,NA,NA,unknown,unknown,medium,1,11,"[0.000481, 0.000554, 0.001129, 0.000707, 0.001219, 0.001015, 0.000806, 0.000651, 0.000569, 0.000365, 0.001055, 0.000917, 0.982182, 0.001067, 0.001361, 0.001112, 0.000537, 0.002742, 0.001063, 0.000467]"
doc_01392,Lastik Basinc Uyarisini Gideremiyorum.Yardim?,https://www.golftutkusu.com/topic/13793-lastik-basinc-uyarisini-gideremiyorum-yardim,13,0.9913045034696394,NA,unknown,NA,NA,unknown,unknown,low,0,7,"[0.000213, 0.000277, 0.000505, 0.000343, 0.000568, 0.000510, 0.000398, 0.000327, 0.000269, 0.000179, 0.000534, 0.000464, 0.991305, 0.000523, 0.000623, 0.000621, 0.000249, 0.001353, 0.000501, 0.000241]"
doc_01393,Lastik Ebatlari,https://www.golftutkusu.com/topic/15311-lastik-ebatlari,16,0.9762026821942084,NA,unknown,NA,NA,unknown,unknown,high,2,7,"[0.000451, 0.000166, 0.002252, 0.001233, 0.002926, 0.000995, 0.002099, 0.002076, 0.001875, 0.000673, 0.001485, 0.001149, 0.000969, 0.002059, 0.000313, 0.976203, 0.000692, 0.002026, 0.000309, 0.000051]"
doc_01394,"Lastik basinc sensoru, lastik patlamasina ragmen uyari vermedi",https://www.golftutkusu.com/topic/14507-lastik-basinc-sensoru-lastik-patlamasina-ragmen-uyari-vermedi,19,0.9841152102487142,NA,unknown,NA,NA,unknown,unknown,high,1,9,"[0.000874, 0.000453, 0.001080, 0.001158, 0.000920, 0.001096, 0.000557, 0.000405, 0.000991, 0.000465, 0.001142, 0.000782, 0.001071, 0.000740, 0.001184, 0.000472, 0.000444, 0.001529, 0.984115, 0.000522]"
doc_01395,Lastik basinc uyari sistemi aktif olmuyor,https://www.golftutkusu.com/topic/11265-lastik-basinc-uyari-sistemi-aktif-olmuyor,19,0.9870700234096158,NA,unknown,2015,NA,unknown,unknown,high,1,24,"[0.000652, 0.000367, 0.000863, 0.000930, 0.000749, 0.000848, 0.000449, 0.000333, 0.000795, 0.000376, 0.000998, 0.000710, 0.000927, 0.000670, 0.000877, 0.000411, 0.000359, 0.001186, 0.987070, 0.000432]"
doc_01396,Lastik degisimi sonrasi yol sesi artti,https://www.golftutkusu.com/topic/26006-lastik-degisimi-sonrasi-yol-sesi-artti,7,0.9926680301982636,NA,unknown,NA,80000,60-90k,unknown,medium,1,12,"[0.000129, 0.000284, 0.000449, 0.000428, 0.000462, 0.000511, 0.992668, 0.000225, 0.000379, 0.000335, 0.000562, 0.000286, 0.000341, 0.000319, 0.000626, 0.000684, 0.000309, 0.000620, 0.000211, 0.000172]"
doc_01397,Lastik degistirdikten sonra airbag ariza isiginin yanmasi.,https://www.golftutkusu.com/topic/24380-lastik-degistirdikten-sonra-airbag-ariza-isiginin-yanmasi,7,0.9828583989553209,NA,unknown,NA,NA,unknown,unknown,high,1,8,"[0.000491, 0.000475, 0.001038, 0.001059, 0.002316, 0.000886, 0.982858, 0.000742, 0.001168, 0.000675, 0.001608, 0.000536, 0.000610, 0.001380, 0.000716, 0.001112, 0.000774, 0.001018, 0.000464, 0.000074]"
doc_01398,Lastik kopugu sonrasi basinc sensoru bozulmasi,https://www.golftutkusu.com/topic/17530-lastik-kopugu-sonrasi-basinc-sensoru-bozulmasi,16,0.9710305141037677,NA,unknown,NA,10000,0-30k,unknown,high,2,19,"[0.002725, 0.002072, 0.000018, 0.002250, 0.006052, 0.001839, 0.001883, 0.002167, 0.002861, 0.001609, 0.000169, 0.000024, 0.000066, 0.001625, 0.000237, 0.971031, 0.001525, 0.000986, 0.000516, 0.000344]"
doc_01399,Lastik sesi ve ugultu,https://www.golftutkusu.com/topic/9988-lastik-sesi-ve-ugultu,3,0.5275974105409936,NA,unknown,2015,25000,0-30k,unknown,high,2,25,"[0.001895, 0.000621, 0.527597, 0.000877, 0.451425, 0.001439, 0.001212, 0.001051, 0.001864, 0.000261, 0.001321, 0.000504, 0.000853, 0.003048, 0.000553, 0.001867, 0.001111, 0.001587, 0.000758, 0.000155]"
doc_01400,Lastik surtmesi hk.,https://www.golftutkusu.com/topic/21311-lastik-surtmesi-hk,5,0.9845865757579764,NA,unknown,NA,NA,unknown,unknown,medium,1,8,"[0.001503, 0.000022, 0.001373, 0.000434, 0.984587, 0.002482, 0.000710, 0.001151, 0.002142, 0.000177, 0.000732, 0.000759, 0.000155, 0.001483, 0.000176, 0.000459, 0.000118, 0.000669, 0.000853, 0.000017]"
doc_01401,Lastikler camurluga surtuyor (Golf 7),https://www.golftutkusu.com/topic/19055-lastikler-camurluga-surtuyor-golf-7,5,0.4349449658611927,NA,unknown,NA,NA,unknown,unknown,low,0,6,"[0.012676, 0.002859, 0.002861, 0.004843, 0.434945, 0.150666, 0.010929, 0.011714, 0.011830, 0.003069, 0.004401, 0.197132, 0.003761, 0.009665, 0.001658, 0.002925, 0.121609, 0.007952, 0.004286, 0.000217]"
doc_01402,Led Far Muayeneden Gecirme,https://www.golftutkusu.com/topic/22604-led-far-muayeneden-gecirme,1,0.9872205910583288,NA,unknown,NA,NA,unknown,unknown,medium,1,14,"[0.987221, 0.000172, 0.000869, 0.000424, 0.002324, 0.000709, 0.000292, 0.000573, 0.000355, 0.000251, 0.001088, 0.000452, 0.000459, 0.000634, 0.001264, 0.000367, 0.000551, 0.000763, 0.000807, 0.000423]"
doc_01403,Led on sinyal icin H21W BAY9s duylu led ampul sorunu,https://www.golftutkusu.com/topic/17323-led-on-sinyal-icin-h21w-bay9s-duylu-led-ampul-sorunu,4,0.975614979230266,NA,unknown,NA,NA,unknown,unknown,low,0,10,"[0.000393, 0.000157, 0.000084, 0.975615, 0.005867, 0.000387, 0.002283, 0.001594, 0.000549, 0.000367, 0.000278, 0.000200, 0.001862, 0.004430, 0.000924, 0.000872, 0.001638, 0.002055, 0.000405, 0.000040]"
doc_01404,Led stop lambasi,https://www.golftutkusu.com/topic/13721-led-stop-lambasi,7,0.8261072858012616,NA,unknown,NA,NA,unknown,unknown,low,0,3,"[0.002234, 0.000878, 0.001198, 0.001373, 0.155420, 0.001457, 0.826107, 0.001036, 0.001969, 0.000995, 0.001047, 0.001020, 0.000667, 0.001752, 0.000213, 0.000290, 0.001180, 0.000435, 0.000709, 0.000019]"
doc_01405,Led xenon golf 7,https://www.golftutkusu.com/topic/19514-led-xenon-golf-7,13,0.8485785461066262,NA,unknown,NA,NA,unknown,unknown,high,2,5,"[0.007454, 0.004640, 0.011039, 0.009190, 0.029826, 0.007534, 0.005595, 0.006668, 0.010687, 0.003587, 0.006038, 0.007909, 0.848579, 0.010325, 0.002375, 0.004023, 0.003950, 0.009357, 0.010958, 0.000266]"
doc_01406,Logo Geri Gorus Kamera ve CarPlay ~ Multimedya Hakkinda.,https://www.golftutkusu.com/topic/19887-logo-geri-gorus-kamera-ve-carplay-multimedya-hakkinda,1,0.9859113309131746,NA,unknown,NA,NA,unknown,unknown,low,0,4,"[0.985911, 0.000211, 0.000906, 0.000498, 0.001574, 0.000921, 0.000330, 0.000604, 0.000412, 0.000322, 0.001042, 0.000531, 0.000547, 0.000632, 0.001744, 0.000429, 0.000677, 0.001386, 0.000847, 0.000476]"
doc_01407,Logo Kamera Goruntu yok,https://www.golftutkusu.com/topic/18642-logo-kamera-goruntu-yok,15,0.8948179804765075,NA,unknown,NA,NA,unknown,unknown,low,0,14,"[0.000227, 0.001069, 0.000179, 0.000422, 0.000097, 0.000307, 0.000470, 0.000132, 0.000124, 0.092707, 0.000298, 0.000283, 0.000260, 0.000155, 0.894818, 0.002675, 0.000498, 0.002792, 0.000597, 0.001891]"
doc_01408,Logo degisimi,https://www.golftutkusu.com/topic/27026-logo-degisimi,7,0.9745962108973159,NA,unknown,NA,NA,unknown,unknown,low,0,1,"[0.001512, 0.000565, 0.000760, 0.001057, 0.008369, 0.001506, 0.974596, 0.001451, 0.002122, 0.000619, 0.000713, 0.000905, 0.000683, 0.001851, 0.000316, 0.000516, 0.000657, 0.001003, 0.000774, 0.000023]"
doc_01409,Lok lok tok sesi yardim,https://www.golftutkusu.com/topic/21267-lok-lok-tok-sesi-yardim,12,0.902320705744816,NA,unknown,NA,NA,unknown,unknown,high,3,26,"[0.002495, 0.000984, 0.001840, 0.003460, 0.061220, 0.002866, 0.001722, 0.001920, 0.003433, 0.001376, 0.002738, 0.902321, 0.001783, 0.004074, 0.000474, 0.001631, 0.001538, 0.001555, 0.002481, 0.000088]"
doc_01410,Luqui Moly ile Bakim,https://www.golftutkusu.com/topic/19062-luqui-moly-ile-bakim,14,0.790651398382261,1.4,petrol,2016,4000,0-30k,1.4_TSI,high,0,25,"[0.015737, 0.001788, 0.004946, 0.003944, 0.064312, 0.010878, 0.021355, 0.010068, 0.012463, 0.002383, 0.009775, 0.005547, 0.006022, 0.790651, 0.006245, 0.007716, 0.004092, 0.017856, 0.003869, 0.000352]"
doc_01411,MFA ekrani Almanca Oldu,https://www.golftutkusu.com/topic/10565-mfa-ekrani-almanca-oldu,8,0.9773710650244236,NA,unknown,NA,NA,unknown,unknown,low,0,12,"[0.001269, 0.000476, 0.000659, 0.001217, 0.003961, 0.000818, 0.002813, 0.977371, 0.000608, 0.000464, 0.001449, 0.000558, 0.000969, 0.001230, 0.000409, 0.002886, 0.001241, 0.000982, 0.000584, 0.000036]"
doc_01412,MIB2 Ekran Geri Gorus Sorunu,https://www.golftutkusu.com/topic/20124-mib2-ekran-geri-gorus-sorunu,12,0.9505156940943121,NA,unknown,NA,NA,unknown,unknown,low,0,6,"[0.000501, 0.000416, 0.001010, 0.001219, 0.002228, 0.001375, 0.001045, 0.001124, 0.001021, 0.000677, 0.001721, 0.950516, 0.001272, 0.001605, 0.000895, 0.029008, 0.000775, 0.002416, 0.000722, 0.000455]"
doc_01413,MIB2 Standart Takilma Sorunu,https://www.golftutkusu.com/topic/20494-mib2-standart-takilma-sorunu,2,0.9903247513099662,NA,unknown,NA,NA,unknown,unknown,medium,1,1,"[0.000113, 0.990325, 0.000547, 0.000596, 0.000219, 0.000243, 0.000546, 0.000345, 0.000114, 0.001024, 0.000534, 0.000185, 0.000219, 0.000189, 0.000787, 0.001931, 0.000426, 0.001031, 0.000475, 0.000149]"
doc_01414,MINI STEPNE,https://www.golftutkusu.com/topic/13838-mini-stepne,7,0.9756082586482996,NA,unknown,NA,NA,unknown,unknown,medium,1,20,"[0.000716, 0.000651, 0.001475, 0.001463, 0.003183, 0.001298, 0.975608, 0.001000, 0.001731, 0.000937, 0.002278, 0.000761, 0.000889, 0.001945, 0.001013, 0.001656, 0.001111, 0.001486, 0.000692, 0.000104]"
doc_01415,MK7 MOTOR ARIZASI IKAZ LAMBASI,https://www.golftutkusu.com/topic/15612-mk7-motor-arizasi-ikaz-lambasi,1,0.9364967917758013,NA,unknown,NA,NA,unknown,unknown,high,3,10,"[0.936497, 0.000762, 0.003779, 0.002364, 0.013000, 0.002895, 0.002263, 0.003382, 0.002573, 0.001269, 0.005633, 0.001794, 0.002002, 0.005787, 0.003885, 0.001860, 0.003107, 0.003369, 0.003398, 0.000379]"
doc_01416,MOBIL1 yag Sahte mi-Orijinal mi?,https://www.golftutkusu.com/topic/11473-mobil1-yag-sahte-mi-orijinal-mi,11,0.9812154807565973,1.4,petrol,NA,NA,unknown,1.4_TSI,medium,0,11,"[0.000776, 0.000885, 0.000796, 0.002026, 0.001079, 0.000625, 0.000810, 0.000556, 0.000358, 0.000892, 0.981215, 0.000730, 0.000320, 0.000715, 0.000230, 0.003403, 0.001111, 0.001253, 0.001959, 0.000259]"
doc_01417,Madrid Jantlar ve Beyaz Solucan Korozyonu,https://www.golftutkusu.com/topic/12644-madrid-jantlar-ve-beyaz-solucan-korozyonu,15,0.7175668993866166,NA,unknown,NA,NA,unknown,unknown,medium,1,5,"[0.000317, 0.002017, 0.000154, 0.000527, 0.000134, 0.000505, 0.000290, 0.000328, 0.000611, 0.019356, 0.000463, 0.000154, 0.000604, 0.000616, 0.717567, 0.003684, 0.000754, 0.248959, 0.000587, 0.002374]"
doc_01418,Makyaj aynasi,https://www.golftutkusu.com/topic/15709-makyaj-aynasi,12,0.7063575675427368,NA,unknown,NA,NA,unknown,unknown,medium,1,2,"[0.003647, 0.001715, 0.004632, 0.005532, 0.010690, 0.006528, 0.004776, 0.003186, 0.005779, 0.004023, 0.006158, 0.706358, 0.005865, 0.007231, 0.007413, 0.007518, 0.005518, 0.198985, 0.004094, 0.000352]"
doc_01419,Manuel 1.4 Tsi Golf 7 hangi aku secilmeli?,https://www.golftutkusu.com/topic/17279-manuel-1-4-tsi-golf-7-hangi-aku-secilmeli,20,0.6390845862367672,1.4,petrol,2012,NA,unknown,1.4_TSI,low,0,7,"[0.000155, 0.001052, 0.000996, 0.000846, 0.000104, 0.000738, 0.000289, 0.000096, 0.000207, 0.001773, 0.001604, 0.000448, 0.000569, 0.000085, 0.004012, 0.003515, 0.000696, 0.342967, 0.000762, 0.639085]"
doc_01420,Manuel aracta debriyaj kavrama noktasi,https://www.golftutkusu.com/topic/13011-manuel-aracta-debriyaj-kavrama-noktasi,17,0.9743607049133849,1.2,petrol,2016,24000,0-30k,1.2_TSI,high,2,33,"[0.000211, 0.002393, 0.000110, 0.000511, 0.000302, 0.000364, 0.000201, 0.000651, 0.000308, 0.001138, 0.001860, 0.000081, 0.000270, 0.000252, 0.001256, 0.002419, 0.974361, 0.011427, 0.000288, 0.001600]"
doc_01421,Manuel golf 7 vites gecislerinde gurc sesi,https://www.golftutkusu.com/topic/16728-manuel-golf-7-vites-gecislerinde-gurc-sesi,3,0.9727574366715233,NA,unknown,2013,NA,unknown,unknown,medium,1,1,"[0.000319, 0.000362, 0.972757, 0.000328, 0.000397, 0.000484, 0.000337, 0.000570, 0.000534, 0.000292, 0.015538, 0.000440, 0.000190, 0.000504, 0.000588, 0.001583, 0.000344, 0.001792, 0.001114, 0.001528]"
doc_01422,Manuel sanziman kendi kendine vites dusurme sorunu,https://www.golftutkusu.com/topic/18179-manuel-sanziman-kendi-kendine-vites-dusurme-sorunu,14,0.9735790654205657,1.4,petrol,2014,5000,0-30k,1.4_TSI,high,2,30,"[0.001209, 0.000367, 0.001617, 0.001157, 0.004823, 0.001289, 0.001453, 0.000726, 0.001245, 0.000574, 0.004506, 0.001035, 0.001063, 0.973579, 0.000887, 0.001559, 0.000549, 0.001426, 0.000852, 0.000084]"
doc_01423,Manuel sanzuman ses sorunu,https://www.golftutkusu.com/topic/9423-manuel-sanzuman-ses-sorunu,6,0.8620532728707171,1.2,petrol,2015,82000,60-90k,1.2_TSI,high,1,16,"[0.001493, 0.002812, 0.047345, 0.002765, 0.002725, 0.862053, 0.001859, 0.005025, 0.003039, 0.004891, 0.010440, 0.004798, 0.001089, 0.002152, 0.006883, 0.007028, 0.001945, 0.011772, 0.010450, 0.009436]"
doc_01424,Mars Almama Problemi,https://www.golftutkusu.com/topic/26560-mars-almama-problemi,11,0.8075274969380596,1.6,diesel,2013,208000,180-210k,1.6_TDI,high,1,12,"[0.001019, 0.000525, 0.137095, 0.001529, 0.001159, 0.002481, 0.001712, 0.002959, 0.002066, 0.000869, 0.807527, 0.002350, 0.000619, 0.003378, 0.001282, 0.016397, 0.001346, 0.002816, 0.003574, 0.009297]"
doc_01425,Mars Sistemi Arizali,https://www.golftutkusu.com/topic/12645-mars-sistemi-arizali,14,0.5971247838264288,NA,unknown,2015,NA,unknown,unknown,medium,1,7,"[0.003132, 0.000322, 0.000995, 0.001652, 0.008752, 0.001364, 0.002906, 0.000733, 0.001483, 0.000321, 0.374774, 0.001724, 0.001131, 0.597125, 0.000110, 0.000356, 0.000972, 0.000705, 0.001418, 0.000025]"
doc_01426,Mars basinca vuruntu sesi,https://www.golftutkusu.com/topic/25247-mars-basinca-vuruntu-sesi,19,0.9580295076954061,1.6,diesel,NA,240000,210k+,1.6_TDI,high,1,6,"[0.003857, 0.001264, 0.003233, 0.004161, 0.006315, 0.002543, 0.001201, 0.001242, 0.004114, 0.001361, 0.001956, 0.002118, 0.002115, 0.002376, 0.000723, 0.000538, 0.001016, 0.001742, 0.958030, 0.000097]"
doc_01427,Mars sistemi arizali. Servis! Arizasi,https://www.golftutkusu.com/topic/24824-mars-sistemi-arizali-servis-arizasi,18,0.35521376970561214,1.6,diesel,2017,10000,0-30k,1.6_TDI,high,1,18,"[0.018526, 0.000855, 0.044948, 0.015967, 0.105879, 0.165135, 0.037780, 0.016085, 0.077379, 0.007372, 0.019714, 0.017715, 0.008885, 0.028859, 0.013562, 0.020152, 0.002676, 0.355214, 0.042948, 0.000351]"
doc_01428,Marsa basinca teyp gidip geliyor..,https://www.golftutkusu.com/topic/9191-marsa-basinca-teyp-gidip-geliyor,13,0.9648744825448635,NA,unknown,2014,NA,unknown,unknown,low,0,14,"[0.001679, 0.001225, 0.002575, 0.002086, 0.006868, 0.001735, 0.001236, 0.001502, 0.002212, 0.000849, 0.001367, 0.001992, 0.964874, 0.002183, 0.000630, 0.000948, 0.000892, 0.002420, 0.002654, 0.000073]"
doc_01429,Marspiyel Hasarini Aero Marspiyel Kapatir mi?,https://www.golftutkusu.com/topic/22297-marspiyel-hasarini-aero-marspiyel-kapatir-mi,12,0.5270276364328785,NA,unknown,NA,NA,unknown,unknown,low,0,2,"[0.009798, 0.004624, 0.013537, 0.017772, 0.063531, 0.011208, 0.006760, 0.004759, 0.022623, 0.006188, 0.011905, 0.527028, 0.007374, 0.254464, 0.003091, 0.006757, 0.004206, 0.009125, 0.014922, 0.000328]"
doc_01430,Marspiyel ve sol kapi gocuk,https://www.golftutkusu.com/topic/23259-marspiyel-ve-sol-kapi-gocuk,14,0.9730470978854295,NA,unknown,NA,NA,unknown,unknown,low,0,1,"[0.000961, 0.000504, 0.002033, 0.000984, 0.003369, 0.001905, 0.001214, 0.000522, 0.001012, 0.000633, 0.003327, 0.001383, 0.001410, 0.973047, 0.001970, 0.001665, 0.000508, 0.001952, 0.001091, 0.000506]"
doc_01431,Masaj Koltuklu Sasi veya Akim Semasi Lazim,https://www.golftutkusu.com/topic/16751-masaj-koltuklu-sasi-veya-akim-semasi-lazim,9,0.40298448396142444,NA,unknown,NA,NA,unknown,unknown,low,0,2,"[0.001135, 0.002211, 0.330431, 0.001478, 0.001887, 0.002754, 0.001328, 0.001382, 0.402984, 0.002772, 0.004884, 0.002578, 0.000696, 0.001208, 0.004950, 0.006644, 0.001167, 0.004772, 0.015285, 0.209453]"
doc_01432,Mazot borusu,https://www.golftutkusu.com/topic/9580-mazot-borusu,8,0.9361349463137855,NA,unknown,2015,NA,unknown,unknown,low,0,1,"[0.000412, 0.003925, 0.000556, 0.002328, 0.000740, 0.000641, 0.000833, 0.936135, 0.000094, 0.003134, 0.003187, 0.000572, 0.000683, 0.000203, 0.001783, 0.037714, 0.001529, 0.003778, 0.000888, 0.000865]"
doc_01433,Mazot kokusu,https://www.golftutkusu.com/topic/12246-mazot-kokusu,6,0.9958122406059222,NA,unknown,NA,NA,unknown,unknown,high,2,11,"[0.000057, 0.000112, 0.000415, 0.000124, 0.000143, 0.995812, 0.000079, 0.000192, 0.000118, 0.000219, 0.000420, 0.000215, 0.000041, 0.000099, 0.000379, 0.000232, 0.000084, 0.000464, 0.000296, 0.000498]"
doc_01434,Mazot kokusu (kacak),https://www.golftutkusu.com/topic/22501-mazot-kokusu-kacak,5,0.9803835597271954,1.6,diesel,2014,NA,unknown,1.6_TDI,high,1,7,"[0.001969, 0.000361, 0.002109, 0.001447, 0.980384, 0.002003, 0.000656, 0.001507, 0.001790, 0.000426, 0.000761, 0.001308, 0.000554, 0.001987, 0.000155, 0.000554, 0.000849, 0.000304, 0.000838, 0.000037]"
doc_01435,Media okuma sorunu,https://www.golftutkusu.com/topic/9337-media-okuma-sorunu,1,0.9119736815860009,1.4,petrol,2015,NA,unknown,1.4_TSI,high,2,5,"[0.911974, 0.001295, 0.005694, 0.005302, 0.027618, 0.004052, 0.001909, 0.003427, 0.005268, 0.002012, 0.004382, 0.003291, 0.002288, 0.005833, 0.001822, 0.001153, 0.002649, 0.002243, 0.007606, 0.000182]"
doc_01436,Mekatronikle Ilgili Nasil Bir Yol Izlemeliyim?,https://www.golftutkusu.com/topic/25434-mekatronikle-ilgili-nasil-bir-yol-izlemeliyim,19,0.8157515361609716,1.6,diesel,2000,60000,60-90k,1.6_TDI,high,2,38,"[0.011530, 0.000373, 0.009531, 0.006247, 0.034549, 0.023123, 0.007927, 0.006249, 0.027600, 0.002665, 0.009202, 0.007755, 0.002725, 0.009465, 0.003511, 0.003214, 0.000658, 0.017735, 0.815752, 0.000189]"
doc_01437,Mercek Far Motor Arizasi,https://www.golftutkusu.com/topic/13895-mercek-far-motor-arizasi,12,0.9409308525881288,NA,unknown,2013,NA,unknown,unknown,low,0,7,"[0.002120, 0.000993, 0.001768, 0.003778, 0.009169, 0.002826, 0.002819, 0.001829, 0.002890, 0.001648, 0.004044, 0.940931, 0.002300, 0.005900, 0.002069, 0.003908, 0.002123, 0.006303, 0.002334, 0.000248]"
doc_01438,Merceklerde aydinlatma olayi herkezin gormesi lazim bu konuyu,https://www.golftutkusu.com/topic/13760-merceklerde-aydinlatma-olayi-herkezin-gormesi-lazim-bu-konuyu,14,0.9684499092748893,NA,unknown,NA,NA,unknown,unknown,low,0,1,"[0.001316, 0.000442, 0.001903, 0.001297, 0.009484, 0.001545, 0.001666, 0.000803, 0.001498, 0.000726, 0.002747, 0.001212, 0.001159, 0.968450, 0.000992, 0.001680, 0.000610, 0.001502, 0.000875, 0.000093]"
doc_01439,Merhaba,https://www.golftutkusu.com/topic/26720-merhaba,5,0.9444889813187669,NA,unknown,NA,NA,unknown,unknown,low,0,2,"[0.004642, 0.001028, 0.006588, 0.004370, 0.944489, 0.004999, 0.002080, 0.003906, 0.005503, 0.001228, 0.002431, 0.003216, 0.001612, 0.005927, 0.000451, 0.001504, 0.002321, 0.001044, 0.002565, 0.000095]"
doc_01440,Merhabalar golf 7 sogutma sivisini kontrol edin uyarisi,https://www.golftutkusu.com/topic/13598-merhabalar-golf-7-sogutma-sivisini-kontrol-edin-uyarisi,8,0.9838877308088535,NA,unknown,2015,NA,unknown,unknown,medium,1,6,"[0.001027, 0.000366, 0.000508, 0.001017, 0.003204, 0.000618, 0.000936, 0.983888, 0.000451, 0.000315, 0.001065, 0.000452, 0.000721, 0.000920, 0.000297, 0.001883, 0.000985, 0.000846, 0.000474, 0.000026]"
doc_01441,Merkezi Kilit Sorunu,https://www.golftutkusu.com/topic/18686-merkezi-kilit-sorunu,1,0.9070952064607929,NA,unknown,NA,NA,unknown,unknown,medium,1,10,"[0.907095, 0.002195, 0.003384, 0.003874, 0.033274, 0.003537, 0.005643, 0.003307, 0.005097, 0.002484, 0.003509, 0.003116, 0.002557, 0.005693, 0.001446, 0.000427, 0.003799, 0.002480, 0.007012, 0.000071]"
doc_01442,Mib2 Ambians aydinlatma menusu acilmiyor,https://www.golftutkusu.com/topic/21255-mib2-ambians-aydinlatma-menusu-acilmiyor,8,0.6343944553511032,NA,unknown,2012,NA,unknown,unknown,low,0,1,"[0.324382, 0.000438, 0.001059, 0.000873, 0.026561, 0.001086, 0.000547, 0.634394, 0.000458, 0.000411, 0.001491, 0.000754, 0.000810, 0.000839, 0.001023, 0.001598, 0.001211, 0.000845, 0.000847, 0.000372]"
doc_01443,Mib2 Video Oynatma Sorunu,https://www.golftutkusu.com/topic/10969-mib2-video-oynatma-sorunu,7,0.8969027822179187,NA,unknown,NA,NA,unknown,unknown,medium,1,7,"[0.003012, 0.000887, 0.001519, 0.001499, 0.021012, 0.003172, 0.896903, 0.002890, 0.004070, 0.001106, 0.003085, 0.001571, 0.001722, 0.046746, 0.002077, 0.002377, 0.001533, 0.003627, 0.001051, 0.000140]"
doc_01444,Midline Araca Kapi Ambiyansi Yapilir mi?,https://www.golftutkusu.com/topic/15415-midline-araca-kapi-ambiyansi-yapilir-mi,4,0.9876354871092798,NA,unknown,2014,NA,unknown,unknown,low,0,2,"[0.000335, 0.000275, 0.000512, 0.987635, 0.001206, 0.000895, 0.000780, 0.000499, 0.000585, 0.000367, 0.000962, 0.000657, 0.000515, 0.000561, 0.000465, 0.000804, 0.000435, 0.001474, 0.000803, 0.000236]"
doc_01445,Midline Plus araca sonradan takilan Orijinal U Led far yukseklik ayari hk.,https://www.golftutkusu.com/topic/21934-midline-plus-araca-sonradan-takilan-orijinal-u-led-far-yukseklik-ayari-hk,7,0.8606277110350097,NA,unknown,2015,80000,60-90k,unknown,high,2,21,"[0.007858, 0.002999, 0.082891, 0.002812, 0.013543, 0.002269, 0.860628, 0.001364, 0.004163, 0.002097, 0.002333, 0.001363, 0.001936, 0.003542, 0.000658, 0.000969, 0.002390, 0.003313, 0.002825, 0.000046]"
doc_01446,Midline plus Gateway beyni nerde,https://www.golftutkusu.com/topic/8473-midline-plus-gateway-beyni-nerde,6,0.9965003250467999,NA,unknown,NA,NA,unknown,unknown,medium,0,3,"[0.000223, 0.000126, 0.000071, 0.000146, 0.000646, 0.996500, 0.000371, 0.000077, 0.000115, 0.000081, 0.000189, 0.000145, 0.000142, 0.000175, 0.000190, 0.000075, 0.000143, 0.000369, 0.000144, 0.000072]"
doc_01447,Mi̇b 2.5 Di̇scovery Pro Harman Uni̇te ve Hi̇gh Geri̇ Gorus Montaj Sonrasi Park Yardimi Sorunu,https://www.golftutkusu.com/topic/27671-mib-2-5-discovery-pro-harman-unite-ve-high-geri-gorus-montaj-sonrasi-park-yardimi-sorunu,6,0.8733831841917501,NA,unknown,NA,NA,unknown,unknown,high,1,8,"[0.001262, 0.000779, 0.000981, 0.001102, 0.002401, 0.873383, 0.002017, 0.000566, 0.001301, 0.000794, 0.001005, 0.001188, 0.001394, 0.001596, 0.101283, 0.001187, 0.000938, 0.003607, 0.001483, 0.001734]"
doc_01448,Mk7 Arka Silecek Kolu ve Silgisi,https://www.golftutkusu.com/topic/18893-mk7-arka-silecek-kolu-ve-silgisi,18,0.6303301708466136,NA,unknown,NA,NA,unknown,unknown,low,0,9,"[0.000451, 0.000664, 0.335403, 0.000875, 0.000307, 0.001351, 0.000485, 0.001090, 0.001272, 0.001214, 0.010369, 0.001310, 0.000771, 0.000684, 0.004160, 0.004214, 0.001178, 0.630330, 0.001984, 0.001887]"
doc_01449,Motip klima temizleme kopugu,https://www.golftutkusu.com/topic/12212-motip-klima-temizleme-kopugu,12,0.9937162166857176,NA,unknown,2013,3000,0-30k,unknown,high,2,74,"[0.000183, 0.000157, 0.000160, 0.000323, 0.000637, 0.000409, 0.000262, 0.000173, 0.000228, 0.000205, 0.000461, 0.993716, 0.000369, 0.000377, 0.000377, 0.000565, 0.000227, 0.000723, 0.000284, 0.000164]"
doc_01450,Motor Asiri Isindi Uyarisi ve Yag havalandirma Hortumu Yag Kacagi,https://www.golftutkusu.com/topic/16782-motor-asiri-isindi-uyarisi-ve-yag-havalandirma-hortumu-yag-kacagi,11,0.9254225537482051,NA,unknown,NA,200000,180-210k,unknown,high,0,13,"[0.000364, 0.000133, 0.064477, 0.000344, 0.000281, 0.000492, 0.000456, 0.000587, 0.000421, 0.000155, 0.925423, 0.000573, 0.000175, 0.000599, 0.000321, 0.000957, 0.000426, 0.001112, 0.001188, 0.001517]"
doc_01451,Motor Isininca Sarsinti,https://www.golftutkusu.com/topic/17434-motor-isininca-sarsinti,17,0.9706147117329386,1.6,diesel,2013,NA,unknown,1.6_TDI,high,1,10,"[0.002135, 0.000715, 0.001689, 0.001792, 0.005690, 0.001378, 0.001219, 0.001529, 0.002283, 0.001416, 0.001718, 0.001353, 0.000898, 0.001029, 0.000412, 0.000626, 0.970615, 0.002043, 0.001422, 0.000039]"
doc_01452,Motor Kismi Temizligi,https://www.golftutkusu.com/topic/12066-motor-kismi-temizligi,3,0.9797067010738161,NA,unknown,NA,NA,unknown,unknown,high,2,37,"[0.000696, 0.000702, 0.979707, 0.000582, 0.002264, 0.000874, 0.000929, 0.000360, 0.001074, 0.000194, 0.001118, 0.000384, 0.001025, 0.001122, 0.000820, 0.003194, 0.000600, 0.002981, 0.000872, 0.000501]"
doc_01453,Motor Sicakligi Sabit Tutulamadi,https://www.golftutkusu.com/topic/27283-motor-sicakligi-sabit-tutulamadi,7,0.7818871194343411,1.6,diesel,2022,102000,90-120k,1.6_TDI,high,1,41,"[0.013404, 0.007928, 0.007156, 0.011761, 0.022740, 0.008017, 0.781887, 0.004079, 0.016152, 0.021547, 0.003922, 0.007286, 0.007663, 0.013267, 0.041256, 0.001901, 0.006632, 0.014825, 0.008407, 0.000171]"
doc_01454,Motor Yag Uyarisi,https://www.golftutkusu.com/topic/11855-motor-yag-uyarisi,5,0.719952070559266,NA,unknown,NA,5000,0-30k,unknown,low,0,5,"[0.005041, 0.002964, 0.151289, 0.007249, 0.719952, 0.013354, 0.004611, 0.004081, 0.006510, 0.001719, 0.004998, 0.004694, 0.006515, 0.030375, 0.005091, 0.007929, 0.004973, 0.006977, 0.008569, 0.003107]"
doc_01455,Motor ariza kodu P13d5,https://www.golftutkusu.com/topic/25100-motor-ariza-kodu-p13d5,7,0.9033016703051913,NA,unknown,NA,NA,unknown,unknown,high,2,8,"[0.000658, 0.001118, 0.003145, 0.002334, 0.002550, 0.002624, 0.903302, 0.002153, 0.002475, 0.002010, 0.003711, 0.002335, 0.002197, 0.002000, 0.002017, 0.058421, 0.001591, 0.003422, 0.001036, 0.000900]"
doc_01456,Motor calistirma,https://www.golftutkusu.com/topic/9332-motor-calistirma,18,0.44369428684132395,NA,unknown,NA,NA,unknown,unknown,low,0,3,"[0.000265, 0.001416, 0.000768, 0.001770, 0.000305, 0.000863, 0.000528, 0.001357, 0.000968, 0.000788, 0.114523, 0.000382, 0.000947, 0.001545, 0.001051, 0.425114, 0.000996, 0.443694, 0.000618, 0.002100]"
doc_01457,Motor hava giris hortumu,https://www.golftutkusu.com/topic/17871-motor-hava-giris-hortumu,16,0.5491097774436872,NA,unknown,NA,NA,unknown,unknown,high,1,7,"[0.003421, 0.001921, 0.344971, 0.005406, 0.014420, 0.004170, 0.007005, 0.007716, 0.009046, 0.002201, 0.006722, 0.003524, 0.004582, 0.008529, 0.002159, 0.549110, 0.004082, 0.017802, 0.002860, 0.000353]"
doc_01458,Motor ikaz ve start stop ariza verme..,https://www.golftutkusu.com/topic/20297-motor-ikaz-ve-start-stop-ariza-verme,18,0.6172798629974778,NA,unknown,2013,NA,unknown,unknown,high,1,2,"[0.000756, 0.000854, 0.007516, 0.001379, 0.000243, 0.002195, 0.000621, 0.001798, 0.002073, 0.004685, 0.001637, 0.002571, 0.001263, 0.000707, 0.340657, 0.002295, 0.001534, 0.617280, 0.006852, 0.003084]"
doc_01459,Motor isigi yanip yanip sonuyor.,https://www.golftutkusu.com/topic/18340-motor-isigi-yanip-yanip-sonuyor,7,0.99266397076135,1.2,petrol,2016,1000,0-30k,1.2_TSI,high,4,17,"[0.000043, 0.000277, 0.000896, 0.000256, 0.000068, 0.000278, 0.992664, 0.000383, 0.000241, 0.000719, 0.000683, 0.000333, 0.000072, 0.000109, 0.000734, 0.000692, 0.000144, 0.000438, 0.000323, 0.000648]"
doc_01460,Motor isininca motordan gelen Cok sallanti sorunu,https://www.golftutkusu.com/topic/10636-motor-isininca-motordan-gelen-cok-sallanti-sorunu,4,0.9893386189247264,NA,unknown,2013,NA,unknown,unknown,medium,0,3,"[0.000115, 0.000252, 0.001104, 0.989339, 0.000153, 0.000479, 0.000239, 0.000696, 0.000346, 0.000809, 0.000915, 0.000610, 0.000094, 0.000166, 0.000630, 0.000649, 0.000187, 0.001005, 0.001304, 0.000906]"
doc_01461,Motor kismindan gelen ses,https://www.golftutkusu.com/topic/21142-motor-kismindan-gelen-ses,16,0.7238922297878119,1.6,diesel,2016,74000,60-90k,1.6_TDI,high,1,5,"[0.000169, 0.001862, 0.155156, 0.001157, 0.000408, 0.000562, 0.000729, 0.000611, 0.000354, 0.001842, 0.002545, 0.000537, 0.000724, 0.000340, 0.002035, 0.723892, 0.000862, 0.104427, 0.000668, 0.001118]"
doc_01462,Motor sicakligi dususu,https://www.golftutkusu.com/topic/19025-motor-sicakligi-dususu,6,0.6026277477357473,1.6,diesel,NA,NA,unknown,1.6_TDI,high,0,42,"[0.000597, 0.001158, 0.007664, 0.001583, 0.001524, 0.602628, 0.000949, 0.253375, 0.001184, 0.003126, 0.002690, 0.001843, 0.000606, 0.000825, 0.001808, 0.107571, 0.001091, 0.004845, 0.001788, 0.003145]"
doc_01463,Motor suyuna yag karismis olma ihtimali,https://www.golftutkusu.com/topic/25442-motor-suyuna-yag-karismis-olma-ihtimali,3,0.9656835258412813,1.6,diesel,2014,NA,unknown,1.6_TDI,high,2,23,"[0.000937, 0.000998, 0.965684, 0.000975, 0.003235, 0.001256, 0.001348, 0.000651, 0.001534, 0.000331, 0.001495, 0.000693, 0.001421, 0.001472, 0.001135, 0.009281, 0.000840, 0.004456, 0.001566, 0.000694]"
doc_01464,Motor titremesi ve gaz yememesi,https://www.golftutkusu.com/topic/19640-motor-titremesi-ve-gaz-yememesi,7,0.9812328077591527,1.4,petrol,2014,60000,60-90k,1.4_TSI,high,0,14,"[0.000109, 0.000529, 0.004273, 0.000380, 0.000160, 0.000599, 0.981233, 0.000815, 0.000484, 0.001112, 0.001257, 0.000620, 0.000153, 0.000271, 0.003399, 0.001578, 0.000302, 0.000977, 0.000619, 0.001131]"
doc_01465,Motor titresimi,https://www.golftutkusu.com/topic/10444-motor-titresimi,4,0.622621727930896,1.6,diesel,2000,70000,60-90k,1.6_TDI,high,1,10,"[0.000800, 0.005211, 0.000154, 0.622622, 0.001819, 0.000827, 0.000802, 0.001574, 0.001358, 0.349639, 0.001399, 0.000369, 0.000464, 0.001628, 0.000676, 0.003691, 0.000991, 0.003142, 0.002230, 0.000603]"
doc_01466,Motor uflemesi,https://www.golftutkusu.com/topic/10438-motor-uflemesi,20,0.993426399941728,NA,unknown,NA,NA,unknown,unknown,high,0,12,"[0.000146, 0.000123, 0.001008, 0.000160, 0.000112, 0.000403, 0.000105, 0.000221, 0.000268, 0.000408, 0.000685, 0.000467, 0.000100, 0.000091, 0.000978, 0.000256, 0.000115, 0.000263, 0.000667, 0.993426]"
doc_01467,Motor ve kizdirma bujisi uyarisi,https://www.golftutkusu.com/topic/23803-motor-ve-kizdirma-bujisi-uyarisi,8,0.7054228776794568,1.6,diesel,2017,9000,0-30k,1.6_TDI,high,4,31,"[0.000462, 0.004195, 0.000873, 0.002018, 0.000850, 0.000818, 0.000958, 0.705423, 0.000166, 0.003371, 0.003843, 0.000809, 0.000903, 0.000301, 0.003614, 0.263193, 0.001438, 0.004578, 0.000943, 0.001245]"
doc_01468,Motor yagi onerisi ?,https://www.golftutkusu.com/topic/19945-motor-yagi-onerisi,14,0.9379099764424645,1.2,petrol,2016,NA,unknown,1.2_TSI,low,0,5,"[0.002163, 0.001181, 0.004359, 0.002422, 0.007110, 0.004153, 0.002531, 0.001353, 0.002481, 0.001690, 0.005532, 0.002996, 0.003318, 0.937910, 0.006068, 0.004731, 0.001248, 0.005239, 0.002375, 0.001143]"
doc_01469,Motor yagi seviyesi,https://www.golftutkusu.com/topic/27488-motor-yagi-seviyesi,1,0.7042806930213271,1.6,diesel,2016,15000,0-30k,1.6_TDI,high,2,30,"[0.704281, 0.003757, 0.165284, 0.006759, 0.026564, 0.006134, 0.004048, 0.005169, 0.007166, 0.003336, 0.005819, 0.006704, 0.004911, 0.008652, 0.003166, 0.004244, 0.004836, 0.017304, 0.011580, 0.000286]"
doc_01470,Motorda hafif titreme,https://www.golftutkusu.com/topic/14162-motorda-hafif-titreme,18,0.9817237495652169,1.4,petrol,2013,NA,unknown,1.4_TSI,high,1,15,"[0.000124, 0.001901, 0.000265, 0.000814, 0.000098, 0.000469, 0.000146, 0.000302, 0.000412, 0.000779, 0.000916, 0.000109, 0.000613, 0.000382, 0.004075, 0.004592, 0.000561, 0.981724, 0.000403, 0.001316]"
doc_01471,"Motordaki fokurdama , ufak islik ve zincir sesleri",https://www.golftutkusu.com/topic/23569-motordaki-fokurdama-ufak-islik-ve-zincir-sesleri,9,0.9295167703946872,NA,unknown,NA,NA,unknown,unknown,high,0,3,"[0.001114, 0.001304, 0.021025, 0.001898, 0.004097, 0.002340, 0.002614, 0.000588, 0.929517, 0.000892, 0.002549, 0.001367, 0.001624, 0.002086, 0.004365, 0.004088, 0.001687, 0.012890, 0.002635, 0.001317]"
doc_01472,Motordan Gelen Ses,https://www.golftutkusu.com/topic/17926-motordan-gelen-ses,19,0.6944106643678997,NA,unknown,NA,NA,unknown,unknown,low,0,2,"[0.001536, 0.001007, 0.008072, 0.001704, 0.000302, 0.002249, 0.000685, 0.001653, 0.002579, 0.002530, 0.019244, 0.002420, 0.001170, 0.001219, 0.179351, 0.001399, 0.001226, 0.071549, 0.694411, 0.005694]"
doc_01473,Motordan Gelen Ses 1.2 tsi,https://www.golftutkusu.com/topic/18355-motordan-gelen-ses-1-2-tsi,3,0.9688027159127733,1.2,petrol,2015,2500,0-30k,1.2_TSI,high,3,24,"[0.001018, 0.001111, 0.968803, 0.000949, 0.003161, 0.001295, 0.001354, 0.000553, 0.001564, 0.000320, 0.001543, 0.000609, 0.001511, 0.001507, 0.001432, 0.004051, 0.000986, 0.006140, 0.001375, 0.000716]"
doc_01474,Motordan gelen ses,https://www.golftutkusu.com/topic/11948-motordan-gelen-ses,16,0.95190763564149,NA,unknown,2013,NA,unknown,unknown,high,1,5,"[0.000205, 0.003535, 0.000672, 0.001306, 0.000479, 0.000830, 0.000578, 0.001847, 0.001121, 0.001819, 0.002691, 0.000295, 0.000868, 0.001210, 0.001699, 0.951908, 0.000739, 0.025114, 0.000473, 0.002612]"
doc_01475,Motordan gelen ses,https://www.golftutkusu.com/topic/18839-motordan-gelen-ses,10,0.9079897072121972,1.6,diesel,2013,110000,90-120k,1.6_TDI,high,2,19,"[0.000285, 0.003518, 0.000833, 0.002567, 0.000376, 0.000901, 0.001802, 0.000811, 0.000308, 0.907990, 0.002054, 0.001200, 0.000714, 0.000443, 0.005054, 0.057638, 0.001804, 0.007426, 0.001537, 0.002739]"
doc_01476,Motordan gelen ses,https://www.golftutkusu.com/topic/22712-motordan-gelen-ses,8,0.9827737524848498,NA,unknown,2016,105000,90-120k,unknown,high,1,2,"[0.001104, 0.000465, 0.000694, 0.001213, 0.006029, 0.000651, 0.000613, 0.982774, 0.000602, 0.000345, 0.000606, 0.000622, 0.000637, 0.000664, 0.000095, 0.001024, 0.000735, 0.000406, 0.000710, 0.000010]"
doc_01477,Motordan gelen ses,https://www.golftutkusu.com/topic/8655-motordan-gelen-ses,5,0.6188272834188026,1.2,petrol,2014,NA,unknown,1.2_TSI,high,1,4,"[0.018186, 0.002610, 0.016137, 0.018969, 0.618827, 0.094233, 0.014901, 0.011255, 0.015387, 0.003382, 0.077631, 0.009926, 0.008499, 0.040876, 0.004718, 0.013012, 0.010261, 0.011118, 0.008704, 0.001369]"
doc_01478,Motordan gelen tikirti sesi,https://www.golftutkusu.com/topic/27864-motordan-gelen-tikirti-sesi,14,0.9761935365846018,1.4,petrol,2013,NA,unknown,1.4_TSI,high,1,6,"[0.002000, 0.000322, 0.000735, 0.000699, 0.008388, 0.001275, 0.001914, 0.000890, 0.001559, 0.000390, 0.001045, 0.001035, 0.000756, 0.976194, 0.000295, 0.000429, 0.000276, 0.000923, 0.000860, 0.000017]"
doc_01479,Muayeneden gecemedim yardim edin,https://www.golftutkusu.com/topic/12240-muayeneden-gecemedim-yardim-edin,15,0.5688056665207228,NA,unknown,NA,NA,unknown,unknown,low,0,14,"[0.002957, 0.001185, 0.001654, 0.376169, 0.009379, 0.002953, 0.004957, 0.002042, 0.004780, 0.002131, 0.001585, 0.001951, 0.001979, 0.004852, 0.568806, 0.001542, 0.001835, 0.005854, 0.002817, 0.000574]"
doc_01480,Multimedia dan ses gelmiyor,https://www.golftutkusu.com/topic/14853-multimedia-dan-ses-gelmiyor,7,0.9027501812222373,NA,unknown,2016,NA,unknown,unknown,medium,1,1,"[0.000755, 0.000273, 0.001056, 0.001188, 0.002247, 0.001061, 0.902750, 0.000839, 0.001203, 0.000352, 0.080332, 0.000695, 0.000738, 0.002056, 0.000401, 0.001246, 0.001078, 0.000979, 0.000629, 0.000121]"
doc_01481,Multimedya Sorunu,https://www.golftutkusu.com/topic/26545-multimedya-sorunu,2,0.9255634183900733,NA,unknown,NA,20000,0-30k,unknown,low,0,9,"[0.003726, 0.925563, 0.003828, 0.002333, 0.042148, 0.002448, 0.001764, 0.002263, 0.003113, 0.000781, 0.000509, 0.002007, 0.001711, 0.002303, 0.000523, 0.000487, 0.001320, 0.000737, 0.002378, 0.000060]"
doc_01482,Multimedya cihaz video oynatma sorunu,https://www.golftutkusu.com/topic/8281-multimedya-cihaz-video-oynatma-sorunu,6,0.3336979129989944,NA,unknown,NA,NA,unknown,unknown,medium,1,12,"[0.026269, 0.006504, 0.008756, 0.010193, 0.263331, 0.333698, 0.222446, 0.010682, 0.011101, 0.005989, 0.020737, 0.007361, 0.007546, 0.019305, 0.006428, 0.005830, 0.010890, 0.016378, 0.005972, 0.000582]"
doc_01483,Multimedya sorun,https://www.golftutkusu.com/topic/13175-multimedya-sorun,13,0.9755916099071372,NA,unknown,NA,NA,unknown,unknown,medium,1,5,"[0.001128, 0.000845, 0.001880, 0.001492, 0.004073, 0.001149, 0.000954, 0.001092, 0.001457, 0.000649, 0.000979, 0.001358, 0.975592, 0.001617, 0.000461, 0.000698, 0.000634, 0.001877, 0.002014, 0.000051]"
doc_01484,Multimedya usb flash bellek,https://www.golftutkusu.com/topic/14736-multimedya-usb-flash-bellek,6,0.5438280758765324,NA,unknown,NA,NA,unknown,unknown,low,0,2,"[0.001434, 0.001283, 0.007479, 0.004390, 0.004687, 0.543828, 0.002999, 0.002203, 0.004375, 0.002113, 0.004195, 0.004795, 0.004965, 0.003734, 0.005427, 0.047739, 0.003572, 0.346834, 0.002565, 0.001383]"
doc_01485,Multimedyada bazi ayarlarin kaydedilmemesi,https://www.golftutkusu.com/topic/26481-multimedyada-bazi-ayarlarin-kaydedilmemesi,4,0.9853852216971895,NA,unknown,NA,NA,unknown,unknown,medium,1,1,"[0.000076, 0.001176, 0.000202, 0.985385, 0.000129, 0.000297, 0.000361, 0.000314, 0.000072, 0.001660, 0.001345, 0.000279, 0.000146, 0.000085, 0.000804, 0.004120, 0.000290, 0.001816, 0.000701, 0.000740]"
doc_01486,Navigasyon hiz tabelasi,https://www.golftutkusu.com/topic/19947-navigasyon-hiz-tabelasi,9,0.40141544656552863,NA,unknown,2023,NA,unknown,unknown,low,0,6,"[0.005616, 0.136027, 0.003185, 0.017446, 0.012511, 0.005239, 0.002861, 0.006899, 0.401415, 0.014052, 0.015470, 0.001470, 0.003671, 0.009310, 0.006040, 0.025485, 0.004011, 0.018648, 0.305045, 0.005598]"
doc_01487,Ne olabilir golf7 manuel 110hp 2015model,https://www.golftutkusu.com/topic/18208-ne-olabilir-golf7-manuel-110hp-2015model,3,0.5306405968604176,NA,unknown,NA,NA,unknown,unknown,high,2,3,"[0.007426, 0.005334, 0.530641, 0.007054, 0.052278, 0.005687, 0.006805, 0.002938, 0.320515, 0.002563, 0.005353, 0.003956, 0.004772, 0.011826, 0.001973, 0.007502, 0.003739, 0.009703, 0.009628, 0.000307]"
doc_01488,ORTALAMA YAKIT 40.9LT,https://www.golftutkusu.com/topic/11006-ortalama-yakit-40-9lt,17,0.9749947201396434,1.4,petrol,2013,180000,180-210k,1.4_TSI,high,3,28,"[0.001666, 0.000591, 0.001435, 0.001520, 0.005851, 0.001217, 0.001028, 0.001263, 0.001778, 0.001113, 0.001414, 0.001117, 0.000694, 0.000786, 0.000313, 0.000508, 0.974995, 0.001567, 0.001112, 0.000033]"
doc_01489,Oksijen Sensoru Arizasi,https://www.golftutkusu.com/topic/18778-oksijen-sensoru-arizasi,3,0.9861724909659947,1.2,petrol,NA,NA,unknown,1.2_TSI,low,0,1,"[0.000686, 0.000440, 0.986172, 0.000435, 0.002967, 0.000407, 0.000784, 0.000291, 0.000835, 0.000119, 0.000757, 0.000160, 0.000503, 0.001196, 0.000311, 0.001291, 0.000438, 0.001602, 0.000542, 0.000063]"
doc_01490,Oksitlenme,https://www.golftutkusu.com/topic/18429-oksitlenme,5,0.958210412993163,NA,unknown,NA,26000,0-30k,unknown,low,0,1,"[0.008309, 0.001086, 0.002473, 0.002462, 0.958210, 0.003190, 0.003563, 0.002280, 0.003319, 0.001081, 0.001327, 0.002108, 0.001188, 0.004083, 0.000274, 0.000367, 0.002084, 0.000728, 0.001839, 0.000030]"
doc_01491,On Cam Degisikligi Sonrasi Olusan Bosluk,https://www.golftutkusu.com/topic/26942-on-cam-degisikligi-sonrasi-olusan-bosluk,5,0.977255535961573,NA,unknown,NA,NA,unknown,unknown,low,0,4,"[0.001987, 0.000287, 0.002133, 0.001177, 0.977256, 0.001996, 0.001149, 0.001612, 0.001694, 0.000396, 0.001489, 0.000946, 0.000653, 0.002962, 0.000508, 0.001141, 0.001238, 0.000697, 0.000562, 0.000116]"
doc_01492,On Cam Silecek Suyu Sorunu,https://www.golftutkusu.com/topic/20475-on-cam-silecek-suyu-sorunu,5,0.9782312246561652,NA,unknown,NA,NA,unknown,unknown,medium,0,17,"[0.001768, 0.000264, 0.002012, 0.001107, 0.978231, 0.001901, 0.001061, 0.001567, 0.001569, 0.000373, 0.001387, 0.000949, 0.000615, 0.003138, 0.000475, 0.001126, 0.001187, 0.000653, 0.000509, 0.000108]"
doc_01493,On Camdaki Komple Garip Izler,https://www.golftutkusu.com/topic/22895-on-camdaki-komple-garip-izler,6,0.47405494208386717,NA,unknown,NA,NA,unknown,unknown,low,0,2,"[0.013183, 0.004055, 0.004285, 0.007307, 0.181416, 0.474055, 0.012962, 0.003555, 0.006789, 0.003866, 0.007005, 0.005700, 0.004121, 0.255459, 0.001298, 0.001222, 0.003550, 0.003593, 0.006469, 0.000111]"
doc_01494,On Panjurdaki Simetrik Hata,https://www.golftutkusu.com/topic/12100-on-panjurdaki-simetrik-hata,18,0.9761445012332975,NA,unknown,NA,NA,unknown,unknown,medium,1,4,"[0.000717, 0.000293, 0.002357, 0.001529, 0.001489, 0.001320, 0.000992, 0.000655, 0.001657, 0.000679, 0.001161, 0.001121, 0.002521, 0.001381, 0.002006, 0.001483, 0.001645, 0.976145, 0.000805, 0.000045]"
doc_01495,On Park Sensoru Ve Kapi Ambians Isiklari Hakkinda,https://www.golftutkusu.com/topic/9070-on-park-sensoru-ve-kapi-ambians-isiklari-hakkinda,16,0.9200120619977332,NA,unknown,NA,NA,unknown,unknown,medium,1,10,"[0.001041, 0.006911, 0.006354, 0.009200, 0.004194, 0.001930, 0.002666, 0.004117, 0.001950, 0.012123, 0.007743, 0.002930, 0.001312, 0.001386, 0.001683, 0.920012, 0.002299, 0.008540, 0.003229, 0.000379]"
doc_01496,On Sag ve Sol Sinyaller Park Halindeyken Yanmama Problemi Hk.,https://www.golftutkusu.com/topic/19532-on-sag-ve-sol-sinyaller-park-halindeyken-yanmama-problemi-hk,17,0.983697343907139,NA,unknown,NA,NA,unknown,unknown,low,0,2,"[0.001097, 0.000402, 0.000885, 0.000996, 0.003409, 0.000786, 0.000664, 0.000845, 0.001310, 0.000755, 0.000982, 0.000732, 0.000464, 0.000500, 0.000221, 0.000329, 0.983697, 0.001126, 0.000776, 0.000021]"
doc_01497,On Takimdan Gelen Ses,https://www.golftutkusu.com/topic/7992-on-takimdan-gelen-ses,1,0.5454521680742154,NA,unknown,NA,NA,unknown,unknown,medium,1,3,"[0.545452, 0.003378, 0.005476, 0.006605, 0.362875, 0.007215, 0.008995, 0.007075, 0.007334, 0.003632, 0.004669, 0.005021, 0.003321, 0.008737, 0.001568, 0.000782, 0.008756, 0.002668, 0.006337, 0.000105]"
doc_01498,On Viraj Demiri,https://www.golftutkusu.com/topic/14783-on-viraj-demiri,2,0.8931436135410754,1.4,petrol,2016,NA,unknown,1.4_TSI,low,0,1,"[0.001626, 0.893144, 0.005778, 0.002951, 0.004220, 0.004177, 0.003365, 0.002201, 0.002946, 0.001340, 0.002083, 0.003011, 0.003939, 0.051847, 0.003648, 0.002558, 0.002273, 0.004183, 0.003647, 0.001062]"
doc_01499,On cam catlagi icin kaskodan degisim,https://www.golftutkusu.com/topic/14248-on-cam-catlagi-icin-kaskodan-degisim,7,0.7775031216834151,NA,unknown,NA,NA,unknown,unknown,low,0,10,"[0.020108, 0.006865, 0.007333, 0.012545, 0.080243, 0.009144, 0.777503, 0.006379, 0.013875, 0.007479, 0.007877, 0.007211, 0.005995, 0.012234, 0.001764, 0.001824, 0.008039, 0.005292, 0.008181, 0.000109]"
doc_01500,On camda olusan anlamsiz leke (COZULDU),https://www.golftutkusu.com/topic/23010-on-camda-olusan-anlamsiz-leke-cozuldu,19,0.9595667622139127,NA,unknown,NA,NA,unknown,unknown,low,0,2,"[0.002921, 0.001128, 0.003374, 0.004286, 0.006907, 0.002148, 0.001149, 0.001158, 0.004926, 0.001178, 0.001813, 0.001795, 0.001759, 0.002217, 0.000606, 0.000526, 0.000918, 0.001537, 0.959567, 0.000088]"
doc_01501,On gogusten ve sag on tweeter dan gelen ses,https://www.golftutkusu.com/topic/9897-on-gogusten-ve-sag-on-tweeter-dan-gelen-ses,13,0.977631169385248,NA,unknown,2015,NA,unknown,unknown,high,1,3,"[0.000611, 0.000785, 0.001336, 0.000823, 0.001405, 0.001320, 0.000926, 0.000770, 0.000713, 0.000462, 0.001199, 0.001106, 0.977631, 0.001192, 0.002347, 0.001342, 0.000680, 0.003551, 0.001192, 0.000610]"
doc_01502,On logo sokumu,https://www.golftutkusu.com/topic/25321-on-logo-sokumu,10,0.3661350247794613,NA,unknown,NA,NA,unknown,unknown,low,0,1,"[0.002838, 0.004575, 0.003042, 0.003729, 0.004344, 0.006308, 0.012649, 0.003480, 0.005411, 0.366135, 0.004538, 0.003490, 0.165107, 0.002385, 0.345178, 0.024296, 0.000950, 0.029880, 0.010024, 0.001641]"
doc_01503,On park sensoru,https://www.golftutkusu.com/topic/18713-on-park-sensoru,15,0.9816398062717083,NA,unknown,2016,NA,unknown,unknown,low,0,5,"[0.000339, 0.002383, 0.000077, 0.000315, 0.000150, 0.000367, 0.000211, 0.000255, 0.000437, 0.000905, 0.000458, 0.000073, 0.000404, 0.000557, 0.981640, 0.001984, 0.000309, 0.005689, 0.000454, 0.002995]"
doc_01504,On takimdan gelen ses,https://www.golftutkusu.com/topic/13590-on-takimdan-gelen-ses,11,0.4029793529920846,NA,unknown,2015,NA,unknown,unknown,high,2,13,"[0.008220, 0.002591, 0.008049, 0.054096, 0.028521, 0.010314, 0.009361, 0.006371, 0.096948, 0.003102, 0.402979, 0.195640, 0.006634, 0.127963, 0.001381, 0.008640, 0.005501, 0.007466, 0.015747, 0.000477]"
doc_01505,On takimdan gelen ses,https://www.golftutkusu.com/topic/25805-on-takimdan-gelen-ses,18,0.9600221884511984,1.4,petrol,NA,NA,unknown,1.4_TSI,low,0,8,"[0.001190, 0.000042, 0.003086, 0.000944, 0.004255, 0.004211, 0.002934, 0.001532, 0.004743, 0.000587, 0.002628, 0.001309, 0.001067, 0.002420, 0.003659, 0.002818, 0.000479, 0.960022, 0.002024, 0.000049]"
doc_01506,On tekerden gicirti sesi + direksiyonda sertlesme problemi,https://www.golftutkusu.com/topic/26446-on-tekerden-gicirti-sesi-direksiyonda-sertlesme-problemi,2,0.9946498711053863,1.2,petrol,2016,NA,unknown,1.2_TSI,high,1,12,"[0.000093, 0.994650, 0.000429, 0.000535, 0.000228, 0.000181, 0.000239, 0.000199, 0.000116, 0.000654, 0.000198, 0.000179, 0.000138, 0.000086, 0.000223, 0.000759, 0.000207, 0.000374, 0.000471, 0.000040]"
doc_01507,Ops ve lastik basinc sensoru arizasi,https://www.golftutkusu.com/topic/17467-ops-ve-lastik-basinc-sensoru-arizasi,10,0.9461859993479289,NA,unknown,NA,NA,unknown,unknown,low,0,1,"[0.006092, 0.001192, 0.000888, 0.003181, 0.013106, 0.001843, 0.005670, 0.001308, 0.003388, 0.946186, 0.000414, 0.002336, 0.001458, 0.003411, 0.000794, 0.000478, 0.003130, 0.002064, 0.003032, 0.000029]"
doc_01508,Orijinal Park Sensoru Ayari Nasil Yapilir,https://www.golftutkusu.com/topic/16042-orijinal-park-sensoru-ayari-nasil-yapilir,14,0.6796183178879859,NA,unknown,NA,NA,unknown,unknown,medium,0,5,"[0.002413, 0.000386, 0.002075, 0.001281, 0.303181, 0.001508, 0.000686, 0.000934, 0.001435, 0.000581, 0.001345, 0.001231, 0.000718, 0.679618, 0.000254, 0.000625, 0.000474, 0.000334, 0.000885, 0.000036]"
doc_01509,Orijinal Yay Sonrasi Yukseklik Farki,https://www.golftutkusu.com/topic/15999-orijinal-yay-sonrasi-yukseklik-farki,19,0.9161528676102685,1.4,petrol,2014,150000,150-180k,1.4_TSI,low,0,25,"[0.003670, 0.002538, 0.022092, 0.005251, 0.003614, 0.003294, 0.000939, 0.005576, 0.006625, 0.007764, 0.005557, 0.005366, 0.000858, 0.002157, 0.002055, 0.001374, 0.001245, 0.002948, 0.916153, 0.000925]"
doc_01510,Orjinal Tek U led far nereden alabilirim,https://www.golftutkusu.com/topic/23987-orjinal-tek-u-led-far-nereden-alabilirim,1,0.9889303526381586,NA,unknown,NA,NA,unknown,unknown,low,0,5,"[0.988930, 0.000252, 0.000428, 0.000439, 0.003889, 0.000412, 0.000597, 0.000462, 0.000506, 0.000310, 0.000496, 0.000361, 0.000295, 0.000633, 0.000250, 0.000045, 0.000482, 0.000287, 0.000915, 0.000012]"
doc_01511,Orjinal bi xenon tamiri hakkinda.,https://www.golftutkusu.com/topic/11096-orjinal-bi-xenon-tamiri-hakkinda,13,0.5611541242367775,NA,unknown,NA,NA,unknown,unknown,low,0,14,"[0.004377, 0.001665, 0.005367, 0.003535, 0.386759, 0.004555, 0.002103, 0.003434, 0.003759, 0.001389, 0.002355, 0.003514, 0.561154, 0.005544, 0.000918, 0.001667, 0.001902, 0.002298, 0.003550, 0.000157]"
doc_01512,Ortalama yakit dengesiz gosteriyor,https://www.golftutkusu.com/topic/12084-ortalama-yakit-dengesiz-gosteriyor,13,0.9728130000159062,1.6,diesel,2012,NA,unknown,1.6_TDI,low,0,1,"[0.000692, 0.000737, 0.001650, 0.001112, 0.001914, 0.001568, 0.001170, 0.000966, 0.000858, 0.000497, 0.002328, 0.001461, 0.972813, 0.001444, 0.001815, 0.001757, 0.000859, 0.004192, 0.001459, 0.000706]"
doc_01513,Osram Xenarc D3S 66340 12V 35W,https://www.golftutkusu.com/topic/17211-osram-xenarc-d3s-66340-12v-35w,6,0.49305374851495015,NA,unknown,NA,NA,unknown,unknown,low,0,14,"[0.001035, 0.000365, 0.001137, 0.000878, 0.491797, 0.493054, 0.000819, 0.000885, 0.000947, 0.000329, 0.001083, 0.000964, 0.000657, 0.001433, 0.000781, 0.000957, 0.000820, 0.000874, 0.000553, 0.000635]"
doc_01514,Otomatik Aydinlatma Sorunu,https://www.golftutkusu.com/topic/22764-otomatik-aydinlatma-sorunu,5,0.6031119811918234,NA,unknown,NA,NA,unknown,unknown,low,0,3,"[0.004309, 0.001064, 0.006625, 0.003521, 0.603112, 0.005996, 0.004348, 0.003492, 0.004788, 0.001564, 0.005701, 0.003345, 0.002878, 0.335114, 0.002228, 0.004055, 0.002827, 0.002819, 0.001901, 0.000314]"
doc_01515,Otomatik Camlar,https://www.golftutkusu.com/topic/10992-otomatik-camlar,13,0.571492139550129,NA,unknown,NA,NA,unknown,unknown,high,3,5,"[0.002309, 0.000802, 0.003053, 0.001547, 0.393464, 0.002530, 0.001839, 0.002359, 0.001937, 0.000718, 0.002267, 0.001494, 0.571492, 0.005767, 0.001228, 0.001803, 0.001693, 0.002072, 0.001372, 0.000254]"
doc_01516,Otomatik Far Kumandasi Arizasi,https://www.golftutkusu.com/topic/24118-otomatik-far-kumandasi-arizasi,12,0.7873169096939424,NA,unknown,NA,NA,unknown,unknown,high,2,8,"[0.009758, 0.004597, 0.007921, 0.031380, 0.042506, 0.011689, 0.007194, 0.007372, 0.013625, 0.006225, 0.009281, 0.787317, 0.008504, 0.012773, 0.002166, 0.006840, 0.005838, 0.009422, 0.015299, 0.000296]"
doc_01517,Otomatik Far Kumandasi Hatasi,https://www.golftutkusu.com/topic/22258-otomatik-far-kumandasi-hatasi,9,0.9884536552337794,NA,unknown,NA,NA,unknown,unknown,medium,1,5,"[0.000491, 0.000326, 0.000944, 0.000850, 0.002465, 0.000560, 0.000546, 0.000214, 0.988454, 0.000336, 0.000488, 0.000465, 0.000308, 0.000652, 0.000278, 0.000492, 0.000378, 0.000690, 0.001032, 0.000030]"
doc_01518,Otomatik Surus Fari Kumandasi Arizasi,https://www.golftutkusu.com/topic/16839-otomatik-surus-fari-kumandasi-arizasi,18,0.7254144982551867,NA,unknown,NA,NA,unknown,unknown,medium,1,10,"[0.000730, 0.011088, 0.001973, 0.004163, 0.001163, 0.002480, 0.001221, 0.004040, 0.003045, 0.004103, 0.009212, 0.000738, 0.003903, 0.004173, 0.007509, 0.203927, 0.003030, 0.725414, 0.002181, 0.005905]"
doc_01519,Oylesine bi soru,https://www.golftutkusu.com/topic/18905-oylesine-bi-soru,17,0.5397486011375814,NA,unknown,NA,NA,unknown,unknown,low,0,1,"[0.001818, 0.001322, 0.007497, 0.001823, 0.002288, 0.001816, 0.002385, 0.005701, 0.002738, 0.407119, 0.003885, 0.002749, 0.000442, 0.001641, 0.003537, 0.003113, 0.539749, 0.004947, 0.004061, 0.001368]"
doc_01520,Ozon Samsun On Cam Degisimi,https://www.golftutkusu.com/topic/14362-ozon-samsun-on-cam-degisimi,3,0.8980766148568139,NA,unknown,2014,NA,unknown,unknown,low,0,15,"[0.000417, 0.000750, 0.898077, 0.000364, 0.000572, 0.000792, 0.000365, 0.000539, 0.000802, 0.000742, 0.001469, 0.000601, 0.000297, 0.000389, 0.001611, 0.001874, 0.000337, 0.001695, 0.001753, 0.086556]"
doc_01521,P0036 hatasi,https://www.golftutkusu.com/topic/27618-p0036-hatasi,12,0.9976542665797105,1.2,petrol,2016,NA,unknown,1.2_TSI,high,1,3,"[0.000029, 0.000064, 0.000166, 0.000073, 0.000046, 0.000103, 0.000034, 0.000117, 0.000059, 0.000180, 0.000227, 0.997654, 0.000037, 0.000059, 0.000197, 0.000216, 0.000050, 0.000299, 0.000179, 0.000210]"
doc_01522,P0087 Yakit Basinci Ariza Kodu,https://www.golftutkusu.com/topic/18840-p0087-yakit-basinci-ariza-kodu,17,0.9855530822704742,1.6,diesel,2014,NA,unknown,1.6_TDI,medium,1,4,"[0.000163, 0.001749, 0.000072, 0.000371, 0.000272, 0.000252, 0.000162, 0.000615, 0.000219, 0.000938, 0.001491, 0.000060, 0.000172, 0.000197, 0.000725, 0.002648, 0.985553, 0.002709, 0.000200, 0.001431]"
doc_01523,P00AF00 egzoz gazi turbo sarj unitesi sikisiyor arizasi,https://www.golftutkusu.com/topic/24436-p00af00-egzoz-gazi-turbo-sarj-unitesi-sikisiyor-arizasi,17,0.984214004623179,1.6,diesel,2015,80000,60-90k,1.6_TDI,high,1,15,"[0.000685, 0.001320, 0.000037, 0.000101, 0.000523, 0.000101, 0.000032, 0.000532, 0.000066, 0.000418, 0.000911, 0.000017, 0.000042, 0.000054, 0.000110, 0.004771, 0.984214, 0.003713, 0.000028, 0.002325]"
doc_01524,P0299 Hatasi [Cozuldu],https://www.golftutkusu.com/topic/18170-p0299-hatasi-cozuldu,3,0.7360448594130202,1.6,diesel,2013,159000,150-180k,1.6_TDI,high,4,95,"[0.015786, 0.006624, 0.736045, 0.017102, 0.091165, 0.009627, 0.008307, 0.006940, 0.018406, 0.003767, 0.008338, 0.006691, 0.007978, 0.015648, 0.002062, 0.008993, 0.006085, 0.011996, 0.018093, 0.000346]"
doc_01525,P0300-P0301-P0302 SILINDIR TEKLEMESI,https://www.golftutkusu.com/topic/9907-p0300-p0301-p0302-silindir-teklemesi,6,0.8994036015104266,1.2,petrol,2015,NA,unknown,1.2_TSI,high,2,8,"[0.000750, 0.000740, 0.000876, 0.001425, 0.003904, 0.899404, 0.001206, 0.000742, 0.000983, 0.000641, 0.002031, 0.074690, 0.001275, 0.001496, 0.001435, 0.002719, 0.000844, 0.002704, 0.001172, 0.000966]"
doc_01526,P04F000 – Yakit Buharlastirma Sistemi / Yuksek Basincli Akis Hatasi (Golf VII 1.0 TSI),https://www.golftutkusu.com/topic/26607-p04f000-yakit-buharlastirma-sistemi-yuksek-basincli-akis-hatasi-golf-vii-1-0-tsi,13,0.7730707345164027,NA,unknown,NA,NA,unknown,other,high,1,22,"[0.000889, 0.000862, 0.000952, 0.001105, 0.002165, 0.001132, 0.000991, 0.205568, 0.000461, 0.000490, 0.001534, 0.001241, 0.773071, 0.001023, 0.001095, 0.002654, 0.001042, 0.002213, 0.001108, 0.000404]"
doc_01527,P1007 ve p256400 ariza kodlari yardim.,https://www.golftutkusu.com/topic/27248-p1007-ve-p256400-ariza-kodlari-yardim,3,0.978332952409289,NA,unknown,NA,NA,unknown,unknown,low,0,1,"[0.001048, 0.000676, 0.978333, 0.000730, 0.003901, 0.000676, 0.001301, 0.000473, 0.001296, 0.000201, 0.001321, 0.000274, 0.000847, 0.001988, 0.000511, 0.001950, 0.000695, 0.002744, 0.000936, 0.000098]"
doc_01528,P242a00 Ariza kodu surekli fan calismasi,https://www.golftutkusu.com/topic/16879-p242a00-ariza-kodu-surekli-fan-calismasi,4,0.4590047024544813,NA,unknown,2013,NA,unknown,unknown,high,0,4,"[0.008321, 0.004301, 0.012736, 0.459005, 0.296217, 0.011553, 0.109039, 0.008094, 0.019541, 0.006557, 0.009285, 0.008019, 0.005413, 0.014306, 0.001707, 0.005275, 0.005685, 0.005275, 0.009379, 0.000293]"
doc_01529,P2452 Ariza kodu icin yardim,https://www.golftutkusu.com/topic/25562-p2452-ariza-kodu-icin-yardim,9,0.9276475767263143,NA,unknown,NA,237000,210k+,unknown,high,2,20,"[0.000720, 0.000312, 0.001322, 0.001275, 0.002988, 0.001326, 0.001536, 0.000425, 0.927648, 0.000276, 0.049550, 0.001018, 0.000783, 0.002702, 0.000982, 0.001822, 0.000937, 0.001909, 0.001672, 0.000797]"
doc_01530,"P308D00 Yakit pompasi, devir sayisi cok dusuk",https://www.golftutkusu.com/topic/16314-p308d00-yakit-pompasi-devir-sayisi-cok-dusuk,9,0.9691692008777951,NA,unknown,NA,NA,unknown,unknown,medium,1,12,"[0.001345, 0.000815, 0.002613, 0.002205, 0.007631, 0.001490, 0.001442, 0.000603, 0.969169, 0.000853, 0.001171, 0.001221, 0.000827, 0.001579, 0.000606, 0.001223, 0.000935, 0.001610, 0.002589, 0.000071]"
doc_01531,PLA 3.0 Yardim (GOLF 7 2015-Manuel),https://www.golftutkusu.com/topic/9086-pla-3-0-yardim-golf-7-2015-manuel,14,0.9722195282551435,NA,unknown,2015,NA,unknown,unknown,low,0,3,"[0.000215, 0.003475, 0.000203, 0.000620, 0.000654, 0.000520, 0.000249, 0.000478, 0.000355, 0.001033, 0.002489, 0.000145, 0.000441, 0.972220, 0.001161, 0.011188, 0.000182, 0.002236, 0.000418, 0.001716]"
doc_01532,PLA3.0 Abs sensoru ve park sensoru montaji hk.,https://www.golftutkusu.com/topic/22137-pla3-0-abs-sensoru-ve-park-sensoru-montaji-hk,8,0.6721580801533589,NA,unknown,NA,NA,unknown,unknown,high,2,6,"[0.019606, 0.007031, 0.018447, 0.022308, 0.094142, 0.015907, 0.010584, 0.672158, 0.022000, 0.006502, 0.012810, 0.013286, 0.010760, 0.019413, 0.002245, 0.015763, 0.013068, 0.009177, 0.014545, 0.000247]"
doc_01533,Pandizot sesi,https://www.golftutkusu.com/topic/20219-pandizot-sesi,19,0.6653738940858753,NA,unknown,2014,NA,unknown,unknown,low,0,10,"[0.019832, 0.007570, 0.024382, 0.030094, 0.084249, 0.016728, 0.009536, 0.009753, 0.043112, 0.007972, 0.011843, 0.013547, 0.011323, 0.015967, 0.004027, 0.005152, 0.007446, 0.011560, 0.665374, 0.000534]"
doc_01534,Park Pilot Hizmet Disi Uyarisi Hk.,https://www.golftutkusu.com/topic/19683-park-pilot-hizmet-disi-uyarisi-hk,7,0.9898932916723006,1.2,petrol,2015,NA,unknown,1.2_TSI,high,1,10,"[0.000272, 0.000264, 0.000600, 0.000655, 0.001574, 0.000524, 0.989893, 0.000392, 0.000657, 0.000388, 0.000980, 0.000306, 0.000340, 0.000855, 0.000368, 0.000631, 0.000433, 0.000566, 0.000257, 0.000043]"
doc_01535,Park lambasi & Yag miktari Uyarisi,https://www.golftutkusu.com/topic/18848-park-lambasi-yag-miktari-uyarisi,6,0.9251886916087241,NA,unknown,NA,NA,unknown,unknown,low,0,1,"[0.003584, 0.001713, 0.003404, 0.005452, 0.023464, 0.925189, 0.002816, 0.002053, 0.005134, 0.001644, 0.002883, 0.003388, 0.002156, 0.004659, 0.000925, 0.001602, 0.001903, 0.003054, 0.004821, 0.000157]"
doc_01536,Park pilot sorunu,https://www.golftutkusu.com/topic/18573-park-pilot-sorunu,19,0.9666266966958561,NA,unknown,2016,NA,unknown,unknown,low,0,1,"[0.001604, 0.000827, 0.002105, 0.002636, 0.002116, 0.002044, 0.001242, 0.000851, 0.002363, 0.000863, 0.002806, 0.001695, 0.002241, 0.001637, 0.002144, 0.001127, 0.000894, 0.003170, 0.966627, 0.001007]"
doc_01537,Park pilot suanda hizmet disi,https://www.golftutkusu.com/topic/16422-park-pilot-suanda-hizmet-disi,13,0.524913512917413,NA,unknown,2017,NA,unknown,unknown,medium,1,20,"[0.002356, 0.003053, 0.018171, 0.002971, 0.004052, 0.002796, 0.001979, 0.385927, 0.002282, 0.005227, 0.008039, 0.004233, 0.524914, 0.003138, 0.004511, 0.008116, 0.002450, 0.006712, 0.007405, 0.001666]"
doc_01538,Park sensoru cizgileri,https://www.golftutkusu.com/topic/18521-park-sensoru-cizgileri,8,0.9988618387652101,NA,unknown,NA,NA,unknown,unknown,low,0,2,"[0.000035, 0.000045, 0.000104, 0.000049, 0.000047, 0.000046, 0.000022, 0.998862, 0.000017, 0.000072, 0.000101, 0.000063, 0.000022, 0.000017, 0.000057, 0.000193, 0.000052, 0.000070, 0.000075, 0.000053]"
doc_01539,Park sensorunun takili kalma sorunu,https://www.golftutkusu.com/topic/25888-park-sensorunun-takili-kalma-sorunu,15,0.8550198779156305,NA,unknown,NA,NA,unknown,unknown,high,3,9,"[0.011282, 0.003402, 0.006832, 0.005989, 0.018884, 0.007055, 0.006504, 0.003105, 0.013647, 0.006041, 0.002110, 0.006870, 0.007058, 0.009151, 0.855020, 0.001684, 0.009108, 0.013637, 0.012096, 0.000527]"
doc_01540,Partikul Filtresi Basinc Fark Sensoru Arizasi,https://www.golftutkusu.com/topic/21774-partikul-filtresi-basinc-fark-sensoru-arizasi,5,0.964348975563176,1.6,diesel,2016,NA,unknown,1.6_TDI,medium,1,4,"[0.003332, 0.000467, 0.003662, 0.001544, 0.964349, 0.003278, 0.001736, 0.002236, 0.002470, 0.000578, 0.002331, 0.001452, 0.001052, 0.004743, 0.000944, 0.001671, 0.001918, 0.001176, 0.000879, 0.000182]"
doc_01541,Partikul filtresi tikanmasi,https://www.golftutkusu.com/topic/10894-partikul-filtresi-tikanmasi,6,0.8913119222064694,1.6,diesel,2000,2000,0-30k,1.6_TDI,high,4,193,"[0.008325, 0.001733, 0.002088, 0.003689, 0.038717, 0.891312, 0.009227, 0.004406, 0.007555, 0.001354, 0.002039, 0.003786, 0.002623, 0.007663, 0.001287, 0.001434, 0.002150, 0.006272, 0.004219, 0.000122]"
doc_01542,Pas sorunu,https://www.golftutkusu.com/topic/25459-pas-sorunu,5,0.9504456707994345,NA,unknown,NA,NA,unknown,unknown,low,0,6,"[0.006131, 0.000675, 0.002258, 0.002531, 0.950446, 0.004635, 0.004312, 0.004019, 0.005569, 0.000655, 0.001082, 0.002488, 0.001241, 0.008004, 0.000411, 0.000873, 0.001526, 0.001410, 0.001684, 0.000051]"
doc_01543,Pasifik Mavi Tampon Boyatacagim,https://www.golftutkusu.com/topic/8409-pasifik-mavi-tampon-boyatacagim,10,0.48901049314641365,NA,unknown,NA,NA,unknown,unknown,medium,1,14,"[0.457459, 0.003968, 0.000005, 0.002462, 0.014017, 0.002698, 0.002520, 0.002192, 0.001707, 0.489010, 0.000209, 0.000019, 0.000078, 0.003034, 0.003503, 0.005195, 0.005950, 0.001816, 0.001690, 0.002468]"
doc_01544,Pasta cila sonrasi kalan izler,https://www.golftutkusu.com/topic/12452-pasta-cila-sonrasi-kalan-izler,3,0.8449846428387582,NA,unknown,NA,NA,unknown,unknown,low,0,3,"[0.006842, 0.002782, 0.844985, 0.004586, 0.091455, 0.003835, 0.003124, 0.002496, 0.006579, 0.001231, 0.003178, 0.002363, 0.003113, 0.005652, 0.000776, 0.003682, 0.002826, 0.004672, 0.005672, 0.000155]"
doc_01545,Performans Ekrani Sorunu,https://www.golftutkusu.com/topic/16082-performans-ekrani-sorunu,5,0.8643062867888789,NA,unknown,2016,NA,unknown,unknown,low,0,1,"[0.001655, 0.069491, 0.001615, 0.002421, 0.864306, 0.003312, 0.000801, 0.003522, 0.001868, 0.002040, 0.004184, 0.000576, 0.001141, 0.003897, 0.002841, 0.017781, 0.002041, 0.004802, 0.001305, 0.010402]"
doc_01546,Philips X-tremevision gen2 d3s kullanan var mi?,https://www.golftutkusu.com/topic/13663-philips-x-tremevision-gen2-d3s-kullanan-var-mi,8,0.8682261286167916,NA,unknown,NA,NA,unknown,unknown,medium,1,8,"[0.003007, 0.000359, 0.000458, 0.000807, 0.117966, 0.001037, 0.001235, 0.868226, 0.000969, 0.000248, 0.000406, 0.000739, 0.000576, 0.001295, 0.000108, 0.000743, 0.000763, 0.000484, 0.000565, 0.000009]"
doc_01547,Plaka aydinlatmasini kontrol edin,https://www.golftutkusu.com/topic/11630-plaka-aydinlatmasini-kontrol-edin,1,0.4406860408983104,NA,unknown,NA,NA,unknown,unknown,low,0,2,"[0.440686, 0.005733, 0.009931, 0.012780, 0.393588, 0.012195, 0.021677, 0.009946, 0.013828, 0.007047, 0.008256, 0.009407, 0.006713, 0.014617, 0.002532, 0.001439, 0.011224, 0.005455, 0.012775, 0.000173]"
doc_01548,Plaka lambalarinin calismamasi,https://www.golftutkusu.com/topic/26575-plaka-lambalarinin-calismamasi,11,0.9372797558960673,1.2,petrol,2016,NA,unknown,1.2_TSI,high,2,5,"[0.005718, 0.000380, 0.003416, 0.004148, 0.014017, 0.003496, 0.002944, 0.002628, 0.003921, 0.000366, 0.937280, 0.003928, 0.001987, 0.005711, 0.000194, 0.001594, 0.002811, 0.001598, 0.003726, 0.000135]"
doc_01549,Puruzlu far yuzeyi,https://www.golftutkusu.com/topic/11109-puruzlu-far-yuzeyi,1,0.9695047042197928,NA,unknown,2015,NA,unknown,unknown,low,0,20,"[0.969505, 0.000028, 0.001313, 0.000372, 0.005367, 0.002441, 0.001325, 0.001643, 0.002102, 0.000305, 0.002857, 0.000563, 0.000285, 0.002236, 0.002556, 0.000827, 0.000210, 0.003297, 0.002661, 0.000110]"
doc_01550,R line direksiyon,https://www.golftutkusu.com/topic/15427-r-line-direksiyon,3,0.9872889028156332,NA,unknown,NA,NA,unknown,unknown,low,0,1,"[0.000635, 0.000374, 0.987289, 0.000371, 0.003150, 0.000360, 0.000677, 0.000265, 0.000740, 0.000103, 0.000675, 0.000140, 0.000438, 0.001058, 0.000272, 0.001127, 0.000382, 0.001411, 0.000477, 0.000056]"
doc_01551,R line direksiyon hiz sabitleme problemi,https://www.golftutkusu.com/topic/21038-r-line-direksiyon-hiz-sabitleme-problemi,9,0.928014713044609,NA,unknown,NA,NA,unknown,unknown,low,0,3,"[0.007006, 0.002271, 0.002851, 0.003493, 0.021251, 0.002585, 0.007362, 0.001193, 0.928015, 0.002098, 0.002057, 0.002249, 0.001745, 0.003619, 0.000978, 0.000827, 0.002482, 0.003058, 0.004807, 0.000055]"
doc_01552,R line tampon sorunsali.,https://www.golftutkusu.com/topic/12325-r-line-tampon-sorunsali,17,0.7249721926986308,NA,unknown,NA,NA,unknown,unknown,medium,1,6,"[0.001750, 0.000623, 0.002329, 0.001375, 0.246795, 0.002602, 0.001451, 0.001925, 0.001749, 0.000992, 0.002419, 0.001552, 0.001095, 0.001593, 0.001350, 0.001543, 0.724972, 0.002441, 0.000758, 0.000683]"
doc_01553,R tampon led montaji,https://www.golftutkusu.com/topic/25582-r-tampon-led-montaji,7,0.9492779590043032,NA,unknown,NA,NA,unknown,unknown,medium,1,7,"[0.004395, 0.002049, 0.001906, 0.003073, 0.013670, 0.002301, 0.949278, 0.001558, 0.003715, 0.002495, 0.002182, 0.001858, 0.001583, 0.003155, 0.000525, 0.000526, 0.002153, 0.001450, 0.002100, 0.000030]"
doc_01554,R tampon nikelaji,https://www.golftutkusu.com/topic/9533-r-tampon-nikelaji,5,0.550840994243467,NA,unknown,NA,NA,unknown,unknown,low,0,2,"[0.006530, 0.002133, 0.007935, 0.006784, 0.550841, 0.008244, 0.004205, 0.004244, 0.009905, 0.003000, 0.004139, 0.363296, 0.003500, 0.007592, 0.001112, 0.003354, 0.004202, 0.004179, 0.004605, 0.000199]"
doc_01555,RCD 330 Geri Gorus ve DIGER sorunlar,https://www.golftutkusu.com/topic/23836-rcd-330-geri-gorus-ve-diger-sorunlar,9,0.9660986316129434,NA,unknown,NA,NA,unknown,unknown,high,2,11,"[0.001193, 0.000068, 0.001892, 0.000925, 0.009272, 0.003191, 0.002189, 0.000838, 0.966099, 0.000462, 0.001623, 0.001084, 0.000291, 0.001944, 0.000873, 0.001421, 0.000154, 0.003381, 0.003062, 0.000040]"
doc_01556,RCD 330 desay 5GG035280D park sensoru calisiyor ama ekrana goruntu gelmiyor,https://www.golftutkusu.com/topic/24437-rcd-330-desay-5gg035280d-park-sensoru-calisiyor-ama-ekrana-goruntu-gelmiyor,4,0.9796121771281604,NA,unknown,NA,NA,unknown,unknown,low,0,3,"[0.001783, 0.000599, 0.000487, 0.979612, 0.005412, 0.000939, 0.002069, 0.000743, 0.001265, 0.000693, 0.000733, 0.000861, 0.000524, 0.000987, 0.000108, 0.000184, 0.000660, 0.000896, 0.001435, 0.000010]"
doc_01557,RCD330 geri gorus kamera montaji hk.,https://www.golftutkusu.com/topic/22653-rcd330-geri-gorus-kamera-montaji-hk,9,0.9331316787914529,NA,unknown,NA,NA,unknown,unknown,low,0,3,"[0.002725, 0.000130, 0.004333, 0.001711, 0.014736, 0.006660, 0.004286, 0.001551, 0.933132, 0.000947, 0.003124, 0.001962, 0.000623, 0.003543, 0.001669, 0.002692, 0.000305, 0.008450, 0.007348, 0.000073]"
doc_01558,RCD330 geri viteste siyah ekran sorunu,https://www.golftutkusu.com/topic/20643-rcd330-geri-viteste-siyah-ekran-sorunu,18,0.6145829029383931,NA,unknown,NA,15000,0-30k,unknown,low,0,9,"[0.000332, 0.000718, 0.295811, 0.001259, 0.000384, 0.001383, 0.000660, 0.001820, 0.001958, 0.002216, 0.002598, 0.002049, 0.000962, 0.000770, 0.002929, 0.064564, 0.001240, 0.614583, 0.002121, 0.001643]"
doc_01559,RCD330 ve Amplifikator,https://www.golftutkusu.com/topic/20111-rcd330-ve-amplifikator,7,0.905507774264933,NA,unknown,NA,NA,unknown,unknown,low,0,1,"[0.003610, 0.003090, 0.006640, 0.007730, 0.019396, 0.005370, 0.905508, 0.003451, 0.008283, 0.003795, 0.005042, 0.004184, 0.003224, 0.005554, 0.001259, 0.002961, 0.003234, 0.002968, 0.004564, 0.000138]"
doc_01560,Radyo Simgelerinin Gorunmemesi,https://www.golftutkusu.com/topic/9199-radyo-simgelerinin-gorunmemesi,6,0.982998845889732,NA,unknown,2015,NA,unknown,unknown,low,0,7,"[0.000528, 0.000426, 0.000733, 0.000830, 0.002156, 0.982999, 0.000847, 0.000414, 0.000743, 0.000351, 0.001079, 0.000774, 0.000809, 0.000992, 0.001153, 0.001034, 0.000611, 0.002166, 0.000790, 0.000564]"
doc_01561,Radyo kodu hk.,https://www.golftutkusu.com/topic/12058-radyo-kodu-hk,7,0.9673886856004741,NA,unknown,NA,NA,unknown,unknown,low,0,4,"[0.002524, 0.001030, 0.001084, 0.001467, 0.006983, 0.001453, 0.967389, 0.001348, 0.001850, 0.001199, 0.002725, 0.000834, 0.001133, 0.002544, 0.000952, 0.000781, 0.001865, 0.002007, 0.000777, 0.000054]"
doc_01562,Rahatsiz Edici Ses,https://www.golftutkusu.com/topic/27088-rahatsiz-edici-ses,7,0.9701439717916239,1.6,diesel,2016,216000,210k+,1.6_TDI,high,1,10,"[0.001069, 0.000983, 0.002349, 0.002443, 0.005441, 0.001688, 0.970144, 0.001014, 0.002852, 0.001247, 0.002051, 0.001291, 0.000983, 0.001797, 0.000406, 0.000990, 0.000982, 0.000882, 0.001339, 0.000049]"
doc_01563,Rcd 330 plus camera kodlamasi sorunu,https://www.golftutkusu.com/topic/17630-rcd-330-plus-camera-kodlamasi-sorunu,12,0.9932802300938409,NA,unknown,NA,NA,unknown,unknown,low,0,1,"[0.000079, 0.000167, 0.000579, 0.000210, 0.000122, 0.000269, 0.000093, 0.000453, 0.000161, 0.000511, 0.000621, 0.993280, 0.000097, 0.000148, 0.000483, 0.000649, 0.000140, 0.000937, 0.000442, 0.000559]"
doc_01564,Rcd 330 ses sorunu(Cozuldu),https://www.golftutkusu.com/topic/19569-rcd-330-ses-sorunu-cozuldu,2,0.9690375135654966,NA,unknown,NA,NA,unknown,unknown,high,1,10,"[0.000698, 0.969038, 0.005128, 0.001399, 0.001740, 0.002066, 0.001902, 0.001180, 0.001459, 0.000565, 0.000580, 0.001507, 0.001985, 0.001218, 0.001886, 0.001205, 0.001378, 0.002954, 0.001535, 0.000576]"
doc_01565,Rcd330 Composition colour medya problemi,https://www.golftutkusu.com/topic/18395-rcd330-composition-colour-medya-problemi,14,0.950991526215255,NA,unknown,NA,NA,unknown,unknown,medium,1,4,"[0.002162, 0.000744, 0.002843, 0.002099, 0.011235, 0.002356, 0.003707, 0.001485, 0.002765, 0.001213, 0.004916, 0.001764, 0.001933, 0.950992, 0.001726, 0.002689, 0.001059, 0.002597, 0.001565, 0.000151]"
doc_01566,Rcd330 sonrasi start stop hatasi,https://www.golftutkusu.com/topic/22685-rcd330-sonrasi-start-stop-hatasi,5,0.9834953541898122,NA,unknown,NA,NA,unknown,unknown,low,0,11,"[0.001212, 0.000015, 0.001061, 0.000284, 0.983495, 0.002638, 0.001030, 0.001378, 0.001681, 0.000140, 0.001260, 0.000529, 0.000157, 0.002005, 0.000462, 0.000878, 0.000162, 0.001082, 0.000486, 0.000047]"
doc_01567,Rejenerasyon Fan Acma,https://www.golftutkusu.com/topic/25831-rejenerasyon-fan-acma,14,0.6808144142383481,1.6,diesel,2016,NA,unknown,1.6_TDI,high,3,28,"[0.004904, 0.001183, 0.005252, 0.003969, 0.269469, 0.004561, 0.002468, 0.002276, 0.005773, 0.001809, 0.003765, 0.003431, 0.002362, 0.680814, 0.000759, 0.001750, 0.001307, 0.001258, 0.002794, 0.000096]"
doc_01568,Rektefiden sonra motor sesi,https://www.golftutkusu.com/topic/22658-rektefiden-sonra-motor-sesi,11,0.9670245626617212,NA,unknown,2013,104000,90-120k,unknown,high,1,9,"[0.000636, 0.001260, 0.000229, 0.001229, 0.000996, 0.000556, 0.000757, 0.001262, 0.000799, 0.000328, 0.967025, 0.000159, 0.000427, 0.002692, 0.000307, 0.015870, 0.000955, 0.002708, 0.000626, 0.001178]"
doc_01569,Replica Jant Hak.,https://www.golftutkusu.com/topic/8104-replica-jant-hak,16,0.9746692556190477,NA,unknown,NA,NA,unknown,unknown,medium,0,3,"[0.000284, 0.001967, 0.002141, 0.002572, 0.001287, 0.000614, 0.000882, 0.001649, 0.000692, 0.004139, 0.002399, 0.001049, 0.000412, 0.000462, 0.000421, 0.974669, 0.000701, 0.002701, 0.000846, 0.000112]"
doc_01570,Replika 7.5 stop tamiri,https://www.golftutkusu.com/topic/18431-replika-7-5-stop-tamiri,8,0.7114771523487328,NA,unknown,NA,NA,unknown,unknown,medium,1,9,"[0.003831, 0.015210, 0.000880, 0.007428, 0.007344, 0.002284, 0.001751, 0.711477, 0.002805, 0.002889, 0.188995, 0.000861, 0.002401, 0.005897, 0.000793, 0.026490, 0.004109, 0.009347, 0.003984, 0.001224]"
doc_01571,Replika Sinyal Parlakligi,https://www.golftutkusu.com/topic/27791-replika-sinyal-parlakligi,9,0.6048632826046989,NA,unknown,NA,NA,unknown,unknown,low,0,4,"[0.001035, 0.011160, 0.001438, 0.004915, 0.003101, 0.001562, 0.001961, 0.005532, 0.604863, 0.003068, 0.072799, 0.000567, 0.001821, 0.004610, 0.002806, 0.209052, 0.002677, 0.062128, 0.002132, 0.002772]"
doc_01572,Rolanti dalgalanmasi star stop arzasi,https://www.golftutkusu.com/topic/24762-rolanti-dalgalanmasi-star-stop-arzasi,3,0.67864034990022,1.2,petrol,2013,NA,unknown,1.2_TSI,medium,1,4,"[0.003724, 0.002996, 0.678640, 0.004147, 0.006432, 0.005388, 0.004507, 0.001585, 0.005770, 0.002013, 0.002907, 0.002747, 0.005116, 0.004777, 0.144525, 0.009356, 0.003570, 0.103870, 0.005165, 0.002763]"
doc_01573,Rolanti dengesizligi,https://www.golftutkusu.com/topic/13577-rolanti-dengesizligi,15,0.6853113023217782,1.4,petrol,NA,NA,unknown,1.4_TSI,low,0,2,"[0.000398, 0.002968, 0.000859, 0.000984, 0.000479, 0.000777, 0.000762, 0.001495, 0.001122, 0.001961, 0.001684, 0.000436, 0.000874, 0.001663, 0.685311, 0.285991, 0.000555, 0.006205, 0.000456, 0.005022]"
doc_01574,Rolanti problemi...Sorun aku olabilir mi?,https://www.golftutkusu.com/topic/11969-rolanti-problemi-sorun-aku-olabilir-mi,9,0.31403031407765003,1.2,petrol,2015,NA,unknown,1.2_TSI,low,0,1,"[0.002101, 0.188515, 0.115551, 0.003118, 0.002323, 0.005375, 0.003598, 0.004836, 0.314030, 0.011114, 0.004076, 0.005509, 0.001939, 0.003876, 0.280312, 0.008911, 0.002843, 0.012188, 0.015871, 0.013912]"
doc_01575,Rolanti sorunu,https://www.golftutkusu.com/topic/25400-rolanti-sorunu,1,0.6305214581064832,1.2,petrol,2016,1000,0-30k,1.2_TSI,medium,1,9,"[0.630521, 0.000144, 0.001544, 0.000906, 0.002094, 0.001411, 0.000864, 0.000992, 0.000960, 0.000193, 0.347814, 0.001012, 0.000903, 0.001695, 0.001422, 0.001618, 0.001330, 0.001806, 0.001442, 0.001330]"
doc_01576,Rolantide Gelen Ses,https://www.golftutkusu.com/topic/25178-rolantide-gelen-ses,8,0.7805851621473116,NA,unknown,NA,NA,unknown,unknown,high,1,7,"[0.000266, 0.002397, 0.000142, 0.000758, 0.000564, 0.000401, 0.000294, 0.780585, 0.000270, 0.001178, 0.001381, 0.000131, 0.000479, 0.000479, 0.000711, 0.204921, 0.000562, 0.002854, 0.000278, 0.001347]"
doc_01577,Rolantide Hafif Sikirti Sesi,https://www.golftutkusu.com/topic/17788-rolantide-hafif-sikirti-sesi,18,0.7464448697633054,2.0,diesel,2015,116000,90-120k,2.0_TDI,high,0,10,"[0.001683, 0.000320, 0.001025, 0.000544, 0.001202, 0.001886, 0.001934, 0.000635, 0.001889, 0.000595, 0.000332, 0.001078, 0.001908, 0.001198, 0.233978, 0.000918, 0.001192, 0.746445, 0.000852, 0.000385]"
doc_01578,Rolantide tikirti,https://www.golftutkusu.com/topic/22972-rolantide-tikirti,9,0.38999978341237984,1.6,diesel,2016,NA,unknown,1.6_TDI,high,0,4,"[0.008585, 0.006805, 0.018652, 0.015429, 0.052285, 0.014590, 0.014930, 0.007210, 0.390000, 0.005989, 0.010019, 0.009362, 0.355550, 0.030148, 0.004363, 0.013435, 0.005132, 0.017799, 0.019222, 0.000495]"
doc_01579,Rolantide titreme,https://www.golftutkusu.com/topic/21563-rolantide-titreme,13,0.9771832398391025,NA,unknown,2016,15000,0-30k,unknown,high,1,28,"[0.000619, 0.000679, 0.001445, 0.000864, 0.001707, 0.001375, 0.001072, 0.000757, 0.000803, 0.000468, 0.001310, 0.001113, 0.977183, 0.001223, 0.001889, 0.001396, 0.000689, 0.003523, 0.001255, 0.000629]"
doc_01580,Rolantide titreme sorunu ? COZULDU,https://www.golftutkusu.com/topic/19944-rolantide-titreme-sorunu-cozuldu,14,0.9828163214396426,1.2,petrol,2016,60000,60-90k,1.2_TSI,high,2,37,"[0.000403, 0.000305, 0.002912, 0.000440, 0.001067, 0.000652, 0.000368, 0.000823, 0.000679, 0.001441, 0.002356, 0.000945, 0.000187, 0.982816, 0.001043, 0.000915, 0.000195, 0.001152, 0.001052, 0.000252]"
doc_01581,Rottan sonra aracin sag cekmesinin devam etmesi,https://www.golftutkusu.com/topic/8080-rottan-sonra-aracin-sag-cekmesinin-devam-etmesi,5,0.971160495853488,NA,unknown,NA,NA,unknown,unknown,high,4,17,"[0.004839, 0.000493, 0.001462, 0.001038, 0.971160, 0.002032, 0.003186, 0.001805, 0.001739, 0.000563, 0.001549, 0.001014, 0.000803, 0.003933, 0.000512, 0.000535, 0.001810, 0.000875, 0.000596, 0.000056]"
doc_01582,Ruzgar sesi ve gicirdama sorunu,https://www.golftutkusu.com/topic/20857-ruzgar-sesi-ve-gicirdama-sorunu,3,0.9611341828709418,NA,unknown,NA,NA,unknown,unknown,low,0,1,"[0.002375, 0.001531, 0.961134, 0.002143, 0.009609, 0.001445, 0.001536, 0.000855, 0.003535, 0.000518, 0.001387, 0.000865, 0.001422, 0.002503, 0.000364, 0.002054, 0.000997, 0.002980, 0.002682, 0.000065]"
doc_01583,Ruzgardan dusen sol ayna cami,https://www.golftutkusu.com/topic/18775-ruzgardan-dusen-sol-ayna-cami,6,0.9702673668848114,NA,unknown,2015,NA,unknown,unknown,high,2,9,"[0.000174, 0.002371, 0.000445, 0.001189, 0.000677, 0.970267, 0.000618, 0.000344, 0.000124, 0.001942, 0.002764, 0.000460, 0.000316, 0.000255, 0.002070, 0.009169, 0.000643, 0.003447, 0.000762, 0.001963]"
doc_01584,SAG AYNA PROBLEMLERI,https://www.golftutkusu.com/topic/9295-sag-ayna-problemleri,1,0.9330443660560203,1.6,diesel,2016,NA,unknown,1.6_TDI,medium,1,18,"[0.933044, 0.001664, 0.001295, 0.001213, 0.000760, 0.000649, 0.000399, 0.001132, 0.000139, 0.003483, 0.003160, 0.000572, 0.000384, 0.000317, 0.004096, 0.040003, 0.000901, 0.003406, 0.001490, 0.001893]"
doc_01585,SAG KISA FAR DEGISIMI,https://www.golftutkusu.com/topic/23596-sag-kisa-far-degisimi,12,0.7432494901876717,NA,unknown,2016,NA,unknown,unknown,medium,1,3,"[0.000663, 0.004671, 0.001580, 0.004379, 0.003055, 0.001191, 0.001228, 0.001770, 0.000900, 0.007255, 0.004968, 0.743249, 0.000840, 0.000966, 0.001169, 0.213277, 0.001314, 0.005046, 0.002153, 0.000327]"
doc_01586,SANZIMAN HATASI,https://www.golftutkusu.com/topic/15090-sanziman-hatasi,18,0.6179361174946842,NA,unknown,2014,4000,0-30k,unknown,low,0,3,"[0.012983, 0.000512, 0.024072, 0.014107, 0.069760, 0.051941, 0.019488, 0.011397, 0.066805, 0.005363, 0.014542, 0.015206, 0.005753, 0.019106, 0.009772, 0.011392, 0.002292, 0.617936, 0.027375, 0.000198]"
doc_01587,SERVIS HEMEN YAZISI SORUNU,https://www.golftutkusu.com/topic/8768-servis-hemen-yazisi-sorunu,6,0.8584614415022813,1.4,petrol,2013,NA,unknown,1.4_TSI,high,2,7,"[0.008529, 0.003616, 0.009754, 0.009544, 0.035477, 0.858461, 0.005858, 0.003898, 0.011242, 0.003309, 0.005563, 0.006109, 0.004753, 0.008046, 0.001930, 0.003331, 0.004122, 0.007374, 0.008792, 0.000291]"
doc_01588,SOFOR TARAFI RUZGAR SESI PROBLEMI,https://www.golftutkusu.com/topic/13609-sofor-tarafi-ruzgar-sesi-problemi,18,0.5675020869342841,1.4,petrol,2015,NA,unknown,1.4_TSI,high,2,16,"[0.000692, 0.004063, 0.001723, 0.002865, 0.000713, 0.002195, 0.001003, 0.002405, 0.001880, 0.001673, 0.182102, 0.000725, 0.002055, 0.005000, 0.004028, 0.208993, 0.002093, 0.567502, 0.001399, 0.006892]"
doc_01589,SURUS MODU BENIM ARACIMDA 4 AYRI SECENEK,https://www.golftutkusu.com/topic/8737-surus-modu-benim-aracimda-4-ayri-secenek,4,0.8627135955080228,1.4,petrol,2016,NA,unknown,1.4_TSI,low,0,4,"[0.000071, 0.001234, 0.000475, 0.862714, 0.000188, 0.000359, 0.000512, 0.000593, 0.000140, 0.001428, 0.001485, 0.000438, 0.000222, 0.000133, 0.000728, 0.125045, 0.000355, 0.002724, 0.000519, 0.000638]"
doc_01590,Sabah calismama sorunu,https://www.golftutkusu.com/topic/13709-sabah-calismama-sorunu,4,0.9591244731501323,NA,unknown,NA,NA,unknown,unknown,low,0,2,"[0.000468, 0.007963, 0.000414, 0.959124, 0.000205, 0.000353, 0.002110, 0.000576, 0.000313, 0.000482, 0.001019, 0.000424, 0.000237, 0.000275, 0.003906, 0.018073, 0.000173, 0.002961, 0.000381, 0.000542]"
doc_01591,Sabah ilk calistirma,https://www.golftutkusu.com/topic/13718-sabah-ilk-calistirma,3,0.9392162477088589,NA,unknown,NA,NA,unknown,unknown,low,0,1,"[0.000404, 0.000869, 0.939216, 0.000639, 0.000454, 0.000960, 0.000449, 0.000978, 0.001139, 0.001096, 0.002031, 0.000850, 0.000467, 0.000554, 0.002522, 0.002815, 0.000693, 0.039851, 0.002179, 0.001832]"
doc_01592,Sabah ilk calistirmada motor isigi yanip sonmesi,https://www.golftutkusu.com/topic/25956-sabah-ilk-calistirmada-motor-isigi-yanip-sonmesi,18,0.9730930563095629,1.2,petrol,2016,136000,120-150k,1.2_TSI,high,2,8,"[0.000106, 0.001636, 0.000331, 0.000698, 0.000108, 0.000450, 0.000163, 0.000411, 0.000459, 0.000854, 0.001098, 0.000133, 0.000620, 0.000393, 0.001831, 0.015723, 0.000560, 0.973093, 0.000350, 0.000984]"
doc_01593,Sabah ilk calistirmada motordan gelen tuhaf ses,https://www.golftutkusu.com/topic/8335-sabah-ilk-calistirmada-motordan-gelen-tuhaf-ses,17,0.7062959361192416,1.4,petrol,2015,80000,60-90k,1.4_TSI,high,2,21,"[0.002844, 0.000374, 0.000631, 0.000702, 0.281973, 0.000728, 0.000903, 0.000883, 0.000878, 0.000546, 0.000615, 0.000605, 0.000328, 0.000655, 0.000106, 0.000105, 0.706296, 0.000416, 0.000403, 0.000010]"
doc_01594,Sabahlari Artik Coldstart Yapmiyor Bir Sorun mu?,https://www.golftutkusu.com/topic/23760-sabahlari-artik-coldstart-yapmiyor-bir-sorun-mu,16,0.43839109418357797,1.5,petrol,NA,NA,unknown,1.5_TSI,high,1,18,"[0.008383, 0.003683, 0.020250, 0.025084, 0.041363, 0.014192, 0.010361, 0.012328, 0.017084, 0.008799, 0.012860, 0.038711, 0.009271, 0.311862, 0.001838, 0.438391, 0.004302, 0.010153, 0.010848, 0.000236]"
doc_01595,Sabit Devirde Giderken Anlik Devir Kaybi,https://www.golftutkusu.com/topic/17380-sabit-devirde-giderken-anlik-devir-kaybi,17,0.5059812797934017,1.6,diesel,2014,160000,150-180k,1.6_TDI,high,1,10,"[0.027199, 0.010223, 0.008827, 0.015395, 0.085257, 0.010524, 0.229992, 0.011065, 0.017130, 0.011935, 0.011127, 0.009855, 0.008171, 0.010702, 0.002523, 0.002165, 0.505981, 0.011568, 0.010223, 0.000137]"
doc_01596,Sabit hizda giderken anlik olarak devir artisi ve cekis kaybi.,https://www.golftutkusu.com/topic/24439-sabit-hizda-giderken-anlik-olarak-devir-artisi-ve-cekis-kaybi,2,0.6310800658970869,1.2,petrol,2015,2000,0-30k,1.2_TSI,high,3,11,"[0.003183, 0.631080, 0.007646, 0.005076, 0.008288, 0.004839, 0.008279, 0.006448, 0.004531, 0.002100, 0.002811, 0.003914, 0.276660, 0.006533, 0.004384, 0.004929, 0.003661, 0.010246, 0.004966, 0.000424]"
doc_01597,Sag Farda hafif Bugulanma,https://www.golftutkusu.com/topic/13997-sag-farda-hafif-bugulanma,5,0.9539329721120242,NA,unknown,2020,80000,60-90k,unknown,low,0,23,"[0.003920, 0.000523, 0.002155, 0.001145, 0.953933, 0.006321, 0.004155, 0.003330, 0.002690, 0.000495, 0.001533, 0.002500, 0.001670, 0.004918, 0.001890, 0.001965, 0.002011, 0.003205, 0.000868, 0.000774]"
doc_01598,Sag Koltuk Klima Cikis Yerleri Sicagi Actigimda Soguk Ufluyor,https://www.golftutkusu.com/topic/24777-sag-koltuk-klima-cikis-yerleri-sicagi-actigimda-soguk-ufluyor,5,0.8268251365431771,NA,unknown,NA,NA,unknown,unknown,low,0,1,"[0.015184, 0.003736, 0.016349, 0.012988, 0.826825, 0.015617, 0.005873, 0.008738, 0.018715, 0.004381, 0.006791, 0.010723, 0.005536, 0.020061, 0.001738, 0.004319, 0.007402, 0.004318, 0.010421, 0.000283]"
doc_01599,Sag far bugu,https://www.golftutkusu.com/topic/16711-sag-far-bugu,10,0.5160642783467101,NA,unknown,NA,NA,unknown,unknown,low,0,1,"[0.001785, 0.001011, 0.001480, 0.003175, 0.001958, 0.002163, 0.002566, 0.001154, 0.002328, 0.516064, 0.001124, 0.002571, 0.002284, 0.002333, 0.003838, 0.002478, 0.001845, 0.003507, 0.445074, 0.001265]"
doc_01600,"Sag koltuktan trim sesi,",https://www.golftutkusu.com/topic/12524-sag-koltuktan-trim-sesi,15,0.9749463774865601,NA,unknown,NA,NA,unknown,unknown,medium,0,5,"[0.001423, 0.000574, 0.001155, 0.000766, 0.001277, 0.001595, 0.001175, 0.000439, 0.001535, 0.000800, 0.000453, 0.001113, 0.001977, 0.001190, 0.974946, 0.000796, 0.000812, 0.005407, 0.001423, 0.001145]"
doc_01601,Sag on cam otomatik inmiyor,https://www.golftutkusu.com/topic/18205-sag-on-cam-otomatik-inmiyor,10,0.9894367445022626,NA,unknown,NA,NA,unknown,unknown,high,2,4,"[0.000142, 0.000191, 0.000935, 0.000367, 0.000120, 0.000491, 0.000336, 0.000536, 0.000355, 0.989437, 0.000257, 0.000679, 0.000119, 0.000242, 0.001393, 0.000794, 0.000440, 0.001498, 0.000871, 0.000798]"
doc_01602,Sag on camdan gelen cizirti,https://www.golftutkusu.com/topic/15174-sag-on-camdan-gelen-cizirti,18,0.5113598263082103,NA,unknown,NA,NA,unknown,unknown,low,0,1,"[0.000943, 0.461106, 0.000391, 0.001109, 0.001130, 0.001375, 0.001690, 0.002238, 0.001833, 0.001298, 0.001195, 0.000208, 0.001298, 0.002263, 0.003619, 0.003743, 0.001676, 0.511360, 0.000932, 0.000592]"
doc_01603,Sag taraf ayna isitma ve kalorifer isisi,https://www.golftutkusu.com/topic/21574-sag-taraf-ayna-isitma-ve-kalorifer-isisi,9,0.9925108043210398,NA,unknown,2014,NA,unknown,unknown,high,1,10,"[0.000053, 0.000152, 0.000864, 0.000169, 0.000105, 0.000266, 0.000118, 0.000151, 0.992511, 0.000394, 0.000433, 0.000247, 0.000046, 0.000095, 0.001095, 0.000542, 0.000137, 0.001392, 0.000571, 0.000657]"
doc_01604,Sag taraf cizilti sesi,https://www.golftutkusu.com/topic/22531-sag-taraf-cizilti-sesi,2,0.7145873690027551,NA,unknown,NA,NA,unknown,unknown,high,1,10,"[0.000995, 0.714587, 0.001024, 0.002912, 0.000149, 0.000683, 0.002957, 0.000362, 0.000517, 0.000669, 0.000331, 0.000464, 0.000743, 0.000374, 0.244260, 0.001798, 0.000380, 0.025027, 0.000668, 0.001101]"
doc_01605,Sanziman revizesi ile duzelmeyen konforsuz dur kalk ve vites gecisi problemi hk.,https://www.golftutkusu.com/topic/27816-sanziman-revizesi-ile-duzelmeyen-konforsuz-dur-kalk-ve-vites-gecisi-problemi-hk,20,0.968116129231335,1.6,diesel,2014,100000,90-120k,1.6_TDI,high,2,19,"[0.000611, 0.000567, 0.005794, 0.000712, 0.000477, 0.002028, 0.000487, 0.000878, 0.001313, 0.001960, 0.002951, 0.001740, 0.000435, 0.000438, 0.005022, 0.001300, 0.000565, 0.001693, 0.002912, 0.968116]"
doc_01606,Sanziman tikirti ve sendeleme,https://www.golftutkusu.com/topic/20641-sanziman-tikirti-ve-sendeleme,17,0.5526032852214129,1.2,petrol,2013,145000,120-150k,1.2_TSI,medium,0,7,"[0.000447, 0.001804, 0.000350, 0.001160, 0.000781, 0.000726, 0.000768, 0.002119, 0.000769, 0.000998, 0.264345, 0.000299, 0.000544, 0.001195, 0.000645, 0.162996, 0.552603, 0.004588, 0.000488, 0.002375]"
doc_01607,Sanzimandan Gelen Surtme Sesi ve Otme Sesi Hk.,https://www.golftutkusu.com/topic/15416-sanzimandan-gelen-surtme-sesi-ve-otme-sesi-hk,8,0.9808379853864296,1.6,diesel,2014,6000,0-30k,1.6_TDI,high,4,43,"[0.001163, 0.000445, 0.000613, 0.001148, 0.003884, 0.000733, 0.001122, 0.980838, 0.000538, 0.000422, 0.001318, 0.000531, 0.000843, 0.001101, 0.000371, 0.002135, 0.001217, 0.000988, 0.000555, 0.000034]"
doc_01608,Sanzimandan gelen yeni ses,https://www.golftutkusu.com/topic/19928-sanzimandan-gelen-yeni-ses,5,0.9921909724075187,1.5,petrol,2013,5000,0-30k,1.5_TSI,high,2,11,"[0.000565, 0.000101, 0.000776, 0.000346, 0.992191, 0.000886, 0.000281, 0.000488, 0.000437, 0.000124, 0.000586, 0.000442, 0.000276, 0.000759, 0.000263, 0.000424, 0.000416, 0.000240, 0.000191, 0.000210]"
doc_01609,Sanzumandan gelen ugultu,https://www.golftutkusu.com/topic/19129-sanzumandan-gelen-ugultu,18,0.9579450230869964,1.6,diesel,2015,NA,unknown,1.6_TDI,high,1,5,"[0.000864, 0.007055, 0.001050, 0.003339, 0.001261, 0.001337, 0.000427, 0.001286, 0.002299, 0.003850, 0.002382, 0.000408, 0.001416, 0.001660, 0.002103, 0.007227, 0.001681, 0.957945, 0.002038, 0.000373]"
doc_01610,Sari Motor Isigi Yanip Sondu Sonra Start Stop Hatasi Verdi,https://www.golftutkusu.com/topic/15894-sari-motor-isigi-yanip-sondu-sonra-start-stop-hatasi-verdi,18,0.47926636747217427,1.2,petrol,2013,115000,90-120k,1.2_TSI,high,2,27,"[0.000746, 0.003359, 0.001809, 0.002168, 0.000503, 0.001110, 0.001465, 0.000660, 0.000727, 0.007968, 0.002441, 0.000830, 0.001143, 0.000728, 0.475067, 0.015621, 0.002045, 0.479266, 0.001517, 0.000825]"
doc_01611,Sari Yag Lambasi,https://www.golftutkusu.com/topic/8575-sari-yag-lambasi,2,0.38826701441391986,NA,unknown,NA,3900,0-30k,unknown,medium,0,5,"[0.001178, 0.388267, 0.003117, 0.253710, 0.166186, 0.002774, 0.003790, 0.002487, 0.159969, 0.000925, 0.001324, 0.002032, 0.001628, 0.002151, 0.001427, 0.001719, 0.002182, 0.001773, 0.002362, 0.000999]"
doc_01612,Sari unlem isareti,https://www.golftutkusu.com/topic/17825-sari-unlem-isareti,8,0.9738275427458782,NA,unknown,NA,NA,unknown,unknown,high,1,26,"[0.001404, 0.000718, 0.000938, 0.001470, 0.003662, 0.001400, 0.001191, 0.973828, 0.000644, 0.000529, 0.001609, 0.001013, 0.001577, 0.000916, 0.000961, 0.003278, 0.001709, 0.001986, 0.000907, 0.000260]"
doc_01613,Sarsintili Vites Gecisleri,https://www.golftutkusu.com/topic/8250-sarsintili-vites-gecisleri,3,0.7709431802547957,1.2,petrol,2015,NA,unknown,1.2_TSI,low,0,9,"[0.002269, 0.001708, 0.770943, 0.001337, 0.005667, 0.002834, 0.002876, 0.000678, 0.002583, 0.000889, 0.002982, 0.001124, 0.002410, 0.146745, 0.038547, 0.004164, 0.001120, 0.007047, 0.002271, 0.001805]"
doc_01614,Sehir Ici Hizlarda Ugultu ve Vurma Problemi,https://www.golftutkusu.com/topic/16979-sehir-ici-hizlarda-ugultu-ve-vurma-problemi,4,0.9901113394693771,1.4,petrol,2015,NA,unknown,1.4_TSI,medium,0,4,"[0.000365, 0.000190, 0.000393, 0.990111, 0.001263, 0.000542, 0.000697, 0.000500, 0.000612, 0.000301, 0.000801, 0.000375, 0.000305, 0.000734, 0.000231, 0.000553, 0.000374, 0.000987, 0.000627, 0.000038]"
doc_01615,Selamlar.. PLA 3.0 ve On arka orj. park sensor montaji hk.,https://www.golftutkusu.com/topic/22129-selamlar-pla-3-0-ve-on-arka-orj-park-sensor-montaji-hk,17,0.9924286369047293,NA,unknown,2016,298000,210k+,unknown,high,2,25,"[0.000307, 0.000171, 0.000375, 0.000300, 0.000789, 0.000443, 0.000378, 0.000355, 0.000326, 0.000323, 0.000665, 0.000318, 0.000297, 0.000183, 0.000483, 0.000363, 0.992429, 0.001123, 0.000224, 0.000149]"
doc_01616,Serit takip sistemi,https://www.golftutkusu.com/topic/18505-serit-takip-sistemi,6,0.6085887806460751,NA,unknown,2014,NA,unknown,unknown,high,1,5,"[0.002284, 0.000218, 0.002333, 0.001653, 0.014295, 0.608589, 0.005427, 0.316709, 0.003244, 0.000801, 0.006405, 0.002599, 0.001452, 0.003255, 0.003574, 0.011672, 0.000687, 0.010857, 0.003096, 0.000852]"
doc_01617,Servis Hemen Uyarisi Silme,https://www.golftutkusu.com/topic/10691-servis-hemen-uyarisi-silme,6,0.9755571418068396,NA,unknown,NA,2000,0-30k,unknown,high,2,6,"[0.001100, 0.000555, 0.001021, 0.001806, 0.008400, 0.975557, 0.000913, 0.000624, 0.001525, 0.000535, 0.000936, 0.001069, 0.000712, 0.001476, 0.000305, 0.000517, 0.000620, 0.000979, 0.001293, 0.000057]"
doc_01618,Servis bakimi sonrasi arac yag bosaltti yardim,https://www.golftutkusu.com/topic/22838-servis-bakimi-sonrasi-arac-yag-bosaltti-yardim,14,0.9948086175571189,NA,unknown,2016,NA,unknown,unknown,medium,0,15,"[0.000177, 0.000090, 0.000317, 0.000179, 0.000550, 0.000315, 0.000208, 0.000099, 0.000187, 0.000135, 0.000906, 0.000268, 0.000268, 0.994809, 0.000404, 0.000392, 0.000082, 0.000330, 0.000187, 0.000098]"
doc_01619,Servis cam degisiminde olusan rezalet,https://www.golftutkusu.com/topic/10345-servis-cam-degisiminde-olusan-rezalet,5,0.5317315228062592,NA,unknown,NA,NA,unknown,unknown,high,2,19,"[0.008153, 0.001013, 0.004588, 0.003665, 0.531732, 0.004260, 0.001938, 0.003511, 0.004376, 0.001276, 0.004048, 0.002489, 0.002220, 0.005172, 0.001752, 0.001582, 0.002206, 0.002046, 0.413530, 0.000444]"
doc_01620,Servis isigi sorunu,https://www.golftutkusu.com/topic/12466-servis-isigi-sorunu,10,0.7551700660926043,NA,unknown,NA,NA,unknown,unknown,high,1,7,"[0.002387, 0.000861, 0.004803, 0.005858, 0.006575, 0.003036, 0.006208, 0.003423, 0.009680, 0.755170, 0.001856, 0.003640, 0.003090, 0.008230, 0.005382, 0.162329, 0.003993, 0.010298, 0.002851, 0.000330]"
doc_01621,Servis resetleme,https://www.golftutkusu.com/topic/8133-servis-resetleme,4,0.9934591835135176,NA,unknown,2012,NA,unknown,unknown,low,0,3,"[0.000166, 0.000159, 0.000284, 0.993459, 0.000535, 0.000463, 0.000370, 0.000265, 0.000318, 0.000203, 0.000446, 0.000349, 0.000303, 0.000280, 0.000247, 0.000453, 0.000223, 0.000893, 0.000454, 0.000130]"
doc_01622,Servis triger  degisimde yasanan hata,https://www.golftutkusu.com/topic/14428-servis-triger-degisimde-yasanan-hata,2,0.9119095888234928,NA,unknown,2018,180000,180-210k,unknown,high,2,76,"[0.003717, 0.911910, 0.007403, 0.009113, 0.012896, 0.005231, 0.005158, 0.003971, 0.007427, 0.002042, 0.001408, 0.004928, 0.004345, 0.004806, 0.001530, 0.001275, 0.003254, 0.003134, 0.006335, 0.000117]"
doc_01623,Servis uyarisi silme ve led far,https://www.golftutkusu.com/topic/9920-servis-uyarisi-silme-ve-led-far,4,0.9378542215833093,NA,unknown,2013,NA,unknown,unknown,medium,1,5,"[0.002536, 0.000796, 0.002064, 0.937854, 0.032908, 0.002414, 0.001600, 0.001986, 0.003016, 0.001135, 0.001733, 0.002065, 0.001011, 0.002239, 0.000282, 0.001035, 0.001157, 0.001411, 0.002702, 0.000055]"
doc_01624,Servisde bu sorunu nasil tarif edelim ?,https://www.golftutkusu.com/topic/8883-servisde-bu-sorunu-nasil-tarif-edelim,17,0.8747496594262613,NA,unknown,NA,22000,0-30k,unknown,medium,1,8,"[0.005343, 0.002487, 0.074761, 0.001884, 0.012778, 0.001578, 0.005259, 0.001593, 0.003517, 0.001650, 0.002112, 0.001195, 0.001582, 0.001820, 0.000446, 0.000643, 0.874750, 0.004282, 0.002287, 0.000033]"
doc_01625,Seyir Halinde Kapidan Gelen Titresim Sesi,https://www.golftutkusu.com/topic/16773-seyir-halinde-kapidan-gelen-titresim-sesi,12,0.9076993097795854,NA,unknown,2000,2000,0-30k,unknown,high,3,35,"[0.005201, 0.002189, 0.004177, 0.006913, 0.021376, 0.005104, 0.003312, 0.002900, 0.006100, 0.002927, 0.004247, 0.907699, 0.003723, 0.006377, 0.001094, 0.003123, 0.002683, 0.004453, 0.006258, 0.000146]"
doc_01626,Seyir halinde gelen ses,https://www.golftutkusu.com/topic/20108-seyir-halinde-gelen-ses,2,0.5541677625033298,NA,unknown,NA,NA,unknown,unknown,low,0,2,"[0.013891, 0.554168, 0.008378, 0.006547, 0.034462, 0.006566, 0.011314, 0.004095, 0.006600, 0.003578, 0.002723, 0.005323, 0.005810, 0.320546, 0.001483, 0.000805, 0.003982, 0.003319, 0.006348, 0.000065]"
doc_01627,Shark Anten ve Krom Pedal,https://www.golftutkusu.com/topic/17170-shark-anten-ve-krom-pedal,4,0.9558102674024866,NA,unknown,NA,NA,unknown,unknown,low,0,5,"[0.003756, 0.001253, 0.001061, 0.955810, 0.012607, 0.001854, 0.004127, 0.001607, 0.002911, 0.001486, 0.001471, 0.001889, 0.001131, 0.002070, 0.000237, 0.000384, 0.001410, 0.001867, 0.003049, 0.000020]"
doc_01628,Silecegin Zorla Kaldirilmasi ile Kaputa Surtmesi,https://www.golftutkusu.com/topic/23504-silecegin-zorla-kaldirilmasi-ile-kaputa-surtmesi,7,0.893334715018404,NA,unknown,NA,NA,unknown,unknown,low,0,8,"[0.000355, 0.006905, 0.002388, 0.004083, 0.001316, 0.000961, 0.893335, 0.001169, 0.000816, 0.005605, 0.003913, 0.000928, 0.000503, 0.000525, 0.001194, 0.070518, 0.001069, 0.002906, 0.001278, 0.000234]"
doc_01629,Silecek Suyu,https://www.golftutkusu.com/topic/17187-silecek-suyu,16,0.5595381751115209,NA,unknown,NA,NA,unknown,unknown,low,0,1,"[0.001447, 0.008341, 0.009289, 0.008252, 0.004407, 0.002265, 0.003739, 0.003852, 0.002502, 0.361416, 0.005089, 0.003546, 0.001469, 0.002207, 0.002783, 0.559538, 0.003539, 0.009965, 0.005787, 0.000567]"
doc_01630,Silecek Suyu Ayari,https://www.golftutkusu.com/topic/14054-silecek-suyu-ayari,16,0.6303020648960138,NA,unknown,NA,NA,unknown,unknown,low,0,6,"[0.010114, 0.002168, 0.013324, 0.007067, 0.122404, 0.007830, 0.012930, 0.008271, 0.012446, 0.005239, 0.005319, 0.009497, 0.005432, 0.135768, 0.000639, 0.630302, 0.003361, 0.004814, 0.003017, 0.000056]"
doc_01631,Silecek kolu multimedya tusu sorunu.,https://www.golftutkusu.com/topic/15347-silecek-kolu-multimedya-tusu-sorunu,6,0.9804537539212423,NA,unknown,NA,NA,unknown,unknown,low,0,3,"[0.000805, 0.000378, 0.000722, 0.001014, 0.004313, 0.980454, 0.001220, 0.000635, 0.000901, 0.000365, 0.001438, 0.000624, 0.000627, 0.001763, 0.000711, 0.000883, 0.000681, 0.001628, 0.000706, 0.000133]"
doc_01632,Silecek suyu deposu degisimi,https://www.golftutkusu.com/topic/18906-silecek-suyu-deposu-degisimi,10,0.9978627844001009,1.4,petrol,2014,75000,60-90k,1.4_TSI,low,0,10,"[0.000024, 0.000227, 0.000005, 0.000098, 0.000027, 0.000045, 0.000059, 0.000053, 0.000041, 0.997863, 0.000047, 0.000018, 0.000036, 0.000085, 0.000203, 0.000388, 0.000096, 0.000349, 0.000077, 0.000260]"
doc_01633,Silindir teklemesi,https://www.golftutkusu.com/topic/13391-silindir-teklemesi,4,0.9410991476409776,1.4,petrol,2013,NA,unknown,1.4_TSI,low,0,5,"[0.002537, 0.001268, 0.003166, 0.941099, 0.015794, 0.003248, 0.002679, 0.002381, 0.004553, 0.001635, 0.002728, 0.003153, 0.001704, 0.003067, 0.000423, 0.001578, 0.001598, 0.002636, 0.004683, 0.000072]"
doc_01634,Sinyal ile Sis Fari ters yanmasi,https://www.golftutkusu.com/topic/24307-sinyal-ile-sis-fari-ters-yanmasi,16,0.8954793284570892,NA,unknown,NA,NA,unknown,unknown,low,0,7,"[0.000779, 0.003091, 0.003619, 0.005105, 0.002414, 0.001279, 0.002056, 0.002942, 0.001272, 0.004651, 0.063932, 0.002094, 0.000873, 0.001269, 0.000599, 0.895479, 0.001760, 0.004533, 0.001944, 0.000309]"
doc_01635,Sinyal ve dortlu sesi cikmiyor,https://www.golftutkusu.com/topic/27149-sinyal-ve-dortlu-sesi-cikmiyor,12,0.9883385471787297,NA,unknown,NA,NA,unknown,unknown,medium,1,7,"[0.000337, 0.000367, 0.001186, 0.000747, 0.000814, 0.000508, 0.000159, 0.000783, 0.000658, 0.001092, 0.000890, 0.988339, 0.000131, 0.000428, 0.000246, 0.000473, 0.000218, 0.000527, 0.001969, 0.000129]"
doc_01636,Sizce hangi yagi kullanmaliyim ?,https://www.golftutkusu.com/topic/13482-sizce-hangi-yagi-kullanmaliyim,13,0.6000466931874795,1.2,petrol,2013,134000,120-150k,1.2_TSI,high,2,92,"[0.002441, 0.003342, 0.096852, 0.002903, 0.002221, 0.004476, 0.002295, 0.005171, 0.003741, 0.005131, 0.014995, 0.009652, 0.600047, 0.010106, 0.105512, 0.010658, 0.001649, 0.011343, 0.017399, 0.090065]"
doc_01637,Sofor Kapisindaki Cam Tikirti Sesi,https://www.golftutkusu.com/topic/23933-sofor-kapisindaki-cam-tikirti-sesi,13,0.9832165484781908,NA,unknown,NA,NA,unknown,unknown,low,0,4,"[0.000801, 0.000587, 0.001180, 0.001061, 0.002750, 0.000802, 0.000651, 0.000735, 0.000984, 0.000454, 0.000670, 0.000974, 0.983217, 0.001188, 0.000333, 0.000494, 0.000423, 0.001316, 0.001343, 0.000038]"
doc_01638,Sogukta ilk calistirma,https://www.golftutkusu.com/topic/26631-sogukta-ilk-calistirma,14,0.9896599607106533,1.4,petrol,NA,NA,unknown,1.4_TSI,low,0,2,"[0.000489, 0.000153, 0.000611, 0.000408, 0.002864, 0.000499, 0.000502, 0.000274, 0.000480, 0.000259, 0.001039, 0.000387, 0.000418, 0.989660, 0.000369, 0.000556, 0.000188, 0.000496, 0.000318, 0.000032]"
doc_01639,Soguktan sicaga gecmeme sorunu mk7,https://www.golftutkusu.com/topic/14124-soguktan-sicaga-gecmeme-sorunu-mk7,14,0.5236728408535541,1.6,diesel,2014,NA,unknown,1.6_TDI,low,0,12,"[0.429017, 0.000832, 0.003247, 0.002197, 0.017344, 0.002200, 0.001164, 0.001492, 0.002453, 0.001284, 0.003660, 0.002047, 0.001444, 0.523673, 0.001297, 0.000790, 0.000910, 0.001078, 0.003772, 0.000100]"
doc_01640,Sogutma Sivisi Uyarisi,https://www.golftutkusu.com/topic/22767-sogutma-sivisi-uyarisi,14,0.48607156603275165,1.6,diesel,NA,NA,unknown,1.6_TDI,high,1,7,"[0.008981, 0.001684, 0.007656, 0.004999, 0.420505, 0.008617, 0.005789, 0.005911, 0.006040, 0.002412, 0.011105, 0.004931, 0.004273, 0.486072, 0.003314, 0.005883, 0.003668, 0.004418, 0.003275, 0.000467]"
doc_01641,Sol Kapidan Gelen Ruzgar Sesi ve Ayna Titremesi,https://www.golftutkusu.com/topic/16826-sol-kapidan-gelen-ruzgar-sesi-ve-ayna-titremesi,9,0.9248000838283935,NA,unknown,2015,NA,unknown,unknown,low,0,9,"[0.003255, 0.001843, 0.005563, 0.005214, 0.020032, 0.003740, 0.003057, 0.001608, 0.924800, 0.002014, 0.002807, 0.003436, 0.001983, 0.004297, 0.001317, 0.002640, 0.002207, 0.003537, 0.006500, 0.000150]"
doc_01642,Sol On Cam Kumandasi,https://www.golftutkusu.com/topic/11355-sol-on-cam-kumandasi,4,0.7745472940571381,NA,unknown,NA,NA,unknown,unknown,medium,1,18,"[0.001066, 0.061114, 0.000764, 0.774547, 0.002067, 0.001776, 0.001716, 0.003188, 0.002678, 0.004058, 0.006130, 0.000409, 0.001515, 0.003618, 0.003730, 0.011332, 0.002393, 0.113099, 0.003014, 0.001785]"
doc_01643,Sol fari kaybettim. Golf 7,https://www.golftutkusu.com/topic/21702-sol-fari-kaybettim-golf-7,13,0.9678346760589258,NA,unknown,2013,NA,unknown,unknown,low,0,9,"[0.000719, 0.006222, 0.000356, 0.001532, 0.002315, 0.000655, 0.000357, 0.001492, 0.001045, 0.001576, 0.002575, 0.000267, 0.967835, 0.001903, 0.000769, 0.003247, 0.000495, 0.004184, 0.001760, 0.000697]"
doc_01644,Sol kisa fari kontrol edin uyarisi ve maliyeti,https://www.golftutkusu.com/topic/16347-sol-kisa-fari-kontrol-edin-uyarisi-ve-maliyeti,5,0.6552377421709485,NA,unknown,NA,NA,unknown,unknown,medium,1,1,"[0.016797, 0.002623, 0.004846, 0.008607, 0.655238, 0.016375, 0.013331, 0.010839, 0.014582, 0.002797, 0.003902, 0.205172, 0.004710, 0.015756, 0.001585, 0.003832, 0.004960, 0.006896, 0.006969, 0.000185]"
doc_01645,Sol on cam actigimda hisirti sesi,https://www.golftutkusu.com/topic/9433-sol-on-cam-actigimda-hisirti-sesi,2,0.9867500724597147,NA,unknown,NA,NA,unknown,unknown,low,0,1,"[0.000267, 0.986750, 0.000228, 0.000694, 0.000533, 0.000411, 0.000483, 0.000878, 0.000530, 0.000611, 0.000863, 0.000075, 0.000425, 0.001043, 0.000872, 0.001875, 0.000474, 0.001902, 0.000547, 0.000539]"
doc_01646,Sola Donuste Ugultu,https://www.golftutkusu.com/topic/10400-sola-donuste-ugultu,17,0.9084147343761134,1.2,petrol,NA,NA,unknown,1.2_TSI,medium,0,3,"[0.001930, 0.003381, 0.000023, 0.000910, 0.001608, 0.001078, 0.000879, 0.002216, 0.061535, 0.003409, 0.000780, 0.000010, 0.000007, 0.000467, 0.001716, 0.005073, 0.908415, 0.001952, 0.001121, 0.003492]"
doc_01647,Sonradan eklenen pdc sorunu,https://www.golftutkusu.com/topic/21565-sonradan-eklenen-pdc-sorunu,3,0.9476884742522717,1.2,petrol,2013,NA,unknown,1.2_TSI,low,0,2,"[0.004908, 0.002758, 0.947688, 0.001002, 0.012904, 0.001705, 0.004810, 0.000745, 0.001972, 0.000499, 0.001932, 0.000694, 0.003322, 0.002406, 0.001528, 0.001885, 0.001617, 0.005207, 0.001894, 0.000525]"
doc_01648,Sonradan takilma J led far kisasi yanmiyor,https://www.golftutkusu.com/topic/22988-sonradan-takilma-j-led-far-kisasi-yanmiyor,7,0.931650427585894,NA,unknown,NA,NA,unknown,unknown,low,0,1,"[0.000800, 0.001873, 0.014191, 0.002278, 0.001661, 0.002179, 0.931650, 0.004378, 0.003103, 0.006625, 0.007313, 0.002238, 0.000510, 0.002199, 0.003547, 0.004711, 0.001656, 0.003406, 0.004398, 0.001285]"
doc_01649,Spor Yay Yerinden Cikma Sorunu,https://www.golftutkusu.com/topic/12582-spor-yay-yerinden-cikma-sorunu,13,0.6694301962031353,1.2,petrol,NA,NA,unknown,1.2_TSI,medium,0,18,"[0.000757, 0.004621, 0.000416, 0.001593, 0.001090, 0.001207, 0.000850, 0.002009, 0.000849, 0.000997, 0.247780, 0.000480, 0.669430, 0.003174, 0.002195, 0.015880, 0.001361, 0.005756, 0.002075, 0.037480]"
doc_01650,Spor yay lastik ebati,https://www.golftutkusu.com/topic/20985-spor-yay-lastik-ebati,11,0.5108949127761745,1.6,diesel,NA,NA,unknown,1.6_TDI,medium,1,13,"[0.000826, 0.002647, 0.000282, 0.001786, 0.001274, 0.001006, 0.000605, 0.000901, 0.000663, 0.000708, 0.510895, 0.000318, 0.000765, 0.462417, 0.001186, 0.004979, 0.000705, 0.003667, 0.001169, 0.003202]"
doc_01651,Spor yay sonrasi engebeli yerlerden gecerken gicirdama.,https://www.golftutkusu.com/topic/13674-spor-yay-sonrasi-engebeli-yerlerden-gecerken-gicirdama,8,0.70377389559372,NA,unknown,2014,NA,unknown,unknown,high,2,9,"[0.002598, 0.000366, 0.001390, 0.002532, 0.004554, 0.001511, 0.002158, 0.703774, 0.001221, 0.000285, 0.261332, 0.001313, 0.001766, 0.002810, 0.000401, 0.003539, 0.002692, 0.004287, 0.001358, 0.000109]"
doc_01652,Spor yay ve spacer taktiktan sonra arac sola cekiyor,https://www.golftutkusu.com/topic/24963-spor-yay-ve-spacer-taktiktan-sonra-arac-sola-cekiyor,12,0.8703088777671252,1.6,diesel,2015,NA,unknown,1.6_TDI,medium,1,3,"[0.001560, 0.000885, 0.006042, 0.002421, 0.002423, 0.002291, 0.001564, 0.005480, 0.002350, 0.003036, 0.077691, 0.870309, 0.000681, 0.003357, 0.001955, 0.005116, 0.001775, 0.004332, 0.005106, 0.001628]"
doc_01653,Star stop ve motor ariza isigi,https://www.golftutkusu.com/topic/13250-star-stop-ve-motor-ariza-isigi,11,0.966529825982797,1.2,petrol,NA,NA,unknown,1.2_TSI,high,1,13,"[0.000809, 0.001210, 0.001354, 0.003166, 0.001376, 0.000803, 0.001178, 0.000846, 0.000540, 0.001276, 0.966530, 0.001078, 0.000442, 0.000974, 0.000287, 0.012504, 0.001358, 0.002059, 0.001899, 0.000311]"
doc_01654,Start Stop Hakkinda,https://www.golftutkusu.com/topic/10579-start-stop-hakkinda,11,0.9843536976205716,1.2,petrol,2015,1200,0-30k,1.2_TSI,high,2,21,"[0.000169, 0.000372, 0.000341, 0.000674, 0.000142, 0.000318, 0.000485, 0.000252, 0.000083, 0.000319, 0.984354, 0.000381, 0.000211, 0.000285, 0.000375, 0.007969, 0.000565, 0.001268, 0.000446, 0.000991]"
doc_01655,Start stop Devreye girmiyor,https://www.golftutkusu.com/topic/8466-start-stop-devreye-girmiyor,1,0.8228027267989428,NA,unknown,2015,NA,unknown,unknown,medium,1,7,"[0.822803, 0.000237, 0.002022, 0.001604, 0.009816, 0.001778, 0.001619, 0.001924, 0.001589, 0.000344, 0.141839, 0.001362, 0.001078, 0.003926, 0.001088, 0.001118, 0.001930, 0.001575, 0.002010, 0.000339]"
doc_01656,Start stop calismiyor,https://www.golftutkusu.com/topic/9322-start-stop-calismiyor,11,0.44563868849962907,1.6,diesel,NA,NA,unknown,1.6_TDI,medium,0,5,"[0.238327, 0.000466, 0.001663, 0.002573, 0.006109, 0.002085, 0.002024, 0.279341, 0.000959, 0.000492, 0.445639, 0.002235, 0.002101, 0.003097, 0.001067, 0.004054, 0.002238, 0.002023, 0.002180, 0.001325]"
doc_01657,Start stop hatasi,https://www.golftutkusu.com/topic/19061-start-stop-hatasi,13,0.8832556066725885,1.4,petrol,2013,NA,unknown,1.4_TSI,low,0,11,"[0.001048, 0.000484, 0.002009, 0.001559, 0.002260, 0.001937, 0.001690, 0.001366, 0.001144, 0.000319, 0.086293, 0.002061, 0.883256, 0.002802, 0.001114, 0.003261, 0.001331, 0.003418, 0.001630, 0.001019]"
doc_01658,Start stop hatasi,https://www.golftutkusu.com/topic/20897-start-stop-hatasi,9,0.43553530709505106,1.4,petrol,2013,NA,unknown,1.4_TSI,high,3,18,"[0.003291, 0.019491, 0.002848, 0.009191, 0.015294, 0.004466, 0.003007, 0.006336, 0.435535, 0.004208, 0.320790, 0.001641, 0.002200, 0.014016, 0.001750, 0.127332, 0.003787, 0.014162, 0.007147, 0.003508]"
doc_01659,Start stop kodlamasiz iptal etme,https://www.golftutkusu.com/topic/24062-start-stop-kodlamasiz-iptal-etme,13,0.9515713815856242,NA,unknown,NA,NA,unknown,unknown,medium,1,6,"[0.001282, 0.001310, 0.003014, 0.001874, 0.003807, 0.002920, 0.001960, 0.001779, 0.001700, 0.000937, 0.003208, 0.002531, 0.951571, 0.002635, 0.003297, 0.003244, 0.001522, 0.007709, 0.002434, 0.001265]"
doc_01660,Start-Stop ozelligi hakkinda problem,https://www.golftutkusu.com/topic/13565-start-stop-ozelligi-hakkinda-problem,13,0.9238914275166896,NA,unknown,2015,NA,unknown,unknown,high,1,23,"[0.006586, 0.002698, 0.002235, 0.002199, 0.012591, 0.002552, 0.008504, 0.003280, 0.002652, 0.001615, 0.003883, 0.002297, 0.923891, 0.007385, 0.002537, 0.001317, 0.003199, 0.007549, 0.002881, 0.000148]"
doc_01661,Start-stop ve motor ikaz,https://www.golftutkusu.com/topic/18000-start-stop-ve-motor-ikaz,20,0.4222896052546981,NA,unknown,NA,NA,unknown,unknown,high,2,7,"[0.001525, 0.005733, 0.000349, 0.001315, 0.000544, 0.001294, 0.000450, 0.000593, 0.001380, 0.002148, 0.003196, 0.000260, 0.001162, 0.001407, 0.178304, 0.003007, 0.000623, 0.004705, 0.369716, 0.422290]"
doc_01662,Start_stop arizasi,https://www.golftutkusu.com/topic/18943-start_stop-arizasi,12,0.5999249994950564,1.2,petrol,2013,NA,unknown,1.2_TSI,low,0,3,"[0.001456, 0.011117, 0.000338, 0.004740, 0.001845, 0.003025, 0.001288, 0.001921, 0.002208, 0.005265, 0.005825, 0.599925, 0.002821, 0.002888, 0.101328, 0.049403, 0.001588, 0.013806, 0.005734, 0.183479]"
doc_01663,Stop Lambalari  Sonuyor,https://www.golftutkusu.com/topic/25937-stop-lambalari-sonuyor,20,0.3404032033068846,NA,unknown,NA,NA,unknown,unknown,high,2,3,"[0.004231, 0.070220, 0.002227, 0.007541, 0.003346, 0.009437, 0.003686, 0.004892, 0.007340, 0.014317, 0.017314, 0.001566, 0.007372, 0.008652, 0.309367, 0.055452, 0.005997, 0.118462, 0.008177, 0.340403]"
doc_01664,Stoplarin Arasi Acildi,https://www.golftutkusu.com/topic/19022-stoplarin-arasi-acildi,2,0.9724043370701676,NA,unknown,NA,NA,unknown,unknown,medium,1,5,"[0.001201, 0.972404, 0.002912, 0.001995, 0.004138, 0.001719, 0.001863, 0.001253, 0.002285, 0.000632, 0.000350, 0.001522, 0.001428, 0.001553, 0.000416, 0.000371, 0.000929, 0.000805, 0.002185, 0.000038]"
doc_01665,Su Eksiltme,https://www.golftutkusu.com/topic/17545-su-eksiltme,5,0.9676078847232523,1.2,petrol,2013,80000,60-90k,1.2_TSI,high,2,11,"[0.005057, 0.000859, 0.002467, 0.001885, 0.967608, 0.002473, 0.003192, 0.001773, 0.002882, 0.000868, 0.001002, 0.001811, 0.000926, 0.003140, 0.000206, 0.000320, 0.001620, 0.000570, 0.001317, 0.000024]"
doc_01666,Su kacagi,https://www.golftutkusu.com/topic/19182-su-kacagi,1,0.9554582467833431,1.2,petrol,2012,NA,unknown,1.2_TSI,high,0,6,"[0.955458, 0.000648, 0.002753, 0.001593, 0.005768, 0.002719, 0.001188, 0.001748, 0.001444, 0.000947, 0.003600, 0.001744, 0.001950, 0.002172, 0.004887, 0.001488, 0.002235, 0.003341, 0.002841, 0.001476]"
doc_01667,Su kacagi?,https://www.golftutkusu.com/topic/25607-su-kacagi,5,0.9754321619863646,1.2,petrol,NA,NA,unknown,1.2_TSI,high,1,1,"[0.001638, 0.000369, 0.002596, 0.001151, 0.975432, 0.002912, 0.000960, 0.001329, 0.001317, 0.000451, 0.001310, 0.001292, 0.001070, 0.002161, 0.001043, 0.001433, 0.001258, 0.000980, 0.000659, 0.000636]"
doc_01668,Su tahliye hortumu,https://www.golftutkusu.com/topic/16170-su-tahliye-hortumu,2,0.668407211855205,NA,unknown,NA,NA,unknown,unknown,low,0,2,"[0.002431, 0.668407, 0.001914, 0.007643, 0.006918, 0.002854, 0.001724, 0.005625, 0.005118, 0.005433, 0.005506, 0.001008, 0.242046, 0.005765, 0.003041, 0.010437, 0.002302, 0.013005, 0.006661, 0.002163]"
doc_01669,Sunroof Su Kanali Temizligi Yardim,https://www.golftutkusu.com/topic/14676-sunroof-su-kanali-temizligi-yardim,1,0.9742853737924301,NA,unknown,NA,NA,unknown,unknown,low,0,5,"[0.974285, 0.000401, 0.001577, 0.000881, 0.002866, 0.001446, 0.000673, 0.001036, 0.000773, 0.000562, 0.002018, 0.000942, 0.000995, 0.001281, 0.003802, 0.000873, 0.001097, 0.001777, 0.001762, 0.000951]"
doc_01670,Sunroof onundeki plastik catlagi,https://www.golftutkusu.com/topic/18293-sunroof-onundeki-plastik-catlagi,14,0.9574366824861218,NA,unknown,NA,9000,0-30k,unknown,high,2,7,"[0.001956, 0.000598, 0.002420, 0.001962, 0.010455, 0.002025, 0.002259, 0.001182, 0.002415, 0.000975, 0.004579, 0.001694, 0.001621, 0.957437, 0.001481, 0.002252, 0.000894, 0.002285, 0.001377, 0.000133]"
doc_01671,Sunroofdan su almasi,https://www.golftutkusu.com/topic/23474-sunroofdan-su-almasi,3,0.2767841573504368,NA,unknown,2016,NA,unknown,unknown,high,2,9,"[0.006932, 0.005251, 0.276784, 0.006521, 0.126922, 0.242789, 0.008642, 0.003982, 0.220443, 0.003263, 0.008859, 0.004146, 0.006376, 0.026331, 0.006644, 0.017180, 0.005245, 0.015131, 0.007195, 0.001365]"
doc_01672,Sunrooftan gelen gicirti,https://www.golftutkusu.com/topic/10330-sunrooftan-gelen-gicirti,8,0.8050357952758601,1.2,petrol,2014,NA,unknown,1.2_TSI,low,0,2,"[0.005392, 0.002065, 0.005627, 0.008899, 0.098747, 0.004816, 0.003551, 0.805036, 0.004986, 0.003117, 0.003502, 0.004184, 0.003287, 0.004433, 0.000507, 0.032130, 0.003667, 0.002255, 0.003726, 0.000072]"
doc_01673,Surekli bozulan termostat arizasi,https://www.golftutkusu.com/topic/24821-surekli-bozulan-termostat-arizasi,6,0.8154174119065654,NA,unknown,2014,NA,unknown,unknown,high,3,9,"[0.027892, 0.001894, 0.003684, 0.004972, 0.011738, 0.815417, 0.004112, 0.003214, 0.004573, 0.001926, 0.008065, 0.002972, 0.002762, 0.008213, 0.005131, 0.002825, 0.003011, 0.006340, 0.080422, 0.000835]"
doc_01674,Surucu Kapisi Cam dugmesi aydinlatma Kodlamasi,https://www.golftutkusu.com/topic/22353-surucu-kapisi-cam-dugmesi-aydinlatma-kodlamasi,5,0.9813174226982264,NA,unknown,NA,NA,unknown,unknown,medium,1,1,"[0.001539, 0.000231, 0.001771, 0.000963, 0.981317, 0.001688, 0.000918, 0.001424, 0.001362, 0.000321, 0.001197, 0.000811, 0.000541, 0.002450, 0.000403, 0.000980, 0.000986, 0.000557, 0.000447, 0.000095]"
doc_01675,Surucu Koltugunda Ses Sorunu,https://www.golftutkusu.com/topic/17604-surucu-koltugunda-ses-sorunu,8,0.7949805183850785,NA,unknown,2015,NA,unknown,unknown,medium,1,1,"[0.024480, 0.006987, 0.004442, 0.014418, 0.060417, 0.006394, 0.018165, 0.794981, 0.007413, 0.005221, 0.005554, 0.006503, 0.008332, 0.007617, 0.001025, 0.003126, 0.010179, 0.005085, 0.009609, 0.000054]"
doc_01676,Surus bilgilerinin degismesi,https://www.golftutkusu.com/topic/20551-surus-bilgilerinin-degismesi,12,0.9698780146129952,NA,unknown,2014,NA,unknown,unknown,low,0,2,"[0.002828, 0.000718, 0.000369, 0.001161, 0.005561, 0.001094, 0.003287, 0.000918, 0.001082, 0.000911, 0.001850, 0.969878, 0.001239, 0.002754, 0.000786, 0.000766, 0.001310, 0.002442, 0.000992, 0.000053]"
doc_01677,TDI Stop Edince Gelen Vizilti,https://www.golftutkusu.com/topic/13193-tdi-stop-edince-gelen-vizilti,2,0.9798301204112587,NA,unknown,NA,NA,unknown,unknown,medium,0,4,"[0.000858, 0.979830, 0.002110, 0.001533, 0.003011, 0.001295, 0.001333, 0.000962, 0.001701, 0.000465, 0.000240, 0.001065, 0.001136, 0.001054, 0.000309, 0.000272, 0.000697, 0.000606, 0.001496, 0.000029]"
doc_01678,TPMS Sensor Degisimi,https://www.golftutkusu.com/topic/18121-tpms-sensor-degisimi,1,0.9520692825298442,NA,unknown,2015,NA,unknown,unknown,medium,1,5,"[0.952069, 0.000820, 0.003370, 0.002780, 0.012501, 0.002390, 0.001157, 0.002186, 0.002725, 0.001216, 0.002568, 0.002027, 0.001439, 0.002963, 0.001250, 0.000653, 0.001786, 0.001448, 0.004538, 0.000115]"
doc_01679,Tabela Okuma Kodlamasi,https://www.golftutkusu.com/topic/17559-tabela-okuma-kodlamasi,15,0.9581701967891529,NA,unknown,NA,NA,unknown,unknown,low,0,1,"[0.003211, 0.000763, 0.001765, 0.001400, 0.004912, 0.002211, 0.002723, 0.000962, 0.003418, 0.001392, 0.000969, 0.001311, 0.002040, 0.003532, 0.958170, 0.001033, 0.001805, 0.006110, 0.001811, 0.000462]"
doc_01680,"Tampon boyattim, rengi tutturamadilar...",https://www.golftutkusu.com/topic/19115-tampon-boyattim-rengi-tutturamadilar,4,0.9808436082377952,NA,unknown,NA,NA,unknown,unknown,medium,1,11,"[0.000669, 0.000319, 0.000710, 0.980844, 0.004789, 0.000983, 0.001759, 0.000914, 0.000988, 0.000475, 0.001209, 0.000633, 0.000524, 0.001190, 0.000337, 0.000877, 0.000600, 0.001179, 0.000938, 0.000063]"
doc_01681,Tampon cizigi icin lokal mi ? Komple mi? Rotus mu ?,https://www.golftutkusu.com/topic/8246-tampon-cizigi-icin-lokal-mi-komple-mi-rotus-mu,18,0.9511537907331367,NA,unknown,NA,NA,unknown,unknown,low,0,6,"[0.004997, 0.001007, 0.003468, 0.003058, 0.007290, 0.002459, 0.002978, 0.001009, 0.004102, 0.001822, 0.001126, 0.002582, 0.003037, 0.002251, 0.001428, 0.000520, 0.002881, 0.951154, 0.002816, 0.000014]"
doc_01682,Tampon tamiri ve boyasiz gocuk bilgisi olan,https://www.golftutkusu.com/topic/20727-tampon-tamiri-ve-boyasiz-gocuk-bilgisi-olan,1,0.7795621265758558,NA,unknown,NA,NA,unknown,unknown,low,0,2,"[0.779562, 0.003914, 0.017365, 0.014203, 0.059086, 0.010570, 0.005786, 0.008945, 0.013548, 0.005606, 0.010404, 0.009227, 0.006417, 0.014916, 0.004278, 0.003482, 0.007292, 0.006814, 0.018172, 0.000414]"
doc_01683,Tavandaki Gozluk Bolmesi kendi kendine aciliyor.,https://www.golftutkusu.com/topic/13578-tavandaki-gozluk-bolmesi-kendi-kendine-aciliyor,13,0.9869765765406333,NA,unknown,NA,NA,unknown,unknown,medium,1,3,"[0.000458, 0.000376, 0.000721, 0.000563, 0.001309, 0.000535, 0.000796, 0.000624, 0.000522, 0.000263, 0.000926, 0.000514, 0.986977, 0.001158, 0.000704, 0.000676, 0.000411, 0.001763, 0.000632, 0.000073]"
doc_01684,Tavandaki Lekeler,https://www.golftutkusu.com/topic/17538-tavandaki-lekeler,18,0.9700498725662732,NA,unknown,NA,NA,unknown,unknown,medium,1,15,"[0.000641, 0.000427, 0.003240, 0.001738, 0.001039, 0.002055, 0.001063, 0.000617, 0.001706, 0.000878, 0.001370, 0.001686, 0.002695, 0.001045, 0.003431, 0.002423, 0.002408, 0.970050, 0.001186, 0.000301]"
doc_01685,Tavandaki iz nasil cikar?,https://www.golftutkusu.com/topic/14176-tavandaki-iz-nasil-cikar,14,0.6810665864054293,NA,unknown,NA,NA,unknown,unknown,low,0,6,"[0.001036, 0.000967, 0.014375, 0.002295, 0.001989, 0.002931, 0.002087, 0.006091, 0.002569, 0.005751, 0.037240, 0.006295, 0.001169, 0.681067, 0.004912, 0.215166, 0.000974, 0.003874, 0.004115, 0.005098]"
doc_01686,Tekerin Kaldirimdan Dusup Aracin Yere Surtmesi,https://www.golftutkusu.com/topic/15762-tekerin-kaldirimdan-dusup-aracin-yere-surtmesi,1,0.8873634197258289,NA,unknown,NA,NA,unknown,unknown,low,0,1,"[0.887363, 0.000230, 0.001498, 0.001107, 0.002767, 0.001595, 0.000975, 0.001193, 0.000902, 0.000312, 0.088074, 0.001251, 0.001087, 0.001948, 0.002056, 0.000984, 0.001463, 0.001789, 0.001820, 0.001587]"
doc_01687,Tekerlek bilyasi yani porya bilyasinin bozulmasi,https://www.golftutkusu.com/topic/15400-tekerlek-bilyasi-yani-porya-bilyasinin-bozulmasi,13,0.7369603564444294,NA,unknown,2018,NA,unknown,unknown,medium,0,13,"[0.015403, 0.003360, 0.008995, 0.007530, 0.149024, 0.007445, 0.005145, 0.006868, 0.008088, 0.003493, 0.005875, 0.007547, 0.736960, 0.010096, 0.002078, 0.003386, 0.004245, 0.006224, 0.007948, 0.000289]"
doc_01688,Tekerlerden Gelen Ses,https://www.golftutkusu.com/topic/19508-tekerlerden-gelen-ses,18,0.8524673960490553,NA,unknown,NA,NA,unknown,unknown,high,1,9,"[0.009134, 0.002506, 0.008764, 0.006545, 0.041861, 0.005692, 0.010309, 0.002764, 0.007367, 0.004322, 0.003180, 0.008941, 0.006986, 0.008399, 0.002703, 0.001288, 0.011866, 0.852467, 0.004866, 0.000037]"
doc_01689,Tekrarlayan motor lambasi,https://www.golftutkusu.com/topic/27574-tekrarlayan-motor-lambasi,7,0.6434918912042293,1.6,diesel,NA,NA,unknown,1.6_TDI,high,1,4,"[0.004725, 0.001673, 0.007778, 0.014066, 0.015556, 0.005600, 0.643492, 0.003419, 0.008030, 0.001956, 0.254111, 0.004999, 0.003695, 0.012153, 0.000732, 0.003465, 0.004879, 0.003403, 0.006032, 0.000234]"
doc_01690,Termostat kapagindan su kacagi,https://www.golftutkusu.com/topic/18601-termostat-kapagindan-su-kacagi,8,0.7781763448302487,NA,unknown,NA,NA,unknown,unknown,high,2,10,"[0.002567, 0.110745, 0.000967, 0.007326, 0.006853, 0.002090, 0.001562, 0.778176, 0.002811, 0.005013, 0.005467, 0.000723, 0.002308, 0.003393, 0.001107, 0.053769, 0.002816, 0.007942, 0.003585, 0.000782]"
doc_01691,Teyip kapali ekrandayken muzik calmak,https://www.golftutkusu.com/topic/14893-teyip-kapali-ekrandayken-muzik-calmak,19,0.7478519548792127,NA,unknown,NA,NA,unknown,unknown,low,0,2,"[0.018982, 0.006582, 0.018271, 0.027513, 0.049514, 0.014696, 0.007755, 0.007619, 0.022244, 0.006987, 0.010425, 0.013202, 0.010314, 0.014025, 0.003370, 0.003836, 0.006343, 0.010028, 0.747852, 0.000444]"
doc_01692,Teyp isaret-isaretleme alani renk degisikligi sorunu,https://www.golftutkusu.com/topic/15408-teyp-isaret-isaretleme-alani-renk-degisikligi-sorunu,4,0.6800607866793811,NA,unknown,NA,NA,unknown,unknown,low,0,4,"[0.003942, 0.001085, 0.003841, 0.680061, 0.272377, 0.003533, 0.001993, 0.003504, 0.004224, 0.001541, 0.002758, 0.003594, 0.001493, 0.005789, 0.000382, 0.001576, 0.001898, 0.001519, 0.004800, 0.000090]"
doc_01693,Teyp kendiliginden kapanip - aciliyor,https://www.golftutkusu.com/topic/9605-teyp-kendiliginden-kapanip-aciliyor,11,0.9825135627134634,NA,unknown,NA,NA,unknown,unknown,low,0,3,"[0.000896, 0.000096, 0.000884, 0.001189, 0.001298, 0.001404, 0.001237, 0.000554, 0.000802, 0.000085, 0.982514, 0.001075, 0.000941, 0.001570, 0.000301, 0.001092, 0.001017, 0.001362, 0.001094, 0.000589]"
doc_01694,Titreme - sol fan asiri sicak ufleme,https://www.golftutkusu.com/topic/9723-titreme-sol-fan-asiri-sicak-ufleme,19,0.9721703704857977,1.2,petrol,2014,NA,unknown,1.2_TSI,low,0,4,"[0.000544, 0.000692, 0.005138, 0.001077, 0.000244, 0.001286, 0.000296, 0.001215, 0.001378, 0.001961, 0.002080, 0.001337, 0.000404, 0.000436, 0.002974, 0.000870, 0.000409, 0.003203, 0.972170, 0.002287]"
doc_01695,Torpido Altindan Dusen Parca,https://www.golftutkusu.com/topic/11155-torpido-altindan-dusen-parca,9,0.9285904167076627,NA,unknown,NA,NA,unknown,unknown,low,0,1,"[0.000445, 0.000965, 0.005701, 0.000928, 0.000540, 0.001502, 0.000705, 0.000945, 0.928590, 0.003027, 0.001779, 0.001501, 0.000316, 0.000598, 0.033360, 0.002333, 0.000710, 0.006629, 0.004353, 0.005072]"
doc_01696,Torpido Isigi- Plaka Aydinlatma LED-Stage 1.,https://www.golftutkusu.com/topic/25267-torpido-isigi-plaka-aydinlatma-led-stage-1,8,0.9925952122310662,NA,unknown,NA,NA,unknown,unknown,low,0,4,"[0.000209, 0.000252, 0.000719, 0.000283, 0.000246, 0.000301, 0.000142, 0.992595, 0.000132, 0.000465, 0.000712, 0.000372, 0.000132, 0.000117, 0.000585, 0.001077, 0.000295, 0.000503, 0.000501, 0.000360]"
doc_01697,Torpido gozu esrarengiz olayi !,https://www.golftutkusu.com/topic/10980-torpido-gozu-esrarengiz-olayi,15,0.9899628985542218,NA,unknown,NA,30000,30-60k,unknown,high,2,16,"[0.000150, 0.000890, 0.000172, 0.000242, 0.000056, 0.000211, 0.000236, 0.000077, 0.000082, 0.001175, 0.000315, 0.000151, 0.000185, 0.000083, 0.989963, 0.001665, 0.000244, 0.002534, 0.000372, 0.001199]"
doc_01698,Trafikte uyari sesi geliyor,https://www.golftutkusu.com/topic/15621-trafikte-uyari-sesi-geliyor,15,0.946059564910229,1.6,diesel,2016,NA,unknown,1.6_TDI,high,0,8,"[0.000281, 0.000250, 0.000732, 0.000172, 0.000085, 0.000368, 0.000249, 0.000311, 0.000408, 0.045638, 0.000141, 0.000463, 0.000144, 0.000220, 0.946060, 0.000315, 0.000259, 0.001262, 0.000867, 0.001775]"
doc_01699,Triger Bakimi Sonrasi Cikan Ses?,https://www.golftutkusu.com/topic/21557-triger-bakimi-sonrasi-cikan-ses,4,0.977269726180729,1.6,diesel,2015,NA,unknown,1.6_TDI,high,0,13,"[0.000514, 0.000594, 0.003631, 0.977270, 0.001192, 0.000947, 0.000419, 0.001862, 0.001473, 0.001817, 0.001523, 0.001462, 0.000150, 0.000514, 0.000274, 0.000675, 0.000368, 0.000941, 0.004209, 0.000167]"
doc_01700,Triger Degisimi Sonrasi Sesli Calisma!!,https://www.golftutkusu.com/topic/14192-triger-degisimi-sonrasi-sesli-calisma,15,0.873500379576791,1.6,diesel,2016,54000,30-60k,1.6_TDI,high,2,12,"[0.000745, 0.005833, 0.000170, 0.000619, 0.000350, 0.000881, 0.000412, 0.000404, 0.000852, 0.001581, 0.001233, 0.000152, 0.000749, 0.000935, 0.873500, 0.002709, 0.000567, 0.006101, 0.001037, 0.101171]"
doc_01701,Triger Kayisi Degisimi,https://www.golftutkusu.com/topic/17821-triger-kayisi-degisimi,6,0.39370888627108563,1.4,petrol,2013,100000,90-120k,1.4_TSI,high,0,40,"[0.003971, 0.000560, 0.112616, 0.003287, 0.025956, 0.393709, 0.003903, 0.007702, 0.359853, 0.005350, 0.013407, 0.006744, 0.000355, 0.004732, 0.004731, 0.006451, 0.000459, 0.014023, 0.030747, 0.001444]"
doc_01702,Triger degisimi,https://www.golftutkusu.com/topic/16937-triger-degisimi,9,0.9716540676287129,1.6,diesel,2014,5000,0-30k,1.6_TDI,high,1,45,"[0.001144, 0.000705, 0.001960, 0.002487, 0.006875, 0.001529, 0.001339, 0.000580, 0.971654, 0.000813, 0.001093, 0.001174, 0.000764, 0.001498, 0.000539, 0.001175, 0.000850, 0.001470, 0.002288, 0.000063]"
doc_01703,Triger devir daim set degisimi sonrasi su atmasi,https://www.golftutkusu.com/topic/23310-triger-devir-daim-set-degisimi-sonrasi-su-atmasi,10,0.9155595266114422,1.6,diesel,NA,NA,unknown,1.6_TDI,low,0,7,"[0.002365, 0.001998, 0.013849, 0.004787, 0.003853, 0.003059, 0.002160, 0.006227, 0.006118, 0.915560, 0.002257, 0.008209, 0.000722, 0.002498, 0.002425, 0.003453, 0.002577, 0.004075, 0.013070, 0.000738]"
doc_01704,Triger yag terlemesi ve arac sesi degisimi,https://www.golftutkusu.com/topic/25840-triger-yag-terlemesi-ve-arac-sesi-degisimi,14,0.9770099262575801,1.2,petrol,NA,1000,0-30k,1.2_TSI,high,1,11,"[0.001921, 0.000320, 0.000714, 0.000655, 0.007934, 0.001279, 0.001755, 0.000822, 0.001589, 0.000392, 0.000939, 0.001075, 0.000769, 0.977010, 0.000297, 0.000426, 0.000270, 0.000967, 0.000849, 0.000015]"
doc_01705,Trip sifirlama dugmesi calismiyor,https://www.golftutkusu.com/topic/21421-trip-sifirlama-dugmesi-calismiyor,1,0.7449278390012598,1.6,diesel,2015,NA,unknown,1.6_TDI,low,0,2,"[0.744928, 0.002750, 0.005264, 0.005097, 0.176918, 0.005632, 0.008208, 0.005104, 0.006717, 0.003107, 0.004363, 0.004211, 0.003110, 0.007443, 0.001565, 0.000632, 0.005074, 0.002594, 0.007186, 0.000097]"
doc_01706,Turbo basinc saati,https://www.golftutkusu.com/topic/24865-turbo-basinc-saati,1,0.6884008398806706,NA,unknown,NA,NA,unknown,unknown,low,0,6,"[0.688401, 0.000586, 0.002102, 0.001519, 0.277103, 0.003451, 0.002757, 0.004201, 0.003294, 0.000681, 0.001338, 0.001941, 0.001166, 0.004552, 0.000894, 0.000512, 0.001568, 0.001443, 0.002413, 0.000079]"
doc_01707,Turbodan Gelen Ses,https://www.golftutkusu.com/topic/20877-turbodan-gelen-ses,5,0.9297273590057812,1.6,diesel,2013,55000,30-60k,1.6_TDI,low,0,1,"[0.017502, 0.001738, 0.003747, 0.003463, 0.929727, 0.004917, 0.005800, 0.003502, 0.005152, 0.001693, 0.002287, 0.003210, 0.001994, 0.007020, 0.000475, 0.000564, 0.003165, 0.001227, 0.002770, 0.000047]"
doc_01708,Tus takimi sorunu,https://www.golftutkusu.com/topic/17935-tus-takimi-sorunu,1,0.7186982205263832,NA,unknown,NA,NA,unknown,unknown,low,0,6,"[0.718698, 0.001571, 0.000010, 0.001288, 0.165899, 0.001431, 0.000819, 0.001109, 0.096825, 0.000652, 0.000436, 0.000008, 0.000030, 0.001859, 0.001471, 0.002816, 0.001996, 0.000702, 0.000802, 0.001577]"
doc_01709,U Led Far Ampul Secimi,https://www.golftutkusu.com/topic/27868-u-led-far-ampul-secimi,19,0.572214536189879,NA,unknown,NA,NA,unknown,unknown,low,0,1,"[0.341087, 0.003161, 0.004005, 0.005471, 0.028655, 0.003891, 0.005091, 0.003215, 0.006154, 0.003129, 0.003864, 0.003445, 0.003462, 0.005037, 0.001668, 0.000342, 0.003139, 0.002865, 0.572215, 0.000105]"
doc_01710,U Led Uzun Far Aydinlatma Mesafesi,https://www.golftutkusu.com/topic/15504-u-led-uzun-far-aydinlatma-mesafesi,5,0.8717834284793791,NA,unknown,NA,NA,unknown,unknown,low,0,6,"[0.016998, 0.002324, 0.011380, 0.009793, 0.871783, 0.011763, 0.004491, 0.007260, 0.013550, 0.002862, 0.005488, 0.006503, 0.003674, 0.013089, 0.001226, 0.003130, 0.004964, 0.002659, 0.006844, 0.000218]"
doc_01711,U Led farlarim icin tavsiye,https://www.golftutkusu.com/topic/9814-u-led-farlarim-icin-tavsiye,1,0.9885728197568255,NA,unknown,NA,NA,unknown,unknown,low,0,3,"[0.988573, 0.000229, 0.000445, 0.000297, 0.002705, 0.000578, 0.000678, 0.000459, 0.000294, 0.000274, 0.000806, 0.000367, 0.000421, 0.000561, 0.000999, 0.000127, 0.000623, 0.000719, 0.000664, 0.000181]"
doc_01712,U Led ve Sis Fari Hk.,https://www.golftutkusu.com/topic/9060-u-led-ve-sis-fari-hk,11,0.9283665952248235,NA,unknown,NA,NA,unknown,unknown,medium,1,14,"[0.008005, 0.000602, 0.002027, 0.004432, 0.014914, 0.002852, 0.010513, 0.002079, 0.003945, 0.000456, 0.928367, 0.002822, 0.002071, 0.006731, 0.000149, 0.000573, 0.003696, 0.001641, 0.004068, 0.000057]"
doc_01713,U led  far,https://www.golftutkusu.com/topic/16080-u-led-far,18,0.72622542787918,NA,unknown,NA,NA,unknown,unknown,low,0,2,"[0.000076, 0.000919, 0.000427, 0.000609, 0.000115, 0.000444, 0.000182, 0.000531, 0.000504, 0.000828, 0.001042, 0.000152, 0.000519, 0.000423, 0.001103, 0.264476, 0.000442, 0.726225, 0.000214, 0.000769]"
doc_01714,U led medyadan kapatma,https://www.golftutkusu.com/topic/8477-u-led-medyadan-kapatma,7,0.9302815153683793,NA,unknown,2014,NA,unknown,unknown,low,0,1,"[0.006611, 0.002780, 0.002680, 0.004216, 0.019647, 0.003289, 0.930282, 0.002201, 0.004845, 0.003006, 0.002716, 0.002495, 0.002266, 0.003865, 0.000695, 0.000687, 0.002729, 0.001941, 0.003009, 0.000041]"
doc_01715,U led parca kodu hakkinda yardim.,https://www.golftutkusu.com/topic/18455-u-led-parca-kodu-hakkinda-yardim,9,0.8820995438783668,NA,unknown,NA,NA,unknown,unknown,high,2,19,"[0.000392, 0.001046, 0.004912, 0.001211, 0.000642, 0.001552, 0.000986, 0.001153, 0.882100, 0.074464, 0.001777, 0.001847, 0.000336, 0.000711, 0.005001, 0.003431, 0.001346, 0.006908, 0.003454, 0.006732]"
doc_01716,USB Soket Kablosu,https://www.golftutkusu.com/topic/13425-usb-soket-kablosu,8,0.35226528858576645,NA,unknown,NA,NA,unknown,unknown,low,0,2,"[0.013649, 0.008559, 0.004866, 0.012495, 0.046242, 0.006489, 0.196455, 0.352265, 0.299189, 0.006200, 0.006372, 0.005379, 0.005588, 0.008797, 0.001699, 0.004584, 0.007709, 0.005653, 0.007723, 0.000085]"
doc_01717,UZUN YOLDA ATESLEME BOBINI ARIZASI (cozuldu),https://www.golftutkusu.com/topic/12190-uzun-yolda-atesleme-bobini-arizasi-cozuldu,5,0.9813082647074924,1.2,petrol,2013,110000,90-120k,1.2_TSI,high,5,35,"[0.001508, 0.000225, 0.001699, 0.000954, 0.981308, 0.001750, 0.000895, 0.001422, 0.001309, 0.000319, 0.001226, 0.000812, 0.000535, 0.002548, 0.000393, 0.000992, 0.001028, 0.000555, 0.000430, 0.000093]"
doc_01718,Ufak ama can sikici bir kaza,https://www.golftutkusu.com/topic/12375-ufak-ama-can-sikici-bir-kaza,10,0.40403543447275625,NA,unknown,NA,NA,unknown,unknown,low,0,5,"[0.005214, 0.013894, 0.007552, 0.013331, 0.385629, 0.006033, 0.004225, 0.005725, 0.004122, 0.404035, 0.009062, 0.006306, 0.001821, 0.006905, 0.004247, 0.100830, 0.005999, 0.007414, 0.006389, 0.001265]"
doc_01719,Ugultu Problemi,https://www.golftutkusu.com/topic/26773-ugultu-problemi,15,0.9817051079666688,1.6,diesel,NA,167000,150-180k,1.6_TDI,high,3,9,"[0.000397, 0.002487, 0.000076, 0.000325, 0.000166, 0.000398, 0.000227, 0.000257, 0.000445, 0.000916, 0.000518, 0.000075, 0.000414, 0.000625, 0.981705, 0.001686, 0.000319, 0.004441, 0.000497, 0.004027]"
doc_01720,Usb Okuma Problemi 6.5 Media,https://www.golftutkusu.com/topic/13654-usb-okuma-problemi-6-5-media,10,0.8470993618852811,NA,unknown,NA,NA,unknown,unknown,low,0,3,"[0.005915, 0.002847, 0.006001, 0.012024, 0.033752, 0.006034, 0.013733, 0.004131, 0.013837, 0.847099, 0.002067, 0.007389, 0.005858, 0.011641, 0.002346, 0.003970, 0.006397, 0.006056, 0.008699, 0.000205]"
doc_01721,Uzun far kullanimi sonrasi kisa far hatasi,https://www.golftutkusu.com/topic/22908-uzun-far-kullanimi-sonrasi-kisa-far-hatasi,2,0.9322796399293077,NA,unknown,NA,NA,unknown,unknown,medium,1,3,"[0.002954, 0.932280, 0.006907, 0.004874, 0.011159, 0.004071, 0.003909, 0.002948, 0.006004, 0.001556, 0.000939, 0.003482, 0.003626, 0.003633, 0.000980, 0.000968, 0.002364, 0.002092, 0.005164, 0.000091]"
doc_01722,Uzun far sorunu,https://www.golftutkusu.com/topic/22791-uzun-far-sorunu,5,0.6029262079771079,1.4,petrol,2013,NA,unknown,1.4_TSI,low,0,2,"[0.005558, 0.001098, 0.004841, 0.003163, 0.602926, 0.004688, 0.004013, 0.005526, 0.004736, 0.002028, 0.005544, 0.003098, 0.001962, 0.005302, 0.001952, 0.003143, 0.334120, 0.004412, 0.001568, 0.000321]"
doc_01723,V Kayisi Cevresinde Yaglanma,https://www.golftutkusu.com/topic/10312-v-kayisi-cevresinde-yaglanma,6,0.9923540539961466,1.2,petrol,NA,10000,0-30k,1.2_TSI,high,3,21,"[0.000227, 0.000194, 0.000309, 0.000386, 0.000964, 0.992354, 0.000389, 0.000193, 0.000296, 0.000164, 0.000524, 0.000359, 0.000340, 0.000387, 0.000543, 0.000451, 0.000279, 0.001017, 0.000330, 0.000295]"
doc_01724,VCDS 09: Cent. Elect. 2 adet hata aliyorum loglara bakarak yardimci olabilir misiniz?,https://www.golftutkusu.com/topic/16249-vcds-09-cent-elect-2-adet-hata-aliyorum-loglara-bakarak-yardimci-olabilir-misiniz,14,0.47437791919717515,NA,unknown,NA,86322,60-90k,unknown,low,0,3,"[0.071370, 0.016550, 0.018104, 0.025377, 0.140173, 0.020338, 0.045449, 0.012422, 0.033592, 0.014662, 0.019610, 0.021950, 0.018491, 0.474378, 0.004867, 0.003822, 0.013600, 0.017065, 0.027949, 0.000231]"
doc_01725,VCDS 19.6 kurulum Hk.,https://www.golftutkusu.com/topic/16287-vcds-19-6-kurulum-hk,11,0.9973874523800544,NA,unknown,NA,NA,unknown,unknown,low,0,2,"[0.000164, 0.000010, 0.000140, 0.000149, 0.000191, 0.000185, 0.000187, 0.000088, 0.000124, 0.000008, 0.997387, 0.000149, 0.000132, 0.000273, 0.000035, 0.000169, 0.000179, 0.000193, 0.000137, 0.000100]"
doc_01726,VCDS Sis Iptali,https://www.golftutkusu.com/topic/26645-vcds-sis-iptali,8,0.6674767801775493,NA,unknown,NA,NA,unknown,unknown,medium,1,2,"[0.003566, 0.000927, 0.002217, 0.002903, 0.303233, 0.002394, 0.001313, 0.667477, 0.002065, 0.000807, 0.001487, 0.001749, 0.001241, 0.002477, 0.000233, 0.002025, 0.001811, 0.000628, 0.001412, 0.000036]"
doc_01727,VCDS ile DSG basincini olcme,https://www.golftutkusu.com/topic/24769-vcds-ile-dsg-basincini-olcme,13,0.976952347297834,NA,unknown,2016,50000,30-60k,unknown,high,3,32,"[0.000951, 0.000619, 0.001394, 0.001127, 0.007381, 0.000984, 0.000683, 0.000917, 0.001210, 0.000459, 0.000782, 0.001143, 0.976952, 0.001413, 0.000334, 0.000528, 0.000499, 0.001248, 0.001332, 0.000045]"
doc_01728,Vagcom kablo onerisi,https://www.golftutkusu.com/topic/11565-vagcom-kablo-onerisi,5,0.9836545016317336,NA,unknown,2014,NA,unknown,unknown,low,0,1,"[0.001916, 0.000275, 0.001779, 0.001225, 0.983655, 0.001613, 0.000535, 0.001072, 0.001582, 0.000342, 0.000699, 0.000963, 0.000450, 0.001671, 0.000128, 0.000416, 0.000716, 0.000243, 0.000688, 0.000032]"
doc_01729,Varta aku sorunsali,https://www.golftutkusu.com/topic/9408-varta-aku-sorunsali,18,0.4909344730176568,NA,unknown,2014,45000,30-60k,unknown,high,3,126,"[0.019263, 0.005733, 0.012857, 0.012082, 0.047559, 0.013878, 0.251793, 0.008198, 0.015600, 0.008765, 0.018119, 0.008402, 0.013819, 0.026947, 0.012243, 0.006246, 0.019368, 0.490934, 0.007891, 0.000301]"
doc_01730,Vcds den kisa farlar ve gunduz farlari gitti yardiminiza ihtiyacim var.,https://www.golftutkusu.com/topic/26456-vcds-den-kisa-farlar-ve-gunduz-farlari-gitti-yardiminiza-ihtiyacim-var,6,0.552522640257358,NA,unknown,2013,NA,unknown,unknown,low,0,9,"[0.007408, 0.001433, 0.005516, 0.004652, 0.367393, 0.552523, 0.004091, 0.004058, 0.004717, 0.001520, 0.006868, 0.003878, 0.002389, 0.015524, 0.002575, 0.004148, 0.003606, 0.004492, 0.002612, 0.000595]"
doc_01731,Vcds kablo,https://www.golftutkusu.com/topic/22754-vcds-kablo,2,0.700031436555913,NA,unknown,NA,NA,unknown,unknown,low,0,10,"[0.000045, 0.700031, 0.000698, 0.000530, 0.000037, 0.000331, 0.000248, 0.000145, 0.000095, 0.000887, 0.000366, 0.000262, 0.000378, 0.000062, 0.001368, 0.001511, 0.000554, 0.291750, 0.000393, 0.000309]"
doc_01732,Viraj Aydinlatmasi Arizasi,https://www.golftutkusu.com/topic/13731-viraj-aydinlatmasi-arizasi,18,0.6950540888786981,NA,unknown,2015,NA,unknown,unknown,low,0,2,"[0.002372, 0.001071, 0.006373, 0.004887, 0.223580, 0.008432, 0.003493, 0.003270, 0.004307, 0.003561, 0.002619, 0.004297, 0.005004, 0.003445, 0.014453, 0.005122, 0.004151, 0.695054, 0.002436, 0.002071]"
doc_01733,Viraj aydinlatma farlari devre disi kaldi,https://www.golftutkusu.com/topic/8544-viraj-aydinlatma-farlari-devre-disi-kaldi,12,0.8441403862643396,NA,unknown,NA,NA,unknown,unknown,medium,1,1,"[0.001108, 0.000960, 0.001918, 0.002584, 0.003336, 0.016614, 0.001551, 0.000953, 0.002074, 0.001531, 0.003062, 0.844140, 0.002547, 0.002152, 0.003733, 0.003141, 0.002487, 0.103214, 0.002049, 0.000844]"
doc_01734,Viraj lambasi (AFS) sorunu,https://www.golftutkusu.com/topic/16886-viraj-lambasi-afs-sorunu,5,0.3734101925783622,NA,unknown,2013,NA,unknown,unknown,medium,1,4,"[0.020634, 0.006771, 0.022531, 0.027859, 0.373410, 0.022384, 0.017225, 0.014367, 0.030741, 0.314093, 0.007238, 0.024609, 0.011510, 0.030696, 0.005358, 0.010351, 0.019625, 0.018018, 0.022041, 0.000536]"
doc_01735,Vites Gecislerindeki Zorlanma,https://www.golftutkusu.com/topic/16012-vites-gecislerindeki-zorlanma,6,0.9740676724527881,1.4,petrol,2014,93000,90-120k,1.4_TSI,high,2,54,"[0.001273, 0.000666, 0.001115, 0.002012, 0.007818, 0.974068, 0.000995, 0.000703, 0.001625, 0.000574, 0.001046, 0.001262, 0.000799, 0.001579, 0.000348, 0.000570, 0.000660, 0.001140, 0.001683, 0.000064]"
doc_01736,Vites Kolu Titremesi,https://www.golftutkusu.com/topic/13024-vites-kolu-titremesi,7,0.9698573291513523,NA,unknown,2016,102000,90-120k,unknown,high,2,15,"[0.000164, 0.006596, 0.000753, 0.001570, 0.000459, 0.000447, 0.969857, 0.000519, 0.000236, 0.003604, 0.003038, 0.000275, 0.000268, 0.000371, 0.001828, 0.006161, 0.000853, 0.002153, 0.000529, 0.000319]"
doc_01737,Vites degistirme  uyari  yazisi sorunu,https://www.golftutkusu.com/topic/18402-vites-degistirme-uyari-yazisi-sorunu,4,0.8803289372119922,NA,unknown,NA,NA,unknown,unknown,high,1,4,"[0.001650, 0.000739, 0.002975, 0.880329, 0.004033, 0.002527, 0.002378, 0.001843, 0.002946, 0.001457, 0.002889, 0.001881, 0.001900, 0.002525, 0.001984, 0.002874, 0.002278, 0.080168, 0.002496, 0.000129]"
doc_01738,Vites kolunu P konumuna Getirin!,https://www.golftutkusu.com/topic/27009-vites-kolunu-p-konumuna-getirin,4,0.9815850217219632,NA,unknown,NA,NA,unknown,unknown,low,0,1,"[0.000673, 0.000342, 0.000715, 0.981585, 0.002766, 0.000991, 0.001305, 0.000989, 0.001142, 0.000523, 0.001455, 0.000755, 0.000562, 0.001257, 0.000393, 0.001031, 0.000709, 0.001656, 0.001086, 0.000065]"
doc_01739,Vites onu esya gozunun kapaginin bazen acilmamasi,https://www.golftutkusu.com/topic/10468-vites-onu-esya-gozunun-kapaginin-bazen-acilmamasi,1,0.864758581004006,NA,unknown,NA,NA,unknown,unknown,low,0,10,"[0.864759, 0.014371, 0.000028, 0.009075, 0.042796, 0.008638, 0.002943, 0.005601, 0.007475, 0.005204, 0.000688, 0.000048, 0.000176, 0.005627, 0.003177, 0.008948, 0.009189, 0.002330, 0.006056, 0.002873]"
doc_01740,Vogtland yay surtme sorunu,https://www.golftutkusu.com/topic/26497-vogtland-yay-surtme-sorunu,14,0.5635990436124316,1.4,petrol,NA,NA,unknown,1.4_TSI,medium,0,5,"[0.001083, 0.009470, 0.000618, 0.001902, 0.002005, 0.002240, 0.000894, 0.000945, 0.001590, 0.006411, 0.008191, 0.000510, 0.001563, 0.563599, 0.007262, 0.010741, 0.000852, 0.006018, 0.002101, 0.372003]"
doc_01741,Volan dislisi,https://www.golftutkusu.com/topic/23427-volan-dislisi,7,0.9612697686195502,NA,unknown,2015,NA,unknown,unknown,medium,0,2,"[0.001169, 0.000957, 0.002415, 0.002331, 0.005731, 0.002005, 0.961270, 0.001689, 0.002516, 0.001362, 0.003360, 0.001122, 0.001350, 0.003059, 0.001449, 0.002785, 0.001800, 0.002439, 0.001035, 0.000156]"
doc_01742,Volkswagen'in klima gorsellerinde yaptigi hata..,https://www.golftutkusu.com/topic/24126-volkswagenin-klima-gorsellerinde-yaptigi-hata,14,0.9315037331612707,NA,unknown,2014,NA,unknown,unknown,medium,1,24,"[0.008201, 0.001715, 0.002459, 0.002755, 0.022302, 0.002701, 0.005305, 0.001386, 0.003592, 0.002064, 0.003456, 0.002897, 0.002320, 0.931504, 0.000656, 0.000582, 0.001305, 0.001746, 0.003029, 0.000029]"
doc_01743,Xenon ampullerden biri sari yaniyor,https://www.golftutkusu.com/topic/17705-xenon-ampullerden-biri-sari-yaniyor,5,0.937168241266905,NA,unknown,NA,NA,unknown,unknown,low,0,1,"[0.003746, 0.003341, 0.000479, 0.000671, 0.937168, 0.000633, 0.000082, 0.002063, 0.000764, 0.000841, 0.001299, 0.000113, 0.000109, 0.000988, 0.000038, 0.042216, 0.002443, 0.001707, 0.000130, 0.001168]"
doc_01744,YAG EKSILTME SORUNUM !,https://www.golftutkusu.com/topic/15997-yag-eksiltme-sorunum,5,0.8613798561112133,1.2,petrol,2014,121000,120-150k,1.2_TSI,high,2,2,"[0.004889, 0.001072, 0.004280, 0.003987, 0.861380, 0.090317, 0.001634, 0.002681, 0.005624, 0.001274, 0.002454, 0.002979, 0.001535, 0.006315, 0.000651, 0.001330, 0.002795, 0.001309, 0.003356, 0.000140]"
doc_01745,YAG SENSORU ARIZA!,https://www.golftutkusu.com/topic/13073-yag-sensoru-ariza,8,0.9792418794369903,NA,unknown,2015,NA,unknown,unknown,medium,1,6,"[0.000382, 0.004471, 0.000067, 0.000913, 0.000599, 0.000385, 0.000236, 0.979242, 0.000158, 0.000652, 0.001623, 0.000084, 0.000469, 0.000420, 0.000821, 0.005009, 0.000685, 0.002217, 0.000419, 0.001150]"
doc_01746,YAN AYNALAR,https://www.golftutkusu.com/topic/26615-yan-aynalar,10,0.7202744929135153,NA,unknown,NA,NA,unknown,unknown,low,0,2,"[0.002663, 0.001321, 0.006481, 0.003966, 0.004669, 0.005077, 0.006733, 0.003204, 0.006455, 0.720274, 0.001741, 0.006673, 0.005326, 0.004560, 0.046549, 0.152622, 0.004895, 0.010177, 0.003166, 0.003448]"
doc_01747,YARDIM golf 7.5 Taiwan J Led far ampulu sondu,https://www.golftutkusu.com/topic/20385-yardim-golf-7-5-taiwan-j-led-far-ampulu-sondu,20,0.9691155923250357,NA,unknown,2020,NA,unknown,other,low,0,6,"[0.000611, 0.000535, 0.005227, 0.000751, 0.000477, 0.001878, 0.000502, 0.000885, 0.001227, 0.001772, 0.003445, 0.001967, 0.000430, 0.000462, 0.004545, 0.001226, 0.000566, 0.001533, 0.002846, 0.969116]"
doc_01748,YEDEK KUMANDA CALISMIYOR,https://www.golftutkusu.com/topic/9222-yedek-kumanda-calismiyor,2,0.9888023433402883,NA,unknown,NA,NA,unknown,unknown,low,0,4,"[0.000220, 0.988802, 0.000194, 0.000598, 0.000435, 0.000336, 0.000397, 0.000721, 0.000465, 0.000572, 0.000694, 0.000066, 0.000329, 0.000864, 0.000740, 0.001626, 0.000396, 0.001515, 0.000474, 0.000556]"
doc_01749,YOL SESI VE ARAC ICI GURULTU.,https://www.golftutkusu.com/topic/15697-yol-sesi-ve-arac-ici-gurultu,3,0.9378891892814156,1.2,petrol,2013,NA,unknown,1.2_TSI,high,1,12,"[0.002120, 0.001878, 0.937889, 0.002078, 0.007797, 0.002775, 0.002853, 0.001219, 0.003445, 0.000679, 0.003360, 0.001318, 0.002926, 0.003269, 0.002623, 0.008216, 0.001994, 0.009301, 0.002911, 0.001350]"
doc_01750,Yag Basinci Uyarisi,https://www.golftutkusu.com/topic/19071-yag-basinci-uyarisi,18,0.9646314916193415,NA,unknown,NA,215000,210k+,unknown,high,1,7,"[0.001160, 0.000450, 0.004960, 0.002162, 0.002143, 0.001847, 0.001654, 0.000980, 0.002421, 0.001067, 0.001833, 0.001407, 0.002229, 0.002013, 0.002845, 0.002252, 0.002500, 0.964631, 0.001377, 0.000068]"
doc_01751,Yag Seviyesini Kontrol Edin Uyarisi,https://www.golftutkusu.com/topic/23205-yag-seviyesini-kontrol-edin-uyarisi,1,0.9307227840717783,1.6,diesel,2015,12000,0-30k,1.6_TDI,high,2,9,"[0.930723, 0.001196, 0.004914, 0.003777, 0.017934, 0.003415, 0.001742, 0.003042, 0.003846, 0.001852, 0.003749, 0.003499, 0.001999, 0.004304, 0.001730, 0.000978, 0.002397, 0.002096, 0.006649, 0.000159]"
doc_01752,Yag bakimi,https://www.golftutkusu.com/topic/8788-yag-bakimi,10,0.9720370168298924,1.2,petrol,2016,NA,unknown,1.2_TSI,medium,0,18,"[0.000321, 0.001795, 0.000384, 0.001661, 0.000541, 0.000419, 0.001478, 0.000570, 0.000234, 0.972037, 0.001195, 0.000485, 0.000288, 0.000525, 0.002287, 0.009702, 0.001345, 0.003390, 0.000966, 0.000375]"
doc_01753,Yag basinc sensoru arizasi,https://www.golftutkusu.com/topic/26258-yag-basinc-sensoru-arizasi,6,0.5376663463714791,NA,unknown,2016,3000,0-30k,unknown,high,1,1,"[0.000379, 0.004703, 0.000152, 0.000841, 0.000897, 0.537666, 0.000355, 0.000421, 0.000572, 0.001048, 0.002330, 0.000159, 0.000500, 0.000823, 0.002379, 0.003640, 0.000441, 0.002643, 0.000793, 0.439257]"
doc_01754,Yag cubugunu cekince gelen metal sesi,https://www.golftutkusu.com/topic/18984-yag-cubugunu-cekince-gelen-metal-sesi,10,0.9833623254509788,NA,unknown,2014,NA,unknown,unknown,medium,0,6,"[0.000105, 0.001069, 0.000185, 0.000809, 0.000110, 0.000285, 0.000592, 0.000193, 0.000085, 0.983362, 0.000502, 0.000344, 0.000206, 0.000136, 0.002011, 0.005134, 0.000718, 0.002623, 0.000570, 0.000960]"
doc_01755,Yag deyistirme ve muayne ye 2600 km kaldi,https://www.golftutkusu.com/topic/9694-yag-deyistirme-ve-muayne-ye-2600-km-kaldi,10,0.9801628383006528,NA,unknown,NA,NA,unknown,unknown,low,0,3,"[0.000130, 0.001306, 0.000224, 0.000925, 0.000134, 0.000345, 0.000690, 0.000233, 0.000101, 0.980163, 0.000599, 0.000422, 0.000251, 0.000162, 0.002633, 0.005976, 0.000841, 0.002918, 0.000729, 0.001217]"
doc_01756,Yag dolum kapagi ve etrafinda yag kalintisi,https://www.golftutkusu.com/topic/25775-yag-dolum-kapagi-ve-etrafinda-yag-kalintisi,3,0.3720291645399953,1.4,petrol,NA,NA,unknown,1.4_TSI,medium,0,5,"[0.015123, 0.008173, 0.372029, 0.019770, 0.039568, 0.019046, 0.008213, 0.005985, 0.032227, 0.005973, 0.009260, 0.012209, 0.013542, 0.011393, 0.005353, 0.009621, 0.009831, 0.358420, 0.043925, 0.000339]"
doc_01757,Yag eksiltme,https://www.golftutkusu.com/topic/18143-yag-eksiltme,5,0.5111908736426711,1.2,petrol,2013,137500,120-150k,1.2_TSI,high,1,19,"[0.001984, 0.005666, 0.001077, 0.001767, 0.511191, 0.005206, 0.000631, 0.001437, 0.001752, 0.001324, 0.020724, 0.000499, 0.001221, 0.002727, 0.005039, 0.004298, 0.001992, 0.012856, 0.001336, 0.417274]"
doc_01758,Yag eksiltme,https://www.golftutkusu.com/topic/25885-yag-eksiltme,20,0.9684831868276381,1.4,petrol,NA,3000,0-30k,1.4_TSI,high,2,8,"[0.002350, 0.000461, 0.001852, 0.001166, 0.004264, 0.002140, 0.001688, 0.000477, 0.002115, 0.000653, 0.002648, 0.001171, 0.001506, 0.001631, 0.003044, 0.000796, 0.000980, 0.000924, 0.001652, 0.968483]"
doc_01759,Yag eksiltmesi sonucunda yolda subap eridi,https://www.golftutkusu.com/topic/26835-yag-eksiltmesi-sonucunda-yolda-subap-eridi,10,0.9675175612011766,1.4,petrol,NA,2500,0-30k,1.4_TSI,high,1,18,"[0.000588, 0.003380, 0.000806, 0.003388, 0.001188, 0.000682, 0.001218, 0.000733, 0.000525, 0.967518, 0.001104, 0.001038, 0.000417, 0.000515, 0.001441, 0.007903, 0.001595, 0.003400, 0.002352, 0.000207]"
doc_01760,Yag filtresi,https://www.golftutkusu.com/topic/24242-yag-filtresi,8,0.9662371922352032,NA,unknown,NA,NA,unknown,unknown,low,0,1,"[0.000705, 0.004958, 0.000113, 0.001734, 0.001416, 0.000432, 0.000533, 0.966237, 0.000366, 0.001099, 0.002823, 0.000099, 0.000539, 0.001079, 0.000680, 0.012775, 0.000928, 0.002324, 0.000715, 0.000446]"
doc_01761,Yag kacagi hakkinda,https://www.golftutkusu.com/topic/9832-yag-kacagi-hakkinda,4,0.8489439780163888,1.2,petrol,2015,68000,60-90k,1.2_TSI,high,2,17,"[0.006746, 0.003481, 0.008610, 0.848944, 0.031398, 0.011000, 0.006314, 0.005452, 0.014094, 0.004148, 0.006424, 0.008142, 0.005569, 0.009504, 0.001343, 0.004082, 0.004095, 0.007406, 0.013051, 0.000198]"
doc_01762,Yag karterinde sizma,https://www.golftutkusu.com/topic/25521-yag-karterinde-sizma,20,0.9915310216726156,NA,unknown,NA,NA,unknown,unknown,medium,0,10,"[0.000163, 0.001083, 0.000080, 0.000276, 0.000171, 0.000354, 0.000110, 0.000122, 0.000249, 0.000343, 0.001058, 0.000053, 0.000233, 0.000239, 0.001222, 0.001300, 0.000163, 0.000908, 0.000344, 0.991531]"
doc_01763,Yag kontrol edin uyarisi,https://www.golftutkusu.com/topic/21905-yag-kontrol-edin-uyarisi,5,0.9918573502074521,1.4,petrol,2013,8000,0-30k,1.4_TSI,low,0,6,"[0.000854, 0.000136, 0.000985, 0.000603, 0.991857, 0.000794, 0.000264, 0.000575, 0.000792, 0.000166, 0.000316, 0.000479, 0.000216, 0.000887, 0.000060, 0.000207, 0.000351, 0.000105, 0.000336, 0.000017]"
doc_01764,Yag sicakligi Dusmesi,https://www.golftutkusu.com/topic/16949-yag-sicakligi-dusmesi,7,0.9845241784811585,1.2,petrol,2014,NA,unknown,1.2_TSI,medium,0,9,"[0.000610, 0.000359, 0.000482, 0.000499, 0.002139, 0.001271, 0.984524, 0.000778, 0.000922, 0.000367, 0.000774, 0.000596, 0.000738, 0.001012, 0.001036, 0.000907, 0.000558, 0.001847, 0.000345, 0.000236]"
doc_01765,Yag ve periyodik bakima 9.600km kaldi,https://www.golftutkusu.com/topic/20272-yag-ve-periyodik-bakima-9-600km-kaldi,1,0.941198027465314,NA,unknown,NA,15000,0-30k,unknown,low,0,1,"[0.941198, 0.000848, 0.005046, 0.002677, 0.021138, 0.002302, 0.001137, 0.002257, 0.003349, 0.001111, 0.002363, 0.002043, 0.001356, 0.002873, 0.001205, 0.000662, 0.001585, 0.001324, 0.005402, 0.000124]"
doc_01766,Yagda benzin kokusu,https://www.golftutkusu.com/topic/26354-yagda-benzin-kokusu,17,0.8630268180698899,1.2,petrol,2014,5500,0-30k,1.2_TSI,high,2,19,"[0.001415, 0.000385, 0.001248, 0.001264, 0.122636, 0.001111, 0.000676, 0.001225, 0.001279, 0.000700, 0.001033, 0.000851, 0.000439, 0.000800, 0.000182, 0.000374, 0.863027, 0.000629, 0.000694, 0.000031]"
doc_01767,Yagmur Isik Sensoru,https://www.golftutkusu.com/topic/16701-yagmur-isik-sensoru,6,0.699916874790557,NA,unknown,2014,NA,unknown,unknown,low,0,24,"[0.001553, 0.000674, 0.002704, 0.001550, 0.273533, 0.699917, 0.001442, 0.001266, 0.001352, 0.000534, 0.002092, 0.001383, 0.001147, 0.003048, 0.001234, 0.001585, 0.001149, 0.001608, 0.001229, 0.001000]"
doc_01768,Yagmur Sensoru Calisma Prensibi,https://www.golftutkusu.com/topic/13493-yagmur-sensoru-calisma-prensibi,6,0.9728779765488926,NA,unknown,NA,NA,unknown,unknown,high,2,10,"[0.000331, 0.000424, 0.000529, 0.000665, 0.001707, 0.972878, 0.015357, 0.000330, 0.000566, 0.000365, 0.000887, 0.000572, 0.000555, 0.000665, 0.000861, 0.000735, 0.000442, 0.001182, 0.000522, 0.000426]"
doc_01769,Yagmur Sensorum Calismiyor,https://www.golftutkusu.com/topic/18559-yagmur-sensorum-calismiyor,19,0.992649561645303,NA,unknown,2013,NA,unknown,unknown,low,0,6,"[0.000173, 0.000220, 0.001119, 0.000308, 0.000067, 0.000281, 0.000076, 0.000675, 0.000274, 0.000584, 0.000600, 0.000490, 0.000121, 0.000112, 0.000595, 0.000231, 0.000107, 0.000584, 0.992650, 0.000734]"
doc_01770,Yagmur sensoru 3u birarada,https://www.golftutkusu.com/topic/9336-yagmur-sensoru-3u-birarada,17,0.36980877422806835,NA,unknown,2014,NA,unknown,unknown,low,0,16,"[0.044892, 0.007362, 0.023799, 0.023642, 0.344765, 0.023011, 0.011746, 0.017273, 0.023674, 0.010770, 0.015946, 0.015067, 0.009775, 0.017978, 0.003942, 0.006849, 0.369809, 0.013212, 0.015999, 0.000490]"
doc_01771,Yagmur sensoru duzgun calismiyor,https://www.golftutkusu.com/topic/18825-yagmur-sensoru-duzgun-calismiyor,19,0.5454341271330968,NA,unknown,NA,NA,unknown,unknown,high,3,13,"[0.003736, 0.004121, 0.204713, 0.003181, 0.003487, 0.002192, 0.001737, 0.187618, 0.003338, 0.005060, 0.008795, 0.003045, 0.001185, 0.002948, 0.004456, 0.005771, 0.002080, 0.005255, 0.545434, 0.001846]"
doc_01772,Yagmurlu havada bagaj kapagindan akan su hakkinda,https://www.golftutkusu.com/topic/13827-yagmurlu-havada-bagaj-kapagindan-akan-su-hakkinda,6,0.9860640933365559,NA,unknown,2015,NA,unknown,unknown,high,2,17,"[0.000912, 0.000191, 0.000194, 0.000327, 0.003810, 0.986064, 0.001382, 0.000598, 0.000735, 0.000140, 0.000496, 0.000356, 0.000344, 0.001386, 0.000492, 0.000378, 0.000365, 0.001438, 0.000334, 0.000059]"
doc_01773,Yakit Filtresi,https://www.golftutkusu.com/topic/9534-yakit-filtresi,9,0.9608163655381685,1.6,diesel,2015,1000,0-30k,1.6_TDI,high,3,19,"[0.001665, 0.001003, 0.003152, 0.002993, 0.009006, 0.001990, 0.001817, 0.000802, 0.960816, 0.001103, 0.001560, 0.001685, 0.001108, 0.002169, 0.000779, 0.001511, 0.001203, 0.002141, 0.003411, 0.000086]"
doc_01774,Yakit Hatti Borusu,https://www.golftutkusu.com/topic/19630-yakit-hatti-borusu,10,0.9837559870831677,NA,unknown,NA,NA,unknown,unknown,low,0,1,"[0.000396, 0.000286, 0.001896, 0.000700, 0.000486, 0.000529, 0.000718, 0.001477, 0.000785, 0.983756, 0.000586, 0.000967, 0.000146, 0.000751, 0.001279, 0.001208, 0.000757, 0.001402, 0.001498, 0.000376]"
doc_01775,Yakit Katkisi,https://www.golftutkusu.com/topic/25942-yakit-katkisi,10,0.5793599066791093,1.6,diesel,2016,NA,unknown,1.6_TDI,medium,0,4,"[0.006019, 0.002074, 0.022550, 0.004855, 0.314943, 0.005539, 0.002146, 0.010127, 0.006512, 0.579360, 0.002857, 0.010138, 0.000737, 0.005006, 0.002183, 0.002781, 0.003103, 0.002082, 0.015880, 0.001106]"
doc_01776,Yakit depo kapagindan gelen ses,https://www.golftutkusu.com/topic/9030-yakit-depo-kapagindan-gelen-ses,19,0.9381678377924236,NA,unknown,2014,NA,unknown,unknown,medium,1,21,"[0.001303, 0.000379, 0.001433, 0.001473, 0.001211, 0.001467, 0.001158, 0.000596, 0.001284, 0.000359, 0.041717, 0.001175, 0.001285, 0.001689, 0.001072, 0.000698, 0.000789, 0.001769, 0.938168, 0.000976]"
doc_01777,Yakit deposu delindi Yardim!,https://www.golftutkusu.com/topic/15595-yakit-deposu-delindi-yardim,19,0.6497435634663272,NA,unknown,NA,3000,0-30k,unknown,low,0,3,"[0.002299, 0.001374, 0.188168, 0.002803, 0.001819, 0.002025, 0.001597, 0.003558, 0.003374, 0.001957, 0.120386, 0.002358, 0.000966, 0.003174, 0.001858, 0.003710, 0.001462, 0.005299, 0.649744, 0.002072]"
doc_01778,Yakit fazla mi?,https://www.golftutkusu.com/topic/16885-yakit-fazla-mi,16,0.5148949426541757,1.6,diesel,2014,4000,0-30k,1.6_TDI,medium,1,16,"[0.001574, 0.010258, 0.000751, 0.004186, 0.004528, 0.001518, 0.001864, 0.421135, 0.002257, 0.003882, 0.008106, 0.000436, 0.001736, 0.005613, 0.002142, 0.514895, 0.002726, 0.009501, 0.001301, 0.001590]"
doc_01779,Yakit hattindaki hava nasil alinir,https://www.golftutkusu.com/topic/21864-yakit-hattindaki-hava-nasil-alinir,10,0.9939231520796252,1.6,diesel,2015,NA,unknown,1.6_TDI,low,0,3,"[0.000082, 0.000116, 0.000585, 0.000226, 0.000073, 0.000230, 0.000209, 0.000349, 0.000207, 0.993923, 0.000150, 0.000451, 0.000067, 0.000148, 0.000657, 0.000560, 0.000256, 0.000662, 0.000541, 0.000507]"
doc_01780,Yakit hortumunda kesik var dediler 120 000 bakiminda,https://www.golftutkusu.com/topic/16275-yakit-hortumunda-kesik-var-dediler-120-000-bakiminda,12,0.9348054540833439,NA,unknown,NA,100000,90-120k,unknown,high,1,23,"[0.002510, 0.000719, 0.001492, 0.003279, 0.008695, 0.002402, 0.002042, 0.001445, 0.002772, 0.000930, 0.023559, 0.934805, 0.001871, 0.005057, 0.000364, 0.001675, 0.001593, 0.001916, 0.002778, 0.000097]"
doc_01781,Yakit ile ilgili,https://www.golftutkusu.com/topic/12086-yakit-ile-ilgili,6,0.9580268710664589,1.6,diesel,2015,NA,unknown,1.6_TDI,medium,1,17,"[0.001571, 0.000679, 0.001477, 0.001911, 0.021693, 0.958027, 0.001150, 0.000900, 0.001936, 0.000633, 0.001294, 0.001324, 0.000842, 0.001977, 0.000369, 0.000656, 0.000825, 0.001106, 0.001556, 0.000076]"
doc_01782,Yakit pompasi arizasi golf 7,https://www.golftutkusu.com/topic/17186-yakit-pompasi-arizasi-golf-7,10,0.9291679588769352,1.2,petrol,2014,101000,90-120k,1.2_TSI,medium,0,1,"[0.002966, 0.000533, 0.001738, 0.003703, 0.006403, 0.002602, 0.005163, 0.002148, 0.003264, 0.929168, 0.012361, 0.002709, 0.002177, 0.007087, 0.001959, 0.004066, 0.004034, 0.004823, 0.002786, 0.000308]"
doc_01783,Yakit problemi,https://www.golftutkusu.com/topic/9480-yakit-problemi,9,0.7523288350771286,1.6,diesel,2015,45000,30-60k,1.6_TDI,high,2,39,"[0.001117, 0.000148, 0.016001, 0.001156, 0.002494, 0.006090, 0.003255, 0.005545, 0.752329, 0.004318, 0.008637, 0.002758, 0.000273, 0.002546, 0.011734, 0.010202, 0.000456, 0.159982, 0.009866, 0.001093]"
doc_01784,Yan ayna yanmasi,https://www.golftutkusu.com/topic/27582-yan-ayna-yanmasi,3,0.8463825937836995,NA,unknown,NA,NA,unknown,unknown,low,0,4,"[0.001033, 0.000499, 0.846383, 0.001183, 0.002926, 0.001385, 0.001698, 0.001160, 0.001750, 0.000248, 0.032001, 0.000967, 0.001564, 0.002403, 0.000611, 0.097088, 0.001001, 0.004110, 0.001233, 0.000758]"
doc_01785,Yan aynalari Amerikan park olarak ayarlama,https://www.golftutkusu.com/topic/21293-yan-aynalari-amerikan-park-olarak-ayarlama,11,0.9935862857582513,NA,unknown,NA,NA,unknown,unknown,low,0,3,"[0.000143, 0.000346, 0.000047, 0.000297, 0.000119, 0.000192, 0.000167, 0.000221, 0.000139, 0.000062, 0.993586, 0.000055, 0.000148, 0.000565, 0.000125, 0.001350, 0.000258, 0.000771, 0.000236, 0.001175]"
doc_01786,Yanma kesintisi arizasi,https://www.golftutkusu.com/topic/20582-yanma-kesintisi-arizasi,7,0.49647738503407257,NA,unknown,2013,73000,60-90k,unknown,medium,0,2,"[0.000443, 0.473818, 0.000471, 0.001702, 0.001231, 0.000988, 0.496477, 0.001645, 0.001367, 0.002133, 0.003300, 0.000151, 0.000762, 0.002377, 0.002058, 0.004598, 0.001104, 0.003164, 0.000910, 0.001302]"
doc_01787,Yanmayan Cakmaklik sorunu,https://www.golftutkusu.com/topic/18473-yanmayan-cakmaklik-sorunu,19,0.9738962910363003,NA,unknown,NA,NA,unknown,unknown,low,0,1,"[0.000291, 0.002619, 0.000729, 0.001611, 0.000146, 0.000495, 0.000363, 0.000308, 0.000198, 0.002423, 0.002316, 0.000430, 0.000485, 0.000165, 0.002517, 0.005605, 0.000427, 0.003187, 0.973896, 0.001789]"
doc_01788,Yarim debriyaj ugultu sesi,https://www.golftutkusu.com/topic/21052-yarim-debriyaj-ugultu-sesi,13,0.8241809808304773,1.6,diesel,2014,150000,150-180k,1.6_TDI,medium,0,2,"[0.000121, 0.001101, 0.000606, 0.000471, 0.000100, 0.000369, 0.000344, 0.000397, 0.000119, 0.001638, 0.000813, 0.000413, 0.824181, 0.000185, 0.074674, 0.050442, 0.000375, 0.042130, 0.000529, 0.000992]"
doc_01789,Yasadigim garip problem,https://www.golftutkusu.com/topic/27474-yasadigim-garip-problem,14,0.652401460103874,NA,unknown,NA,40000,30-60k,unknown,high,0,11,"[0.017711, 0.006901, 0.026781, 0.025984, 0.082218, 0.019226, 0.011538, 0.008025, 0.039379, 0.008803, 0.017660, 0.016039, 0.012508, 0.652401, 0.004295, 0.008488, 0.006368, 0.011166, 0.024095, 0.000416]"
doc_01790,Yatan arabayi calistirmak,https://www.golftutkusu.com/topic/21849-yatan-arabayi-calistirmak,13,0.7669440284988506,1.2,petrol,2014,120000,120-150k,1.2_TSI,high,4,37,"[0.000069, 0.000974, 0.000128, 0.000196, 0.000137, 0.000192, 0.000120, 0.000364, 0.000166, 0.000428, 0.000571, 0.000092, 0.766944, 0.000254, 0.000573, 0.086738, 0.000100, 0.000884, 0.000206, 0.140865]"
doc_01791,Yaylarim yerinden cikiyor,https://www.golftutkusu.com/topic/16074-yaylarim-yerinden-cikiyor,3,0.982222755342511,1.2,petrol,NA,NA,unknown,1.2_TSI,medium,1,8,"[0.002744, 0.000895, 0.982223, 0.000525, 0.004903, 0.000418, 0.001304, 0.000266, 0.001043, 0.000206, 0.000455, 0.000228, 0.000557, 0.000959, 0.000117, 0.000323, 0.000496, 0.001251, 0.001077, 0.000012]"
doc_01792,Yazilim sonrasi siyah duman atma,https://www.golftutkusu.com/topic/9428-yazilim-sonrasi-siyah-duman-atma,7,0.9794279242677857,1.4,petrol,NA,NA,unknown,1.4_TSI,high,3,11,"[0.000698, 0.000669, 0.001411, 0.001638, 0.004061, 0.001145, 0.979428, 0.000736, 0.001956, 0.000977, 0.001152, 0.000881, 0.000674, 0.001155, 0.000313, 0.000685, 0.000790, 0.000753, 0.000845, 0.000032]"
doc_01793,Yeni Baslayan Titreme Problemi,https://www.golftutkusu.com/topic/11696-yeni-baslayan-titreme-problemi,8,0.9639248959185336,1.4,petrol,2012,57000,30-60k,1.4_TSI,high,2,34,"[0.002693, 0.000617, 0.001074, 0.001694, 0.011249, 0.001331, 0.001420, 0.963925, 0.000901, 0.000556, 0.002360, 0.000885, 0.001239, 0.002374, 0.000650, 0.002627, 0.001805, 0.001474, 0.001062, 0.000062]"
doc_01794,Yeni Trim Sesi | izolasyon icin yardim.,https://www.golftutkusu.com/topic/9213-yeni-trim-sesi-izolasyon-icin-yardim,17,0.9871150712289042,NA,unknown,NA,NA,unknown,unknown,low,0,1,"[0.000032, 0.000446, 0.000003, 0.000734, 0.000204, 0.000048, 0.000241, 0.000527, 0.000033, 0.000280, 0.000367, 0.000005, 0.000312, 0.000555, 0.001597, 0.001436, 0.987115, 0.005157, 0.000021, 0.000887]"
doc_01795,Yeni aldigim Golf 7 aracimda siyaha yakin duman ve yag eksiltme(GUNCELLENDI YARDIM),https://www.golftutkusu.com/topic/23765-yeni-aldigim-golf-7-aracimda-siyaha-yakin-duman-ve-yag-eksiltme-guncellendi-yardim,16,0.9532480798024344,1.2,petrol,2014,125000,120-150k,1.2_TSI,high,5,86,"[0.000324, 0.007344, 0.000765, 0.001908, 0.000814, 0.001224, 0.000897, 0.002822, 0.001528, 0.002389, 0.004538, 0.000386, 0.001131, 0.002022, 0.002142, 0.953248, 0.000936, 0.010392, 0.000708, 0.004481]"
doc_01796,Yeni aldigim bosch marka silecek silince iz birakiyor,https://www.golftutkusu.com/topic/9782-yeni-aldigim-bosch-marka-silecek-silince-iz-birakiyor,4,0.9754895618270926,NA,unknown,2019,NA,unknown,unknown,low,0,30,"[0.001132, 0.000590, 0.001279, 0.975490, 0.005459, 0.001432, 0.001256, 0.001085, 0.002054, 0.000778, 0.001129, 0.001294, 0.000790, 0.001249, 0.000192, 0.000705, 0.000720, 0.001200, 0.002136, 0.000033]"
doc_01797,Yeni arac aldim kesfetme cabasindayim..,https://www.golftutkusu.com/topic/10690-yeni-arac-aldim-kesfetme-cabasindayim,4,0.6805602513186442,NA,unknown,2015,NA,unknown,unknown,low,0,8,"[0.000152, 0.000336, 0.002468, 0.680560, 0.000126, 0.000968, 0.000309, 0.000939, 0.000694, 0.001427, 0.001587, 0.001065, 0.000319, 0.000228, 0.001593, 0.001179, 0.000568, 0.303261, 0.001520, 0.000699]"
doc_01798,Yetkili Serviste Ucretsiz Arac Muayene Hazirligi,https://www.golftutkusu.com/topic/9677-yetkili-serviste-ucretsiz-arac-muayene-hazirligi,9,0.6572832445527135,NA,unknown,NA,NA,unknown,unknown,medium,0,13,"[0.001487, 0.001047, 0.004954, 0.003801, 0.004673, 0.002384, 0.001587, 0.000841, 0.657283, 0.001962, 0.001536, 0.002289, 0.002307, 0.002474, 0.002044, 0.002204, 0.002240, 0.301391, 0.003435, 0.000062]"
doc_01799,"Yikama Sonrasi ""FREN BALATALARINI KONTROL EDIN"" Uyarisi Hk.",https://www.golftutkusu.com/topic/8851-yikama-sonrasi-fren-balatalarini-kontrol-edin-uyarisi-hk,13,0.5962670998845359,1.2,petrol,2014,49000,30-60k,1.2_TSI,high,2,40,"[0.005455, 0.004059, 0.015801, 0.009579, 0.016136, 0.010385, 0.004483, 0.004677, 0.013685, 0.004690, 0.004659, 0.009022, 0.596267, 0.006710, 0.004616, 0.004794, 0.005557, 0.268059, 0.011171, 0.000195]"
doc_01800,Yine bir 1.2 tsi yine motor sesi :),https://www.golftutkusu.com/topic/16178-yine-bir-1-2-tsi-yine-motor-sesi,12,0.9624075041211945,1.2,petrol,NA,7000,0-30k,1.2_TSI,high,1,4,"[0.001432, 0.000675, 0.000975, 0.002177, 0.005852, 0.001784, 0.001935, 0.001464, 0.001721, 0.001146, 0.003221, 0.962408, 0.001605, 0.003234, 0.001196, 0.002682, 0.001562, 0.003364, 0.001400, 0.000167]"
doc_01801,Yine bir lastik vakasi,https://www.golftutkusu.com/topic/9377-yine-bir-lastik-vakasi,19,0.6021822186039131,NA,unknown,NA,NA,unknown,unknown,low,0,8,"[0.004108, 0.000674, 0.003695, 0.005834, 0.006674, 0.003094, 0.002696, 0.001931, 0.004380, 0.000703, 0.347553, 0.003892, 0.002774, 0.004341, 0.000341, 0.000986, 0.001990, 0.001959, 0.602182, 0.000191]"
doc_01802,Yokuslarda Aracim Geri Kayiyor - 2015 Golf 1.6 TDI,https://www.golftutkusu.com/topic/25916-yokuslarda-aracim-geri-kayiyor-2015-golf-1-6-tdi,12,0.9851316840451485,1.6,diesel,2015,50000,30-60k,1.6_TDI,high,2,10,"[0.000186, 0.001322, 0.000204, 0.000970, 0.000615, 0.000265, 0.000231, 0.000268, 0.000142, 0.001840, 0.001258, 0.985132, 0.000189, 0.000212, 0.000332, 0.004698, 0.000316, 0.001098, 0.000634, 0.000090]"
doc_01803,Yokusta vites degistirmeme sorunu,https://www.golftutkusu.com/topic/18287-yokusta-vites-degistirmeme-sorunu,16,0.8628596415079333,NA,unknown,2015,NA,unknown,unknown,low,0,7,"[0.000486, 0.000323, 0.004469, 0.001935, 0.001867, 0.002173, 0.001679, 0.002060, 0.002876, 0.001149, 0.001732, 0.002555, 0.002714, 0.001611, 0.001726, 0.862860, 0.001533, 0.105244, 0.000673, 0.000336]"
doc_01804,Yol bilgisayari vites gecislerini gostermiyor,https://www.golftutkusu.com/topic/9383-yol-bilgisayari-vites-gecislerini-gostermiyor,7,0.8879916413090347,NA,unknown,2015,NA,unknown,unknown,low,0,1,"[0.001007, 0.000947, 0.002474, 0.002006, 0.081012, 0.002588, 0.887992, 0.001805, 0.002191, 0.001124, 0.002502, 0.001640, 0.001383, 0.002384, 0.001651, 0.002523, 0.001619, 0.001579, 0.000823, 0.000751]"
doc_01805,Yol bilgisayarinda surus suresinin yarim kontak halindeyken artmasi?,https://www.golftutkusu.com/topic/20947-yol-bilgisayarinda-surus-suresinin-yarim-kontak-halindeyken-artmasi,16,0.9514987949450564,NA,unknown,NA,NA,unknown,unknown,medium,1,5,"[0.000470, 0.002809, 0.000635, 0.001674, 0.001470, 0.000730, 0.001063, 0.003040, 0.001621, 0.001369, 0.021416, 0.000257, 0.000636, 0.003116, 0.000651, 0.951499, 0.000901, 0.005069, 0.000521, 0.001052]"
doc_01806,Yolda Aniden Cikan Park Sensorleri Uyarisi,https://www.golftutkusu.com/topic/20867-yolda-aniden-cikan-park-sensorleri-uyarisi,19,0.9537396387497352,NA,unknown,NA,NA,unknown,unknown,low,0,9,"[0.001666, 0.001119, 0.007529, 0.002141, 0.001044, 0.001553, 0.000796, 0.003017, 0.002633, 0.004954, 0.004344, 0.002067, 0.000561, 0.001661, 0.003745, 0.001367, 0.000836, 0.003958, 0.953740, 0.001268]"
doc_01807,Yolustu petrolden benzin...,https://www.golftutkusu.com/topic/9622-yolustu-petrolden-benzin,14,0.8597994085170063,1.4,petrol,2013,NA,unknown,1.4_TSI,low,0,8,"[0.000245, 0.002142, 0.000450, 0.000899, 0.000760, 0.000711, 0.000357, 0.000938, 0.000646, 0.001495, 0.002977, 0.000259, 0.000680, 0.859799, 0.001760, 0.112747, 0.000302, 0.010372, 0.000438, 0.002024]"
doc_01808,Yonlu fren balatasi ve yanlis montaj,https://www.golftutkusu.com/topic/24968-yonlu-fren-balatasi-ve-yanlis-montaj,17,0.7692069582250538,NA,unknown,NA,4000,0-30k,unknown,high,1,8,"[0.052377, 0.001117, 0.001752, 0.001742, 0.151059, 0.001940, 0.002787, 0.002667, 0.002755, 0.001804, 0.002008, 0.001723, 0.001023, 0.001892, 0.000501, 0.000278, 0.769207, 0.001532, 0.001803, 0.000034]"
doc_01809,Yorgunluk algilama sistemi,https://www.golftutkusu.com/topic/10538-yorgunluk-algilama-sistemi,1,0.3688683570334352,NA,unknown,NA,NA,unknown,unknown,high,1,13,"[0.368868, 0.005310, 0.008145, 0.012164, 0.123404, 0.017155, 0.030745, 0.306335, 0.019547, 0.004903, 0.008040, 0.011987, 0.010062, 0.021760, 0.004150, 0.006342, 0.010671, 0.014636, 0.015530, 0.000246]"
doc_01810,Yuksek devirlerde EPC isigi yaniyor,https://www.golftutkusu.com/topic/23316-yuksek-devirlerde-epc-isigi-yaniyor,2,0.9702476366780652,1.2,petrol,2014,NA,unknown,1.2_TSI,medium,1,6,"[0.002369, 0.970248, 0.001676, 0.001624, 0.006751, 0.001395, 0.003517, 0.001100, 0.001892, 0.000672, 0.000277, 0.001363, 0.001485, 0.001554, 0.000304, 0.000125, 0.001086, 0.000755, 0.001791, 0.000015]"
doc_01811,Yuksek hizda gelen ses,https://www.golftutkusu.com/topic/12731-yuksek-hizda-gelen-ses,12,0.6700474306278985,1.6,diesel,2016,NA,unknown,1.6_TDI,medium,0,6,"[0.007863, 0.001672, 0.001589, 0.003335, 0.283698, 0.003198, 0.003942, 0.002779, 0.003578, 0.001871, 0.002165, 0.670047, 0.001950, 0.004447, 0.000445, 0.000766, 0.002510, 0.001650, 0.002449, 0.000046]"
doc_01812,[Cozuldu : Guncelleme] Motor isigi yandi,https://www.golftutkusu.com/topic/22121-cozuldu-guncelleme-motor-isigi-yandi,1,0.9830162111499725,1.2,petrol,2014,10000,0-30k,1.2_TSI,high,2,20,"[0.983016, 0.000363, 0.000631, 0.000640, 0.006638, 0.000608, 0.000859, 0.000669, 0.000759, 0.000442, 0.000697, 0.000538, 0.000423, 0.000907, 0.000334, 0.000066, 0.000689, 0.000406, 0.001301, 0.000016]"
doc_01813,[Cozum] Bi-xenon Far Mercek Temizligi(Farlari Actirmadan),https://www.golftutkusu.com/topic/14791-cozum-bi-xenon-far-mercek-temizligi-farlari-actirmadan,14,0.7922445788122607,NA,unknown,2014,NA,unknown,unknown,low,0,9,"[0.000422, 0.000271, 0.001579, 0.000807, 0.001064, 0.001129, 0.000562, 0.000305, 0.000807, 0.000627, 0.001555, 0.000986, 0.001153, 0.792245, 0.001732, 0.001603, 0.000551, 0.191861, 0.000586, 0.000156]"
doc_01814,arac sanki klima acikmis gibi calisiyor,https://www.golftutkusu.com/topic/21135-arac-sanki-klima-acikmis-gibi-calisiyor,4,0.9861437620544935,NA,unknown,NA,NA,unknown,unknown,low,0,1,"[0.000199, 0.002224, 0.000000, 0.986144, 0.000065, 0.000224, 0.000163, 0.000134, 0.000030, 0.001242, 0.000141, 0.000001, 0.000004, 0.000031, 0.000715, 0.004518, 0.000421, 0.001360, 0.000253, 0.002131]"
doc_01815,arka havalandirma onarimi,https://www.golftutkusu.com/topic/11066-arka-havalandirma-onarimi,10,0.9452528656414781,NA,unknown,NA,NA,unknown,unknown,low,0,17,"[0.003751, 0.000874, 0.000721, 0.002078, 0.024570, 0.001485, 0.005153, 0.001089, 0.002264, 0.945253, 0.000308, 0.001767, 0.001043, 0.003366, 0.000522, 0.000385, 0.002123, 0.001284, 0.001941, 0.000023]"
doc_01816,arka stoplarin kodlamasi lazim,https://www.golftutkusu.com/topic/12342-arka-stoplarin-kodlamasi-lazim,17,0.9703191017180072,NA,unknown,NA,NA,unknown,unknown,low,0,9,"[0.001132, 0.000653, 0.001543, 0.001241, 0.002961, 0.001820, 0.001517, 0.001336, 0.001282, 0.001161, 0.002471, 0.001299, 0.001216, 0.000794, 0.001826, 0.001547, 0.970319, 0.004399, 0.000912, 0.000573]"
doc_01817,basic bi xenon fara angel takilirmi,https://www.golftutkusu.com/topic/13724-basic-bi-xenon-fara-angel-takilirmi,16,0.9437956327238707,NA,unknown,2012,6000,0-30k,unknown,low,0,10,"[0.001388, 0.000541, 0.006224, 0.003783, 0.009036, 0.002480, 0.002990, 0.004967, 0.005188, 0.001820, 0.002224, 0.004112, 0.002099, 0.003782, 0.000257, 0.943796, 0.001295, 0.002619, 0.001359, 0.000042]"
doc_01818,baski balata ve volant degisimi,https://www.golftutkusu.com/topic/8465-baski-balata-ve-volant-degisimi,7,0.9740836809402651,NA,unknown,2014,30000,30-60k,unknown,high,0,7,"[0.000492, 0.000824, 0.001672, 0.001719, 0.001776, 0.001715, 0.974084, 0.000782, 0.001398, 0.000973, 0.001991, 0.001095, 0.001437, 0.001051, 0.001730, 0.001980, 0.001209, 0.002709, 0.000829, 0.000535]"
doc_01819,daha 30bin km deki aracin biktiran sorunlari,https://www.golftutkusu.com/topic/8277-daha-30bin-km-deki-aracin-biktiran-sorunlari,12,0.9748263660548864,1.4,petrol,2015,30000,30-60k,1.4_TSI,high,4,28,"[0.000740, 0.000585, 0.000737, 0.001288, 0.002306, 0.001578, 0.000985, 0.000668, 0.000972, 0.000735, 0.001775, 0.974826, 0.001963, 0.001417, 0.001692, 0.002055, 0.000963, 0.002891, 0.001175, 0.000648]"
doc_01820,double teyp sorunu..,https://www.golftutkusu.com/topic/12593-double-teyp-sorunu,7,0.9635378856917045,NA,unknown,NA,NA,unknown,unknown,low,0,7,"[0.000355, 0.004923, 0.001378, 0.003308, 0.001289, 0.000815, 0.963538, 0.000730, 0.000563, 0.004987, 0.004159, 0.000695, 0.000393, 0.000439, 0.001095, 0.006805, 0.001004, 0.001898, 0.001415, 0.000212]"
doc_01821,eksoz sesi,https://www.golftutkusu.com/topic/18442-eksoz-sesi,18,0.5185892509395595,NA,unknown,NA,NA,unknown,unknown,high,2,3,"[0.000211, 0.005814, 0.000585, 0.001410, 0.000393, 0.000849, 0.000417, 0.000453, 0.441952, 0.001775, 0.002481, 0.000201, 0.000755, 0.000831, 0.004055, 0.013781, 0.001030, 0.518589, 0.001240, 0.003178]"
doc_01822,far temizligi far sorunu mercek sorunu,https://www.golftutkusu.com/topic/10826-far-temizligi-far-sorunu-mercek-sorunu,1,0.8744211057912031,NA,unknown,NA,NA,unknown,unknown,low,0,3,"[0.874421, 0.002449, 0.004325, 0.004495, 0.023894, 0.003496, 0.005663, 0.004384, 0.005945, 0.003434, 0.005038, 0.003718, 0.002510, 0.005054, 0.001703, 0.000521, 0.036676, 0.003538, 0.008654, 0.000082]"
doc_01823,fren pedali sesi,https://www.golftutkusu.com/topic/11912-fren-pedali-sesi,2,0.9938616997048821,NA,unknown,NA,NA,unknown,unknown,high,0,11,"[0.000060, 0.993862, 0.000096, 0.000256, 0.000085, 0.000200, 0.000141, 0.000235, 0.000156, 0.000299, 0.000244, 0.000043, 0.000203, 0.000206, 0.000513, 0.000889, 0.000168, 0.001000, 0.000237, 0.001107]"
doc_01824,gol7 burclardan gelen ses,https://www.golftutkusu.com/topic/15792-gol7-burclardan-gelen-ses,1,0.47845126209650835,NA,unknown,NA,NA,unknown,unknown,high,0,4,"[0.478451, 0.004349, 0.001437, 0.003551, 0.004523, 0.001514, 0.001378, 0.006651, 0.002322, 0.002546, 0.131390, 0.000498, 0.001176, 0.007202, 0.002782, 0.334714, 0.002458, 0.007228, 0.002333, 0.003497]"
doc_01825,golf 1.4 tsi comfrt cocuk kilidi arzasi,https://www.golftutkusu.com/topic/8450-golf-1-4-tsi-comfrt-cocuk-kilidi-arzasi,15,0.5186439297456815,1.4,petrol,NA,NA,unknown,1.4_TSI,low,0,2,"[0.001556, 0.000837, 0.003303, 0.001749, 0.001413, 0.002943, 0.001733, 0.000681, 0.002678, 0.001573, 0.001024, 0.002158, 0.003914, 0.001655, 0.518644, 0.001998, 0.002638, 0.446569, 0.001787, 0.001146]"
doc_01826,golf 2016 1.2 balata kokusu,https://www.golftutkusu.com/topic/10985-golf-2016-1-2-balata-kokusu,15,0.98400636933916,1.2,petrol,2016,NA,unknown,1.2_TSI,high,0,18,"[0.000709, 0.000327, 0.002144, 0.000291, 0.000345, 0.000642, 0.000415, 0.000695, 0.001082, 0.001372, 0.000584, 0.000642, 0.000211, 0.000666, 0.984006, 0.000413, 0.000384, 0.002966, 0.001311, 0.000794]"
doc_01827,golf 7  bi xenon ampul cesitleri,https://www.golftutkusu.com/topic/14542-golf-7-bi-xenon-ampul-cesitleri,5,0.7666614845614649,NA,unknown,2013,NA,unknown,unknown,low,0,6,"[0.034421, 0.006802, 0.012040, 0.014703, 0.766661, 0.014659, 0.025293, 0.010364, 0.033374, 0.006500, 0.007736, 0.011711, 0.006447, 0.017485, 0.001756, 0.002128, 0.010496, 0.005722, 0.011555, 0.000148]"
doc_01828,golf 7 1.2 dsg motor yag eksiltme sorunu,https://www.golftutkusu.com/topic/15491-golf-7-1-2-dsg-motor-yag-eksiltme-sorunu,2,0.7702848310417191,1.2,petrol,2013,4000,0-30k,1.2_TSI,high,4,45,"[0.021043, 0.770285, 0.011217, 0.013999, 0.052197, 0.009772, 0.026818, 0.007433, 0.014676, 0.005831, 0.002864, 0.008892, 0.011066, 0.011645, 0.002192, 0.001104, 0.009246, 0.006681, 0.012931, 0.000109]"
doc_01829,golf 7 1.2 tsi ilk calistirma,https://www.golftutkusu.com/topic/12023-golf-7-1-2-tsi-ilk-calistirma,18,0.5764753435320794,1.2,petrol,NA,NA,unknown,1.2_TSI,medium,0,5,"[0.000578, 0.000178, 0.003841, 0.001410, 0.001452, 0.001315, 0.001264, 0.001400, 0.002207, 0.000886, 0.001785, 0.001376, 0.001510, 0.001561, 0.001156, 0.399657, 0.001442, 0.576475, 0.000465, 0.000040]"
doc_01830,golf 7 1.6 manuel debriyaj pedal sesi,https://www.golftutkusu.com/topic/8991-golf-7-1-6-manuel-debriyaj-pedal-sesi,8,0.35101929301722357,NA,unknown,2013,NA,unknown,unknown,high,2,6,"[0.342348, 0.002789, 0.004560, 0.006900, 0.196260, 0.009360, 0.009996, 0.351019, 0.010081, 0.002509, 0.004817, 0.005975, 0.006239, 0.022138, 0.002162, 0.003599, 0.005813, 0.006092, 0.007202, 0.000144]"
doc_01831,golf 7 1.6 tdi dsg marsta ses cikarma ve d2 titreme sorunu,https://www.golftutkusu.com/topic/21673-golf-7-1-6-tdi-dsg-marsta-ses-cikarma-ve-d2-titreme-sorunu,8,0.8504612152443547,1.6,diesel,NA,27000,0-30k,1.6_TDI,medium,0,6,"[0.002588, 0.000850, 0.001606, 0.002536, 0.125640, 0.001856, 0.001100, 0.850461, 0.001609, 0.000682, 0.001231, 0.001422, 0.001192, 0.001734, 0.000190, 0.001710, 0.001500, 0.000570, 0.001496, 0.000027]"
doc_01832,golf 7 2013,https://www.golftutkusu.com/topic/24815-golf-7-2013,18,0.47105054454588113,NA,unknown,2013,NA,unknown,unknown,low,0,1,"[0.035257, 0.009826, 0.042227, 0.047304, 0.068398, 0.027317, 0.015723, 0.023193, 0.040735, 0.016410, 0.018199, 0.026599, 0.027444, 0.035969, 0.011821, 0.013835, 0.023292, 0.471051, 0.044928, 0.000471]"
doc_01833,golf 7 anlamsiz pas ?,https://www.golftutkusu.com/topic/15707-golf-7-anlamsiz-pas,18,0.9504040520457934,NA,unknown,NA,NA,unknown,unknown,low,0,3,"[0.000810, 0.000758, 0.013675, 0.002908, 0.000802, 0.001918, 0.000434, 0.001753, 0.004188, 0.003988, 0.001806, 0.003131, 0.000837, 0.000755, 0.002703, 0.001281, 0.001551, 0.950404, 0.006129, 0.000170]"
doc_01834,golf 7 balata lambasi uyarisi,https://www.golftutkusu.com/topic/22147-golf-7-balata-lambasi-uyarisi,4,0.9703295064877733,NA,unknown,2015,4000,0-30k,unknown,medium,0,15,"[0.000628, 0.006524, 0.000227, 0.970330, 0.001850, 0.000773, 0.000464, 0.001412, 0.001391, 0.001922, 0.002795, 0.000236, 0.000398, 0.001333, 0.000344, 0.003304, 0.000582, 0.003055, 0.002012, 0.000419]"
doc_01835,golf 7 basic xenon degisimi,https://www.golftutkusu.com/topic/10428-golf-7-basic-xenon-degisimi,19,0.35107571623721795,NA,unknown,NA,NA,unknown,unknown,low,0,2,"[0.006089, 0.309739, 0.000014, 0.007427, 0.002464, 0.002764, 0.002179, 0.001807, 0.001536, 0.223809, 0.000618, 0.000027, 0.000094, 0.001124, 0.006951, 0.064943, 0.004352, 0.007091, 0.351076, 0.005897]"
doc_01836,golf 7 comfortline icin far ve yagmur sensoru icin hangisini almaliyiz ? yardim ?,https://www.golftutkusu.com/topic/10145-golf-7-comfortline-icin-far-ve-yagmur-sensoru-icin-hangisini-almaliyiz-yardim,4,0.9813333457673059,NA,unknown,NA,NA,unknown,unknown,low,0,4,"[0.000871, 0.000485, 0.000984, 0.981333, 0.003552, 0.001048, 0.000911, 0.000867, 0.001557, 0.000646, 0.000925, 0.001035, 0.000572, 0.000991, 0.000150, 0.000540, 0.000563, 0.000992, 0.001952, 0.000026]"
doc_01837,golf 7 comfortline surus paketli,https://www.golftutkusu.com/topic/8826-golf-7-comfortline-surus-paketli,16,0.7506954625864579,NA,unknown,NA,NA,unknown,unknown,low,0,1,"[0.001571, 0.000663, 0.003423, 0.002242, 0.002987, 0.003494, 0.004032, 0.002451, 0.004445, 0.111914, 0.001101, 0.003090, 0.003330, 0.002817, 0.076237, 0.750695, 0.002384, 0.019736, 0.001547, 0.001840]"
doc_01838,golf 7 ic trim Fircali Gri parlak,https://www.golftutkusu.com/topic/11217-golf-7-ic-trim-fircali-gri-parlak,10,0.8610849279271914,1.6,diesel,2015,NA,unknown,1.6_TDI,low,0,10,"[0.007262, 0.003096, 0.005716, 0.011386, 0.023659, 0.009011, 0.008141, 0.004391, 0.010599, 0.861085, 0.001821, 0.008506, 0.005175, 0.009054, 0.002777, 0.003926, 0.006737, 0.006988, 0.010463, 0.000208]"
doc_01839,golf 7 klima off dugmesi aciliyor ama kapanmiyor,https://www.golftutkusu.com/topic/14916-golf-7-klima-off-dugmesi-aciliyor-ama-kapanmiyor,18,0.7073310281897072,1.2,petrol,2013,NA,unknown,1.2_TSI,low,0,2,"[0.000625, 0.004204, 0.005235, 0.004766, 0.001277, 0.001533, 0.001228, 0.001903, 0.001429, 0.010703, 0.003824, 0.002071, 0.001590, 0.000727, 0.002774, 0.243715, 0.002503, 0.707331, 0.002388, 0.000174]"
doc_01840,golf 7 orjinal yay,https://www.golftutkusu.com/topic/12946-golf-7-orjinal-yay,7,0.9882210986441006,1.4,petrol,2013,30000,30-60k,1.4_TSI,low,0,7,"[0.000424, 0.000437, 0.000797, 0.001110, 0.002128, 0.000693, 0.988221, 0.000447, 0.000960, 0.000568, 0.000717, 0.000521, 0.000420, 0.000667, 0.000180, 0.000410, 0.000411, 0.000352, 0.000517, 0.000020]"
doc_01841,golf 7 spor yay eibach Hakkinda,https://www.golftutkusu.com/topic/13029-golf-7-spor-yay-eibach-hakkinda,4,0.47336227089355637,NA,unknown,2015,NA,unknown,unknown,low,0,2,"[0.005679, 0.002322, 0.006986, 0.473362, 0.223943, 0.006988, 0.004207, 0.004083, 0.012851, 0.003451, 0.005689, 0.006193, 0.003222, 0.224438, 0.001051, 0.003202, 0.002558, 0.003083, 0.006529, 0.000164]"
doc_01842,golf 7 triger kayisi degisimi,https://www.golftutkusu.com/topic/15424-golf-7-triger-kayisi-degisimi,7,0.9845055964543016,NA,unknown,2015,NA,unknown,unknown,high,0,5,"[0.000307, 0.000519, 0.001087, 0.000898, 0.000991, 0.001079, 0.984506, 0.000478, 0.000803, 0.000650, 0.001285, 0.000639, 0.000747, 0.000707, 0.001222, 0.001255, 0.000624, 0.001276, 0.000560, 0.000367]"
doc_01843,golf 7 tweeter patladi,https://www.golftutkusu.com/topic/9491-golf-7-tweeter-patladi,5,0.9293636173131994,NA,unknown,NA,NA,unknown,unknown,low,0,1,"[0.006577, 0.001333, 0.006837, 0.006100, 0.929364, 0.006968, 0.002425, 0.003970, 0.008269, 0.001767, 0.002841, 0.004009, 0.002057, 0.006365, 0.000640, 0.001846, 0.003357, 0.001450, 0.003698, 0.000126]"
doc_01844,golf 7 vag com cooding,https://www.golftutkusu.com/topic/13636-golf-7-vag-com-cooding,7,0.9718368747220348,1.4,petrol,2013,NA,unknown,1.4_TSI,low,0,4,"[0.001054, 0.001004, 0.001957, 0.002463, 0.005113, 0.001571, 0.971837, 0.001046, 0.002657, 0.001271, 0.001579, 0.001174, 0.000924, 0.001624, 0.000431, 0.000916, 0.000976, 0.000862, 0.001496, 0.000045]"
doc_01845,golf 7 yan camlar ciziliyor,https://www.golftutkusu.com/topic/11465-golf-7-yan-camlar-ciziliyor,10,0.9813658824030045,NA,unknown,NA,NA,unknown,unknown,low,0,11,"[0.000921, 0.000207, 0.000190, 0.000516, 0.001609, 0.001088, 0.002669, 0.000740, 0.000795, 0.981366, 0.000118, 0.000873, 0.000663, 0.001119, 0.001499, 0.000882, 0.001086, 0.002797, 0.000627, 0.000233]"
doc_01846,golf ses acma tusu sorunu,https://www.golftutkusu.com/topic/8452-golf-ses-acma-tusu-sorunu,16,0.984670424739001,NA,unknown,NA,NA,unknown,unknown,low,0,3,"[0.000100, 0.001612, 0.000300, 0.000687, 0.000297, 0.000406, 0.000320, 0.001234, 0.000560, 0.000860, 0.001539, 0.000150, 0.000375, 0.000679, 0.000595, 0.984670, 0.000313, 0.003704, 0.000207, 0.001392]"
doc_01847,golf tdi 1.6 2014 gec isinma ve isi dusmesi,https://www.golftutkusu.com/topic/24146-golf-tdi-1-6-2014-gec-isinma-ve-isi-dusmesi,3,0.9271878971445096,NA,unknown,2014,NA,unknown,unknown,high,0,6,"[0.004306, 0.002554, 0.927188, 0.003954, 0.018433, 0.002819, 0.002963, 0.001596, 0.006444, 0.001028, 0.002502, 0.001746, 0.002944, 0.004584, 0.000699, 0.003482, 0.001856, 0.005240, 0.005546, 0.000118]"
doc_01848,golf7 led stop,https://www.golftutkusu.com/topic/19771-golf7-led-stop,2,0.9633953613004609,NA,unknown,2012,NA,unknown,unknown,low,0,1,"[0.000274, 0.963395, 0.012213, 0.000654, 0.000322, 0.000911, 0.000608, 0.008548, 0.000684, 0.001145, 0.000623, 0.001289, 0.000439, 0.000393, 0.001448, 0.001047, 0.000569, 0.001284, 0.002765, 0.001389]"
doc_01849,golf7 on arka park sensoru,https://www.golftutkusu.com/topic/15682-golf7-on-arka-park-sensoru,1,0.974194745344706,NA,unknown,2014,NA,unknown,unknown,low,0,2,"[0.974195, 0.000525, 0.000909, 0.000958, 0.010851, 0.000928, 0.001274, 0.000953, 0.001113, 0.000644, 0.000964, 0.000773, 0.000618, 0.001375, 0.000446, 0.000100, 0.001007, 0.000589, 0.001756, 0.000022]"
doc_01850,iPhone 11 (iOS 13) bluetooth telefon konusmasi sorunu,https://www.golftutkusu.com/topic/9461-iphone-11-ios-13-bluetooth-telefon-konusmasi-sorunu,14,0.3626528183865851,NA,unknown,NA,NA,unknown,unknown,high,2,13,"[0.007144, 0.000864, 0.004050, 0.002482, 0.135079, 0.002580, 0.005015, 0.001934, 0.003819, 0.000862, 0.187656, 0.002196, 0.002305, 0.362653, 0.000896, 0.000899, 0.002659, 0.002567, 0.274122, 0.000220]"
doc_01851,islik sesi,https://www.golftutkusu.com/topic/20026-islik-sesi,11,0.9267614354349196,1.2,petrol,NA,75000,60-90k,1.2_TSI,high,2,3,"[0.001150, 0.000345, 0.010879, 0.001420, 0.001678, 0.030359, 0.001475, 0.004141, 0.001747, 0.000864, 0.926761, 0.002570, 0.000445, 0.002304, 0.000728, 0.005254, 0.001340, 0.002569, 0.002527, 0.001443]"
doc_01852,kalorifer petegi borusu,https://www.golftutkusu.com/topic/27072-kalorifer-petegi-borusu,18,0.9866613799213156,NA,unknown,NA,NA,unknown,unknown,low,0,1,"[0.000304, 0.001630, 0.000402, 0.001076, 0.000504, 0.000505, 0.000133, 0.000383, 0.000994, 0.000917, 0.001179, 0.000151, 0.000572, 0.000740, 0.000838, 0.001615, 0.000583, 0.986661, 0.000694, 0.000119]"
doc_01853,"karbon clean uygulama,pedal commander veya spring booster ve stage 1 yazilim kodlama",https://www.golftutkusu.com/topic/14588-karbon-clean-uygulama-pedal-commander-veya-spring-booster-ve-stage-1-yazilim-kodlama,17,0.989163511207498,1.6,diesel,NA,130000,120-150k,1.6_TDI,high,0,17,"[0.000426, 0.000240, 0.000539, 0.000441, 0.001104, 0.000635, 0.000571, 0.000537, 0.000453, 0.000467, 0.001015, 0.000465, 0.000427, 0.000270, 0.000652, 0.000542, 0.989164, 0.001518, 0.000325, 0.000211]"
doc_01854,led kayar sinyalleri normale cevirme,https://www.golftutkusu.com/topic/8274-led-kayar-sinyalleri-normale-cevirme,15,0.7815090157472512,NA,unknown,NA,NA,unknown,unknown,low,0,5,"[0.014883, 0.001345, 0.004296, 0.003337, 0.139428, 0.005363, 0.004580, 0.003347, 0.005470, 0.002314, 0.002370, 0.003283, 0.003670, 0.008068, 0.781509, 0.002167, 0.003549, 0.006806, 0.003230, 0.000984]"
doc_01855,"mars almiyor, calismiyor (cozuldu)",https://www.golftutkusu.com/topic/11454-mars-almiyor-calismiyor-cozuldu,8,0.8902731337337005,NA,unknown,NA,NA,unknown,unknown,medium,0,32,"[0.007656, 0.002966, 0.005035, 0.009124, 0.028660, 0.004762, 0.004157, 0.890273, 0.005101, 0.002588, 0.004328, 0.004996, 0.004704, 0.004995, 0.000786, 0.005729, 0.004709, 0.003208, 0.006147, 0.000078]"
doc_01856,mekatronik kart ve aku degisimi sonrasi rolantide 1000 devir sorunu,https://www.golftutkusu.com/topic/19681-mekatronik-kart-ve-aku-degisimi-sonrasi-rolantide-1000-devir-sorunu,16,0.9591746106620218,1.6,diesel,2013,NA,unknown,1.6_TDI,medium,1,5,"[0.000348, 0.002509, 0.002404, 0.002797, 0.001149, 0.000799, 0.001975, 0.002203, 0.000611, 0.005777, 0.005657, 0.000920, 0.000612, 0.000937, 0.001884, 0.959175, 0.001409, 0.007606, 0.000794, 0.000435]"
doc_01857,midline arac icin hiz sabitleyici dreksiyon yardim,https://www.golftutkusu.com/topic/8215-midline-arac-icin-hiz-sabitleyici-dreksiyon-yardim,4,0.6836110249901849,1.2,petrol,2015,NA,unknown,1.2_TSI,low,0,6,"[0.000689, 0.001928, 0.032784, 0.683611, 0.000847, 0.003004, 0.001159, 0.023758, 0.002447, 0.004713, 0.003975, 0.005253, 0.001045, 0.000898, 0.004182, 0.012576, 0.001840, 0.207534, 0.004836, 0.002921]"
doc_01858,motor ve epc isiginin yanik kalmasi,https://www.golftutkusu.com/topic/10070-motor-ve-epc-isiginin-yanik-kalmasi,6,0.598108300664781,NA,unknown,2019,24762,0-30k,unknown,high,1,27,"[0.001081, 0.000227, 0.000977, 0.001222, 0.002655, 0.598108, 0.001375, 0.000722, 0.000951, 0.000155, 0.381116, 0.001194, 0.001008, 0.002006, 0.000601, 0.001463, 0.001108, 0.001888, 0.001096, 0.001047]"
doc_01859,on camlar inip kalkarken ses,https://www.golftutkusu.com/topic/25643-on-camlar-inip-kalkarken-ses,11,0.42391198589088774,NA,unknown,NA,NA,unknown,unknown,medium,0,2,"[0.011975, 0.001410, 0.006770, 0.010162, 0.018176, 0.008323, 0.007467, 0.003986, 0.010295, 0.001836, 0.423912, 0.010223, 0.008630, 0.014683, 0.406299, 0.007101, 0.007547, 0.026249, 0.008205, 0.006750]"
doc_01860,partikul filtresi temizleme,https://www.golftutkusu.com/topic/8062-partikul-filtresi-temizleme,11,0.8453058918392815,NA,unknown,NA,NA,unknown,unknown,low,0,1,"[0.001381, 0.000280, 0.010280, 0.002180, 0.001052, 0.002006, 0.000865, 0.002285, 0.002526, 0.001234, 0.845306, 0.002686, 0.000709, 0.001964, 0.000661, 0.001393, 0.001848, 0.117201, 0.003805, 0.000339]"
doc_01861,r8 bobin hk.,https://www.golftutkusu.com/topic/15109-r8-bobin-hk,20,0.530873088438977,1.4,petrol,NA,NA,unknown,1.4_TSI,medium,0,2,"[0.000403, 0.001010, 0.000072, 0.000249, 0.000171, 0.000415, 0.000190, 0.000142, 0.000369, 0.000458, 0.003689, 0.000075, 0.000327, 0.000430, 0.458101, 0.000908, 0.000239, 0.001422, 0.000459, 0.530873]"
doc_01862,rolantide sallama sorunu,https://www.golftutkusu.com/topic/10027-rolantide-sallama-sorunu,6,0.6759449341698814,1.6,diesel,2015,NA,unknown,1.6_TDI,high,3,10,"[0.002577, 0.000408, 0.001689, 0.002630, 0.006129, 0.675945, 0.003026, 0.001680, 0.001949, 0.000338, 0.285630, 0.001602, 0.001426, 0.004649, 0.000752, 0.002295, 0.001936, 0.003120, 0.001810, 0.000409]"
doc_01863,sanziman karti ve aku degisimi sonrasi start-stop calismiyor yardim,https://www.golftutkusu.com/topic/19680-sanziman-karti-ve-aku-degisimi-sonrasi-start-stop-calismiyor-yardim,5,0.6426468996928405,NA,unknown,2013,NA,unknown,unknown,high,3,10,"[0.288890, 0.002271, 0.004725, 0.004469, 0.642647, 0.006057, 0.006439, 0.004996, 0.005901, 0.002724, 0.003457, 0.004234, 0.002487, 0.007883, 0.001064, 0.000617, 0.004529, 0.001789, 0.004737, 0.000084]"
doc_01864,sarj hava soguk suyu pompasi beslenme gerilimi arizasi,https://www.golftutkusu.com/topic/21083-sarj-hava-soguk-suyu-pompasi-beslenme-gerilimi-arizasi,18,0.787339609437915,NA,unknown,NA,NA,unknown,unknown,high,2,1,"[0.003794, 0.000592, 0.006955, 0.006605, 0.006593, 0.004832, 0.002881, 0.002289, 0.006140, 0.001242, 0.143532, 0.004336, 0.004266, 0.006089, 0.001335, 0.002457, 0.004268, 0.787340, 0.004369, 0.000084]"
doc_01865,"start-stop, auto hold sorunu",https://www.golftutkusu.com/topic/13213-start-stop-auto-hold-sorunu,2,0.9644161054522948,1.6,diesel,2014,NA,unknown,1.6_TDI,low,0,9,"[0.000919, 0.964416, 0.003203, 0.001802, 0.001983, 0.002457, 0.002355, 0.001423, 0.001653, 0.000716, 0.000605, 0.002034, 0.002350, 0.001480, 0.004635, 0.001296, 0.001355, 0.002715, 0.001903, 0.000701]"
doc_01866,triger kayisi,https://www.golftutkusu.com/topic/20387-triger-kayisi,18,0.9739239048249648,1.2,petrol,2013,120000,120-150k,1.2_TSI,high,2,61,"[0.000578, 0.000369, 0.002955, 0.001625, 0.000883, 0.001899, 0.000894, 0.000518, 0.001640, 0.000735, 0.001204, 0.001459, 0.002253, 0.000880, 0.003194, 0.002054, 0.001618, 0.973924, 0.001063, 0.000255]"
doc_01867,trip kendi kendine sifirlandi....,https://www.golftutkusu.com/topic/9834-trip-kendi-kendine-sifirlandi,4,0.5765291716513308,NA,unknown,NA,2700,0-30k,unknown,medium,0,5,"[0.000421, 0.004771, 0.000107, 0.576529, 0.000629, 0.000959, 0.000949, 0.001385, 0.000785, 0.384866, 0.001978, 0.000326, 0.000576, 0.001295, 0.002755, 0.006717, 0.001210, 0.006144, 0.001637, 0.005962]"
doc_01868,uzun far zayifligi,https://www.golftutkusu.com/topic/25518-uzun-far-zayifligi,20,0.9652118806616181,NA,unknown,NA,NA,unknown,unknown,low,0,2,"[0.000808, 0.000183, 0.001442, 0.000745, 0.001166, 0.001133, 0.000858, 0.000220, 0.000905, 0.000200, 0.020605, 0.000927, 0.000859, 0.000716, 0.001199, 0.000629, 0.000575, 0.000689, 0.000927, 0.965212]"
doc_01869,vag kablosu ile aku adaptasyonu,https://www.golftutkusu.com/topic/21443-vag-kablosu-ile-aku-adaptasyonu,7,0.9800182797114255,NA,unknown,NA,NA,unknown,unknown,low,0,3,"[0.000328, 0.000330, 0.000862, 0.000897, 0.001105, 0.001003, 0.980018, 0.000437, 0.000690, 0.000380, 0.007762, 0.000629, 0.000638, 0.000849, 0.000645, 0.001005, 0.000677, 0.000926, 0.000467, 0.000352]"
doc_01870,vinlama sesi,https://www.golftutkusu.com/topic/9401-vinlama-sesi,NA,NA,NA,unknown,2013,NA,unknown,unknown,high,1,8,NA
doc_01871,vw golf7 dsg geri gelirken tik sesi,https://www.golftutkusu.com/topic/11350-vw-golf7-dsg-geri-gelirken-tik-sesi,NA,NA,NA,unknown,NA,NA,unknown,unknown,high,2,12,NA
doc_01872,“Yag Seviyesini Kontrol Edin”,https://www.golftutkusu.com/topic/16126-yag-seviyesini-kontrol-edin,NA,NA,1.2,petrol,2015,8000,0-30k,1.2_TSI,high,1,13,NA
doc_01873,❄️ Kis sogugundan araci nasil koruruz ❄️,https://www.golftutkusu.com/topic/13833-kis-sogugundan-araci-nasil-koruruz,NA,NA,NA,unknown,NA,NA,unknown,unknown,high,2,26,NA
doc_01874,🌧 Yagmur sensoru hatasi (Vcds) (Cozuldu),https://www.golftutkusu.com/topic/12101-yagmur-sensoru-hatasi-vcds-cozuldu,NA,NA,NA,unknown,NA,NA,unknown,unknown,high,3,15,NA
