topic,feature,coefficient
1,mileage_log,0.1663
1,prod_year_centered,-0.0085
1,engine_spec_reg_TDI_unknown,-0.4232
1,engine_spec_reg_other,-0.028
1,engine_spec_reg_unknown,-0.6084
1,"component_short_AIR BAGS,ELECTRICAL SYSTEM",-0.1319
1,"component_short_AIR BAGS,ELECTRONIC STABILITY ",1.0133
1,"component_short_AIR BAGS,EQUIPMENT",-0.0969
1,"component_short_AIR BAGS,FUEL/PROPULSION SYSTE",-0.1278
1,"component_short_AIR BAGS,SEAT BELTS",-0.1602
1,"component_short_AIR BAGS,SEAT BELTS,EQUIPMENT",-0.0899
1,"component_short_AIR BAGS,SEAT BELTS,SEATS",-0.123
1,"component_short_AIR BAGS,SEATS,EQUIPMENT",-0.1049
1,"component_short_AIR BAGS,STRUCTURE",-0.082
1,"component_short_AIR BAGS,UNKNOWN OR OTHER",-0.3456
1,"component_short_AIR BAGS,UNKNOWN OR OTHER,SERV",-0.1278
1,"component_short_AIR BAGS,VEHICLE SPEED CONTROL",-0.1994
1,"component_short_AIR BAGS,WHEELS",-0.1278
1,component_short_BACK OVER PREVENTION,0.7567
1,component_short_CHILD SEAT,-0.0813
1,component_short_ELECTRICAL SYSTEM,1.326
1,"component_short_ELECTRICAL SYSTEM,AIR BAGS",-0.3303
1,"component_short_ELECTRICAL SYSTEM,AIR BAGS,BAC",-0.0944
1,"component_short_ELECTRICAL SYSTEM,AIR BAGS,ENG",-0.102
1,"component_short_ELECTRICAL SYSTEM,AIR BAGS,FOR",-0.2556
1,"component_short_ELECTRICAL SYSTEM,AIR BAGS,SEA",-0.1203
1,"component_short_ELECTRICAL SYSTEM,AIR BAGS,SER",-0.1063
1,"component_short_ELECTRICAL SYSTEM,AIR BAGS,STR",-0.2184
1,"component_short_ELECTRICAL SYSTEM,AIR BAGS,UNK",-0.1203
1,"component_short_ELECTRICAL SYSTEM,AIR BAGS,VEH",-0.172
1,"component_short_ELECTRICAL SYSTEM,AIR BAGS,VIS",-0.1189
1,"component_short_ELECTRICAL SYSTEM,BACK OVER PR",0.7567
1,"component_short_ELECTRICAL SYSTEM,ELECTRONIC S",-0.1332
1,"component_short_ELECTRICAL SYSTEM,ENGINE",-0.3429
1,"component_short_ELECTRICAL SYSTEM,ENGINE,FUEL/",-0.1492
1,"component_short_ELECTRICAL SYSTEM,EQUIPMENT",-0.0954
1,"component_short_ELECTRICAL SYSTEM,EXTERIOR LIG",2.4924
1,"component_short_ELECTRICAL SYSTEM,FORWARD COLL",1.3225
1,"component_short_ELECTRICAL SYSTEM,FUEL/PROPULS",-0.3203
1,"component_short_ELECTRICAL SYSTEM,SEAT BELTS,S",-0.1148
1,"component_short_ELECTRICAL SYSTEM,SERVICE BRAK",-0.1071
1,"component_short_ELECTRICAL SYSTEM,STRUCTURE",-0.2765
1,"component_short_ELECTRICAL SYSTEM,STRUCTURE,EN",-0.134
1,"component_short_ELECTRICAL SYSTEM,STRUCTURE,UN",-0.1073
1,"component_short_ELECTRICAL SYSTEM,UNKNOWN OR O",0.8329
1,"component_short_ELECTRICAL SYSTEM,VEHICLE SPEE",-0.1652
1,"component_short_ELECTRICAL SYSTEM,VISIBILITY",-0.0838
1,"component_short_ELECTRICAL SYSTEM,VISIBILITY,S",0.812
1,"component_short_ELECTRICAL SYSTEM,VISIBILITY,V",-0.0736
1,"component_short_ELECTRICAL SYSTEM,VISIBILITY/W",-0.19
1,component_short_ELECTRONIC STABILITY CONTROL (,1.6001
1,component_short_ENGINE,-1.4163
1,component_short_ENGINE AND ENGINE COOLING,-1.3961
1,"component_short_ENGINE AND ENGINE COOLING,ELEC",-0.3219
1,"component_short_ENGINE AND ENGINE COOLING,EQUI",-0.2317
1,"component_short_ENGINE AND ENGINE COOLING,EXTE",0.812
1,"component_short_ENGINE AND ENGINE COOLING,FUEL",-0.114
1,"component_short_ENGINE AND ENGINE COOLING,POWE",-0.3439
1,"component_short_ENGINE AND ENGINE COOLING,UNKN",-0.292
1,"component_short_ENGINE AND ENGINE COOLING,VEHI",-0.0737
1,"component_short_ENGINE,FUEL/PROPULSION SYSTEM",-0.8304
1,component_short_EQUIPMENT,-0.0742
1,component_short_EXTERIOR LIGHTING,3.4608
1,"component_short_EXTERIOR LIGHTING,AIR BAGS",0.741
1,"component_short_EXTERIOR LIGHTING,EQUIPMENT",0.812
1,"component_short_EXTERIOR LIGHTING,INTERIOR LIG",-0.1095
1,"component_short_EXTERIOR LIGHTING,STRUCTURE",0.7345
1,component_short_FORWARD COLLISION AVOIDANCE,2.0746
1,"component_short_FUEL SYSTEM, DIESEL",-0.8754
1,"component_short_FUEL SYSTEM, DIESEL,ELECTRICAL",-0.131
1,"component_short_FUEL SYSTEM, DIESEL,ENGINE",-0.1979
1,"component_short_FUEL SYSTEM, DIESEL,ENGINE,FUE",-0.114
1,"component_short_FUEL SYSTEM, DIESEL,EQUIPMENT",-0.128
1,"component_short_FUEL SYSTEM, DIESEL,FUEL/PROPU",-0.444
1,"component_short_FUEL SYSTEM, DIESEL,POWER TRAI",-0.229
1,"component_short_FUEL SYSTEM, DIESEL,VEHICLE SP",-0.3956
1,"component_short_FUEL SYSTEM, GASOLINE",-0.8496
1,"component_short_FUEL SYSTEM, GASOLINE,ELECTRIC",-0.131
1,"component_short_FUEL SYSTEM, OTHER",-0.3352
1,"component_short_FUEL SYSTEM, OTHER,UNKNOWN OR ",-0.0754
1,"component_short_FUEL SYSTEM, OTHER,VEHICLE SPE",-0.1088
1,component_short_FUEL/PROPULSION SYSTEM,-1.4105
1,component_short_LATCHES/LOCKS/LINKAGES,-0.3457
1,component_short_POWER TRAIN,-0.6416
1,"component_short_POWER TRAIN,ELECTRICAL SYSTEM",0.5223
1,"component_short_POWER TRAIN,ELECTRICAL SYSTEM,",-0.3845
1,"component_short_POWER TRAIN,ENGINE",-0.743
1,"component_short_POWER TRAIN,ENGINE,FUEL/PROPUL",-0.3072
1,"component_short_POWER TRAIN,EQUIPMENT",0.812
1,"component_short_POWER TRAIN,EXTERIOR LIGHTING",0.812
1,"component_short_POWER TRAIN,EXTERIOR LIGHTING,",0.812
1,"component_short_POWER TRAIN,FUEL/PROPULSION SY",-0.1799
1,"component_short_POWER TRAIN,UNKNOWN OR OTHER,F",-0.1436
1,"component_short_POWER TRAIN,VEHICLE SPEED CONT",-0.1319
1,component_short_SEAT BELTS,-0.403
1,"component_short_SEAT BELTS,SEATS",-0.1296
1,"component_short_SEAT BELTS,STRUCTURE",-0.0742
1,component_short_SEATS,0.0957
1,"component_short_SEATS,LANE DEPARTURE",-0.0912
1,component_short_SERVICE BRAKES,2.4382
1,"component_short_SERVICE BRAKES, AIR",0.7253
1,"component_short_SERVICE BRAKES, HYDRAULIC",3.0296
1,"component_short_SERVICE BRAKES, HYDRAULIC,ELEC",0.3732
1,"component_short_SERVICE BRAKES, HYDRAULIC,ENGI",1.3826
1,"component_short_SERVICE BRAKES, HYDRAULIC,POWE",0.7232
1,"component_short_SERVICE BRAKES, HYDRAULIC,VEHI",0.812
1,"component_short_SERVICE BRAKES, HYDRAULIC,VISI",0.8261
1,"component_short_SERVICE BRAKES,ENGINE",0.5466
1,"component_short_SERVICE BRAKES,ENGINE,FUEL/PRO",-0.1249
1,"component_short_SERVICE BRAKES,FORWARD COLLISI",1.262
1,component_short_STEERING,0.7175
1,"component_short_STEERING,AIR BAGS",-0.3198
1,"component_short_STEERING,AIR BAGS,SEAT BELTS",-0.1153
1,"component_short_STEERING,AIR BAGS,UNKNOWN OR O",-0.1278
1,"component_short_STEERING,ELECTRICAL SYSTEM",0.9836
1,"component_short_STEERING,ELECTRICAL SYSTEM,AIR",0.4319
1,"component_short_STEERING,ELECTRICAL SYSTEM,SER",-0.1207
1,"component_short_STEERING,ENGINE,FUEL/PROPULSIO",-0.3228
1,"component_short_STEERING,FUEL SYSTEM, DIESEL,E",-0.134
1,"component_short_STEERING,FUEL SYSTEM, DIESEL,S",-0.1146
1,"component_short_STEERING,POWER TRAIN",0.481
1,"component_short_STEERING,POWER TRAIN,ENGINE",-0.1129
1,"component_short_STEERING,SUSPENSION",-0.1322
1,"component_short_STEERING,SUSPENSION,ELECTRICAL",0.6846
1,"component_short_STEERING,SUSPENSION,SERVICE BR",-0.134
1,"component_short_STEERING,SUSPENSION,WHEELS",-0.1089
1,"component_short_STEERING,UNKNOWN OR OTHER,FUEL",-0.1229
1,"component_short_STEERING,UNKNOWN OR OTHER,SERV",-0.1312
1,"component_short_STEERING,VEHICLE SPEED CONTROL",0.5431
1,component_short_STRUCTURE,-0.5315
1,"component_short_STRUCTURE,ENGINE",-0.2309
1,"component_short_STRUCTURE,LATCHES/LOCKS/LINKAG",-0.0742
1,"component_short_STRUCTURE,UNKNOWN OR OTHER",-0.4731
1,"component_short_STRUCTURE,UNKNOWN OR OTHER,VIS",-0.2065
1,"component_short_STRUCTURE,VISIBILITY/WIPER",-0.2016
1,"component_short_STRUCTURE,WHEELS,UNKNOWN OR OT",-0.1287
1,component_short_SUSPENSION,-0.6649
1,"component_short_SUSPENSION,AIR BAGS,WHEELS",-0.082
1,"component_short_SUSPENSION,ENGINE AND ENGINE C",-0.1129
1,"component_short_SUSPENSION,FUEL/PROPULSION SYS",-0.1307
1,"component_short_SUSPENSION,POWER TRAIN",-0.1761
1,"component_short_SUSPENSION,POWER TRAIN,LANE DE",-0.1593
1,"component_short_SUSPENSION,SEATS,UNKNOWN OR OT",-0.1293
1,"component_short_SUSPENSION,SERVICE BRAKES",-0.1207
1,component_short_TIRES,-0.3673
1,"component_short_TIRES,WHEELS",-0.1322
1,component_short_UNKNOWN OR OTHER,0.449
1,"component_short_UNKNOWN OR OTHER,ENGINE",-0.3642
1,"component_short_UNKNOWN OR OTHER,ENGINE,FUEL/P",-0.2872
1,"component_short_UNKNOWN OR OTHER,FORWARD COLLI",0.7345
1,"component_short_UNKNOWN OR OTHER,FUEL/PROPULSI",-0.3226
1,"component_short_UNKNOWN OR OTHER,VISIBILITY/WI",-0.226
1,component_short_VEHICLE SPEED CONTROL,1.9248
1,"component_short_VEHICLE SPEED CONTROL,ELECTRIC",0.6327
1,"component_short_VEHICLE SPEED CONTROL,ELECTRON",0.7232
1,"component_short_VEHICLE SPEED CONTROL,ENGINE,E",-0.1169
1,"component_short_VEHICLE SPEED CONTROL,ENGINE,F",-0.2167
1,component_short_VISIBILITY,-0.3733
1,"component_short_VISIBILITY,AIR BAGS",-0.102
1,"component_short_VISIBILITY,AIR BAGS,INTERIOR L",-0.0592
1,"component_short_VISIBILITY,AIR BAGS,VEHICLE SP",-0.0724
1,"component_short_VISIBILITY,STRUCTURE",-0.1501
1,component_short_VISIBILITY/WIPER,-0.4997
1,component_short_WHEELS,-0.3659
1,"component_short_WHEELS,SERVICE BRAKES",-0.1952
2,mileage_log,0.166
2,prod_year_centered,0.0298
2,engine_spec_reg_TDI_unknown,-1.6025
2,engine_spec_reg_other,-0.0756
2,engine_spec_reg_unknown,-1.2618
2,"component_short_AIR BAGS,ELECTRICAL SYSTEM",-0.0628
2,"component_short_AIR BAGS,ELECTRONIC STABILITY ",-0.1555
2,"component_short_AIR BAGS,EQUIPMENT",-0.0364
2,"component_short_AIR BAGS,FUEL/PROPULSION SYSTE",-0.0727
2,"component_short_AIR BAGS,SEAT BELTS",-0.0562
2,"component_short_AIR BAGS,SEAT BELTS,EQUIPMENT",-0.0323
2,"component_short_AIR BAGS,SEAT BELTS,SEATS",-0.0562
2,"component_short_AIR BAGS,SEATS,EQUIPMENT",-0.041
2,"component_short_AIR BAGS,STRUCTURE",-0.0283
2,"component_short_AIR BAGS,UNKNOWN OR OTHER",-0.1953
2,"component_short_AIR BAGS,UNKNOWN OR OTHER,SERV",-0.0701
2,"component_short_AIR BAGS,VEHICLE SPEED CONTROL",-0.1166
2,"component_short_AIR BAGS,WHEELS",-0.0701
2,component_short_BACK OVER PREVENTION,-0.136
2,component_short_CHILD SEAT,-0.026
2,component_short_ELECTRICAL SYSTEM,1.3253
2,"component_short_ELECTRICAL SYSTEM,AIR BAGS",-0.2019
2,"component_short_ELECTRICAL SYSTEM,AIR BAGS,BAC",-0.0636
2,"component_short_ELECTRICAL SYSTEM,AIR BAGS,ENG",-0.064
2,"component_short_ELECTRICAL SYSTEM,AIR BAGS,FOR",-0.1509
2,"component_short_ELECTRICAL SYSTEM,AIR BAGS,SEA",-0.0707
2,"component_short_ELECTRICAL SYSTEM,AIR BAGS,SER",-0.0718
2,"component_short_ELECTRICAL SYSTEM,AIR BAGS,STR",-0.1089
2,"component_short_ELECTRICAL SYSTEM,AIR BAGS,UNK",-0.0707
2,"component_short_ELECTRICAL SYSTEM,AIR BAGS,VEH",-0.1087
2,"component_short_ELECTRICAL SYSTEM,AIR BAGS,VIS",-0.0698
2,"component_short_ELECTRICAL SYSTEM,BACK OVER PR",-0.136
2,"component_short_ELECTRICAL SYSTEM,ELECTRONIC S",-0.0635
2,"component_short_ELECTRICAL SYSTEM,ENGINE",0.5798
2,"component_short_ELECTRICAL SYSTEM,ENGINE,FUEL/",0.0624
2,"component_short_ELECTRICAL SYSTEM,EQUIPMENT",-0.0332
2,"component_short_ELECTRICAL SYSTEM,EXTERIOR LIG",-0.1875
2,"component_short_ELECTRICAL SYSTEM,FORWARD COLL",-0.1632
2,"component_short_ELECTRICAL SYSTEM,FUEL/PROPULS",0.4954
2,"component_short_ELECTRICAL SYSTEM,SEAT BELTS,S",-0.0724
2,"component_short_ELECTRICAL SYSTEM,SERVICE BRAK",0.8997
2,"component_short_ELECTRICAL SYSTEM,STRUCTURE",-0.1698
2,"component_short_ELECTRICAL SYSTEM,STRUCTURE,EN",-0.0686
2,"component_short_ELECTRICAL SYSTEM,STRUCTURE,UN",-0.0675
2,"component_short_ELECTRICAL SYSTEM,UNKNOWN OR O",-0.2144
2,"component_short_ELECTRICAL SYSTEM,VEHICLE SPEE",-0.1005
2,"component_short_ELECTRICAL SYSTEM,VISIBILITY",0.9303
2,"component_short_ELECTRICAL SYSTEM,VISIBILITY,S",-0.0248
2,"component_short_ELECTRICAL SYSTEM,VISIBILITY,V",-0.0226
2,"component_short_ELECTRICAL SYSTEM,VISIBILITY/W",-0.1253
2,component_short_ELECTRONIC STABILITY CONTROL (,-0.121
2,component_short_ENGINE,-0.3755
2,component_short_ENGINE AND ENGINE COOLING,0.0876
2,"component_short_ENGINE AND ENGINE COOLING,ELEC",-0.1232
2,"component_short_ENGINE AND ENGINE COOLING,EQUI",-0.0808
2,"component_short_ENGINE AND ENGINE COOLING,EXTE",-0.0248
2,"component_short_ENGINE AND ENGINE COOLING,FUEL",0.3501
2,"component_short_ENGINE AND ENGINE COOLING,POWE",-0.1535
2,"component_short_ENGINE AND ENGINE COOLING,UNKN",-0.1397
2,"component_short_ENGINE AND ENGINE COOLING,VEHI",-0.0226
2,"component_short_ENGINE,FUEL/PROPULSION SYSTEM",1.9162
2,component_short_EQUIPMENT,-0.0228
2,component_short_EXTERIOR LIGHTING,-0.2386
2,"component_short_EXTERIOR LIGHTING,AIR BAGS",-0.0651
2,"component_short_EXTERIOR LIGHTING,EQUIPMENT",-0.0248
2,"component_short_EXTERIOR LIGHTING,INTERIOR LIG",-0.0414
2,"component_short_EXTERIOR LIGHTING,STRUCTURE",-0.0646
2,component_short_FORWARD COLLISION AVOIDANCE,-0.2321
2,"component_short_FUEL SYSTEM, DIESEL",0.6133
2,"component_short_FUEL SYSTEM, DIESEL,ELECTRICAL",-0.0624
2,"component_short_FUEL SYSTEM, DIESEL,ENGINE",-0.081
2,"component_short_FUEL SYSTEM, DIESEL,ENGINE,FUE",-0.0338
2,"component_short_FUEL SYSTEM, DIESEL,EQUIPMENT",0.8547
2,"component_short_FUEL SYSTEM, DIESEL,FUEL/PROPU",0.4972
2,"component_short_FUEL SYSTEM, DIESEL,POWER TRAI",-0.0954
2,"component_short_FUEL SYSTEM, DIESEL,VEHICLE SP",-0.1787
2,"component_short_FUEL SYSTEM, GASOLINE",2.796
2,"component_short_FUEL SYSTEM, GASOLINE,ELECTRIC",-0.0624
2,"component_short_FUEL SYSTEM, OTHER",1.3702
2,"component_short_FUEL SYSTEM, OTHER,UNKNOWN OR ",-0.0231
2,"component_short_FUEL SYSTEM, OTHER,VEHICLE SPE",-0.0426
2,component_short_FUEL/PROPULSION SYSTEM,2.7441
2,component_short_LATCHES/LOCKS/LINKAGES,-0.139
2,component_short_POWER TRAIN,-0.9451
2,"component_short_POWER TRAIN,ELECTRICAL SYSTEM",0.4077
2,"component_short_POWER TRAIN,ELECTRICAL SYSTEM,",-0.3282
2,"component_short_POWER TRAIN,ENGINE",-0.5033
2,"component_short_POWER TRAIN,ENGINE,FUEL/PROPUL",-0.1851
2,"component_short_POWER TRAIN,EQUIPMENT",-0.0248
2,"component_short_POWER TRAIN,EXTERIOR LIGHTING",-0.0248
2,"component_short_POWER TRAIN,EXTERIOR LIGHTING,",-0.0248
2,"component_short_POWER TRAIN,FUEL/PROPULSION SY",-0.1082
2,"component_short_POWER TRAIN,UNKNOWN OR OTHER,F",0.6566
2,"component_short_POWER TRAIN,VEHICLE SPEED CONT",-0.0725
2,component_short_SEAT BELTS,-0.1948
2,"component_short_SEAT BELTS,SEATS",-0.0361
2,"component_short_SEAT BELTS,STRUCTURE",-0.0246
2,component_short_SEATS,2.512
2,"component_short_SEATS,LANE DEPARTURE",0.8435
2,component_short_SERVICE BRAKES,0.185
2,"component_short_SERVICE BRAKES, AIR",-0.0542
2,"component_short_SERVICE BRAKES, HYDRAULIC",-0.2084
2,"component_short_SERVICE BRAKES, HYDRAULIC,ELEC",-0.1413
2,"component_short_SERVICE BRAKES, HYDRAULIC,ENGI",-0.045
2,"component_short_SERVICE BRAKES, HYDRAULIC,POWE",-0.0343
2,"component_short_SERVICE BRAKES, HYDRAULIC,VEHI",-0.0248
2,"component_short_SERVICE BRAKES, HYDRAULIC,VISI",-0.0218
2,"component_short_SERVICE BRAKES,ENGINE",0.7209
2,"component_short_SERVICE BRAKES,ENGINE,FUEL/PRO",-0.0736
2,"component_short_SERVICE BRAKES,FORWARD COLLISI",-0.109
2,component_short_STEERING,-0.2345
2,"component_short_STEERING,AIR BAGS",-0.2565
2,"component_short_STEERING,AIR BAGS,SEAT BELTS",-0.0677
2,"component_short_STEERING,AIR BAGS,UNKNOWN OR O",-0.0701
2,"component_short_STEERING,ELECTRICAL SYSTEM",0.6532
2,"component_short_STEERING,ELECTRICAL SYSTEM,AIR",-0.1414
2,"component_short_STEERING,ELECTRICAL SYSTEM,SER",-0.0615
2,"component_short_STEERING,ENGINE,FUEL/PROPULSIO",-0.2477
2,"component_short_STEERING,FUEL SYSTEM, DIESEL,E",-0.0686
2,"component_short_STEERING,FUEL SYSTEM, DIESEL,S",-0.0328
2,"component_short_STEERING,POWER TRAIN",-0.154
2,"component_short_STEERING,POWER TRAIN,ENGINE",-0.0374
2,"component_short_STEERING,SUSPENSION",-0.0677
2,"component_short_STEERING,SUSPENSION,ELECTRICAL",-0.1535
2,"component_short_STEERING,SUSPENSION,SERVICE BR",-0.0428
2,"component_short_STEERING,SUSPENSION,WHEELS",-0.071
2,"component_short_STEERING,UNKNOWN OR OTHER,FUEL",-0.0353
2,"component_short_STEERING,UNKNOWN OR OTHER,SERV",-0.0721
2,"component_short_STEERING,VEHICLE SPEED CONTROL",-0.1182
2,component_short_STRUCTURE,-0.9397
2,"component_short_STRUCTURE,ENGINE",0.6981
2,"component_short_STRUCTURE,LATCHES/LOCKS/LINKAG",-0.0228
2,"component_short_STRUCTURE,UNKNOWN OR OTHER",-0.3208
2,"component_short_STRUCTURE,UNKNOWN OR OTHER,VIS",-0.1295
2,"component_short_STRUCTURE,VISIBILITY/WIPER",-0.1243
2,"component_short_STRUCTURE,WHEELS,UNKNOWN OR OT",-0.0707
2,component_short_SUSPENSION,-0.4342
2,"component_short_SUSPENSION,AIR BAGS,WHEELS",-0.0283
2,"component_short_SUSPENSION,ENGINE AND ENGINE C",-0.046
2,"component_short_SUSPENSION,FUEL/PROPULSION SYS",-0.0718
2,"component_short_SUSPENSION,POWER TRAIN",-0.0838
2,"component_short_SUSPENSION,POWER TRAIN,LANE DE",-0.1755
2,"component_short_SUSPENSION,SEATS,UNKNOWN OR OT",-0.071
2,"component_short_SUSPENSION,SERVICE BRAKES",-0.0615
2,component_short_TIRES,-0.2253
2,"component_short_TIRES,WHEELS",-0.0677
2,component_short_UNKNOWN OR OTHER,-0.5019
2,"component_short_UNKNOWN OR OTHER,ENGINE",-0.2828
2,"component_short_UNKNOWN OR OTHER,ENGINE,FUEL/P",-0.1599
2,"component_short_UNKNOWN OR OTHER,FORWARD COLLI",-0.0646
2,"component_short_UNKNOWN OR OTHER,FUEL/PROPULSI",0.4951
2,"component_short_UNKNOWN OR OTHER,VISIBILITY/WI",-0.1358
2,component_short_VEHICLE SPEED CONTROL,-0.3566
2,"component_short_VEHICLE SPEED CONTROL,ELECTRIC",-0.145
2,"component_short_VEHICLE SPEED CONTROL,ELECTRON",-0.0343
2,"component_short_VEHICLE SPEED CONTROL,ENGINE,E",-0.0639
2,"component_short_VEHICLE SPEED CONTROL,ENGINE,F",0.7079
2,component_short_VISIBILITY,-0.4838
2,"component_short_VISIBILITY,AIR BAGS",-0.064
2,"component_short_VISIBILITY,AIR BAGS,INTERIOR L",-0.018
2,"component_short_VISIBILITY,AIR BAGS,VEHICLE SP",-0.0222
2,"component_short_VISIBILITY,STRUCTURE",-0.096
2,component_short_VISIBILITY/WIPER,-0.3328
2,component_short_WHEELS,-0.2192
2,"component_short_WHEELS,SERVICE BRAKES",-0.1102
3,mileage_log,0.0894
3,prod_year_centered,0.0183
3,engine_spec_reg_TDI_unknown,0.2984
3,engine_spec_reg_other,0.8058
3,engine_spec_reg_unknown,0.2521
3,"component_short_AIR BAGS,ELECTRICAL SYSTEM",-0.1192
3,"component_short_AIR BAGS,ELECTRONIC STABILITY ",-0.2676
3,"component_short_AIR BAGS,EQUIPMENT",-0.0752
3,"component_short_AIR BAGS,FUEL/PROPULSION SYSTE",-0.1301
3,"component_short_AIR BAGS,SEAT BELTS",-0.1174
3,"component_short_AIR BAGS,SEAT BELTS,EQUIPMENT",-0.0679
3,"component_short_AIR BAGS,SEAT BELTS,SEATS",-0.1084
3,"component_short_AIR BAGS,SEATS,EQUIPMENT",-0.0836
3,"component_short_AIR BAGS,STRUCTURE",-0.0603
3,"component_short_AIR BAGS,UNKNOWN OR OTHER",-0.3318
3,"component_short_AIR BAGS,UNKNOWN OR OTHER,SERV",-0.127
3,"component_short_AIR BAGS,VEHICLE SPEED CONTROL",-0.2025
3,"component_short_AIR BAGS,WHEELS",-0.127
3,component_short_BACK OVER PREVENTION,-0.0565
3,component_short_CHILD SEAT,-0.0568
3,component_short_ELECTRICAL SYSTEM,1.8051
3,"component_short_ELECTRICAL SYSTEM,AIR BAGS",-0.3349
3,"component_short_ELECTRICAL SYSTEM,AIR BAGS,BAC",-0.1086
3,"component_short_ELECTRICAL SYSTEM,AIR BAGS,ENG",0.7397
3,"component_short_ELECTRICAL SYSTEM,AIR BAGS,FOR",-0.2578
3,"component_short_ELECTRICAL SYSTEM,AIR BAGS,SEA",-0.1254
3,"component_short_ELECTRICAL SYSTEM,AIR BAGS,SER",-0.1221
3,"component_short_ELECTRICAL SYSTEM,AIR BAGS,STR",-0.1986
3,"component_short_ELECTRICAL SYSTEM,AIR BAGS,UNK",-0.1254
3,"component_short_ELECTRICAL SYSTEM,AIR BAGS,VEH",-0.185
3,"component_short_ELECTRICAL SYSTEM,AIR BAGS,VIS",-0.1239
3,"component_short_ELECTRICAL SYSTEM,BACK OVER PR",-0.0565
3,"component_short_ELECTRICAL SYSTEM,ELECTRONIC S",-0.1203
3,"component_short_ELECTRICAL SYSTEM,ENGINE",1.6393
3,"component_short_ELECTRICAL SYSTEM,ENGINE,FUEL/",0.7148
3,"component_short_ELECTRICAL SYSTEM,EQUIPMENT",-0.0704
3,"component_short_ELECTRICAL SYSTEM,EXTERIOR LIG",0.3439
3,"component_short_ELECTRICAL SYSTEM,FORWARD COLL",-0.1333
3,"component_short_ELECTRICAL SYSTEM,FUEL/PROPULS",-0.2504
3,"component_short_ELECTRICAL SYSTEM,SEAT BELTS,S",-0.1256
3,"component_short_ELECTRICAL SYSTEM,SERVICE BRAK",-0.1013
3,"component_short_ELECTRICAL SYSTEM,STRUCTURE",-0.2838
3,"component_short_ELECTRICAL SYSTEM,STRUCTURE,EN",-0.127
3,"component_short_ELECTRICAL SYSTEM,STRUCTURE,UN",-0.1175
3,"component_short_ELECTRICAL SYSTEM,UNKNOWN OR O",-0.3545
3,"component_short_ELECTRICAL SYSTEM,VEHICLE SPEE",1.2684
3,"component_short_ELECTRICAL SYSTEM,VISIBILITY",-0.0586
3,"component_short_ELECTRICAL SYSTEM,VISIBILITY,S",-0.0543
3,"component_short_ELECTRICAL SYSTEM,VISIBILITY,V",0.8747
3,"component_short_ELECTRICAL SYSTEM,VISIBILITY/W",-0.2091
3,component_short_ELECTRONIC STABILITY CONTROL (,-0.2147
3,component_short_ENGINE,0.553
3,component_short_ENGINE AND ENGINE COOLING,0.5971
3,"component_short_ENGINE AND ENGINE COOLING,ELEC",1.5466
3,"component_short_ENGINE AND ENGINE COOLING,EQUI",0.6295
3,"component_short_ENGINE AND ENGINE COOLING,EXTE",-0.0543
3,"component_short_ENGINE AND ENGINE COOLING,FUEL",-0.0109
3,"component_short_ENGINE AND ENGINE COOLING,POWE",0.4226
3,"component_short_ENGINE AND ENGINE COOLING,UNKN",-0.255
3,"component_short_ENGINE AND ENGINE COOLING,VEHI",-0.0501
3,"component_short_ENGINE,FUEL/PROPULSION SYSTEM",-0.7654
3,component_short_EQUIPMENT,-0.0505
3,component_short_EXTERIOR LIGHTING,-0.4186
3,"component_short_EXTERIOR LIGHTING,AIR BAGS",-0.1158
3,"component_short_EXTERIOR LIGHTING,EQUIPMENT",-0.0543
3,"component_short_EXTERIOR LIGHTING,INTERIOR LIG",-0.0852
3,"component_short_EXTERIOR LIGHTING,STRUCTURE",-0.1163
3,component_short_FORWARD COLLISION AVOIDANCE,0.2852
3,"component_short_FUEL SYSTEM, DIESEL",0.0975
3,"component_short_FUEL SYSTEM, DIESEL,ELECTRICAL",-0.1183
3,"component_short_FUEL SYSTEM, DIESEL,ENGINE",-0.1709
3,"component_short_FUEL SYSTEM, DIESEL,ENGINE,FUE",-0.0932
3,"component_short_FUEL SYSTEM, DIESEL,EQUIPMENT",-0.1129
3,"component_short_FUEL SYSTEM, DIESEL,FUEL/PROPU",-0.4088
3,"component_short_FUEL SYSTEM, DIESEL,POWER TRAI",-0.1989
3,"component_short_FUEL SYSTEM, DIESEL,VEHICLE SP",-0.354
3,"component_short_FUEL SYSTEM, GASOLINE",-0.2831
3,"component_short_FUEL SYSTEM, GASOLINE,ELECTRIC",-0.1183
3,"component_short_FUEL SYSTEM, OTHER",0.4419
3,"component_short_FUEL SYSTEM, OTHER,UNKNOWN OR ",-0.0513
3,"component_short_FUEL SYSTEM, OTHER,VEHICLE SPE",0.7924
3,component_short_FUEL/PROPULSION SYSTEM,-0.4347
3,component_short_LATCHES/LOCKS/LINKAGES,0.4498
3,component_short_POWER TRAIN,0.5762
3,"component_short_POWER TRAIN,ELECTRICAL SYSTEM",0.9499
3,"component_short_POWER TRAIN,ELECTRICAL SYSTEM,",-0.3098
3,"component_short_POWER TRAIN,ENGINE",-0.2467
3,"component_short_POWER TRAIN,ENGINE,FUEL/PROPUL",1.3592
3,"component_short_POWER TRAIN,EQUIPMENT",-0.0543
3,"component_short_POWER TRAIN,EXTERIOR LIGHTING",-0.0543
3,"component_short_POWER TRAIN,EXTERIOR LIGHTING,",-0.0543
3,"component_short_POWER TRAIN,FUEL/PROPULSION SY",1.2292
3,"component_short_POWER TRAIN,UNKNOWN OR OTHER,F",-0.0687
3,"component_short_POWER TRAIN,VEHICLE SPEED CONT",-0.1311
3,component_short_SEAT BELTS,0.3235
3,"component_short_SEAT BELTS,SEATS",-0.1012
3,"component_short_SEAT BELTS,STRUCTURE",-0.0531
3,component_short_SEATS,-0.41
3,"component_short_SEATS,LANE DEPARTURE",-0.1076
3,component_short_SERVICE BRAKES,0.4425
3,"component_short_SERVICE BRAKES, AIR",-0.1046
3,"component_short_SERVICE BRAKES, HYDRAULIC",0.764
3,"component_short_SERVICE BRAKES, HYDRAULIC,ELEC",0.4595
3,"component_short_SERVICE BRAKES, HYDRAULIC,ENGI",-0.0962
3,"component_short_SERVICE BRAKES, HYDRAULIC,POWE",-0.0956
3,"component_short_SERVICE BRAKES, HYDRAULIC,VEHI",-0.0543
3,"component_short_SERVICE BRAKES, HYDRAULIC,VISI",-0.0485
3,"component_short_SERVICE BRAKES,ENGINE",-0.2114
3,"component_short_SERVICE BRAKES,ENGINE,FUEL/PRO",-0.1302
3,"component_short_SERVICE BRAKES,FORWARD COLLISI",-0.1866
3,component_short_STEERING,-0.3917
3,"component_short_STEERING,AIR BAGS",-0.2531
3,"component_short_STEERING,AIR BAGS,SEAT BELTS",-0.1202
3,"component_short_STEERING,AIR BAGS,UNKNOWN OR O",-0.127
3,"component_short_STEERING,ELECTRICAL SYSTEM",-0.2689
3,"component_short_STEERING,ELECTRICAL SYSTEM,AIR",-0.2658
3,"component_short_STEERING,ELECTRICAL SYSTEM,SER",0.7343
3,"component_short_STEERING,ENGINE,FUEL/PROPULSIO",0.453
3,"component_short_STEERING,FUEL SYSTEM, DIESEL,E",-0.127
3,"component_short_STEERING,FUEL SYSTEM, DIESEL,S",-0.0915
3,"component_short_STEERING,POWER TRAIN",1.045
3,"component_short_STEERING,POWER TRAIN,ENGINE",0.7653
3,"component_short_STEERING,SUSPENSION",-0.1253
3,"component_short_STEERING,SUSPENSION,ELECTRICAL",-0.068
3,"component_short_STEERING,SUSPENSION,SERVICE BR",1.5313
3,"component_short_STEERING,SUSPENSION,WHEELS",-0.122
3,"component_short_STEERING,UNKNOWN OR OTHER,FUEL",0.7678
3,"component_short_STEERING,UNKNOWN OR OTHER,SERV",-0.1304
3,"component_short_STEERING,VEHICLE SPEED CONTROL",-0.2088
3,component_short_STRUCTURE,-0.7655
3,"component_short_STRUCTURE,ENGINE",-0.2296
3,"component_short_STRUCTURE,LATCHES/LOCKS/LINKAG",-0.0505
3,"component_short_STRUCTURE,UNKNOWN OR OTHER",-0.4972
3,"component_short_STRUCTURE,UNKNOWN OR OTHER,VIS",-0.2191
3,"component_short_STRUCTURE,VISIBILITY/WIPER",-0.2119
3,"component_short_STRUCTURE,WHEELS,UNKNOWN OR OT",-0.1279
3,component_short_SUSPENSION,-0.0883
3,"component_short_SUSPENSION,AIR BAGS,WHEELS",-0.0603
3,"component_short_SUSPENSION,ENGINE AND ENGINE C",0.7804
3,"component_short_SUSPENSION,FUEL/PROPULSION SYS",-0.1299
3,"component_short_SUSPENSION,POWER TRAIN",0.6509
3,"component_short_SUSPENSION,POWER TRAIN,LANE DE",-0.0787
3,"component_short_SUSPENSION,SEATS,UNKNOWN OR OT",-0.1285
3,"component_short_SUSPENSION,SERVICE BRAKES",0.7343
3,component_short_TIRES,0.4499
3,"component_short_TIRES,WHEELS",-0.1253
3,component_short_UNKNOWN OR OTHER,-0.4572
3,"component_short_UNKNOWN OR OTHER,ENGINE",-0.342
3,"component_short_UNKNOWN OR OTHER,ENGINE,FUEL/P",0.4371
3,"component_short_UNKNOWN OR OTHER,FORWARD COLLI",-0.1163
3,"component_short_UNKNOWN OR OTHER,FUEL/PROPULSI",0.4725
3,"component_short_UNKNOWN OR OTHER,VISIBILITY/WI",-0.2322
3,component_short_VEHICLE SPEED CONTROL,1.4544
3,"component_short_VEHICLE SPEED CONTROL,ELECTRIC",-0.0691
3,"component_short_VEHICLE SPEED CONTROL,ELECTRON",-0.0956
3,"component_short_VEHICLE SPEED CONTROL,ENGINE,E",0.7305
3,"component_short_VEHICLE SPEED CONTROL,ENGINE,F",-0.2196
3,component_short_VISIBILITY,-0.7528
3,"component_short_VISIBILITY,AIR BAGS",0.7397
3,"component_short_VISIBILITY,AIR BAGS,INTERIOR L",-0.0401
3,"component_short_VISIBILITY,AIR BAGS,VEHICLE SP",-0.0492
3,"component_short_VISIBILITY,STRUCTURE",-0.0493
3,component_short_VISIBILITY/WIPER,-0.517
3,component_short_WHEELS,-0.3698
3,"component_short_WHEELS,SERVICE BRAKES",-0.1941
4,mileage_log,-0.0189
4,prod_year_centered,-0.0379
4,engine_spec_reg_TDI_unknown,1.9026
4,engine_spec_reg_other,-0.0236
4,engine_spec_reg_unknown,0.3153
4,"component_short_AIR BAGS,ELECTRICAL SYSTEM",-0.0503
4,"component_short_AIR BAGS,ELECTRONIC STABILITY ",-0.1038
4,"component_short_AIR BAGS,EQUIPMENT",-0.0429
4,"component_short_AIR BAGS,FUEL/PROPULSION SYSTE",-0.0422
4,"component_short_AIR BAGS,SEAT BELTS",-0.0793
4,"component_short_AIR BAGS,SEAT BELTS,EQUIPMENT",-0.0407
4,"component_short_AIR BAGS,SEAT BELTS,SEATS",-0.048
4,"component_short_AIR BAGS,SEATS,EQUIPMENT",-0.0453
4,"component_short_AIR BAGS,STRUCTURE",-0.0381
4,"component_short_AIR BAGS,UNKNOWN OR OTHER",-0.1419
4,"component_short_AIR BAGS,UNKNOWN OR OTHER,SERV",-0.0434
4,"component_short_AIR BAGS,VEHICLE SPEED CONTROL",-0.0691
4,"component_short_AIR BAGS,WHEELS",-0.0434
4,component_short_BACK OVER PREVENTION,-0.0112
4,component_short_CHILD SEAT,-0.0399
4,component_short_ELECTRICAL SYSTEM,-0.7839
4,"component_short_ELECTRICAL SYSTEM,AIR BAGS",-0.1236
4,"component_short_ELECTRICAL SYSTEM,AIR BAGS,BAC",-0.0265
4,"component_short_ELECTRICAL SYSTEM,AIR BAGS,ENG",-0.0304
4,"component_short_ELECTRICAL SYSTEM,AIR BAGS,FOR",-0.0923
4,"component_short_ELECTRICAL SYSTEM,AIR BAGS,SEA",-0.0385
4,"component_short_ELECTRICAL SYSTEM,AIR BAGS,SER",-0.0301
4,"component_short_ELECTRICAL SYSTEM,AIR BAGS,STR",-0.0896
4,"component_short_ELECTRICAL SYSTEM,AIR BAGS,UNK",-0.0385
4,"component_short_ELECTRICAL SYSTEM,AIR BAGS,VEH",-0.055
4,"component_short_ELECTRICAL SYSTEM,AIR BAGS,VIS",-0.038
4,"component_short_ELECTRICAL SYSTEM,BACK OVER PR",-0.0112
4,"component_short_ELECTRICAL SYSTEM,ELECTRONIC S",-0.0508
4,"component_short_ELECTRICAL SYSTEM,ENGINE",-0.1389
4,"component_short_ELECTRICAL SYSTEM,ENGINE,FUEL/",-0.2641
4,"component_short_ELECTRICAL SYSTEM,EQUIPMENT",-0.0446
4,"component_short_ELECTRICAL SYSTEM,EXTERIOR LIG",-0.209
4,"component_short_ELECTRICAL SYSTEM,FORWARD COLL",-0.0291
4,"component_short_ELECTRICAL SYSTEM,FUEL/PROPULS",1.4881
4,"component_short_ELECTRICAL SYSTEM,SEAT BELTS,S",-0.0346
4,"component_short_ELECTRICAL SYSTEM,SERVICE BRAK",-0.1234
4,"component_short_ELECTRICAL SYSTEM,STRUCTURE",-0.1003
4,"component_short_ELECTRICAL SYSTEM,STRUCTURE,EN",-0.0484
4,"component_short_ELECTRICAL SYSTEM,STRUCTURE,UN",-0.0322
4,"component_short_ELECTRICAL SYSTEM,UNKNOWN OR O",-0.1404
4,"component_short_ELECTRICAL SYSTEM,VEHICLE SPEE",-0.055
4,"component_short_ELECTRICAL SYSTEM,VISIBILITY",-0.0412
4,"component_short_ELECTRICAL SYSTEM,VISIBILITY,S",-0.0381
4,"component_short_ELECTRICAL SYSTEM,VISIBILITY,V",-0.037
4,"component_short_ELECTRICAL SYSTEM,VISIBILITY/W",-0.0596
4,component_short_ELECTRONIC STABILITY CONTROL (,-0.0876
4,component_short_ENGINE,0.4922
4,component_short_ENGINE AND ENGINE COOLING,-0.4746
4,"component_short_ENGINE AND ENGINE COOLING,ELEC",-0.172
4,"component_short_ENGINE AND ENGINE COOLING,EQUI",-0.1227
4,"component_short_ENGINE AND ENGINE COOLING,EXTE",-0.0381
4,"component_short_ENGINE AND ENGINE COOLING,FUEL",0.9189
4,"component_short_ENGINE AND ENGINE COOLING,POWE",-0.1686
4,"component_short_ENGINE AND ENGINE COOLING,UNKN",-0.1306
4,"component_short_ENGINE AND ENGINE COOLING,VEHI",-0.0371
4,"component_short_ENGINE,FUEL/PROPULSION SYSTEM",1.6395
4,component_short_EQUIPMENT,-0.0374
4,component_short_EXTERIOR LIGHTING,-0.2804
4,"component_short_EXTERIOR LIGHTING,AIR BAGS",-0.0353
4,"component_short_EXTERIOR LIGHTING,EQUIPMENT",-0.0381
4,"component_short_EXTERIOR LIGHTING,INTERIOR LIG",-0.0487
4,"component_short_EXTERIOR LIGHTING,STRUCTURE",-0.0374
4,component_short_FORWARD COLLISION AVOIDANCE,-0.1228
4,"component_short_FUEL SYSTEM, DIESEL",2.425
4,"component_short_FUEL SYSTEM, DIESEL,ELECTRICAL",0.875
4,"component_short_FUEL SYSTEM, DIESEL,ENGINE",1.3012
4,"component_short_FUEL SYSTEM, DIESEL,ENGINE,FUE",0.657
4,"component_short_FUEL SYSTEM, DIESEL,EQUIPMENT",-0.0501
4,"component_short_FUEL SYSTEM, DIESEL,FUEL/PROPU",2.6246
4,"component_short_FUEL SYSTEM, DIESEL,POWER TRAI",0.5607
4,"component_short_FUEL SYSTEM, DIESEL,VEHICLE SP",1.229
4,"component_short_FUEL SYSTEM, GASOLINE",0.8635
4,"component_short_FUEL SYSTEM, GASOLINE,ELECTRIC",0.875
4,"component_short_FUEL SYSTEM, OTHER",0.4566
4,"component_short_FUEL SYSTEM, OTHER,UNKNOWN OR ",-0.0379
4,"component_short_FUEL SYSTEM, OTHER,VEHICLE SPE",-0.0471
4,component_short_FUEL/PROPULSION SYSTEM,2.5835
4,component_short_LATCHES/LOCKS/LINKAGES,-0.1819
4,component_short_POWER TRAIN,-0.9269
4,"component_short_POWER TRAIN,ELECTRICAL SYSTEM",-0.3283
4,"component_short_POWER TRAIN,ELECTRICAL SYSTEM,",-0.1128
4,"component_short_POWER TRAIN,ENGINE",-0.4083
4,"component_short_POWER TRAIN,ENGINE,FUEL/PROPUL",0.7329
4,"component_short_POWER TRAIN,EQUIPMENT",-0.0381
4,"component_short_POWER TRAIN,EXTERIOR LIGHTING",-0.0381
4,"component_short_POWER TRAIN,EXTERIOR LIGHTING,",-0.0381
4,"component_short_POWER TRAIN,FUEL/PROPULSION SY",-0.0598
4,"component_short_POWER TRAIN,UNKNOWN OR OTHER,F",-0.0191
4,"component_short_POWER TRAIN,VEHICLE SPEED CONT",-0.0449
4,component_short_SEAT BELTS,-0.1978
4,"component_short_SEAT BELTS,SEATS",-0.1822
4,"component_short_SEAT BELTS,STRUCTURE",-0.0353
4,component_short_SEATS,-0.3469
4,"component_short_SEATS,LANE DEPARTURE",-0.0248
4,component_short_SERVICE BRAKES,-0.2765
4,"component_short_SERVICE BRAKES, AIR",-0.0462
4,"component_short_SERVICE BRAKES, HYDRAULIC",-0.3163
4,"component_short_SERVICE BRAKES, HYDRAULIC,ELEC",-0.1514
4,"component_short_SERVICE BRAKES, HYDRAULIC,ENGI",-0.0683
4,"component_short_SERVICE BRAKES, HYDRAULIC,POWE",-0.1647
4,"component_short_SERVICE BRAKES, HYDRAULIC,VEHI",-0.0381
4,"component_short_SERVICE BRAKES, HYDRAULIC,VISI",-0.0358
4,"component_short_SERVICE BRAKES,ENGINE",-0.0762
4,"component_short_SERVICE BRAKES,ENGINE,FUEL/PRO",-0.04
4,"component_short_SERVICE BRAKES,FORWARD COLLISI",-0.0567
4,component_short_STEERING,-0.1838
4,"component_short_STEERING,AIR BAGS",-0.0889
4,"component_short_STEERING,AIR BAGS,SEAT BELTS",-0.0367
4,"component_short_STEERING,AIR BAGS,UNKNOWN OR O",-0.0434
4,"component_short_STEERING,ELECTRICAL SYSTEM",-0.1213
4,"component_short_STEERING,ELECTRICAL SYSTEM,AIR",-0.2112
4,"component_short_STEERING,ELECTRICAL SYSTEM,SER",-0.0432
4,"component_short_STEERING,ENGINE,FUEL/PROPULSIO",-0.1033
4,"component_short_STEERING,FUEL SYSTEM, DIESEL,E",-0.0484
4,"component_short_STEERING,FUEL SYSTEM, DIESEL,S",0.6479
4,"component_short_STEERING,POWER TRAIN",-0.0872
4,"component_short_STEERING,POWER TRAIN,ENGINE",-0.1406
4,"component_short_STEERING,SUSPENSION",-0.0477
4,"component_short_STEERING,SUSPENSION,ELECTRICAL",-0.0179
4,"component_short_STEERING,SUSPENSION,SERVICE BR",-0.0694
4,"component_short_STEERING,SUSPENSION,WHEELS",-0.0317
4,"component_short_STEERING,UNKNOWN OR OTHER,FUEL",-0.1689
4,"component_short_STEERING,UNKNOWN OR OTHER,SERV",-0.0447
4,"component_short_STEERING,VEHICLE SPEED CONTROL",0.8078
4,component_short_STRUCTURE,-0.7258
4,"component_short_STRUCTURE,ENGINE",-0.0836
4,"component_short_STRUCTURE,LATCHES/LOCKS/LINKAG",-0.0374
4,"component_short_STRUCTURE,UNKNOWN OR OTHER",-0.1816
4,"component_short_STRUCTURE,UNKNOWN OR OTHER,VIS",-0.068
4,"component_short_STRUCTURE,VISIBILITY/WIPER",-0.0671
4,"component_short_STRUCTURE,WHEELS,UNKNOWN OR OT",-0.0438
4,component_short_SUSPENSION,-0.3306
4,"component_short_SUSPENSION,AIR BAGS,WHEELS",-0.0381
4,"component_short_SUSPENSION,ENGINE AND ENGINE C",-0.0476
4,"component_short_SUSPENSION,FUEL/PROPULSION SYS",-0.0445
4,"component_short_SUSPENSION,POWER TRAIN",-0.0736
4,"component_short_SUSPENSION,POWER TRAIN,LANE DE",-0.0209
4,"component_short_SUSPENSION,SEATS,UNKNOWN OR OT",-0.044
4,"component_short_SUSPENSION,SERVICE BRAKES",-0.0432
4,component_short_TIRES,-0.1625
4,"component_short_TIRES,WHEELS",-0.0477
4,component_short_UNKNOWN OR OTHER,-0.9373
4,"component_short_UNKNOWN OR OTHER,ENGINE",0.7317
4,"component_short_UNKNOWN OR OTHER,ENGINE,FUEL/P",0.7339
4,"component_short_UNKNOWN OR OTHER,FORWARD COLLI",-0.0374
4,"component_short_UNKNOWN OR OTHER,FUEL/PROPULSI",-0.0955
4,"component_short_UNKNOWN OR OTHER,VISIBILITY/WI",-0.0784
4,component_short_VEHICLE SPEED CONTROL,-0.4053
4,"component_short_VEHICLE SPEED CONTROL,ELECTRIC",-0.0267
4,"component_short_VEHICLE SPEED CONTROL,ELECTRON",-0.1647
4,"component_short_VEHICLE SPEED CONTROL,ENGINE,E",-0.0395
4,"component_short_VEHICLE SPEED CONTROL,ENGINE,F",0.8146
4,component_short_VISIBILITY,-0.5771
4,"component_short_VISIBILITY,AIR BAGS",-0.0304
4,"component_short_VISIBILITY,AIR BAGS,INTERIOR L",-0.0296
4,"component_short_VISIBILITY,AIR BAGS,VEHICLE SP",-0.0364
4,"component_short_VISIBILITY,STRUCTURE",-0.0309
4,component_short_VISIBILITY/WIPER,-0.1984
4,component_short_WHEELS,-0.2054
4,"component_short_WHEELS,SERVICE BRAKES",-0.0693
5,mileage_log,-0.024
5,prod_year_centered,0.0611
5,engine_spec_reg_TDI_unknown,-0.1993
5,engine_spec_reg_other,-0.2057
5,engine_spec_reg_unknown,0.2791
5,"component_short_AIR BAGS,ELECTRICAL SYSTEM",-0.0313
5,"component_short_AIR BAGS,ELECTRONIC STABILITY ",-0.0901
5,"component_short_AIR BAGS,EQUIPMENT",-0.0149
5,"component_short_AIR BAGS,FUEL/PROPULSION SYSTE",-0.0424
5,"component_short_AIR BAGS,SEAT BELTS",-0.0213
5,"component_short_AIR BAGS,SEAT BELTS,EQUIPMENT",-0.0128
5,"component_short_AIR BAGS,SEAT BELTS,SEATS",-0.0271
5,"component_short_AIR BAGS,SEATS,EQUIPMENT",-0.0174
5,"component_short_AIR BAGS,STRUCTURE",-0.0109
5,"component_short_AIR BAGS,UNKNOWN OR OTHER",-0.1122
5,"component_short_AIR BAGS,UNKNOWN OR OTHER,SERV",-0.0396
5,"component_short_AIR BAGS,VEHICLE SPEED CONTROL",-0.0691
5,"component_short_AIR BAGS,WHEELS",-0.0396
5,component_short_BACK OVER PREVENTION,-0.0229
5,component_short_CHILD SEAT,-0.0094
5,component_short_ELECTRICAL SYSTEM,-0.4447
5,"component_short_ELECTRICAL SYSTEM,AIR BAGS",-0.1234
5,"component_short_ELECTRICAL SYSTEM,AIR BAGS,BAC",-0.0429
5,"component_short_ELECTRICAL SYSTEM,AIR BAGS,ENG",-0.0407
5,"component_short_ELECTRICAL SYSTEM,AIR BAGS,FOR",-0.0898
5,"component_short_ELECTRICAL SYSTEM,AIR BAGS,SEA",-0.0424
5,"component_short_ELECTRICAL SYSTEM,AIR BAGS,SER",-0.0485
5,"component_short_ELECTRICAL SYSTEM,AIR BAGS,STR",-0.0575
5,"component_short_ELECTRICAL SYSTEM,AIR BAGS,UNK",-0.0424
5,"component_short_ELECTRICAL SYSTEM,AIR BAGS,VEH",-0.0698
5,"component_short_ELECTRICAL SYSTEM,AIR BAGS,VIS",-0.0419
5,"component_short_ELECTRICAL SYSTEM,BACK OVER PR",-0.0229
5,"component_short_ELECTRICAL SYSTEM,ELECTRONIC S",-0.0317
5,"component_short_ELECTRICAL SYSTEM,ENGINE",-0.1111
5,"component_short_ELECTRICAL SYSTEM,ENGINE,FUEL/",-0.2589
5,"component_short_ELECTRICAL SYSTEM,EQUIPMENT",-0.0128
5,"component_short_ELECTRICAL SYSTEM,EXTERIOR LIG",-0.103
5,"component_short_ELECTRICAL SYSTEM,FORWARD COLL",-0.0573
5,"component_short_ELECTRICAL SYSTEM,FUEL/PROPULS",-0.077
5,"component_short_ELECTRICAL SYSTEM,SEAT BELTS,S",-0.0461
5,"component_short_ELECTRICAL SYSTEM,SERVICE BRAK",-0.021
5,"component_short_ELECTRICAL SYSTEM,STRUCTURE",-0.1067
5,"component_short_ELECTRICAL SYSTEM,STRUCTURE,EN",-0.0365
5,"component_short_ELECTRICAL SYSTEM,STRUCTURE,UN",-0.0429
5,"component_short_ELECTRICAL SYSTEM,UNKNOWN OR O",-0.1317
5,"component_short_ELECTRICAL SYSTEM,VEHICLE SPEE",-0.0634
5,"component_short_ELECTRICAL SYSTEM,VISIBILITY",-0.0097
5,"component_short_ELECTRICAL SYSTEM,VISIBILITY,S",-0.0089
5,"component_short_ELECTRICAL SYSTEM,VISIBILITY,V",-0.0079
5,"component_short_ELECTRICAL SYSTEM,VISIBILITY/W",0.7994
5,component_short_ELECTRONIC STABILITY CONTROL (,-0.0679
5,component_short_ENGINE,2.8957
5,component_short_ENGINE AND ENGINE COOLING,2.7087
5,"component_short_ENGINE AND ENGINE COOLING,ELEC",-0.0484
5,"component_short_ENGINE AND ENGINE COOLING,EQUI",0.9229
5,"component_short_ENGINE AND ENGINE COOLING,EXTE",-0.0089
5,"component_short_ENGINE AND ENGINE COOLING,FUEL",-0.1736
5,"component_short_ENGINE AND ENGINE COOLING,POWE",-0.0704
5,"component_short_ENGINE AND ENGINE COOLING,UNKN",1.6262
5,"component_short_ENGINE AND ENGINE COOLING,VEHI",-0.0079
5,"component_short_ENGINE,FUEL/PROPULSION SYSTEM",-0.3396
5,component_short_EQUIPMENT,-0.0079
5,component_short_EXTERIOR LIGHTING,-0.1216
5,"component_short_EXTERIOR LIGHTING,AIR BAGS",-0.0389
5,"component_short_EXTERIOR LIGHTING,EQUIPMENT",-0.0089
5,"component_short_EXTERIOR LIGHTING,INTERIOR LIG",-0.017
5,"component_short_EXTERIOR LIGHTING,STRUCTURE",-0.0375
5,component_short_FORWARD COLLISION AVOIDANCE,-0.1539
5,"component_short_FUEL SYSTEM, DIESEL",-0.2618
5,"component_short_FUEL SYSTEM, DIESEL,ELECTRICAL",-0.0311
5,"component_short_FUEL SYSTEM, DIESEL,ENGINE",-0.0387
5,"component_short_FUEL SYSTEM, DIESEL,ENGINE,FUE",-0.015
5,"component_short_FUEL SYSTEM, DIESEL,EQUIPMENT",-0.0283
5,"component_short_FUEL SYSTEM, DIESEL,FUEL/PROPU",-0.1297
5,"component_short_FUEL SYSTEM, DIESEL,POWER TRAI",-0.047
5,"component_short_FUEL SYSTEM, DIESEL,VEHICLE SP",-0.0922
5,"component_short_FUEL SYSTEM, GASOLINE",-0.3084
5,"component_short_FUEL SYSTEM, GASOLINE,ELECTRIC",-0.0311
5,"component_short_FUEL SYSTEM, OTHER",-0.0638
5,"component_short_FUEL SYSTEM, OTHER,UNKNOWN OR ",-0.0081
5,"component_short_FUEL SYSTEM, OTHER,VEHICLE SPE",-0.0181
5,component_short_FUEL/PROPULSION SYSTEM,-0.2241
5,component_short_LATCHES/LOCKS/LINKAGES,-0.0571
5,component_short_POWER TRAIN,1.6543
5,"component_short_POWER TRAIN,ELECTRICAL SYSTEM",-0.1713
5,"component_short_POWER TRAIN,ELECTRICAL SYSTEM,",-0.1112
5,"component_short_POWER TRAIN,ENGINE",1.6045
5,"component_short_POWER TRAIN,ENGINE,FUEL/PROPUL",-0.1126
5,"component_short_POWER TRAIN,EQUIPMENT",-0.0089
5,"component_short_POWER TRAIN,EXTERIOR LIGHTING",-0.0089
5,"component_short_POWER TRAIN,EXTERIOR LIGHTING,",-0.0089
5,"component_short_POWER TRAIN,FUEL/PROPULSION SY",-0.0659
5,"component_short_POWER TRAIN,UNKNOWN OR OTHER,F",-0.0218
5,"component_short_POWER TRAIN,VEHICLE SPEED CONT",-0.041
5,component_short_SEAT BELTS,-0.0975
5,"component_short_SEAT BELTS,SEATS",-0.015
5,"component_short_SEAT BELTS,STRUCTURE",-0.0091
5,component_short_SEATS,-0.1055
5,"component_short_SEATS,LANE DEPARTURE",-0.0442
5,component_short_SERVICE BRAKES,-0.2361
5,"component_short_SERVICE BRAKES, AIR",-0.0261
5,"component_short_SERVICE BRAKES, HYDRAULIC",-0.0879
5,"component_short_SERVICE BRAKES, HYDRAULIC,ELEC",-0.0657
5,"component_short_SERVICE BRAKES, HYDRAULIC,ENGI",-0.0164
5,"component_short_SERVICE BRAKES, HYDRAULIC,POWE",-0.0147
5,"component_short_SERVICE BRAKES, HYDRAULIC,VEHI",-0.0089
5,"component_short_SERVICE BRAKES, HYDRAULIC,VISI",-0.0076
5,"component_short_SERVICE BRAKES,ENGINE",-0.0697
5,"component_short_SERVICE BRAKES,ENGINE,FUEL/PRO",-0.0442
5,"component_short_SERVICE BRAKES,FORWARD COLLISI",-0.0684
5,component_short_STEERING,-0.138
5,"component_short_STEERING,AIR BAGS",-0.0876
5,"component_short_STEERING,AIR BAGS,SEAT BELTS",-0.0405
5,"component_short_STEERING,AIR BAGS,UNKNOWN OR O",-0.0396
5,"component_short_STEERING,ELECTRICAL SYSTEM",-0.0911
5,"component_short_STEERING,ELECTRICAL SYSTEM,AIR",-0.0805
5,"component_short_STEERING,ELECTRICAL SYSTEM,SER",-0.0326
5,"component_short_STEERING,ENGINE,FUEL/PROPULSIO",-0.0881
5,"component_short_STEERING,FUEL SYSTEM, DIESEL,E",-0.0365
5,"component_short_STEERING,FUEL SYSTEM, DIESEL,S",-0.014
5,"component_short_STEERING,POWER TRAIN",-0.0954
5,"component_short_STEERING,POWER TRAIN,ENGINE",-0.0182
5,"component_short_STEERING,SUSPENSION",-0.0359
5,"component_short_STEERING,SUSPENSION,ELECTRICAL",-0.0225
5,"component_short_STEERING,SUSPENSION,SERVICE BR",-0.0151
5,"component_short_STEERING,SUSPENSION,WHEELS",-0.0466
5,"component_short_STEERING,UNKNOWN OR OTHER,FUEL",-0.0152
5,"component_short_STEERING,UNKNOWN OR OTHER,SERV",-0.0407
5,"component_short_STEERING,VEHICLE SPEED CONTROL",-0.0669
5,component_short_STRUCTURE,-0.5845
5,"component_short_STRUCTURE,ENGINE",-0.0765
5,"component_short_STRUCTURE,LATCHES/LOCKS/LINKAG",-0.0079
5,"component_short_STRUCTURE,UNKNOWN OR OTHER",-0.2154
5,"component_short_STRUCTURE,UNKNOWN OR OTHER,VIS",-0.0817
5,"component_short_STRUCTURE,VISIBILITY/WIPER",-0.0772
5,"component_short_STRUCTURE,WHEELS,UNKNOWN OR OT",-0.0399
5,component_short_SUSPENSION,-0.2537
5,"component_short_SUSPENSION,AIR BAGS,WHEELS",-0.0109
5,"component_short_SUSPENSION,ENGINE AND ENGINE C",-0.0201
5,"component_short_SUSPENSION,FUEL/PROPULSION SYS",-0.0406
5,"component_short_SUSPENSION,POWER TRAIN",-0.0433
5,"component_short_SUSPENSION,POWER TRAIN,LANE DE",-0.0262
5,"component_short_SUSPENSION,SEATS,UNKNOWN OR OT",-0.0401
5,"component_short_SUSPENSION,SERVICE BRAKES",-0.0326
5,component_short_TIRES,-0.0669
5,"component_short_TIRES,WHEELS",-0.0359
5,component_short_UNKNOWN OR OTHER,0.7245
5,"component_short_UNKNOWN OR OTHER,ENGINE",0.6918
5,"component_short_UNKNOWN OR OTHER,ENGINE,FUEL/P",-0.0919
5,"component_short_UNKNOWN OR OTHER,FORWARD COLLI",-0.0375
5,"component_short_UNKNOWN OR OTHER,FUEL/PROPULSI",-0.0845
5,"component_short_UNKNOWN OR OTHER,VISIBILITY/WI",-0.0822
5,component_short_VEHICLE SPEED CONTROL,-0.2122
5,"component_short_VEHICLE SPEED CONTROL,ELECTRIC",-0.017
5,"component_short_VEHICLE SPEED CONTROL,ELECTRON",-0.0147
5,"component_short_VEHICLE SPEED CONTROL,ENGINE,E",-0.036
5,"component_short_VEHICLE SPEED CONTROL,ENGINE,F",-0.0762
5,component_short_VISIBILITY,-0.2724
5,"component_short_VISIBILITY,AIR BAGS",-0.0407
5,"component_short_VISIBILITY,AIR BAGS,INTERIOR L",-0.0062
5,"component_short_VISIBILITY,AIR BAGS,VEHICLE SP",-0.0077
5,"component_short_VISIBILITY,STRUCTURE",-0.0082
5,component_short_VISIBILITY/WIPER,-0.2191
5,component_short_WHEELS,-0.14
5,"component_short_WHEELS,SERVICE BRAKES",-0.0633
6,mileage_log,0.0276
6,prod_year_centered,-0.0595
6,engine_spec_reg_TDI_unknown,-0.0815
6,engine_spec_reg_other,-0.0118
6,engine_spec_reg_unknown,-0.3508
6,"component_short_AIR BAGS,ELECTRICAL SYSTEM",-0.0476
6,"component_short_AIR BAGS,ELECTRONIC STABILITY ",-0.0932
6,"component_short_AIR BAGS,EQUIPMENT",-0.046
6,"component_short_AIR BAGS,FUEL/PROPULSION SYSTE",-0.036
6,"component_short_AIR BAGS,SEAT BELTS",-0.09
6,"component_short_AIR BAGS,SEAT BELTS,EQUIPMENT",-0.0446
6,"component_short_AIR BAGS,SEAT BELTS,SEATS",-0.0464
6,"component_short_AIR BAGS,SEATS,EQUIPMENT",-0.0475
6,"component_short_AIR BAGS,STRUCTURE",-0.0426
6,"component_short_AIR BAGS,UNKNOWN OR OTHER",-0.1323
6,"component_short_AIR BAGS,UNKNOWN OR OTHER,SERV",-0.0378
6,"component_short_AIR BAGS,VEHICLE SPEED CONTROL",-0.0593
6,"component_short_AIR BAGS,WHEELS",-0.0378
6,component_short_BACK OVER PREVENTION,-0.0157
6,component_short_CHILD SEAT,0.883
6,component_short_ELECTRICAL SYSTEM,-0.7182
6,"component_short_ELECTRICAL SYSTEM,AIR BAGS",-0.1067
6,"component_short_ELECTRICAL SYSTEM,AIR BAGS,BAC",-0.0203
6,"component_short_ELECTRICAL SYSTEM,AIR BAGS,ENG",-0.0243
6,"component_short_ELECTRICAL SYSTEM,AIR BAGS,FOR",-0.0799
6,"component_short_ELECTRICAL SYSTEM,AIR BAGS,SEA",-0.0321
6,"component_short_ELECTRICAL SYSTEM,AIR BAGS,SER",-0.023
6,"component_short_ELECTRICAL SYSTEM,AIR BAGS,STR",-0.0878
6,"component_short_ELECTRICAL SYSTEM,AIR BAGS,UNK",-0.0321
6,"component_short_ELECTRICAL SYSTEM,AIR BAGS,VEH",-0.045
6,"component_short_ELECTRICAL SYSTEM,AIR BAGS,VIS",-0.0317
6,"component_short_ELECTRICAL SYSTEM,BACK OVER PR",-0.0157
6,"component_short_ELECTRICAL SYSTEM,ELECTRONIC S",-0.0481
6,"component_short_ELECTRICAL SYSTEM,ENGINE",-0.1273
6,"component_short_ELECTRICAL SYSTEM,ENGINE,FUEL/",-0.2634
6,"component_short_ELECTRICAL SYSTEM,EQUIPMENT",-0.0498
6,"component_short_ELECTRICAL SYSTEM,EXTERIOR LIG",-0.1682
6,"component_short_ELECTRICAL SYSTEM,FORWARD COLL",-0.0277
6,"component_short_ELECTRICAL SYSTEM,FUEL/PROPULS",-0.1089
6,"component_short_ELECTRICAL SYSTEM,SEAT BELTS,S",-0.0276
6,"component_short_ELECTRICAL SYSTEM,SERVICE BRAK",-0.0293
6,"component_short_ELECTRICAL SYSTEM,STRUCTURE",-0.0871
6,"component_short_ELECTRICAL SYSTEM,STRUCTURE,EN",-0.0439
6,"component_short_ELECTRICAL SYSTEM,STRUCTURE,UN",-0.0257
6,"component_short_ELECTRICAL SYSTEM,UNKNOWN OR O",-0.1269
6,"component_short_ELECTRICAL SYSTEM,VEHICLE SPEE",-0.0469
6,"component_short_ELECTRICAL SYSTEM,VISIBILITY",-0.048
6,"component_short_ELECTRICAL SYSTEM,VISIBILITY,S",-0.0444
6,"component_short_ELECTRICAL SYSTEM,VISIBILITY,V",-0.0441
6,"component_short_ELECTRICAL SYSTEM,VISIBILITY/W",-0.0478
6,component_short_ELECTRONIC STABILITY CONTROL (,-0.0817
6,component_short_ENGINE,-0.7376
6,component_short_ENGINE AND ENGINE COOLING,-0.2279
6,"component_short_ENGINE AND ENGINE COOLING,ELEC",-0.1938
6,"component_short_ENGINE AND ENGINE COOLING,EQUI",-0.1421
6,"component_short_ENGINE AND ENGINE COOLING,EXTE",-0.0444
6,"component_short_ENGINE AND ENGINE COOLING,FUEL",-0.3419
6,"component_short_ENGINE AND ENGINE COOLING,POWE",-0.1784
6,"component_short_ENGINE AND ENGINE COOLING,UNKN",-0.132
6,"component_short_ENGINE AND ENGINE COOLING,VEHI",-0.0441
6,"component_short_ENGINE,FUEL/PROPULSION SYSTEM",-0.3478
6,component_short_EQUIPMENT,0.8878
6,component_short_EXTERIOR LIGHTING,-0.2757
6,"component_short_EXTERIOR LIGHTING,AIR BAGS",-0.0294
6,"component_short_EXTERIOR LIGHTING,EQUIPMENT",-0.0444
6,"component_short_EXTERIOR LIGHTING,INTERIOR LIG",-0.0522
6,"component_short_EXTERIOR LIGHTING,STRUCTURE",-0.0319
6,component_short_FORWARD COLLISION AVOIDANCE,-0.1008
6,"component_short_FUEL SYSTEM, DIESEL",-0.482
6,"component_short_FUEL SYSTEM, DIESEL,ELECTRICAL",-0.0473
6,"component_short_FUEL SYSTEM, DIESEL,ENGINE",-0.0775
6,"component_short_FUEL SYSTEM, DIESEL,ENGINE,FUE",-0.0421
6,"component_short_FUEL SYSTEM, DIESEL,EQUIPMENT",-0.0484
6,"component_short_FUEL SYSTEM, DIESEL,FUEL/PROPU",-0.1913
6,"component_short_FUEL SYSTEM, DIESEL,POWER TRAI",-0.0909
6,"component_short_FUEL SYSTEM, DIESEL,VEHICLE SP",-0.164
6,"component_short_FUEL SYSTEM, GASOLINE",-0.4642
6,"component_short_FUEL SYSTEM, GASOLINE,ELECTRIC",-0.0473
6,"component_short_FUEL SYSTEM, OTHER",-0.1741
6,"component_short_FUEL SYSTEM, OTHER,UNKNOWN OR ",-0.0451
6,"component_short_FUEL SYSTEM, OTHER,VEHICLE SPE",-0.0494
6,component_short_FUEL/PROPULSION SYSTEM,-0.234
6,component_short_LATCHES/LOCKS/LINKAGES,-0.2014
6,component_short_POWER TRAIN,0.1051
6,"component_short_POWER TRAIN,ELECTRICAL SYSTEM",-0.2387
6,"component_short_POWER TRAIN,ELECTRICAL SYSTEM,",-0.1155
6,"component_short_POWER TRAIN,ENGINE",-0.2997
6,"component_short_POWER TRAIN,ENGINE,FUEL/PROPUL",-0.1005
6,"component_short_POWER TRAIN,EQUIPMENT",-0.0444
6,"component_short_POWER TRAIN,EXTERIOR LIGHTING",-0.0444
6,"component_short_POWER TRAIN,EXTERIOR LIGHTING,",-0.0444
6,"component_short_POWER TRAIN,FUEL/PROPULSION SY",-0.0501
6,"component_short_POWER TRAIN,UNKNOWN OR OTHER,F",-0.0304
6,"component_short_POWER TRAIN,VEHICLE SPEED CONT",-0.0391
6,component_short_SEAT BELTS,0.5571
6,"component_short_SEAT BELTS,SEATS",-0.0533
6,"component_short_SEAT BELTS,STRUCTURE",-0.0403
6,component_short_SEATS,0.4127
6,"component_short_SEATS,LANE DEPARTURE",-0.0186
6,component_short_SERVICE BRAKES,-0.2264
6,"component_short_SERVICE BRAKES, AIR",-0.0446
6,"component_short_SERVICE BRAKES, HYDRAULIC",-0.32
6,"component_short_SERVICE BRAKES, HYDRAULIC,ELEC",-0.1601
6,"component_short_SERVICE BRAKES, HYDRAULIC,ENGI",-0.0792
6,"component_short_SERVICE BRAKES, HYDRAULIC,POWE",-0.0466
6,"component_short_SERVICE BRAKES, HYDRAULIC,VEHI",-0.0444
6,"component_short_SERVICE BRAKES, HYDRAULIC,VISI",-0.0427
6,"component_short_SERVICE BRAKES,ENGINE",-0.0666
6,"component_short_SERVICE BRAKES,ENGINE,FUEL/PRO",-0.0334
6,"component_short_SERVICE BRAKES,FORWARD COLLISI",-0.0465
6,component_short_STEERING,0.6061
6,"component_short_STEERING,AIR BAGS",-0.0945
6,"component_short_STEERING,AIR BAGS,SEAT BELTS",-0.0307
6,"component_short_STEERING,AIR BAGS,UNKNOWN OR O",-0.0378
6,"component_short_STEERING,ELECTRICAL SYSTEM",-0.1213
6,"component_short_STEERING,ELECTRICAL SYSTEM,AIR",-0.0972
6,"component_short_STEERING,ELECTRICAL SYSTEM,SER",-0.0392
6,"component_short_STEERING,ENGINE,FUEL/PROPULSIO",-0.1031
6,"component_short_STEERING,FUEL SYSTEM, DIESEL,E",-0.0439
6,"component_short_STEERING,FUEL SYSTEM, DIESEL,S",-0.0445
6,"component_short_STEERING,POWER TRAIN",-0.0736
6,"component_short_STEERING,POWER TRAIN,ENGINE",-0.036
6,"component_short_STEERING,SUSPENSION",0.8906
6,"component_short_STEERING,SUSPENSION,ELECTRICAL",-0.0279
6,"component_short_STEERING,SUSPENSION,SERVICE BR",-0.0821
6,"component_short_STEERING,SUSPENSION,WHEELS",0.9353
6,"component_short_STEERING,UNKNOWN OR OTHER,FUEL",-0.0479
6,"component_short_STEERING,UNKNOWN OR OTHER,SERV",-0.0389
6,"component_short_STEERING,VEHICLE SPEED CONTROL",-0.0717
6,component_short_STRUCTURE,1.1017
6,"component_short_STRUCTURE,ENGINE",-0.0732
6,"component_short_STRUCTURE,LATCHES/LOCKS/LINKAG",0.8878
6,"component_short_STRUCTURE,UNKNOWN OR OTHER",0.6587
6,"component_short_STRUCTURE,UNKNOWN OR OTHER,VIS",-0.056
6,"component_short_STRUCTURE,VISIBILITY/WIPER",-0.0557
6,"component_short_STRUCTURE,WHEELS,UNKNOWN OR OT",-0.0381
6,component_short_SUSPENSION,4.0853
6,"component_short_SUSPENSION,AIR BAGS,WHEELS",-0.0426
6,"component_short_SUSPENSION,ENGINE AND ENGINE C",-0.0489
6,"component_short_SUSPENSION,FUEL/PROPULSION SYS",-0.0387
6,"component_short_SUSPENSION,POWER TRAIN",0.8173
6,"component_short_SUSPENSION,POWER TRAIN,LANE DE",-0.0325
6,"component_short_SUSPENSION,SEATS,UNKNOWN OR OT",0.9025
6,"component_short_SUSPENSION,SERVICE BRAKES",-0.0392
6,component_short_TIRES,2.6972
6,"component_short_TIRES,WHEELS",0.8906
6,component_short_UNKNOWN OR OTHER,0.5251
6,"component_short_UNKNOWN OR OTHER,ENGINE",-0.1053
6,"component_short_UNKNOWN OR OTHER,ENGINE,FUEL/P",-0.1069
6,"component_short_UNKNOWN OR OTHER,FORWARD COLLI",-0.0319
6,"component_short_UNKNOWN OR OTHER,FUEL/PROPULSI",-0.1025
6,"component_short_UNKNOWN OR OTHER,VISIBILITY/WI",-0.0665
6,component_short_VEHICLE SPEED CONTROL,-0.3023
6,"component_short_VEHICLE SPEED CONTROL,ELECTRIC",-0.0479
6,"component_short_VEHICLE SPEED CONTROL,ELECTRON",-0.0466
6,"component_short_VEHICLE SPEED CONTROL,ENGINE,E",-0.0344
6,"component_short_VEHICLE SPEED CONTROL,ENGINE,F",-0.0664
6,component_short_VISIBILITY,-0.5167
6,"component_short_VISIBILITY,AIR BAGS",-0.0243
6,"component_short_VISIBILITY,AIR BAGS,INTERIOR L",-0.0352
6,"component_short_VISIBILITY,AIR BAGS,VEHICLE SP",-0.0433
6,"component_short_VISIBILITY,STRUCTURE",-0.0663
6,component_short_VISIBILITY/WIPER,-0.1691
6,component_short_WHEELS,2.751
6,"component_short_WHEELS,SERVICE BRAKES",-0.0605
7,mileage_log,-0.0808
7,prod_year_centered,-0.2377
7,engine_spec_reg_TDI_unknown,-0.5207
7,engine_spec_reg_other,-0.0043
7,engine_spec_reg_unknown,0.2315
7,"component_short_AIR BAGS,ELECTRICAL SYSTEM",-0.0507
7,"component_short_AIR BAGS,ELECTRONIC STABILITY ",-0.0739
7,"component_short_AIR BAGS,EQUIPMENT",-0.1315
7,"component_short_AIR BAGS,FUEL/PROPULSION SYSTE",-0.0161
7,"component_short_AIR BAGS,SEAT BELTS",-0.3651
7,"component_short_AIR BAGS,SEAT BELTS,EQUIPMENT",0.6638
7,"component_short_AIR BAGS,SEAT BELTS,SEATS",-0.0585
7,"component_short_AIR BAGS,SEATS,EQUIPMENT",0.731
7,"component_short_AIR BAGS,STRUCTURE",0.6296
7,"component_short_AIR BAGS,UNKNOWN OR OTHER",0.5738
7,"component_short_AIR BAGS,UNKNOWN OR OTHER,SERV",-0.0201
7,"component_short_AIR BAGS,VEHICLE SPEED CONTROL",-0.0277
7,"component_short_AIR BAGS,WHEELS",-0.0201
7,component_short_BACK OVER PREVENTION,-0.0011
7,component_short_CHILD SEAT,-0.2433
7,component_short_ELECTRICAL SYSTEM,-1.3669
7,"component_short_ELECTRICAL SYSTEM,AIR BAGS",-0.0512
7,"component_short_ELECTRICAL SYSTEM,AIR BAGS,BAC",-0.0037
7,"component_short_ELECTRICAL SYSTEM,AIR BAGS,ENG",-0.0063
7,"component_short_ELECTRICAL SYSTEM,AIR BAGS,FOR",-0.039
7,"component_short_ELECTRICAL SYSTEM,AIR BAGS,SEA",-0.012
7,"component_short_ELECTRICAL SYSTEM,AIR BAGS,SER",-0.0042
7,"component_short_ELECTRICAL SYSTEM,AIR BAGS,STR",-0.1719
7,"component_short_ELECTRICAL SYSTEM,AIR BAGS,UNK",-0.012
7,"component_short_ELECTRICAL SYSTEM,AIR BAGS,VEH",-0.016
7,"component_short_ELECTRICAL SYSTEM,AIR BAGS,VIS",-0.0118
7,"component_short_ELECTRICAL SYSTEM,BACK OVER PR",-0.0011
7,"component_short_ELECTRICAL SYSTEM,ELECTRONIC S",-0.0512
7,"component_short_ELECTRICAL SYSTEM,ENGINE",-0.1145
7,"component_short_ELECTRICAL SYSTEM,ENGINE,FUEL/",-0.1874
7,"component_short_ELECTRICAL SYSTEM,EQUIPMENT",-0.1924
7,"component_short_ELECTRICAL SYSTEM,EXTERIOR LIG",-0.3774
7,"component_short_ELECTRICAL SYSTEM,FORWARD COLL",-0.0028
7,"component_short_ELECTRICAL SYSTEM,FUEL/PROPULS",-0.0939
7,"component_short_ELECTRICAL SYSTEM,SEAT BELTS,S",-0.0072
7,"component_short_ELECTRICAL SYSTEM,SERVICE BRAK",-0.0033
7,"component_short_ELECTRICAL SYSTEM,STRUCTURE",-0.0548
7,"component_short_ELECTRICAL SYSTEM,STRUCTURE,EN",-0.0332
7,"component_short_ELECTRICAL SYSTEM,STRUCTURE,UN",-0.0067
7,"component_short_ELECTRICAL SYSTEM,UNKNOWN OR O",-0.1443
7,"component_short_ELECTRICAL SYSTEM,VEHICLE SPEE",-0.0272
7,"component_short_ELECTRICAL SYSTEM,VISIBILITY",-0.2499
7,"component_short_ELECTRICAL SYSTEM,VISIBILITY,S",-0.2338
7,"component_short_ELECTRICAL SYSTEM,VISIBILITY,V",-0.2682
7,"component_short_ELECTRICAL SYSTEM,VISIBILITY/W",-0.0142
7,component_short_ELECTRONIC STABILITY CONTROL (,-0.094
7,component_short_ENGINE,-0.5169
7,component_short_ENGINE AND ENGINE COOLING,-1.9153
7,"component_short_ENGINE AND ENGINE COOLING,ELEC",-0.6747
7,"component_short_ENGINE AND ENGINE COOLING,EQUI",-0.6077
7,"component_short_ENGINE AND ENGINE COOLING,EXTE",-0.2338
7,"component_short_ENGINE AND ENGINE COOLING,FUEL",-0.5988
7,"component_short_ENGINE AND ENGINE COOLING,POWE",-0.482
7,"component_short_ENGINE AND ENGINE COOLING,UNKN",-0.3177
7,"component_short_ENGINE AND ENGINE COOLING,VEHI",-0.2685
7,"component_short_ENGINE,FUEL/PROPULSION SYSTEM",-0.2146
7,component_short_EQUIPMENT,-0.2701
7,component_short_EXTERIOR LIGHTING,-0.7805
7,"component_short_EXTERIOR LIGHTING,AIR BAGS",-0.011
7,"component_short_EXTERIOR LIGHTING,EQUIPMENT",-0.2338
7,"component_short_EXTERIOR LIGHTING,INTERIOR LIG",-0.148
7,"component_short_EXTERIOR LIGHTING,STRUCTURE",-0.0142
7,component_short_FORWARD COLLISION AVOIDANCE,-0.0311
7,"component_short_FUEL SYSTEM, DIESEL",-0.6177
7,"component_short_FUEL SYSTEM, DIESEL,ELECTRICAL",-0.0503
7,"component_short_FUEL SYSTEM, DIESEL,ENGINE",-0.0693
7,"component_short_FUEL SYSTEM, DIESEL,ENGINE,FUE",-0.014
7,"component_short_FUEL SYSTEM, DIESEL,EQUIPMENT",-0.061
7,"component_short_FUEL SYSTEM, DIESEL,FUEL/PROPU",-0.2084
7,"component_short_FUEL SYSTEM, DIESEL,POWER TRAI",-0.0628
7,"component_short_FUEL SYSTEM, DIESEL,VEHICLE SP",-0.11
7,"component_short_FUEL SYSTEM, GASOLINE",-0.9639
7,"component_short_FUEL SYSTEM, GASOLINE,ELECTRIC",-0.0503
7,"component_short_FUEL SYSTEM, OTHER",-0.3501
7,"component_short_FUEL SYSTEM, OTHER,UNKNOWN OR ",-0.2736
7,"component_short_FUEL SYSTEM, OTHER,VEHICLE SPE",-0.1201
7,component_short_FUEL/PROPULSION SYSTEM,-0.6561
7,component_short_LATCHES/LOCKS/LINKAGES,-0.6493
7,component_short_POWER TRAIN,-1.1602
7,"component_short_POWER TRAIN,ELECTRICAL SYSTEM",-0.3566
7,"component_short_POWER TRAIN,ELECTRICAL SYSTEM,",-0.0528
7,"component_short_POWER TRAIN,ENGINE",-0.1596
7,"component_short_POWER TRAIN,ENGINE,FUEL/PROPUL",-0.0628
7,"component_short_POWER TRAIN,EQUIPMENT",-0.2338
7,"component_short_POWER TRAIN,EXTERIOR LIGHTING",-0.2338
7,"component_short_POWER TRAIN,EXTERIOR LIGHTING,",-0.2338
7,"component_short_POWER TRAIN,FUEL/PROPULSION SY",-0.0189
7,"component_short_POWER TRAIN,UNKNOWN OR OTHER,F",-0.0064
7,"component_short_POWER TRAIN,VEHICLE SPEED CONT",-0.0208
7,component_short_SEAT BELTS,-0.5452
7,"component_short_SEAT BELTS,SEATS",-0.0252
7,"component_short_SEAT BELTS,STRUCTURE",0.5957
7,component_short_SEATS,-0.7229
7,"component_short_SEATS,LANE DEPARTURE",-0.0028
7,component_short_SERVICE BRAKES,-0.1672
7,"component_short_SERVICE BRAKES, AIR",-0.0563
7,"component_short_SERVICE BRAKES, HYDRAULIC",-0.9851
7,"component_short_SERVICE BRAKES, HYDRAULIC,ELEC",-0.4856
7,"component_short_SERVICE BRAKES, HYDRAULIC,ENGI",-0.3749
7,"component_short_SERVICE BRAKES, HYDRAULIC,POWE",-0.0185
7,"component_short_SERVICE BRAKES, HYDRAULIC,VEHI",-0.2338
7,"component_short_SERVICE BRAKES, HYDRAULIC,VISI",-0.261
7,"component_short_SERVICE BRAKES,ENGINE",-0.036
7,"component_short_SERVICE BRAKES,ENGINE,FUEL/PRO",-0.0125
7,"component_short_SERVICE BRAKES,FORWARD COLLISI",-0.0152
7,component_short_STEERING,-0.4243
7,"component_short_STEERING,AIR BAGS",-0.0386
7,"component_short_STEERING,AIR BAGS,SEAT BELTS",-0.0114
7,"component_short_STEERING,AIR BAGS,UNKNOWN OR O",-0.0201
7,"component_short_STEERING,ELECTRICAL SYSTEM",-0.352
7,"component_short_STEERING,ELECTRICAL SYSTEM,AIR",-0.0407
7,"component_short_STEERING,ELECTRICAL SYSTEM,SER",-0.0296
7,"component_short_STEERING,ENGINE,FUEL/PROPULSIO",-0.0654
7,"component_short_STEERING,FUEL SYSTEM, DIESEL,E",-0.0332
7,"component_short_STEERING,FUEL SYSTEM, DIESEL,S",-0.0176
7,"component_short_STEERING,POWER TRAIN",-0.0305
7,"component_short_STEERING,POWER TRAIN,ENGINE",-0.007
7,"component_short_STEERING,SUSPENSION",-0.0327
7,"component_short_STEERING,SUSPENSION,ELECTRICAL",-0.0049
7,"component_short_STEERING,SUSPENSION,SERVICE BR",-0.4373
7,"component_short_STEERING,SUSPENSION,WHEELS",-0.0054
7,"component_short_STEERING,UNKNOWN OR OTHER,FUEL",-0.019
7,"component_short_STEERING,UNKNOWN OR OTHER,SERV",-0.0207
7,"component_short_STEERING,VEHICLE SPEED CONTROL",-0.057
7,component_short_STRUCTURE,-0.9641
7,"component_short_STRUCTURE,ENGINE",-0.0396
7,"component_short_STRUCTURE,LATCHES/LOCKS/LINKAG",-0.2701
7,"component_short_STRUCTURE,UNKNOWN OR OTHER",0.8642
7,"component_short_STRUCTURE,UNKNOWN OR OTHER,VIS",-0.0185
7,"component_short_STRUCTURE,VISIBILITY/WIPER",-0.0195
7,"component_short_STRUCTURE,WHEELS,UNKNOWN OR OT",-0.0203
7,component_short_SUSPENSION,0.0788
7,"component_short_SUSPENSION,AIR BAGS,WHEELS",0.6296
7,"component_short_SUSPENSION,ENGINE AND ENGINE C",-0.1013
7,"component_short_SUSPENSION,FUEL/PROPULSION SYS",-0.0206
7,"component_short_SUSPENSION,POWER TRAIN",-0.2771
7,"component_short_SUSPENSION,POWER TRAIN,LANE DE",-0.0057
7,"component_short_SUSPENSION,SEATS,UNKNOWN OR OT",-0.0204
7,"component_short_SUSPENSION,SERVICE BRAKES",-0.0296
7,component_short_TIRES,-0.6017
7,"component_short_TIRES,WHEELS",-0.0327
7,component_short_UNKNOWN OR OTHER,-0.6654
7,"component_short_UNKNOWN OR OTHER,ENGINE",-0.037
7,"component_short_UNKNOWN OR OTHER,ENGINE,FUEL/P",-0.1607
7,"component_short_UNKNOWN OR OTHER,FORWARD COLLI",-0.0142
7,"component_short_UNKNOWN OR OTHER,FUEL/PROPULSI",-0.053
7,"component_short_UNKNOWN OR OTHER,VISIBILITY/WI",-0.0279
7,component_short_VEHICLE SPEED CONTROL,-0.6182
7,"component_short_VEHICLE SPEED CONTROL,ELECTRIC",-0.0291
7,"component_short_VEHICLE SPEED CONTROL,ELECTRON",-0.0185
7,"component_short_VEHICLE SPEED CONTROL,ENGINE,E",-0.0183
7,"component_short_VEHICLE SPEED CONTROL,ENGINE,F",-0.0382
7,component_short_VISIBILITY,-1.2227
7,"component_short_VISIBILITY,AIR BAGS",-0.0063
7,"component_short_VISIBILITY,AIR BAGS,INTERIOR L",0.5295
7,"component_short_VISIBILITY,AIR BAGS,VEHICLE SP",-0.2645
7,"component_short_VISIBILITY,STRUCTURE",-0.1768
7,component_short_VISIBILITY/WIPER,-0.0694
7,component_short_WHEELS,-0.2072
7,"component_short_WHEELS,SERVICE BRAKES",-0.0326
8,mileage_log,0.089
8,prod_year_centered,0.0327
8,engine_spec_reg_TDI_unknown,0.1522
8,engine_spec_reg_other,-0.0203
8,engine_spec_reg_unknown,0.0568
8,"component_short_AIR BAGS,ELECTRICAL SYSTEM",-0.094
8,"component_short_AIR BAGS,ELECTRONIC STABILITY ",-0.2263
8,"component_short_AIR BAGS,EQUIPMENT",-0.0542
8,"component_short_AIR BAGS,FUEL/PROPULSION SYSTE",-0.1098
8,"component_short_AIR BAGS,SEAT BELTS",-0.0823
8,"component_short_AIR BAGS,SEAT BELTS,EQUIPMENT",-0.0481
8,"component_short_AIR BAGS,SEAT BELTS,SEATS",-0.0842
8,"component_short_AIR BAGS,SEATS,EQUIPMENT",-0.0611
8,"component_short_AIR BAGS,STRUCTURE",-0.0421
8,"component_short_AIR BAGS,UNKNOWN OR OTHER",-0.2797
8,"component_short_AIR BAGS,UNKNOWN OR OTHER,SERV",-0.1058
8,"component_short_AIR BAGS,VEHICLE SPEED CONTROL",-0.1727
8,"component_short_AIR BAGS,WHEELS",-0.1058
8,component_short_BACK OVER PREVENTION,-0.0624
8,component_short_CHILD SEAT,-0.0385
8,component_short_ELECTRICAL SYSTEM,-0.9144
8,"component_short_ELECTRICAL SYSTEM,AIR BAGS",-0.2901
8,"component_short_ELECTRICAL SYSTEM,AIR BAGS,BAC",-0.0976
8,"component_short_ELECTRICAL SYSTEM,AIR BAGS,ENG",-0.0978
8,"component_short_ELECTRICAL SYSTEM,AIR BAGS,FOR",-0.2206
8,"component_short_ELECTRICAL SYSTEM,AIR BAGS,SEA",-0.1072
8,"component_short_ELECTRICAL SYSTEM,AIR BAGS,SER",-0.1099
8,"component_short_ELECTRICAL SYSTEM,AIR BAGS,STR",-0.1602
8,"component_short_ELECTRICAL SYSTEM,AIR BAGS,UNK",-0.1072
8,"component_short_ELECTRICAL SYSTEM,AIR BAGS,VEH",-0.1627
8,"component_short_ELECTRICAL SYSTEM,AIR BAGS,VIS",-0.1059
8,"component_short_ELECTRICAL SYSTEM,BACK OVER PR",-0.0624
8,"component_short_ELECTRICAL SYSTEM,ELECTRONIC S",-0.095
8,"component_short_ELECTRICAL SYSTEM,ENGINE",-0.2782
8,"component_short_ELECTRICAL SYSTEM,ENGINE,FUEL/",-0.5498
8,"component_short_ELECTRICAL SYSTEM,EQUIPMENT",0.8765
8,"component_short_ELECTRICAL SYSTEM,EXTERIOR LIG",-0.2761
8,"component_short_ELECTRICAL SYSTEM,FORWARD COLL",-0.1312
8,"component_short_ELECTRICAL SYSTEM,FUEL/PROPULS",-0.2158
8,"component_short_ELECTRICAL SYSTEM,SEAT BELTS,S",-0.1102
8,"component_short_ELECTRICAL SYSTEM,SERVICE BRAK",-0.0912
8,"component_short_ELECTRICAL SYSTEM,STRUCTURE",-0.2472
8,"component_short_ELECTRICAL SYSTEM,STRUCTURE,EN",-0.103
8,"component_short_ELECTRICAL SYSTEM,STRUCTURE,UN",-0.103
8,"component_short_ELECTRICAL SYSTEM,UNKNOWN OR O",-0.3065
8,"component_short_ELECTRICAL SYSTEM,VEHICLE SPEE",-0.1507
8,"component_short_ELECTRICAL SYSTEM,VISIBILITY",-0.0397
8,"component_short_ELECTRICAL SYSTEM,VISIBILITY,S",-0.0367
8,"component_short_ELECTRICAL SYSTEM,VISIBILITY,V",-0.0334
8,"component_short_ELECTRICAL SYSTEM,VISIBILITY/W",-0.1869
8,component_short_ELECTRONIC STABILITY CONTROL (,-0.178
8,component_short_ENGINE,-0.8745
8,component_short_ENGINE AND ENGINE COOLING,-0.2488
8,"component_short_ENGINE AND ENGINE COOLING,ELEC",-0.1758
8,"component_short_ENGINE AND ENGINE COOLING,EQUI",-0.1169
8,"component_short_ENGINE AND ENGINE COOLING,EXTE",-0.0367
8,"component_short_ENGINE AND ENGINE COOLING,FUEL",-0.4814
8,"component_short_ENGINE AND ENGINE COOLING,POWE",-0.2193
8,"component_short_ENGINE AND ENGINE COOLING,UNKN",-0.2018
8,"component_short_ENGINE AND ENGINE COOLING,VEHI",-0.0334
8,"component_short_ENGINE,FUEL/PROPULSION SYSTEM",0.2354
8,component_short_EQUIPMENT,-0.0337
8,component_short_EXTERIOR LIGHTING,0.8746
8,"component_short_EXTERIOR LIGHTING,AIR BAGS",-0.0988
8,"component_short_EXTERIOR LIGHTING,EQUIPMENT",-0.0367
8,"component_short_EXTERIOR LIGHTING,INTERIOR LIG",-0.0615
8,"component_short_EXTERIOR LIGHTING,STRUCTURE",-0.0979
8,component_short_FORWARD COLLISION AVOIDANCE,-0.3321
8,"component_short_FUEL SYSTEM, DIESEL",-0.1479
8,"component_short_FUEL SYSTEM, DIESEL,ELECTRICAL",-0.0933
8,"component_short_FUEL SYSTEM, DIESEL,ENGINE",-0.1381
8,"component_short_FUEL SYSTEM, DIESEL,ENGINE,FUE",-0.0774
8,"component_short_FUEL SYSTEM, DIESEL,EQUIPMENT",-0.0877
8,"component_short_FUEL SYSTEM, DIESEL,FUEL/PROPU",-0.3378
8,"component_short_FUEL SYSTEM, DIESEL,POWER TRAI",-0.1624
8,"component_short_FUEL SYSTEM, DIESEL,VEHICLE SP",-0.2999
8,"component_short_FUEL SYSTEM, GASOLINE",-0.6778
8,"component_short_FUEL SYSTEM, GASOLINE,ELECTRIC",-0.0933
8,"component_short_FUEL SYSTEM, OTHER",-0.2124
8,"component_short_FUEL SYSTEM, OTHER,UNKNOWN OR ",-0.0342
8,"component_short_FUEL SYSTEM, OTHER,VEHICLE SPE",-0.0635
8,component_short_FUEL/PROPULSION SYSTEM,-0.8669
8,component_short_LATCHES/LOCKS/LINKAGES,-0.1979
8,component_short_POWER TRAIN,-0.3451
8,"component_short_POWER TRAIN,ELECTRICAL SYSTEM",-0.4143
8,"component_short_POWER TRAIN,ELECTRICAL SYSTEM,",-0.2805
8,"component_short_POWER TRAIN,ENGINE",-0.6792
8,"component_short_POWER TRAIN,ENGINE,FUEL/PROPUL",-0.2674
8,"component_short_POWER TRAIN,EQUIPMENT",-0.0367
8,"component_short_POWER TRAIN,EXTERIOR LIGHTING",-0.0367
8,"component_short_POWER TRAIN,EXTERIOR LIGHTING,",-0.0367
8,"component_short_POWER TRAIN,FUEL/PROPULSION SY",-0.1613
8,"component_short_POWER TRAIN,UNKNOWN OR OTHER,F",-0.0699
8,"component_short_POWER TRAIN,VEHICLE SPEED CONT",-0.1092
8,component_short_SEAT BELTS,-0.2757
8,"component_short_SEAT BELTS,SEATS",-0.0819
8,"component_short_SEAT BELTS,STRUCTURE",-0.0365
8,component_short_SEATS,-0.3212
8,"component_short_SEATS,LANE DEPARTURE",-0.098
8,component_short_SERVICE BRAKES,-0.5101
8,"component_short_SERVICE BRAKES, AIR",-0.0812
8,"component_short_SERVICE BRAKES, HYDRAULIC",0.4091
8,"component_short_SERVICE BRAKES, HYDRAULIC,ELEC",0.5639
8,"component_short_SERVICE BRAKES, HYDRAULIC,ENGI",-0.066
8,"component_short_SERVICE BRAKES, HYDRAULIC,POWE",-0.0784
8,"component_short_SERVICE BRAKES, HYDRAULIC,VEHI",-0.0367
8,"component_short_SERVICE BRAKES, HYDRAULIC,VISI",-0.0323
8,"component_short_SERVICE BRAKES,ENGINE",-0.1784
8,"component_short_SERVICE BRAKES,ENGINE,FUEL/PRO",-0.1113
8,"component_short_SERVICE BRAKES,FORWARD COLLISI",-0.1629
8,component_short_STEERING,-0.3317
8,"component_short_STEERING,AIR BAGS",0.5218
8,"component_short_STEERING,AIR BAGS,SEAT BELTS",-0.1026
8,"component_short_STEERING,AIR BAGS,UNKNOWN OR O",-0.1058
8,"component_short_STEERING,ELECTRICAL SYSTEM",-0.2255
8,"component_short_STEERING,ELECTRICAL SYSTEM,AIR",-0.2279
8,"component_short_STEERING,ELECTRICAL SYSTEM,SER",-0.0925
8,"component_short_STEERING,ENGINE,FUEL/PROPULSIO",-0.2333
8,"component_short_STEERING,FUEL SYSTEM, DIESEL,E",-0.103
8,"component_short_STEERING,FUEL SYSTEM, DIESEL,S",-0.0749
8,"component_short_STEERING,POWER TRAIN",-0.2255
8,"component_short_STEERING,POWER TRAIN,ENGINE",-0.0859
8,"component_short_STEERING,SUSPENSION",-0.1016
8,"component_short_STEERING,SUSPENSION,ELECTRICAL",-0.0701
8,"component_short_STEERING,SUSPENSION,SERVICE BR",-0.0627
8,"component_short_STEERING,SUSPENSION,WHEELS",-0.1084
8,"component_short_STEERING,UNKNOWN OR OTHER,FUEL",-0.0805
8,"component_short_STEERING,UNKNOWN OR OTHER,SERV",-0.1086
8,"component_short_STEERING,VEHICLE SPEED CONTROL",-0.1743
8,component_short_STRUCTURE,-1.0704
8,"component_short_STRUCTURE,ENGINE",-0.1942
8,"component_short_STRUCTURE,LATCHES/LOCKS/LINKAG",-0.0337
8,"component_short_STRUCTURE,UNKNOWN OR OTHER",-0.4467
8,"component_short_STRUCTURE,UNKNOWN OR OTHER,VIS",-0.1919
8,"component_short_STRUCTURE,VISIBILITY/WIPER",-0.1843
8,"component_short_STRUCTURE,WHEELS,UNKNOWN OR OT",-0.1065
8,component_short_SUSPENSION,0.4659
8,"component_short_SUSPENSION,AIR BAGS,WHEELS",-0.0421
8,"component_short_SUSPENSION,ENGINE AND ENGINE C",-0.0686
8,"component_short_SUSPENSION,FUEL/PROPULSION SYS",-0.1082
8,"component_short_SUSPENSION,POWER TRAIN",-0.1243
8,"component_short_SUSPENSION,POWER TRAIN,LANE DE",-0.0811
8,"component_short_SUSPENSION,SEATS,UNKNOWN OR OT",-0.107
8,"component_short_SUSPENSION,SERVICE BRAKES",-0.0925
8,component_short_TIRES,-0.2139
8,"component_short_TIRES,WHEELS",-0.1016
8,component_short_UNKNOWN OR OTHER,-1.0488
8,"component_short_UNKNOWN OR OTHER,ENGINE",-0.3088
8,"component_short_UNKNOWN OR OTHER,ENGINE,FUEL/P",-0.2321
8,"component_short_UNKNOWN OR OTHER,FORWARD COLLI",-0.0979
8,"component_short_UNKNOWN OR OTHER,FUEL/PROPULSI",0.5264
8,"component_short_UNKNOWN OR OTHER,VISIBILITY/WI",-0.2
8,component_short_VEHICLE SPEED CONTROL,0.0828
8,"component_short_VEHICLE SPEED CONTROL,ELECTRIC",-0.0648
8,"component_short_VEHICLE SPEED CONTROL,ELECTRON",-0.0784
8,"component_short_VEHICLE SPEED CONTROL,ENGINE,E",-0.0966
8,"component_short_VEHICLE SPEED CONTROL,ENGINE,F",-0.1878
8,component_short_VISIBILITY,-0.6382
8,"component_short_VISIBILITY,AIR BAGS",-0.0978
8,"component_short_VISIBILITY,AIR BAGS,INTERIOR L",-0.0266
8,"component_short_VISIBILITY,AIR BAGS,VEHICLE SP",-0.0328
8,"component_short_VISIBILITY,STRUCTURE",-0.0407
8,component_short_VISIBILITY/WIPER,-0.4611
8,component_short_WHEELS,0.353
8,"component_short_WHEELS,SERVICE BRAKES",1.2966
9,mileage_log,-0.03
9,prod_year_centered,-0.1568
9,engine_spec_reg_TDI_unknown,0.2099
9,engine_spec_reg_other,-0.0057
9,engine_spec_reg_unknown,0.5154
9,"component_short_AIR BAGS,ELECTRICAL SYSTEM",-0.0839
9,"component_short_AIR BAGS,ELECTRONIC STABILITY ",-0.1324
9,"component_short_AIR BAGS,EQUIPMENT",0.6874
9,"component_short_AIR BAGS,FUEL/PROPULSION SYSTE",-0.0403
9,"component_short_AIR BAGS,SEAT BELTS",1.345
9,"component_short_AIR BAGS,SEAT BELTS,EQUIPMENT",-0.1456
9,"component_short_AIR BAGS,SEAT BELTS,SEATS",0.7863
9,"component_short_AIR BAGS,SEATS,EQUIPMENT",-0.1302
9,"component_short_AIR BAGS,STRUCTURE",-0.152
9,"component_short_AIR BAGS,UNKNOWN OR OTHER",0.5042
9,"component_short_AIR BAGS,UNKNOWN OR OTHER,SERV",0.8831
9,"component_short_AIR BAGS,VEHICLE SPEED CONTROL",-0.0671
9,"component_short_AIR BAGS,WHEELS",0.8831
9,component_short_BACK OVER PREVENTION,-0.0038
9,component_short_CHILD SEAT,-0.1943
9,component_short_ELECTRICAL SYSTEM,-0.9167
9,"component_short_ELECTRICAL SYSTEM,AIR BAGS",-0.1203
9,"component_short_ELECTRICAL SYSTEM,AIR BAGS,BAC",-0.0141
9,"component_short_ELECTRICAL SYSTEM,AIR BAGS,ENG",-0.0205
9,"component_short_ELECTRICAL SYSTEM,AIR BAGS,FOR",-0.0919
9,"component_short_ELECTRICAL SYSTEM,AIR BAGS,SEA",-0.0327
9,"component_short_ELECTRICAL SYSTEM,AIR BAGS,SER",-0.016
9,"component_short_ELECTRICAL SYSTEM,AIR BAGS,STR",-0.1958
9,"component_short_ELECTRICAL SYSTEM,AIR BAGS,UNK",-0.0327
9,"component_short_ELECTRICAL SYSTEM,AIR BAGS,VEH",-0.0434
9,"component_short_ELECTRICAL SYSTEM,AIR BAGS,VIS",-0.0322
9,"component_short_ELECTRICAL SYSTEM,BACK OVER PR",-0.0038
9,"component_short_ELECTRICAL SYSTEM,ELECTRONIC S",-0.0848
9,"component_short_ELECTRICAL SYSTEM,ENGINE",-0.191
9,"component_short_ELECTRICAL SYSTEM,ENGINE,FUEL/",0.3867
9,"component_short_ELECTRICAL SYSTEM,EQUIPMENT",-0.1751
9,"component_short_ELECTRICAL SYSTEM,EXTERIOR LIG",-0.3781
9,"component_short_ELECTRICAL SYSTEM,FORWARD COLL",-0.0115
9,"component_short_ELECTRICAL SYSTEM,FUEL/PROPULS",-0.1537
9,"component_short_ELECTRICAL SYSTEM,SEAT BELTS,S",0.9391
9,"component_short_ELECTRICAL SYSTEM,SERVICE BRAK",-0.0154
9,"component_short_ELECTRICAL SYSTEM,STRUCTURE",-0.1098
9,"component_short_ELECTRICAL SYSTEM,STRUCTURE,EN",-0.0647
9,"component_short_ELECTRICAL SYSTEM,STRUCTURE,UN",-0.0216
9,"component_short_ELECTRICAL SYSTEM,UNKNOWN OR O",-0.2005
9,"component_short_ELECTRICAL SYSTEM,VEHICLE SPEE",-0.0573
9,"component_short_ELECTRICAL SYSTEM,VISIBILITY",-0.1997
9,"component_short_ELECTRICAL SYSTEM,VISIBILITY,S",-0.1864
9,"component_short_ELECTRICAL SYSTEM,VISIBILITY,V",-0.2011
9,"component_short_ELECTRICAL SYSTEM,VISIBILITY/W",-0.0418
9,component_short_ELECTRONIC STABILITY CONTROL (,-0.142
9,component_short_ENGINE,-0.8156
9,component_short_ENGINE AND ENGINE COOLING,-1.7962
9,"component_short_ENGINE AND ENGINE COOLING,ELEC",-0.5886
9,"component_short_ENGINE AND ENGINE COOLING,EQUI",-0.4984
9,"component_short_ENGINE AND ENGINE COOLING,EXTE",-0.1864
9,"component_short_ENGINE AND ENGINE COOLING,FUEL",-0.6297
9,"component_short_ENGINE AND ENGINE COOLING,POWE",-0.4615
9,"component_short_ENGINE AND ENGINE COOLING,UNKN",-0.3153
9,"component_short_ENGINE AND ENGINE COOLING,VEHI",-0.2014
9,"component_short_ENGINE,FUEL/PROPULSION SYSTEM",-0.3775
9,component_short_EQUIPMENT,-0.2026
9,component_short_EXTERIOR LIGHTING,-0.701
9,"component_short_EXTERIOR LIGHTING,AIR BAGS",-0.03
9,"component_short_EXTERIOR LIGHTING,EQUIPMENT",-0.1864
9,"component_short_EXTERIOR LIGHTING,INTERIOR LIG",-0.1546
9,"component_short_EXTERIOR LIGHTING,STRUCTURE",-0.0357
9,component_short_FORWARD COLLISION AVOIDANCE,-0.0906
9,"component_short_FUEL SYSTEM, DIESEL",-0.7353
9,"component_short_FUEL SYSTEM, DIESEL,ELECTRICAL",-0.0833
9,"component_short_FUEL SYSTEM, DIESEL,ENGINE",-0.1171
9,"component_short_FUEL SYSTEM, DIESEL,ENGINE,FUE",-0.0394
9,"component_short_FUEL SYSTEM, DIESEL,EQUIPMENT",-0.0932
9,"component_short_FUEL SYSTEM, DIESEL,FUEL/PROPU",-0.3148
9,"component_short_FUEL SYSTEM, DIESEL,POWER TRAI",-0.1224
9,"component_short_FUEL SYSTEM, DIESEL,VEHICLE SP",-0.2045
9,"component_short_FUEL SYSTEM, GASOLINE",-0.8918
9,"component_short_FUEL SYSTEM, GASOLINE,ELECTRIC",-0.0833
9,"component_short_FUEL SYSTEM, OTHER",-0.3864
9,"component_short_FUEL SYSTEM, OTHER,UNKNOWN OR ",-0.2053
9,"component_short_FUEL SYSTEM, OTHER,VEHICLE SPE",-0.1349
9,component_short_FUEL/PROPULSION SYSTEM,-0.8818
9,component_short_LATCHES/LOCKS/LINKAGES,-0.5794
9,component_short_POWER TRAIN,-1.1957
9,"component_short_POWER TRAIN,ELECTRICAL SYSTEM",-0.4217
9,"component_short_POWER TRAIN,ELECTRICAL SYSTEM,",-0.1136
9,"component_short_POWER TRAIN,ENGINE",-0.3265
9,"component_short_POWER TRAIN,ENGINE,FUEL/PROPUL",-0.126
9,"component_short_POWER TRAIN,EQUIPMENT",-0.1864
9,"component_short_POWER TRAIN,EXTERIOR LIGHTING",-0.1864
9,"component_short_POWER TRAIN,EXTERIOR LIGHTING,",-0.1864
9,"component_short_POWER TRAIN,FUEL/PROPULSION SY",-0.051
9,"component_short_POWER TRAIN,UNKNOWN OR OTHER,F",-0.0133
9,"component_short_POWER TRAIN,VEHICLE SPEED CONT",-0.048
9,component_short_SEAT BELTS,1.9386
9,"component_short_SEAT BELTS,SEATS",0.8517
9,"component_short_SEAT BELTS,STRUCTURE",-0.1574
9,component_short_SEATS,0.2447
9,"component_short_SEATS,LANE DEPARTURE",-0.0117
9,component_short_SERVICE BRAKES,-0.2693
9,"component_short_SERVICE BRAKES, AIR",-0.0863
9,"component_short_SERVICE BRAKES, HYDRAULIC",-0.8595
9,"component_short_SERVICE BRAKES, HYDRAULIC,ELEC",-0.4361
9,"component_short_SERVICE BRAKES, HYDRAULIC,ENGI",-0.3056
9,"component_short_SERVICE BRAKES, HYDRAULIC,POWE",-0.0478
9,"component_short_SERVICE BRAKES, HYDRAULIC,VEHI",-0.1864
9,"component_short_SERVICE BRAKES, HYDRAULIC,VISI",-0.1954
9,"component_short_SERVICE BRAKES,ENGINE",-0.0813
9,"component_short_SERVICE BRAKES,ENGINE,FUEL/PRO",-0.034
9,"component_short_SERVICE BRAKES,FORWARD COLLISI",-0.0437
9,component_short_STEERING,-0.4039
9,"component_short_STEERING,AIR BAGS",-0.0843
9,"component_short_STEERING,AIR BAGS,SEAT BELTS",-0.0312
9,"component_short_STEERING,AIR BAGS,UNKNOWN OR O",0.8831
9,"component_short_STEERING,ELECTRICAL SYSTEM",-0.3205
9,"component_short_STEERING,ELECTRICAL SYSTEM,AIR",-0.1016
9,"component_short_STEERING,ELECTRICAL SYSTEM,SER",-0.0579
9,"component_short_STEERING,ENGINE,FUEL/PROPULSIO",-0.1255
9,"component_short_STEERING,FUEL SYSTEM, DIESEL,E",-0.0647
9,"component_short_STEERING,FUEL SYSTEM, DIESEL,S",-0.0457
9,"component_short_STEERING,POWER TRAIN",-0.0773
9,"component_short_STEERING,POWER TRAIN,ENGINE",-0.0253
9,"component_short_STEERING,SUSPENSION",-0.0638
9,"component_short_STEERING,SUSPENSION,ELECTRICAL",-0.011
9,"component_short_STEERING,SUSPENSION,SERVICE BR",-0.3387
9,"component_short_STEERING,SUSPENSION,WHEELS",-0.019
9,"component_short_STEERING,UNKNOWN OR OTHER,FUEL",-0.0492
9,"component_short_STEERING,UNKNOWN OR OTHER,SERV",-0.0477
9,"component_short_STEERING,VEHICLE SPEED CONTROL",-0.1041
9,component_short_STRUCTURE,-0.9935
9,"component_short_STRUCTURE,ENGINE",-0.0892
9,"component_short_STRUCTURE,LATCHES/LOCKS/LINKAG",-0.2026
9,"component_short_STRUCTURE,UNKNOWN OR OTHER",-0.1453
9,"component_short_STRUCTURE,UNKNOWN OR OTHER,VIS",-0.0527
9,"component_short_STRUCTURE,VISIBILITY/WIPER",-0.0543
9,"component_short_STRUCTURE,WHEELS,UNKNOWN OR OT",-0.0468
9,component_short_SUSPENSION,-0.5253
9,"component_short_SUSPENSION,AIR BAGS,WHEELS",-0.152
9,"component_short_SUSPENSION,ENGINE AND ENGINE C",-0.1227
9,"component_short_SUSPENSION,FUEL/PROPULSION SYS",-0.0475
9,"component_short_SUSPENSION,POWER TRAIN",-0.2287
9,"component_short_SUSPENSION,POWER TRAIN,LANE DE",-0.0129
9,"component_short_SUSPENSION,SEATS,UNKNOWN OR OT",-0.047
9,"component_short_SUSPENSION,SERVICE BRAKES",-0.0579
9,component_short_TIRES,-0.5181
9,"component_short_TIRES,WHEELS",-0.0638
9,component_short_UNKNOWN OR OTHER,-0.7545
9,"component_short_UNKNOWN OR OTHER,ENGINE",-0.0945
9,"component_short_UNKNOWN OR OTHER,ENGINE,FUEL/P",-0.1985
9,"component_short_UNKNOWN OR OTHER,FORWARD COLLI",-0.0357
9,"component_short_UNKNOWN OR OTHER,FUEL/PROPULSI",-0.1036
9,"component_short_UNKNOWN OR OTHER,VISIBILITY/WI",-0.0711
9,component_short_VEHICLE SPEED CONTROL,-0.0382
9,"component_short_VEHICLE SPEED CONTROL,ELECTRIC",-0.0372
9,"component_short_VEHICLE SPEED CONTROL,ELECTRON",-0.0478
9,"component_short_VEHICLE SPEED CONTROL,ENGINE,E",-0.0422
9,"component_short_VEHICLE SPEED CONTROL,ENGINE,F",-0.0817
9,component_short_VISIBILITY,-1.0932
9,"component_short_VISIBILITY,AIR BAGS",-0.0205
9,"component_short_VISIBILITY,AIR BAGS,INTERIOR L",-0.165
9,"component_short_VISIBILITY,AIR BAGS,VEHICLE SP",-0.1981
9,"component_short_VISIBILITY,STRUCTURE",-0.1164
9,component_short_VISIBILITY/WIPER,-0.1722
9,component_short_WHEELS,-0.2079
9,"component_short_WHEELS,SERVICE BRAKES",-0.0739
10,mileage_log,-0.0325
10,prod_year_centered,-0.0577
10,engine_spec_reg_TDI_unknown,0.0206
10,engine_spec_reg_other,-0.0489
10,engine_spec_reg_unknown,0.0889
10,"component_short_AIR BAGS,ELECTRICAL SYSTEM",-0.0376
10,"component_short_AIR BAGS,ELECTRONIC STABILITY ",-0.0746
10,"component_short_AIR BAGS,EQUIPMENT",-0.0359
10,"component_short_AIR BAGS,FUEL/PROPULSION SYSTE",0.9259
10,"component_short_AIR BAGS,SEAT BELTS",-0.0706
10,"component_short_AIR BAGS,SEAT BELTS,EQUIPMENT",-0.0348
10,"component_short_AIR BAGS,SEAT BELTS,SEATS",-0.0365
10,"component_short_AIR BAGS,SEATS,EQUIPMENT",-0.0372
10,"component_short_AIR BAGS,STRUCTURE",-0.0331
10,"component_short_AIR BAGS,UNKNOWN OR OTHER",-0.1064
10,"component_short_AIR BAGS,UNKNOWN OR OTHER,SERV",-0.03
10,"component_short_AIR BAGS,VEHICLE SPEED CONTROL",-0.0473
10,"component_short_AIR BAGS,WHEELS",-0.03
10,component_short_BACK OVER PREVENTION,-0.0082
10,component_short_CHILD SEAT,-0.0361
10,component_short_ELECTRICAL SYSTEM,-0.0509
10,"component_short_ELECTRICAL SYSTEM,AIR BAGS",-0.086
10,"component_short_ELECTRICAL SYSTEM,AIR BAGS,BAC",-0.0162
10,"component_short_ELECTRICAL SYSTEM,AIR BAGS,ENG",-0.0194
10,"component_short_ELECTRICAL SYSTEM,AIR BAGS,FOR",-0.064
10,"component_short_ELECTRICAL SYSTEM,AIR BAGS,SEA",-0.0255
10,"component_short_ELECTRICAL SYSTEM,AIR BAGS,SER",-0.0184
10,"component_short_ELECTRICAL SYSTEM,AIR BAGS,STR",-0.0696
10,"component_short_ELECTRICAL SYSTEM,AIR BAGS,UNK",-0.0255
10,"component_short_ELECTRICAL SYSTEM,AIR BAGS,VEH",-0.036
10,"component_short_ELECTRICAL SYSTEM,AIR BAGS,VIS",-0.0252
10,"component_short_ELECTRICAL SYSTEM,BACK OVER PR",-0.0082
10,"component_short_ELECTRICAL SYSTEM,ELECTRONIC S",0.9032
10,"component_short_ELECTRICAL SYSTEM,ENGINE",-0.1024
10,"component_short_ELECTRICAL SYSTEM,ENGINE,FUEL/",0.5678
10,"component_short_ELECTRICAL SYSTEM,EQUIPMENT",-0.0388
10,"component_short_ELECTRICAL SYSTEM,EXTERIOR LIG",-0.1318
10,"component_short_ELECTRICAL SYSTEM,FORWARD COLL",-0.0185
10,"component_short_ELECTRICAL SYSTEM,FUEL/PROPULS",-0.0802
10,"component_short_ELECTRICAL SYSTEM,SEAT BELTS,S",-0.0221
10,"component_short_ELECTRICAL SYSTEM,SERVICE BRAK",-0.0168
10,"component_short_ELECTRICAL SYSTEM,STRUCTURE",-0.0699
10,"component_short_ELECTRICAL SYSTEM,STRUCTURE,EN",-0.0348
10,"component_short_ELECTRICAL SYSTEM,STRUCTURE,UN",-0.0205
10,"component_short_ELECTRICAL SYSTEM,UNKNOWN OR O",-0.1022
10,"component_short_ELECTRICAL SYSTEM,VEHICLE SPEE",-0.0373
10,"component_short_ELECTRICAL SYSTEM,VISIBILITY",-0.0372
10,"component_short_ELECTRICAL SYSTEM,VISIBILITY,S",-0.0344
10,"component_short_ELECTRICAL SYSTEM,VISIBILITY,V",-0.0341
10,"component_short_ELECTRICAL SYSTEM,VISIBILITY/W",-0.0383
10,component_short_ELECTRONIC STABILITY CONTROL (,-0.0651
10,component_short_ENGINE,1.4004
10,component_short_ENGINE AND ENGINE COOLING,2.2227
10,"component_short_ENGINE AND ENGINE COOLING,ELEC",0.6533
10,"component_short_ENGINE AND ENGINE COOLING,EQUI",0.7382
10,"component_short_ENGINE AND ENGINE COOLING,EXTE",-0.0344
10,"component_short_ENGINE AND ENGINE COOLING,FUEL",0.4539
10,"component_short_ENGINE AND ENGINE COOLING,POWE",0.6765
10,"component_short_ENGINE AND ENGINE COOLING,UNKN",-0.1054
10,"component_short_ENGINE AND ENGINE COOLING,VEHI",-0.0342
10,"component_short_ENGINE,FUEL/PROPULSION SYSTEM",0.4505
10,component_short_EQUIPMENT,-0.0344
10,component_short_EXTERIOR LIGHTING,-0.2219
10,"component_short_EXTERIOR LIGHTING,AIR BAGS",-0.0234
10,"component_short_EXTERIOR LIGHTING,EQUIPMENT",-0.0344
10,"component_short_EXTERIOR LIGHTING,INTERIOR LIG",-0.0409
10,"component_short_EXTERIOR LIGHTING,STRUCTURE",-0.0253
10,component_short_FORWARD COLLISION AVOIDANCE,-0.0815
10,"component_short_FUEL SYSTEM, DIESEL",-0.3734
10,"component_short_FUEL SYSTEM, DIESEL,ELECTRICAL",-0.0373
10,"component_short_FUEL SYSTEM, DIESEL,ENGINE",-0.0547
10,"component_short_FUEL SYSTEM, DIESEL,ENGINE,FUE",-0.024
10,"component_short_FUEL SYSTEM, DIESEL,EQUIPMENT",-0.0382
10,"component_short_FUEL SYSTEM, DIESEL,FUEL/PROPU",-0.1551
10,"component_short_FUEL SYSTEM, DIESEL,POWER TRAI",-0.0624
10,"component_short_FUEL SYSTEM, DIESEL,VEHICLE SP",1.4527
10,"component_short_FUEL SYSTEM, GASOLINE",0.2754
10,"component_short_FUEL SYSTEM, GASOLINE,ELECTRIC",-0.0373
10,"component_short_FUEL SYSTEM, OTHER",-0.1292
10,"component_short_FUEL SYSTEM, OTHER,UNKNOWN OR ",0.9105
10,"component_short_FUEL SYSTEM, OTHER,VEHICLE SPE",-0.0387
10,component_short_FUEL/PROPULSION SYSTEM,-0.0768
10,component_short_LATCHES/LOCKS/LINKAGES,-0.1615
10,component_short_POWER TRAIN,0.6372
10,"component_short_POWER TRAIN,ELECTRICAL SYSTEM",-0.1851
10,"component_short_POWER TRAIN,ELECTRICAL SYSTEM,",-0.0828
10,"component_short_POWER TRAIN,ENGINE",-0.2422
10,"component_short_POWER TRAIN,ENGINE,FUEL/PROPUL",-0.0808
10,"component_short_POWER TRAIN,EQUIPMENT",-0.0344
10,"component_short_POWER TRAIN,EXTERIOR LIGHTING",-0.0344
10,"component_short_POWER TRAIN,EXTERIOR LIGHTING,",-0.0344
10,"component_short_POWER TRAIN,FUEL/PROPULSION SY",-0.04
10,"component_short_POWER TRAIN,UNKNOWN OR OTHER,F",-0.0157
10,"component_short_POWER TRAIN,VEHICLE SPEED CONT",-0.0311
10,component_short_SEAT BELTS,-0.1667
10,"component_short_SEAT BELTS,SEATS",-0.0303
10,"component_short_SEAT BELTS,STRUCTURE",-0.0313
10,component_short_SEATS,-0.2287
10,"component_short_SEATS,LANE DEPARTURE",-0.0149
10,component_short_SERVICE BRAKES,0.6154
10,"component_short_SERVICE BRAKES, AIR",-0.0352
10,"component_short_SERVICE BRAKES, HYDRAULIC",-0.2577
10,"component_short_SERVICE BRAKES, HYDRAULIC,ELEC",-0.1279
10,"component_short_SERVICE BRAKES, HYDRAULIC,ENGI",-0.0619
10,"component_short_SERVICE BRAKES, HYDRAULIC,POWE",-0.0265
10,"component_short_SERVICE BRAKES, HYDRAULIC,VEHI",-0.0344
10,"component_short_SERVICE BRAKES, HYDRAULIC,VISI",-0.033
10,"component_short_SERVICE BRAKES,ENGINE",-0.0532
10,"component_short_SERVICE BRAKES,ENGINE,FUEL/PRO",-0.0266
10,"component_short_SERVICE BRAKES,FORWARD COLLISI",-0.0372
10,component_short_STEERING,-0.1451
10,"component_short_STEERING,AIR BAGS",-0.0654
10,"component_short_STEERING,AIR BAGS,SEAT BELTS",-0.0244
10,"component_short_STEERING,AIR BAGS,UNKNOWN OR O",-0.03
10,"component_short_STEERING,ELECTRICAL SYSTEM",-0.0966
10,"component_short_STEERING,ELECTRICAL SYSTEM,AIR",-0.0688
10,"component_short_STEERING,ELECTRICAL SYSTEM,SER",-0.0311
10,"component_short_STEERING,ENGINE,FUEL/PROPULSIO",-0.0765
10,"component_short_STEERING,FUEL SYSTEM, DIESEL,E",-0.0348
10,"component_short_STEERING,FUEL SYSTEM, DIESEL,S",-0.0253
10,"component_short_STEERING,POWER TRAIN",-0.059
10,"component_short_STEERING,POWER TRAIN,ENGINE",-0.0205
10,"component_short_STEERING,SUSPENSION",-0.0343
10,"component_short_STEERING,SUSPENSION,ELECTRICAL",-0.0144
10,"component_short_STEERING,SUSPENSION,SERVICE BR",-0.0641
10,"component_short_STEERING,SUSPENSION,WHEELS",-0.0198
10,"component_short_STEERING,UNKNOWN OR OTHER,FUEL",-0.0273
10,"component_short_STEERING,UNKNOWN OR OTHER,SERV",-0.0309
10,"component_short_STEERING,VEHICLE SPEED CONTROL",-0.0572
10,component_short_STRUCTURE,0.0142
10,"component_short_STRUCTURE,ENGINE",-0.0585
10,"component_short_STRUCTURE,LATCHES/LOCKS/LINKAG",-0.0344
10,"component_short_STRUCTURE,UNKNOWN OR OTHER",-0.124
10,"component_short_STRUCTURE,UNKNOWN OR OTHER,VIS",-0.0448
10,"component_short_STRUCTURE,VISIBILITY/WIPER",-0.0446
10,"component_short_STRUCTURE,WHEELS,UNKNOWN OR OT",-0.0303
10,component_short_SUSPENSION,-0.2418
10,"component_short_SUSPENSION,AIR BAGS,WHEELS",-0.0331
10,"component_short_SUSPENSION,ENGINE AND ENGINE C",-0.0384
10,"component_short_SUSPENSION,FUEL/PROPULSION SYS",0.9207
10,"component_short_SUSPENSION,POWER TRAIN",-0.0594
10,"component_short_SUSPENSION,POWER TRAIN,LANE DE",-0.0168
10,"component_short_SUSPENSION,SEATS,UNKNOWN OR OT",-0.0304
10,"component_short_SUSPENSION,SERVICE BRAKES",-0.0311
10,component_short_TIRES,-0.143
10,"component_short_TIRES,WHEELS",-0.0343
10,component_short_UNKNOWN OR OTHER,0.1543
10,"component_short_UNKNOWN OR OTHER,ENGINE",-0.0798
10,"component_short_UNKNOWN OR OTHER,ENGINE,FUEL/P",-0.0855
10,"component_short_UNKNOWN OR OTHER,FORWARD COLLI",-0.0253
10,"component_short_UNKNOWN OR OTHER,FUEL/PROPULSI",-0.0717
10,"component_short_UNKNOWN OR OTHER,VISIBILITY/WI",-0.0532
10,component_short_VEHICLE SPEED CONTROL,-0.2403
10,"component_short_VEHICLE SPEED CONTROL,ELECTRIC",-0.0247
10,"component_short_VEHICLE SPEED CONTROL,ELECTRON",-0.0265
10,"component_short_VEHICLE SPEED CONTROL,ENGINE,E",-0.0273
10,"component_short_VEHICLE SPEED CONTROL,ENGINE,F",-0.053
10,component_short_VISIBILITY,-0.4216
10,"component_short_VISIBILITY,AIR BAGS",-0.0194
10,"component_short_VISIBILITY,AIR BAGS,INTERIOR L",-0.0272
10,"component_short_VISIBILITY,AIR BAGS,VEHICLE SP",-0.0335
10,"component_short_VISIBILITY,STRUCTURE",-0.0339
10,component_short_VISIBILITY/WIPER,-0.138
10,component_short_WHEELS,-0.0972
10,"component_short_WHEELS,SERVICE BRAKES",-0.0483
11,mileage_log,0.0198
11,prod_year_centered,-0.0307
11,engine_spec_reg_TDI_unknown,-0.1165
11,engine_spec_reg_other,-0.0219
11,engine_spec_reg_unknown,-0.7404
11,"component_short_AIR BAGS,ELECTRICAL SYSTEM",-0.0268
11,"component_short_AIR BAGS,ELECTRONIC STABILITY ",-0.0578
11,"component_short_AIR BAGS,EQUIPMENT",-0.0218
11,"component_short_AIR BAGS,FUEL/PROPULSION SYSTE",-0.0232
11,"component_short_AIR BAGS,SEAT BELTS",-0.0403
11,"component_short_AIR BAGS,SEAT BELTS,EQUIPMENT",-0.0206
11,"component_short_AIR BAGS,SEAT BELTS,SEATS",-0.0254
11,"component_short_AIR BAGS,SEATS,EQUIPMENT",-0.0233
11,"component_short_AIR BAGS,STRUCTURE",-0.0191
11,"component_short_AIR BAGS,UNKNOWN OR OTHER",-0.0795
11,"component_short_AIR BAGS,UNKNOWN OR OTHER,SERV",-0.0237
11,"component_short_AIR BAGS,VEHICLE SPEED CONTROL",-0.0385
11,"component_short_AIR BAGS,WHEELS",-0.0237
11,component_short_BACK OVER PREVENTION,-0.0181
11,component_short_CHILD SEAT,-0.0197
11,component_short_ELECTRICAL SYSTEM,0.1411
11,"component_short_ELECTRICAL SYSTEM,AIR BAGS",-0.0703
11,"component_short_ELECTRICAL SYSTEM,AIR BAGS,BAC",-0.015
11,"component_short_ELECTRICAL SYSTEM,AIR BAGS,ENG",-0.017
11,"component_short_ELECTRICAL SYSTEM,AIR BAGS,FOR",-0.0518
11,"component_short_ELECTRICAL SYSTEM,AIR BAGS,SEA",-0.0213
11,"component_short_ELECTRICAL SYSTEM,AIR BAGS,SER",-0.017
11,"component_short_ELECTRICAL SYSTEM,AIR BAGS,STR",-0.0482
11,"component_short_ELECTRICAL SYSTEM,AIR BAGS,UNK",-0.0213
11,"component_short_ELECTRICAL SYSTEM,AIR BAGS,VEH",-0.0309
11,"component_short_ELECTRICAL SYSTEM,AIR BAGS,VIS",-0.021
11,"component_short_ELECTRICAL SYSTEM,BACK OVER PR",-0.0181
11,"component_short_ELECTRICAL SYSTEM,ELECTRONIC S",-0.0271
11,"component_short_ELECTRICAL SYSTEM,ENGINE",-0.078
11,"component_short_ELECTRICAL SYSTEM,ENGINE,FUEL/",-0.1928
11,"component_short_ELECTRICAL SYSTEM,EQUIPMENT",-0.0224
11,"component_short_ELECTRICAL SYSTEM,EXTERIOR LIG",-0.097
11,"component_short_ELECTRICAL SYSTEM,FORWARD COLL",-0.0267
11,"component_short_ELECTRICAL SYSTEM,FUEL/PROPULS",-0.0744
11,"component_short_ELECTRICAL SYSTEM,SEAT BELTS,S",-0.0194
11,"component_short_ELECTRICAL SYSTEM,SERVICE BRAK",-0.0282
11,"component_short_ELECTRICAL SYSTEM,STRUCTURE",-0.0565
11,"component_short_ELECTRICAL SYSTEM,STRUCTURE,EN",-0.0261
11,"component_short_ELECTRICAL SYSTEM,STRUCTURE,UN",-0.018
11,"component_short_ELECTRICAL SYSTEM,UNKNOWN OR O",-0.0795
11,"component_short_ELECTRICAL SYSTEM,VEHICLE SPEE",-0.0305
11,"component_short_ELECTRICAL SYSTEM,VISIBILITY",-0.0204
11,"component_short_ELECTRICAL SYSTEM,VISIBILITY,S",-0.0188
11,"component_short_ELECTRICAL SYSTEM,VISIBILITY,V",-0.0182
11,"component_short_ELECTRICAL SYSTEM,VISIBILITY/W",-0.0338
11,component_short_ELECTRONIC STABILITY CONTROL (,-0.0479
11,component_short_ENGINE,-0.0173
11,component_short_ENGINE AND ENGINE COOLING,-0.6828
11,"component_short_ENGINE AND ENGINE COOLING,ELEC",-0.0909
11,"component_short_ENGINE AND ENGINE COOLING,EQUI",-0.063
11,"component_short_ENGINE AND ENGINE COOLING,EXTE",-0.0188
11,"component_short_ENGINE AND ENGINE COOLING,FUEL",0.5334
11,"component_short_ENGINE AND ENGINE COOLING,POWE",0.7827
11,"component_short_ENGINE AND ENGINE COOLING,UNKN",-0.0707
11,"component_short_ENGINE AND ENGINE COOLING,VEHI",-0.0182
11,"component_short_ENGINE,FUEL/PROPULSION SYSTEM",-0.2632
11,component_short_EQUIPMENT,-0.0183
11,component_short_EXTERIOR LIGHTING,-0.1462
11,"component_short_EXTERIOR LIGHTING,AIR BAGS",-0.0195
11,"component_short_EXTERIOR LIGHTING,EQUIPMENT",-0.0188
11,"component_short_EXTERIOR LIGHTING,INTERIOR LIG",-0.0249
11,"component_short_EXTERIOR LIGHTING,STRUCTURE",-0.0206
11,component_short_FORWARD COLLISION AVOIDANCE,-0.0711
11,"component_short_FUEL SYSTEM, DIESEL",0.3331
11,"component_short_FUEL SYSTEM, DIESEL,ELECTRICAL",-0.0266
11,"component_short_FUEL SYSTEM, DIESEL,ENGINE",-0.0515
11,"component_short_FUEL SYSTEM, DIESEL,ENGINE,FUE",-0.0344
11,"component_short_FUEL SYSTEM, DIESEL,EQUIPMENT",-0.0265
11,"component_short_FUEL SYSTEM, DIESEL,FUEL/PROPU",-0.1136
11,"component_short_FUEL SYSTEM, DIESEL,POWER TRAI",-0.0625
11,"component_short_FUEL SYSTEM, DIESEL,VEHICLE SP",-0.1199
11,"component_short_FUEL SYSTEM, GASOLINE",-0.2956
11,"component_short_FUEL SYSTEM, GASOLINE,ELECTRIC",-0.0266
11,"component_short_FUEL SYSTEM, OTHER",-0.0991
11,"component_short_FUEL SYSTEM, OTHER,UNKNOWN OR ",-0.0186
11,"component_short_FUEL SYSTEM, OTHER,VEHICLE SPE",-0.0242
11,component_short_FUEL/PROPULSION SYSTEM,-0.5738
11,component_short_LATCHES/LOCKS/LINKAGES,-0.0972
11,component_short_POWER TRAIN,3.51
11,"component_short_POWER TRAIN,ELECTRICAL SYSTEM",0.6646
11,"component_short_POWER TRAIN,ELECTRICAL SYSTEM,",1.5456
11,"component_short_POWER TRAIN,ENGINE",1.1522
11,"component_short_POWER TRAIN,ENGINE,FUEL/PROPUL",-0.0649
11,"component_short_POWER TRAIN,EQUIPMENT",-0.0188
11,"component_short_POWER TRAIN,EXTERIOR LIGHTING",-0.0188
11,"component_short_POWER TRAIN,EXTERIOR LIGHTING,",-0.0188
11,"component_short_POWER TRAIN,FUEL/PROPULSION SY",-0.0334
11,"component_short_POWER TRAIN,UNKNOWN OR OTHER,F",-0.0295
11,"component_short_POWER TRAIN,VEHICLE SPEED CONT",0.9359
11,component_short_SEAT BELTS,-0.1089
11,"component_short_SEAT BELTS,SEATS",-0.0412
11,"component_short_SEAT BELTS,STRUCTURE",-0.0175
11,component_short_SEATS,-0.1586
11,"component_short_SEATS,LANE DEPARTURE",-0.0141
11,component_short_SERVICE BRAKES,-0.1632
11,"component_short_SERVICE BRAKES, AIR",-0.0244
11,"component_short_SERVICE BRAKES, HYDRAULIC",-0.1611
11,"component_short_SERVICE BRAKES, HYDRAULIC,ELEC",-0.0814
11,"component_short_SERVICE BRAKES, HYDRAULIC,ENGI",-0.0343
11,"component_short_SERVICE BRAKES, HYDRAULIC,POWE",-0.037
11,"component_short_SERVICE BRAKES, HYDRAULIC,VEHI",-0.0188
11,"component_short_SERVICE BRAKES, HYDRAULIC,VISI",-0.0176
11,"component_short_SERVICE BRAKES,ENGINE",-0.0423
11,"component_short_SERVICE BRAKES,ENGINE,FUEL/PRO",-0.0222
11,"component_short_SERVICE BRAKES,FORWARD COLLISI",-0.0318
11,component_short_STEERING,-0.1033
11,"component_short_STEERING,AIR BAGS",-0.0725
11,"component_short_STEERING,AIR BAGS,SEAT BELTS",-0.0203
11,"component_short_STEERING,AIR BAGS,UNKNOWN OR O",-0.0237
11,"component_short_STEERING,ELECTRICAL SYSTEM",-0.066
11,"component_short_STEERING,ELECTRICAL SYSTEM,AIR",-0.071
11,"component_short_STEERING,ELECTRICAL SYSTEM,SER",-0.0233
11,"component_short_STEERING,ENGINE,FUEL/PROPULSIO",-0.0726
11,"component_short_STEERING,FUEL SYSTEM, DIESEL,E",-0.0261
11,"component_short_STEERING,FUEL SYSTEM, DIESEL,S",-0.0353
11,"component_short_STEERING,POWER TRAIN",-0.0492
11,"component_short_STEERING,POWER TRAIN,ENGINE",-0.0319
11,"component_short_STEERING,SUSPENSION",-0.0257
11,"component_short_STEERING,SUSPENSION,ELECTRICAL",-0.0278
11,"component_short_STEERING,SUSPENSION,SERVICE BR",-0.0346
11,"component_short_STEERING,SUSPENSION,WHEELS",-0.0179
11,"component_short_STEERING,UNKNOWN OR OTHER,FUEL",-0.0381
11,"component_short_STEERING,UNKNOWN OR OTHER,SERV",-0.0244
11,"component_short_STEERING,VEHICLE SPEED CONTROL",-0.0438
11,component_short_STRUCTURE,0.59
11,"component_short_STRUCTURE,ENGINE",-0.0465
11,"component_short_STRUCTURE,LATCHES/LOCKS/LINKAG",-0.0183
11,"component_short_STRUCTURE,UNKNOWN OR OTHER",-0.1071
11,"component_short_STRUCTURE,UNKNOWN OR OTHER,VIS",-0.0384
11,"component_short_STRUCTURE,VISIBILITY/WIPER",-0.0377
11,"component_short_STRUCTURE,WHEELS,UNKNOWN OR OT",-0.0239
11,component_short_SUSPENSION,-0.192
11,"component_short_SUSPENSION,AIR BAGS,WHEELS",-0.0191
11,"component_short_SUSPENSION,ENGINE AND ENGINE C",-0.0246
11,"component_short_SUSPENSION,FUEL/PROPULSION SYS",-0.0243
11,"component_short_SUSPENSION,POWER TRAIN",-0.0388
11,"component_short_SUSPENSION,POWER TRAIN,LANE DE",0.9169
11,"component_short_SUSPENSION,SEATS,UNKNOWN OR OT",-0.024
11,"component_short_SUSPENSION,SERVICE BRAKES",-0.0233
11,component_short_TIRES,-0.0998
11,"component_short_TIRES,WHEELS",-0.0257
11,component_short_UNKNOWN OR OTHER,0.8912
11,"component_short_UNKNOWN OR OTHER,ENGINE",-0.0789
11,"component_short_UNKNOWN OR OTHER,ENGINE,FUEL/P",-0.0633
11,"component_short_UNKNOWN OR OTHER,FORWARD COLLI",-0.0206
11,"component_short_UNKNOWN OR OTHER,FUEL/PROPULSI",-0.0751
11,"component_short_UNKNOWN OR OTHER,VISIBILITY/WI",-0.0439
11,component_short_VEHICLE SPEED CONTROL,-0.1929
11,"component_short_VEHICLE SPEED CONTROL,ELECTRIC",-0.0393
11,"component_short_VEHICLE SPEED CONTROL,ELECTRON",-0.037
11,"component_short_VEHICLE SPEED CONTROL,ENGINE,E",-0.0215
11,"component_short_VEHICLE SPEED CONTROL,ENGINE,F",-0.0426
11,component_short_VISIBILITY,-0.3128
11,"component_short_VISIBILITY,AIR BAGS",-0.017
11,"component_short_VISIBILITY,AIR BAGS,INTERIOR L",-0.0145
11,"component_short_VISIBILITY,AIR BAGS,VEHICLE SP",-0.0179
11,"component_short_VISIBILITY,STRUCTURE",-0.0426
11,component_short_VISIBILITY/WIPER,-0.1171
11,component_short_WHEELS,-0.0876
11,"component_short_WHEELS,SERVICE BRAKES",-0.0383
12,mileage_log,-0.1187
12,prod_year_centered,-0.1703
12,engine_spec_reg_TDI_unknown,-0.6575
12,engine_spec_reg_other,-0.0035
12,engine_spec_reg_unknown,-0.0005
12,"component_short_AIR BAGS,ELECTRICAL SYSTEM",-0.0206
12,"component_short_AIR BAGS,ELECTRONIC STABILITY ",-0.033
12,"component_short_AIR BAGS,EQUIPMENT",-0.038
12,"component_short_AIR BAGS,FUEL/PROPULSION SYSTE",-0.009
12,"component_short_AIR BAGS,SEAT BELTS",-0.1016
12,"component_short_AIR BAGS,SEAT BELTS,EQUIPMENT",-0.041
12,"component_short_AIR BAGS,SEAT BELTS,SEATS",-0.0224
12,"component_short_AIR BAGS,SEATS,EQUIPMENT",-0.0353
12,"component_short_AIR BAGS,STRUCTURE",-0.0435
12,"component_short_AIR BAGS,UNKNOWN OR OTHER",-0.0672
12,"component_short_AIR BAGS,UNKNOWN OR OTHER,SERV",-0.0105
12,"component_short_AIR BAGS,VEHICLE SPEED CONTROL",-0.0153
12,"component_short_AIR BAGS,WHEELS",-0.0105
12,component_short_BACK OVER PREVENTION,-0.0013
12,component_short_CHILD SEAT,-0.0587
12,component_short_ELECTRICAL SYSTEM,-0.0959
12,"component_short_ELECTRICAL SYSTEM,AIR BAGS",-0.0285
12,"component_short_ELECTRICAL SYSTEM,AIR BAGS,BAC",-0.0029
12,"component_short_ELECTRICAL SYSTEM,AIR BAGS,ENG",-0.0043
12,"component_short_ELECTRICAL SYSTEM,AIR BAGS,FOR",-0.0214
12,"component_short_ELECTRICAL SYSTEM,AIR BAGS,SEA",-0.0071
12,"component_short_ELECTRICAL SYSTEM,AIR BAGS,SER",0.9903
12,"component_short_ELECTRICAL SYSTEM,AIR BAGS,STR",-0.055
12,"component_short_ELECTRICAL SYSTEM,AIR BAGS,UNK",-0.0071
12,"component_short_ELECTRICAL SYSTEM,AIR BAGS,VEH",-0.0095
12,"component_short_ELECTRICAL SYSTEM,AIR BAGS,VIS",-0.007
12,"component_short_ELECTRICAL SYSTEM,BACK OVER PR",-0.0013
12,"component_short_ELECTRICAL SYSTEM,ELECTRONIC S",-0.0208
12,"component_short_ELECTRICAL SYSTEM,ENGINE",-0.0501
12,"component_short_ELECTRICAL SYSTEM,ENGINE,FUEL/",-0.0926
12,"component_short_ELECTRICAL SYSTEM,EQUIPMENT",-0.0509
12,"component_short_ELECTRICAL SYSTEM,EXTERIOR LIG",-0.1213
12,"component_short_ELECTRICAL SYSTEM,FORWARD COLL",-0.0027
12,"component_short_ELECTRICAL SYSTEM,FUEL/PROPULS",-0.041
12,"component_short_ELECTRICAL SYSTEM,SEAT BELTS,S",-0.0049
12,"component_short_ELECTRICAL SYSTEM,SERVICE BRAK",-0.0023
12,"component_short_ELECTRICAL SYSTEM,STRUCTURE",0.9312
12,"component_short_ELECTRICAL SYSTEM,STRUCTURE,EN",-0.0153
12,"component_short_ELECTRICAL SYSTEM,STRUCTURE,UN",-0.0046
12,"component_short_ELECTRICAL SYSTEM,UNKNOWN OR O",-0.0542
12,"component_short_ELECTRICAL SYSTEM,VEHICLE SPEE",-0.0132
12,"component_short_ELECTRICAL SYSTEM,VISIBILITY",-0.0605
12,"component_short_ELECTRICAL SYSTEM,VISIBILITY,S",-0.0561
12,"component_short_ELECTRICAL SYSTEM,VISIBILITY,V",-0.0618
12,"component_short_ELECTRICAL SYSTEM,VISIBILITY/W",-0.009
12,component_short_ELECTRONIC STABILITY CONTROL (,-0.0368
12,component_short_ENGINE,-0.299
12,component_short_ENGINE AND ENGINE COOLING,-1.002
12,"component_short_ENGINE AND ENGINE COOLING,ELEC",-0.2221
12,"component_short_ENGINE AND ENGINE COOLING,EQUI",-0.1815
12,"component_short_ENGINE AND ENGINE COOLING,EXTE",-0.0561
12,"component_short_ENGINE AND ENGINE COOLING,FUEL",-0.2269
12,"component_short_ENGINE AND ENGINE COOLING,POWE",-0.1587
12,"component_short_ENGINE AND ENGINE COOLING,UNKN",-0.098
12,"component_short_ENGINE AND ENGINE COOLING,VEHI",-0.0619
12,"component_short_ENGINE,FUEL/PROPULSION SYSTEM",-0.1147
12,component_short_EQUIPMENT,-0.0623
12,component_short_EXTERIOR LIGHTING,-0.2757
12,"component_short_EXTERIOR LIGHTING,AIR BAGS",-0.0065
12,"component_short_EXTERIOR LIGHTING,EQUIPMENT",-0.0561
12,"component_short_EXTERIOR LIGHTING,INTERIOR LIG",0.8907
12,"component_short_EXTERIOR LIGHTING,STRUCTURE",-0.0079
12,component_short_FORWARD COLLISION AVOIDANCE,-0.0203
12,"component_short_FUEL SYSTEM, DIESEL",-0.2666
12,"component_short_FUEL SYSTEM, DIESEL,ELECTRICAL",-0.0205
12,"component_short_FUEL SYSTEM, DIESEL,ENGINE",-0.0277
12,"component_short_FUEL SYSTEM, DIESEL,ENGINE,FUE",-0.0065
12,"component_short_FUEL SYSTEM, DIESEL,EQUIPMENT",-0.0234
12,"component_short_FUEL SYSTEM, DIESEL,FUEL/PROPU",-0.0911
12,"component_short_FUEL SYSTEM, DIESEL,POWER TRAI",-0.0271
12,"component_short_FUEL SYSTEM, DIESEL,VEHICLE SP",-0.0489
12,"component_short_FUEL SYSTEM, GASOLINE",-0.3846
12,"component_short_FUEL SYSTEM, GASOLINE,ELECTRIC",-0.0205
12,"component_short_FUEL SYSTEM, OTHER",-0.1174
12,"component_short_FUEL SYSTEM, OTHER,UNKNOWN OR ",-0.0633
12,"component_short_FUEL SYSTEM, OTHER,VEHICLE SPE",-0.0367
12,component_short_FUEL/PROPULSION SYSTEM,-0.3466
12,component_short_LATCHES/LOCKS/LINKAGES,2.5533
12,component_short_POWER TRAIN,0.0152
12,"component_short_POWER TRAIN,ELECTRICAL SYSTEM",-0.1262
12,"component_short_POWER TRAIN,ELECTRICAL SYSTEM,",-0.0291
12,"component_short_POWER TRAIN,ENGINE",-0.0876
12,"component_short_POWER TRAIN,ENGINE,FUEL/PROPUL",-0.0307
12,"component_short_POWER TRAIN,EQUIPMENT",-0.0561
12,"component_short_POWER TRAIN,EXTERIOR LIGHTING",-0.0561
12,"component_short_POWER TRAIN,EXTERIOR LIGHTING,",-0.0561
12,"component_short_POWER TRAIN,FUEL/PROPULSION SY",-0.0113
12,"component_short_POWER TRAIN,UNKNOWN OR OTHER,F",-0.0048
12,"component_short_POWER TRAIN,VEHICLE SPEED CONT",-0.0109
12,component_short_SEAT BELTS,-0.1834
12,"component_short_SEAT BELTS,SEATS",-0.0104
12,"component_short_SEAT BELTS,STRUCTURE",-0.0459
12,component_short_SEATS,-0.2632
12,"component_short_SEATS,LANE DEPARTURE",-0.0024
12,component_short_SERVICE BRAKES,-0.0763
12,"component_short_SERVICE BRAKES, AIR",-0.0215
12,"component_short_SERVICE BRAKES, HYDRAULIC",-0.3668
12,"component_short_SERVICE BRAKES, HYDRAULIC,ELEC",0.6641
12,"component_short_SERVICE BRAKES, HYDRAULIC,ENGI",-0.0992
12,"component_short_SERVICE BRAKES, HYDRAULIC,POWE",-0.0081
12,"component_short_SERVICE BRAKES, HYDRAULIC,VEHI",-0.0561
12,"component_short_SERVICE BRAKES, HYDRAULIC,VISI",-0.0599
12,"component_short_SERVICE BRAKES,ENGINE",-0.0189
12,"component_short_SERVICE BRAKES,ENGINE,FUEL/PRO",-0.0074
12,"component_short_SERVICE BRAKES,FORWARD COLLISI",-0.0095
12,component_short_STEERING,-0.1335
12,"component_short_STEERING,AIR BAGS",-0.0227
12,"component_short_STEERING,AIR BAGS,SEAT BELTS",-0.0068
12,"component_short_STEERING,AIR BAGS,UNKNOWN OR O",-0.0105
12,"component_short_STEERING,ELECTRICAL SYSTEM",0.7597
12,"component_short_STEERING,ELECTRICAL SYSTEM,AIR",-0.0214
12,"component_short_STEERING,ELECTRICAL SYSTEM,SER",-0.0136
12,"component_short_STEERING,ENGINE,FUEL/PROPULSIO",-0.032
12,"component_short_STEERING,FUEL SYSTEM, DIESEL,E",-0.0153
12,"component_short_STEERING,FUEL SYSTEM, DIESEL,S",-0.0077
12,"component_short_STEERING,POWER TRAIN",-0.0176
12,"component_short_STEERING,POWER TRAIN,ENGINE",-0.004
12,"component_short_STEERING,SUSPENSION",-0.015
12,"component_short_STEERING,SUSPENSION,ELECTRICAL",-0.0039
12,"component_short_STEERING,SUSPENSION,SERVICE BR",-0.1135
12,"component_short_STEERING,SUSPENSION,WHEELS",-0.0039
12,"component_short_STEERING,UNKNOWN OR OTHER,FUEL",-0.0083
12,"component_short_STEERING,UNKNOWN OR OTHER,SERV",-0.0108
12,"component_short_STEERING,VEHICLE SPEED CONTROL",-0.0254
12,component_short_STRUCTURE,2.0176
12,"component_short_STRUCTURE,ENGINE",-0.0209
12,"component_short_STRUCTURE,LATCHES/LOCKS/LINKAG",-0.0623
12,"component_short_STRUCTURE,UNKNOWN OR OTHER",-0.0342
12,"component_short_STRUCTURE,UNKNOWN OR OTHER,VIS",-0.0116
12,"component_short_STRUCTURE,VISIBILITY/WIPER",-0.012
12,"component_short_STRUCTURE,WHEELS,UNKNOWN OR OT",-0.0106
12,component_short_SUSPENSION,-0.1815
12,"component_short_SUSPENSION,AIR BAGS,WHEELS",-0.0435
12,"component_short_SUSPENSION,ENGINE AND ENGINE C",-0.0327
12,"component_short_SUSPENSION,FUEL/PROPULSION SYS",-0.0108
12,"component_short_SUSPENSION,POWER TRAIN",-0.0697
12,"component_short_SUSPENSION,POWER TRAIN,LANE DE",-0.0046
12,"component_short_SUSPENSION,SEATS,UNKNOWN OR OT",-0.0107
12,"component_short_SUSPENSION,SERVICE BRAKES",-0.0136
12,component_short_TIRES,-0.1891
12,"component_short_TIRES,WHEELS",-0.015
12,component_short_UNKNOWN OR OTHER,-0.5302
12,"component_short_UNKNOWN OR OTHER,ENGINE",-0.0227
12,"component_short_UNKNOWN OR OTHER,ENGINE,FUEL/P",-0.0549
12,"component_short_UNKNOWN OR OTHER,FORWARD COLLI",-0.0079
12,"component_short_UNKNOWN OR OTHER,FUEL/PROPULSI",-0.0288
12,"component_short_UNKNOWN OR OTHER,VISIBILITY/WI",-0.0161
12,component_short_VEHICLE SPEED CONTROL,-0.217
12,"component_short_VEHICLE SPEED CONTROL,ELECTRIC",-0.0147
12,"component_short_VEHICLE SPEED CONTROL,ELECTRON",-0.0081
12,"component_short_VEHICLE SPEED CONTROL,ENGINE,E",-0.0095
12,"component_short_VEHICLE SPEED CONTROL,ENGINE,F",-0.0192
12,component_short_VISIBILITY,3.5738
12,"component_short_VISIBILITY,AIR BAGS",-0.0043
12,"component_short_VISIBILITY,AIR BAGS,INTERIOR L",-0.0496
12,"component_short_VISIBILITY,AIR BAGS,VEHICLE SP",0.8499
12,"component_short_VISIBILITY,STRUCTURE",0.865
12,component_short_VISIBILITY/WIPER,-0.0418
12,component_short_WHEELS,-0.0582
12,"component_short_WHEELS,SERVICE BRAKES",-0.0171
13,mileage_log,-0.0395
13,prod_year_centered,0.1601
13,engine_spec_reg_TDI_unknown,-0.4326
13,engine_spec_reg_other,-0.005
13,engine_spec_reg_unknown,0.5924
13,"component_short_AIR BAGS,ELECTRICAL SYSTEM",-0.0244
13,"component_short_AIR BAGS,ELECTRONIC STABILITY ",-0.1042
13,"component_short_AIR BAGS,EQUIPMENT",-0.0064
13,"component_short_AIR BAGS,FUEL/PROPULSION SYSTE",-0.0531
13,"component_short_AIR BAGS,SEAT BELTS",-0.0069
13,"component_short_AIR BAGS,SEAT BELTS,EQUIPMENT",-0.005
13,"component_short_AIR BAGS,SEAT BELTS,SEATS",-0.0191
13,"component_short_AIR BAGS,SEATS,EQUIPMENT",-0.0082
13,"component_short_AIR BAGS,STRUCTURE",-0.0038
13,"component_short_AIR BAGS,UNKNOWN OR OTHER",-0.1205
13,"component_short_AIR BAGS,UNKNOWN OR OTHER,SERV",-0.0452
13,"component_short_AIR BAGS,VEHICLE SPEED CONTROL",-0.0866
13,"component_short_AIR BAGS,WHEELS",-0.0452
13,component_short_BACK OVER PREVENTION,-0.0416
13,component_short_CHILD SEAT,-0.0027
13,component_short_ELECTRICAL SYSTEM,-0.4407
13,"component_short_ELECTRICAL SYSTEM,AIR BAGS",-0.1528
13,"component_short_ELECTRICAL SYSTEM,AIR BAGS,BAC",0.7951
13,"component_short_ELECTRICAL SYSTEM,AIR BAGS,ENG",-0.0676
13,"component_short_ELECTRICAL SYSTEM,AIR BAGS,FOR",-0.1082
13,"component_short_ELECTRICAL SYSTEM,AIR BAGS,SEA",-0.0584
13,"component_short_ELECTRICAL SYSTEM,AIR BAGS,SER",-0.0963
13,"component_short_ELECTRICAL SYSTEM,AIR BAGS,STR",0.8569
13,"component_short_ELECTRICAL SYSTEM,AIR BAGS,UNK",-0.0584
13,"component_short_ELECTRICAL SYSTEM,AIR BAGS,VEH",-0.1182
13,"component_short_ELECTRICAL SYSTEM,AIR BAGS,VIS",0.857
13,"component_short_ELECTRICAL SYSTEM,BACK OVER PR",-0.0416
13,"component_short_ELECTRICAL SYSTEM,ELECTRONIC S",-0.0246
13,"component_short_ELECTRICAL SYSTEM,ENGINE",-0.1172
13,"component_short_ELECTRICAL SYSTEM,ENGINE,FUEL/",-0.3423
13,"component_short_ELECTRICAL SYSTEM,EQUIPMENT",-0.0045
13,"component_short_ELECTRICAL SYSTEM,EXTERIOR LIG",-0.1243
13,"component_short_ELECTRICAL SYSTEM,FORWARD COLL",-0.1239
13,"component_short_ELECTRICAL SYSTEM,FUEL/PROPULS",-0.068
13,"component_short_ELECTRICAL SYSTEM,SEAT BELTS,S",-0.0764
13,"component_short_ELECTRICAL SYSTEM,SERVICE BRAK",-0.0189
13,"component_short_ELECTRICAL SYSTEM,STRUCTURE",1.2804
13,"component_short_ELECTRICAL SYSTEM,STRUCTURE,EN",-0.0344
13,"component_short_ELECTRICAL SYSTEM,STRUCTURE,UN",0.8264
13,"component_short_ELECTRICAL SYSTEM,UNKNOWN OR O",1.7672
13,"component_short_ELECTRICAL SYSTEM,VEHICLE SPEE",-0.112
13,"component_short_ELECTRICAL SYSTEM,VISIBILITY",-0.0028
13,"component_short_ELECTRICAL SYSTEM,VISIBILITY,S",-0.0026
13,"component_short_ELECTRICAL SYSTEM,VISIBILITY,V",-0.002
13,"component_short_ELECTRICAL SYSTEM,VISIBILITY/W",-0.1536
13,component_short_ELECTRONIC STABILITY CONTROL (,-0.0831
13,component_short_ENGINE,-0.8509
13,component_short_ENGINE AND ENGINE COOLING,-0.2427
13,"component_short_ENGINE AND ENGINE COOLING,ELEC",-0.0159
13,"component_short_ENGINE AND ENGINE COOLING,EQUI",-0.0086
13,"component_short_ENGINE AND ENGINE COOLING,EXTE",-0.0026
13,"component_short_ENGINE AND ENGINE COOLING,FUEL",-0.123
13,"component_short_ENGINE AND ENGINE COOLING,POWE",-0.0399
13,"component_short_ENGINE AND ENGINE COOLING,UNKN",-0.0497
13,"component_short_ENGINE AND ENGINE COOLING,VEHI",-0.0021
13,"component_short_ENGINE,FUEL/PROPULSION SYSTEM",-0.4226
13,component_short_EQUIPMENT,-0.0021
13,component_short_EXTERIOR LIGHTING,-0.1115
13,"component_short_EXTERIOR LIGHTING,AIR BAGS",-0.0537
13,"component_short_EXTERIOR LIGHTING,EQUIPMENT",-0.0026
13,"component_short_EXTERIOR LIGHTING,INTERIOR LIG",-0.0073
13,"component_short_EXTERIOR LIGHTING,STRUCTURE",-0.0471
13,component_short_FORWARD COLLISION AVOIDANCE,-0.2351
13,"component_short_FUEL SYSTEM, DIESEL",-0.1848
13,"component_short_FUEL SYSTEM, DIESEL,ELECTRICAL",-0.0242
13,"component_short_FUEL SYSTEM, DIESEL,ENGINE",-0.0251
13,"component_short_FUEL SYSTEM, DIESEL,ENGINE,FUE",-0.0074
13,"component_short_FUEL SYSTEM, DIESEL,EQUIPMENT",-0.02
13,"component_short_FUEL SYSTEM, DIESEL,FUEL/PROPU",-0.1021
13,"component_short_FUEL SYSTEM, DIESEL,POWER TRAI",-0.0346
13,"component_short_FUEL SYSTEM, DIESEL,VEHICLE SP",-0.068
13,"component_short_FUEL SYSTEM, GASOLINE",-0.3273
13,"component_short_FUEL SYSTEM, GASOLINE,ELECTRIC",-0.0242
13,"component_short_FUEL SYSTEM, OTHER",-0.0379
13,"component_short_FUEL SYSTEM, OTHER,UNKNOWN OR ",-0.0021
13,"component_short_FUEL SYSTEM, OTHER,VEHICLE SPE",-0.0086
13,component_short_FUEL/PROPULSION SYSTEM,-0.8592
13,component_short_LATCHES/LOCKS/LINKAGES,-0.0216
13,component_short_POWER TRAIN,-0.5914
13,"component_short_POWER TRAIN,ELECTRICAL SYSTEM",-0.1777
13,"component_short_POWER TRAIN,ELECTRICAL SYSTEM,",-0.1254
13,"component_short_POWER TRAIN,ENGINE",0.1718
13,"component_short_POWER TRAIN,ENGINE,FUEL/PROPUL",-0.145
13,"component_short_POWER TRAIN,EQUIPMENT",-0.0026
13,"component_short_POWER TRAIN,EXTERIOR LIGHTING",-0.0026
13,"component_short_POWER TRAIN,EXTERIOR LIGHTING,",-0.0026
13,"component_short_POWER TRAIN,FUEL/PROPULSION SY",-0.09
13,"component_short_POWER TRAIN,UNKNOWN OR OTHER,F",-0.0223
13,"component_short_POWER TRAIN,VEHICLE SPEED CONT",-0.0468
13,component_short_SEAT BELTS,-0.0798
13,"component_short_SEAT BELTS,SEATS",-0.0061
13,"component_short_SEAT BELTS,STRUCTURE",-0.0029
13,component_short_SEATS,-0.0681
13,"component_short_SEATS,LANE DEPARTURE",-0.0964
13,component_short_SERVICE BRAKES,-0.31
13,"component_short_SERVICE BRAKES, AIR",-0.0184
13,"component_short_SERVICE BRAKES, HYDRAULIC",-0.0383
13,"component_short_SERVICE BRAKES, HYDRAULIC,ELEC",-0.0399
13,"component_short_SERVICE BRAKES, HYDRAULIC,ENGI",-0.0047
13,"component_short_SERVICE BRAKES, HYDRAULIC,POWE",-0.0066
13,"component_short_SERVICE BRAKES, HYDRAULIC,VEHI",-0.0026
13,"component_short_SERVICE BRAKES, HYDRAULIC,VISI",-0.002
13,"component_short_SERVICE BRAKES,ENGINE",-0.0792
13,"component_short_SERVICE BRAKES,ENGINE,FUEL/PRO",-0.0608
13,"component_short_SERVICE BRAKES,FORWARD COLLISI",-0.1029
13,component_short_STEERING,-0.1747
13,"component_short_STEERING,AIR BAGS",-0.1008
13,"component_short_STEERING,AIR BAGS,SEAT BELTS",-0.0559
13,"component_short_STEERING,AIR BAGS,UNKNOWN OR O",-0.0452
13,"component_short_STEERING,ELECTRICAL SYSTEM",-0.136
13,"component_short_STEERING,ELECTRICAL SYSTEM,AIR",-0.0901
13,"component_short_STEERING,ELECTRICAL SYSTEM,SER",-0.0307
13,"component_short_STEERING,ENGINE,FUEL/PROPULSIO",-0.0893
13,"component_short_STEERING,FUEL SYSTEM, DIESEL,E",-0.0344
13,"component_short_STEERING,FUEL SYSTEM, DIESEL,S",-0.0063
13,"component_short_STEERING,POWER TRAIN",-0.1317
13,"component_short_STEERING,POWER TRAIN,ENGINE",-0.0122
13,"component_short_STEERING,SUSPENSION",-0.0339
13,"component_short_STEERING,SUSPENSION,ELECTRICAL",-0.0253
13,"component_short_STEERING,SUSPENSION,SERVICE BR",-0.004
13,"component_short_STEERING,SUSPENSION,WHEELS",-0.0845
13,"component_short_STEERING,UNKNOWN OR OTHER,FUEL",-0.0068
13,"component_short_STEERING,UNKNOWN OR OTHER,SERV",-0.0465
13,"component_short_STEERING,VEHICLE SPEED CONTROL",-0.0755
13,component_short_STRUCTURE,1.6368
13,"component_short_STRUCTURE,ENGINE",-0.0869
13,"component_short_STRUCTURE,LATCHES/LOCKS/LINKAG",-0.0021
13,"component_short_STRUCTURE,UNKNOWN OR OTHER",0.927
13,"component_short_STRUCTURE,UNKNOWN OR OTHER,VIS",0.7187
13,"component_short_STRUCTURE,VISIBILITY/WIPER",-0.11
13,"component_short_STRUCTURE,WHEELS,UNKNOWN OR OT",-0.0455
13,component_short_SUSPENSION,-0.288
13,"component_short_SUSPENSION,AIR BAGS,WHEELS",-0.0038
13,"component_short_SUSPENSION,ENGINE AND ENGINE C",-0.0106
13,"component_short_SUSPENSION,FUEL/PROPULSION SYS",-0.0463
13,"component_short_SUSPENSION,POWER TRAIN",-0.043
13,"component_short_SUSPENSION,POWER TRAIN,LANE DE",-0.0294
13,"component_short_SUSPENSION,SEATS,UNKNOWN OR OT",-0.0458
13,"component_short_SUSPENSION,SERVICE BRAKES",-0.0307
13,component_short_TIRES,-0.0431
13,"component_short_TIRES,WHEELS",-0.0339
13,component_short_UNKNOWN OR OTHER,0.8061
13,"component_short_UNKNOWN OR OTHER,ENGINE",-0.191
13,"component_short_UNKNOWN OR OTHER,ENGINE,FUEL/P",-0.1075
13,"component_short_UNKNOWN OR OTHER,FORWARD COLLI",-0.0471
13,"component_short_UNKNOWN OR OTHER,FUEL/PROPULSI",-0.0891
13,"component_short_UNKNOWN OR OTHER,VISIBILITY/WI",0.7493
13,component_short_VEHICLE SPEED CONTROL,-0.2345
13,"component_short_VEHICLE SPEED CONTROL,ELECTRIC",-0.0097
13,"component_short_VEHICLE SPEED CONTROL,ELECTRON",-0.0066
13,"component_short_VEHICLE SPEED CONTROL,ENGINE,E",-0.0411
13,"component_short_VEHICLE SPEED CONTROL,ENGINE,F",-0.1018
13,component_short_VISIBILITY,2.3443
13,"component_short_VISIBILITY,AIR BAGS",-0.0676
13,"component_short_VISIBILITY,AIR BAGS,INTERIOR L",-0.0016
13,"component_short_VISIBILITY,AIR BAGS,VEHICLE SP",-0.002
13,"component_short_VISIBILITY,STRUCTURE",-0.0019
13,component_short_VISIBILITY/WIPER,0.9648
13,component_short_WHEELS,-0.2138
13,"component_short_WHEELS,SERVICE BRAKES",-0.072
14,mileage_log,0.0066
14,prod_year_centered,0.1199
14,engine_spec_reg_TDI_unknown,0.478
14,engine_spec_reg_other,-0.0068
14,engine_spec_reg_unknown,0.5472
14,"component_short_AIR BAGS,ELECTRICAL SYSTEM",0.8865
14,"component_short_AIR BAGS,ELECTRONIC STABILITY ",-0.1563
14,"component_short_AIR BAGS,EQUIPMENT",-0.0152
14,"component_short_AIR BAGS,FUEL/PROPULSION SYSTE",-0.0798
14,"component_short_AIR BAGS,SEAT BELTS",-0.0184
14,"component_short_AIR BAGS,SEAT BELTS,EQUIPMENT",-0.0123
14,"component_short_AIR BAGS,SEAT BELTS,SEATS",-0.0369
14,"component_short_AIR BAGS,SEATS,EQUIPMENT",-0.0188
14,"component_short_AIR BAGS,STRUCTURE",-0.0099
14,"component_short_AIR BAGS,UNKNOWN OR OTHER",1.2363
14,"component_short_AIR BAGS,UNKNOWN OR OTHER,SERV",-0.0708
14,"component_short_AIR BAGS,VEHICLE SPEED CONTROL",1.4078
14,"component_short_AIR BAGS,WHEELS",-0.0708
14,component_short_BACK OVER PREVENTION,-0.0504
14,component_short_CHILD SEAT,-0.0076
14,component_short_ELECTRICAL SYSTEM,0.366
14,"component_short_ELECTRICAL SYSTEM,AIR BAGS",1.6199
14,"component_short_ELECTRICAL SYSTEM,AIR BAGS,BAC",-0.1057
14,"component_short_ELECTRICAL SYSTEM,AIR BAGS,ENG",-0.0903
14,"component_short_ELECTRICAL SYSTEM,AIR BAGS,FOR",1.8282
14,"component_short_ELECTRICAL SYSTEM,AIR BAGS,SEA",-0.0844
14,"component_short_ELECTRICAL SYSTEM,AIR BAGS,SER",-0.1189
14,"component_short_ELECTRICAL SYSTEM,AIR BAGS,STR",-0.0924
14,"component_short_ELECTRICAL SYSTEM,AIR BAGS,UNK",-0.0844
14,"component_short_ELECTRICAL SYSTEM,AIR BAGS,VEH",1.3306
14,"component_short_ELECTRICAL SYSTEM,AIR BAGS,VIS",-0.0833
14,"component_short_ELECTRICAL SYSTEM,BACK OVER PR",-0.0504
14,"component_short_ELECTRICAL SYSTEM,ELECTRONIC S",-0.0455
14,"component_short_ELECTRICAL SYSTEM,ENGINE",-0.1809
14,"component_short_ELECTRICAL SYSTEM,ENGINE,FUEL/",-0.4409
14,"component_short_ELECTRICAL SYSTEM,EQUIPMENT",-0.0116
14,"component_short_ELECTRICAL SYSTEM,EXTERIOR LIG",-0.18
14,"component_short_ELECTRICAL SYSTEM,FORWARD COLL",-0.1433
14,"component_short_ELECTRICAL SYSTEM,FUEL/PROPULS",-0.1131
14,"component_short_ELECTRICAL SYSTEM,SEAT BELTS,S",-0.1018
14,"component_short_ELECTRICAL SYSTEM,SERVICE BRAK",-0.0666
14,"component_short_ELECTRICAL SYSTEM,STRUCTURE",-0.2159
14,"component_short_ELECTRICAL SYSTEM,STRUCTURE,EN",-0.0585
14,"component_short_ELECTRICAL SYSTEM,STRUCTURE,UN",-0.0951
14,"component_short_ELECTRICAL SYSTEM,UNKNOWN OR O",-0.2416
14,"component_short_ELECTRICAL SYSTEM,VEHICLE SPEE",-0.1404
14,"component_short_ELECTRICAL SYSTEM,VISIBILITY",-0.0078
14,"component_short_ELECTRICAL SYSTEM,VISIBILITY,S",-0.0072
14,"component_short_ELECTRICAL SYSTEM,VISIBILITY,V",-0.006
14,"component_short_ELECTRICAL SYSTEM,VISIBILITY/W",-0.1892
14,component_short_ELECTRONIC STABILITY CONTROL (,-0.1207
14,component_short_ENGINE,-1.0619
14,component_short_ENGINE AND ENGINE COOLING,-0.4871
14,"component_short_ENGINE AND ENGINE COOLING,ELEC",-0.0417
14,"component_short_ENGINE AND ENGINE COOLING,EQUI",-0.024
14,"component_short_ENGINE AND ENGINE COOLING,EXTE",-0.0072
14,"component_short_ENGINE AND ENGINE COOLING,FUEL",-0.2458
14,"component_short_ENGINE AND ENGINE COOLING,POWE",-0.0815
14,"component_short_ENGINE AND ENGINE COOLING,UNKN",-0.0923
14,"component_short_ENGINE AND ENGINE COOLING,VEHI",-0.006
14,"component_short_ENGINE,FUEL/PROPULSION SYSTEM",-0.5555
14,component_short_EQUIPMENT,-0.006
14,component_short_EXTERIOR LIGHTING,-0.1745
14,"component_short_EXTERIOR LIGHTING,AIR BAGS",-0.0777
14,"component_short_EXTERIOR LIGHTING,EQUIPMENT",-0.0072
14,"component_short_EXTERIOR LIGHTING,INTERIOR LIG",-0.0174
14,"component_short_EXTERIOR LIGHTING,STRUCTURE",-0.071
14,component_short_FORWARD COLLISION AVOIDANCE,-0.3036
14,"component_short_FUEL SYSTEM, DIESEL",-0.3698
14,"component_short_FUEL SYSTEM, DIESEL,ELECTRICAL",-0.0447
14,"component_short_FUEL SYSTEM, DIESEL,ENGINE",-0.0625
14,"component_short_FUEL SYSTEM, DIESEL,ENGINE,FUE",-0.0341
14,"component_short_FUEL SYSTEM, DIESEL,EQUIPMENT",-0.0385
14,"component_short_FUEL SYSTEM, DIESEL,FUEL/PROPU",-0.1789
14,"component_short_FUEL SYSTEM, DIESEL,POWER TRAI",-0.0772
14,"component_short_FUEL SYSTEM, DIESEL,VEHICLE SP",-0.1607
14,"component_short_FUEL SYSTEM, GASOLINE",-0.4674
14,"component_short_FUEL SYSTEM, GASOLINE,ELECTRIC",-0.0447
14,"component_short_FUEL SYSTEM, OTHER",-0.0799
14,"component_short_FUEL SYSTEM, OTHER,UNKNOWN OR ",-0.0061
14,"component_short_FUEL SYSTEM, OTHER,VEHICLE SPE",-0.0195
14,component_short_FUEL/PROPULSION SYSTEM,-1.0605
14,component_short_LATCHES/LOCKS/LINKAGES,-0.0532
14,component_short_POWER TRAIN,-0.803
14,"component_short_POWER TRAIN,ELECTRICAL SYSTEM",-0.2695
14,"component_short_POWER TRAIN,ELECTRICAL SYSTEM,",-0.185
14,"component_short_POWER TRAIN,ENGINE",-0.5777
14,"component_short_POWER TRAIN,ENGINE,FUEL/PROPUL",-0.2051
14,"component_short_POWER TRAIN,EQUIPMENT",-0.0072
14,"component_short_POWER TRAIN,EXTERIOR LIGHTING",-0.0072
14,"component_short_POWER TRAIN,EXTERIOR LIGHTING,",-0.0072
14,"component_short_POWER TRAIN,FUEL/PROPULSION SY",-0.1283
14,"component_short_POWER TRAIN,UNKNOWN OR OTHER,F",-0.0342
14,"component_short_POWER TRAIN,VEHICLE SPEED CONT",-0.0731
14,component_short_SEAT BELTS,-0.1345
14,"component_short_SEAT BELTS,SEATS",-0.0306
14,"component_short_SEAT BELTS,STRUCTURE",-0.0078
14,component_short_SEATS,-0.1285
14,"component_short_SEATS,LANE DEPARTURE",-0.1148
14,component_short_SERVICE BRAKES,-0.4116
14,"component_short_SERVICE BRAKES, AIR",-0.0355
14,"component_short_SERVICE BRAKES, HYDRAULIC",-0.0858
14,"component_short_SERVICE BRAKES, HYDRAULIC,ELEC",-0.0794
14,"component_short_SERVICE BRAKES, HYDRAULIC,ENGI",-0.0132
14,"component_short_SERVICE BRAKES, HYDRAULIC,POWE",-0.0318
14,"component_short_SERVICE BRAKES, HYDRAULIC,VEHI",-0.0072
14,"component_short_SERVICE BRAKES, HYDRAULIC,VISI",-0.0058
14,"component_short_SERVICE BRAKES,ENGINE",-0.1219
14,"component_short_SERVICE BRAKES,ENGINE,FUEL/PRO",-0.0877
14,"component_short_SERVICE BRAKES,FORWARD COLLISI",-0.1405
14,component_short_STEERING,1.9182
14,"component_short_STEERING,AIR BAGS",1.3371
14,"component_short_STEERING,AIR BAGS,SEAT BELTS",0.8053
14,"component_short_STEERING,AIR BAGS,UNKNOWN OR O",-0.0708
14,"component_short_STEERING,ELECTRICAL SYSTEM",-0.1779
14,"component_short_STEERING,ELECTRICAL SYSTEM,AIR",1.3309
14,"component_short_STEERING,ELECTRICAL SYSTEM,SER",-0.0523
14,"component_short_STEERING,ENGINE,FUEL/PROPULSIO",-0.1401
14,"component_short_STEERING,FUEL SYSTEM, DIESEL,E",-0.0585
14,"component_short_STEERING,FUEL SYSTEM, DIESEL,S",-0.0303
14,"component_short_STEERING,POWER TRAIN",-0.1832
14,"component_short_STEERING,POWER TRAIN,ENGINE",-0.0489
14,"component_short_STEERING,SUSPENSION",-0.0576
14,"component_short_STEERING,SUSPENSION,ELECTRICAL",-0.0373
14,"component_short_STEERING,SUSPENSION,SERVICE BR",-0.0115
14,"component_short_STEERING,SUSPENSION,WHEELS",-0.1084
14,"component_short_STEERING,UNKNOWN OR OTHER,FUEL",-0.0327
14,"component_short_STEERING,UNKNOWN OR OTHER,SERV",-0.0728
14,"component_short_STEERING,VEHICLE SPEED CONTROL",-0.1158
14,component_short_STRUCTURE,-0.8407
14,"component_short_STRUCTURE,ENGINE",-0.1333
14,"component_short_STRUCTURE,LATCHES/LOCKS/LINKAG",-0.006
14,"component_short_STRUCTURE,UNKNOWN OR OTHER",-0.3999
14,"component_short_STRUCTURE,UNKNOWN OR OTHER,VIS",-0.1657
14,"component_short_STRUCTURE,VISIBILITY/WIPER",-0.1529
14,"component_short_STRUCTURE,WHEELS,UNKNOWN OR OT",-0.0713
14,component_short_SUSPENSION,-0.4036
14,"component_short_SUSPENSION,AIR BAGS,WHEELS",-0.0099
14,"component_short_SUSPENSION,ENGINE AND ENGINE C",-0.0231
14,"component_short_SUSPENSION,FUEL/PROPULSION SYS",-0.0725
14,"component_short_SUSPENSION,POWER TRAIN",-0.0698
14,"component_short_SUSPENSION,POWER TRAIN,LANE DE",-0.0434
14,"component_short_SUSPENSION,SEATS,UNKNOWN OR OT",-0.0716
14,"component_short_SUSPENSION,SERVICE BRAKES",-0.0523
14,component_short_TIRES,-0.0795
14,"component_short_TIRES,WHEELS",-0.0576
14,component_short_UNKNOWN OR OTHER,-0.8213
14,"component_short_UNKNOWN OR OTHER,ENGINE",-0.2555
14,"component_short_UNKNOWN OR OTHER,ENGINE,FUEL/P",-0.1594
14,"component_short_UNKNOWN OR OTHER,FORWARD COLLI",-0.071
14,"component_short_UNKNOWN OR OTHER,FUEL/PROPULSI",-0.1383
14,"component_short_UNKNOWN OR OTHER,VISIBILITY/WI",-0.1543
14,component_short_VEHICLE SPEED CONTROL,-0.3559
14,"component_short_VEHICLE SPEED CONTROL,ELECTRIC",-0.019
14,"component_short_VEHICLE SPEED CONTROL,ELECTRON",-0.0318
14,"component_short_VEHICLE SPEED CONTROL,ENGINE,E",-0.0645
14,"component_short_VEHICLE SPEED CONTROL,ENGINE,F",-0.1444
14,component_short_VISIBILITY,-0.3964
14,"component_short_VISIBILITY,AIR BAGS",-0.0903
14,"component_short_VISIBILITY,AIR BAGS,INTERIOR L",-0.0048
14,"component_short_VISIBILITY,AIR BAGS,VEHICLE SP",-0.0059
14,"component_short_VISIBILITY,STRUCTURE",-0.0054
14,component_short_VISIBILITY/WIPER,-0.3903
14,component_short_WHEELS,-0.2858
14,"component_short_WHEELS,SERVICE BRAKES",-0.1112
15,mileage_log,0.1147
15,prod_year_centered,0.1958
15,engine_spec_reg_TDI_unknown,0.1709
15,engine_spec_reg_other,-0.2993
15,engine_spec_reg_unknown,-1.6723
15,"component_short_AIR BAGS,ELECTRICAL SYSTEM",-0.0126
15,"component_short_AIR BAGS,ELECTRONIC STABILITY ",-0.0655
15,"component_short_AIR BAGS,EQUIPMENT",-0.0027
15,"component_short_AIR BAGS,FUEL/PROPULSION SYSTE",-0.0332
15,"component_short_AIR BAGS,SEAT BELTS",-0.0026
15,"component_short_AIR BAGS,SEAT BELTS,EQUIPMENT",-0.002
15,"component_short_AIR BAGS,SEAT BELTS,SEATS",-0.0096
15,"component_short_AIR BAGS,SEATS,EQUIPMENT",-0.0036
15,"component_short_AIR BAGS,STRUCTURE",-0.0015
15,"component_short_AIR BAGS,UNKNOWN OR OTHER",-0.074
15,"component_short_AIR BAGS,UNKNOWN OR OTHER,SERV",-0.0272
15,"component_short_AIR BAGS,VEHICLE SPEED CONTROL",-0.055
15,"component_short_AIR BAGS,WHEELS",-0.0272
15,component_short_BACK OVER PREVENTION,-0.2552
15,component_short_CHILD SEAT,-0.001
15,component_short_ELECTRICAL SYSTEM,0.3328
15,"component_short_ELECTRICAL SYSTEM,AIR BAGS",-0.0992
15,"component_short_ELECTRICAL SYSTEM,AIR BAGS,BAC",-0.0639
15,"component_short_ELECTRICAL SYSTEM,AIR BAGS,ENG",-0.047
15,"component_short_ELECTRICAL SYSTEM,AIR BAGS,FOR",-0.0683
15,"component_short_ELECTRICAL SYSTEM,AIR BAGS,SEA",-0.0379
15,"component_short_ELECTRICAL SYSTEM,AIR BAGS,SER",-0.0722
15,"component_short_ELECTRICAL SYSTEM,AIR BAGS,STR",-0.0346
15,"component_short_ELECTRICAL SYSTEM,AIR BAGS,UNK",-0.0379
15,"component_short_ELECTRICAL SYSTEM,AIR BAGS,VEH",-0.0862
15,"component_short_ELECTRICAL SYSTEM,AIR BAGS,VIS",-0.0374
15,"component_short_ELECTRICAL SYSTEM,BACK OVER PR",-0.2552
15,"component_short_ELECTRICAL SYSTEM,ELECTRONIC S",-0.0128
15,"component_short_ELECTRICAL SYSTEM,ENGINE",-0.0717
15,"component_short_ELECTRICAL SYSTEM,ENGINE,FUEL/",0.3252
15,"component_short_ELECTRICAL SYSTEM,EQUIPMENT",-0.0017
15,"component_short_ELECTRICAL SYSTEM,EXTERIOR LIG",-0.1116
15,"component_short_ELECTRICAL SYSTEM,FORWARD COLL",-0.2768
15,"component_short_ELECTRICAL SYSTEM,FUEL/PROPULS",-0.1649
15,"component_short_ELECTRICAL SYSTEM,SEAT BELTS,S",-0.0533
15,"component_short_ELECTRICAL SYSTEM,SERVICE BRAK",-0.1855
15,"component_short_ELECTRICAL SYSTEM,STRUCTURE",-0.1263
15,"component_short_ELECTRICAL SYSTEM,STRUCTURE,EN",-0.0192
15,"component_short_ELECTRICAL SYSTEM,STRUCTURE,UN",-0.0496
15,"component_short_ELECTRICAL SYSTEM,UNKNOWN OR O",-0.1219
15,"component_short_ELECTRICAL SYSTEM,VEHICLE SPEE",-0.0846
15,"component_short_ELECTRICAL SYSTEM,VISIBILITY",-0.001
15,"component_short_ELECTRICAL SYSTEM,VISIBILITY,S",-0.0009
15,"component_short_ELECTRICAL SYSTEM,VISIBILITY,V",-0.0007
15,"component_short_ELECTRICAL SYSTEM,VISIBILITY/W",-0.1169
15,component_short_ELECTRONIC STABILITY CONTROL (,-0.0551
15,component_short_ENGINE,1.7992
15,component_short_ENGINE AND ENGINE COOLING,0.9521
15,"component_short_ENGINE AND ENGINE COOLING,ELEC",-0.006
15,"component_short_ENGINE AND ENGINE COOLING,EQUI",-0.0031
15,"component_short_ENGINE AND ENGINE COOLING,EXTE",-0.0009
15,"component_short_ENGINE AND ENGINE COOLING,FUEL",0.6097
15,"component_short_ENGINE AND ENGINE COOLING,POWE",-0.0191
15,"component_short_ENGINE AND ENGINE COOLING,UNKN",-0.0257
15,"component_short_ENGINE AND ENGINE COOLING,VEHI",-0.0007
15,"component_short_ENGINE,FUEL/PROPULSION SYSTEM",0.9783
15,component_short_EQUIPMENT,-0.0007
15,component_short_EXTERIOR LIGHTING,-0.0719
15,"component_short_EXTERIOR LIGHTING,AIR BAGS",-0.0347
15,"component_short_EXTERIOR LIGHTING,EQUIPMENT",-0.0009
15,"component_short_EXTERIOR LIGHTING,INTERIOR LIG",-0.003
15,"component_short_EXTERIOR LIGHTING,STRUCTURE",-0.0294
15,component_short_FORWARD COLLISION AVOIDANCE,-0.17
15,"component_short_FUEL SYSTEM, DIESEL",0.9471
15,"component_short_FUEL SYSTEM, DIESEL,ELECTRICAL",-0.0125
15,"component_short_FUEL SYSTEM, DIESEL,ENGINE",-0.0609
15,"component_short_FUEL SYSTEM, DIESEL,ENGINE,FUE",-0.0658
15,"component_short_FUEL SYSTEM, DIESEL,EQUIPMENT",-0.01
15,"component_short_FUEL SYSTEM, DIESEL,FUEL/PROPU",-0.0548
15,"component_short_FUEL SYSTEM, DIESEL,POWER TRAI",-0.0612
15,"component_short_FUEL SYSTEM, DIESEL,VEHICLE SP",-0.1853
15,"component_short_FUEL SYSTEM, GASOLINE",-0.27
15,"component_short_FUEL SYSTEM, GASOLINE,ELECTRIC",-0.0125
15,"component_short_FUEL SYSTEM, OTHER",-0.0276
15,"component_short_FUEL SYSTEM, OTHER,UNKNOWN OR ",-0.0007
15,"component_short_FUEL SYSTEM, OTHER,VEHICLE SPE",-0.0037
15,component_short_FUEL/PROPULSION SYSTEM,-0.0066
15,component_short_LATCHES/LOCKS/LINKAGES,-0.0087
15,component_short_POWER TRAIN,1.5358
15,"component_short_POWER TRAIN,ELECTRICAL SYSTEM",-0.1145
15,"component_short_POWER TRAIN,ELECTRICAL SYSTEM,",0.9847
15,"component_short_POWER TRAIN,ENGINE",1.5616
15,"component_short_POWER TRAIN,ENGINE,FUEL/PROPUL",-0.0964
15,"component_short_POWER TRAIN,EQUIPMENT",-0.0009
15,"component_short_POWER TRAIN,EXTERIOR LIGHTING",-0.0009
15,"component_short_POWER TRAIN,EXTERIOR LIGHTING,",-0.0009
15,"component_short_POWER TRAIN,FUEL/PROPULSION SY",-0.0589
15,"component_short_POWER TRAIN,UNKNOWN OR OTHER,F",-0.1234
15,"component_short_POWER TRAIN,VEHICLE SPEED CONT",-0.0282
15,component_short_SEAT BELTS,-0.0464
15,"component_short_SEAT BELTS,SEATS",-0.0512
15,"component_short_SEAT BELTS,STRUCTURE",-0.0011
15,component_short_SEATS,-0.0418
15,"component_short_SEATS,LANE DEPARTURE",-0.0747
15,component_short_SERVICE BRAKES,-0.355
15,"component_short_SERVICE BRAKES, AIR",-0.0092
15,"component_short_SERVICE BRAKES, HYDRAULIC",-0.0194
15,"component_short_SERVICE BRAKES, HYDRAULIC,ELEC",-0.0195
15,"component_short_SERVICE BRAKES, HYDRAULIC,ENGI",-0.0017
15,"component_short_SERVICE BRAKES, HYDRAULIC,POWE",-0.0571
15,"component_short_SERVICE BRAKES, HYDRAULIC,VEHI",-0.0009
15,"component_short_SERVICE BRAKES, HYDRAULIC,VISI",-0.0007
15,"component_short_SERVICE BRAKES,ENGINE",-0.0483
15,"component_short_SERVICE BRAKES,ENGINE,FUEL/PRO",-0.0394
15,"component_short_SERVICE BRAKES,FORWARD COLLISI",-0.0703
15,component_short_STEERING,-0.1214
15,"component_short_STEERING,AIR BAGS",-0.1476
15,"component_short_STEERING,AIR BAGS,SEAT BELTS",-0.0362
15,"component_short_STEERING,AIR BAGS,UNKNOWN OR O",-0.0272
15,"component_short_STEERING,ELECTRICAL SYSTEM",-0.0989
15,"component_short_STEERING,ELECTRICAL SYSTEM,AIR",-0.1163
15,"component_short_STEERING,ELECTRICAL SYSTEM,SER",-0.0171
15,"component_short_STEERING,ENGINE,FUEL/PROPULSIO",0.5884
15,"component_short_STEERING,FUEL SYSTEM, DIESEL,E",-0.0192
15,"component_short_STEERING,FUEL SYSTEM, DIESEL,S",-0.0546
15,"component_short_STEERING,POWER TRAIN",-0.0886
15,"component_short_STEERING,POWER TRAIN,ENGINE",-0.1145
15,"component_short_STEERING,SUSPENSION",-0.0189
15,"component_short_STEERING,SUSPENSION,ELECTRICAL",-0.143
15,"component_short_STEERING,SUSPENSION,SERVICE BR",-0.0014
15,"component_short_STEERING,SUSPENSION,WHEELS",-0.0611
15,"component_short_STEERING,UNKNOWN OR OTHER,FUEL",-0.0587
15,"component_short_STEERING,UNKNOWN OR OTHER,SERV",-0.028
15,"component_short_STEERING,VEHICLE SPEED CONTROL",-0.0467
15,component_short_STRUCTURE,-0.6421
15,"component_short_STRUCTURE,ENGINE",-0.0531
15,"component_short_STRUCTURE,LATCHES/LOCKS/LINKAG",-0.0007
15,"component_short_STRUCTURE,UNKNOWN OR OTHER",-0.2272
15,"component_short_STRUCTURE,UNKNOWN OR OTHER,VIS",-0.0837
15,"component_short_STRUCTURE,VISIBILITY/WIPER",-0.0738
15,"component_short_STRUCTURE,WHEELS,UNKNOWN OR OT",-0.0274
15,component_short_SUSPENSION,-0.2471
15,"component_short_SUSPENSION,AIR BAGS,WHEELS",-0.0015
15,"component_short_SUSPENSION,ENGINE AND ENGINE C",-0.0047
15,"component_short_SUSPENSION,FUEL/PROPULSION SYS",-0.0279
15,"component_short_SUSPENSION,POWER TRAIN",-0.0254
15,"component_short_SUSPENSION,POWER TRAIN,LANE DE",-0.1638
15,"component_short_SUSPENSION,SEATS,UNKNOWN OR OT",-0.0276
15,"component_short_SUSPENSION,SERVICE BRAKES",-0.0171
15,component_short_TIRES,-0.1295
15,"component_short_TIRES,WHEELS",-0.0189
15,component_short_UNKNOWN OR OTHER,-0.0999
15,"component_short_UNKNOWN OR OTHER,ENGINE",1.1029
15,"component_short_UNKNOWN OR OTHER,ENGINE,FUEL/P",-0.0684
15,"component_short_UNKNOWN OR OTHER,FORWARD COLLI",-0.0294
15,"component_short_UNKNOWN OR OTHER,FUEL/PROPULSI",-0.1084
15,"component_short_UNKNOWN OR OTHER,VISIBILITY/WI",-0.0694
15,component_short_VEHICLE SPEED CONTROL,-0.2831
15,"component_short_VEHICLE SPEED CONTROL,ELECTRIC",-0.0462
15,"component_short_VEHICLE SPEED CONTROL,ELECTRON",-0.0571
15,"component_short_VEHICLE SPEED CONTROL,ENGINE,E",-0.0247
15,"component_short_VEHICLE SPEED CONTROL,ENGINE,F",-0.0676
15,component_short_VISIBILITY,-0.2102
15,"component_short_VISIBILITY,AIR BAGS",-0.047
15,"component_short_VISIBILITY,AIR BAGS,INTERIOR L",-0.0006
15,"component_short_VISIBILITY,AIR BAGS,VEHICLE SP",-0.0007
15,"component_short_VISIBILITY,STRUCTURE",-0.0068
15,component_short_VISIBILITY/WIPER,-0.2072
15,component_short_WHEELS,-0.2206
15,"component_short_WHEELS,SERVICE BRAKES",-0.0438
16,mileage_log,-0.0595
16,prod_year_centered,0.1153
16,engine_spec_reg_TDI_unknown,0.2389
16,engine_spec_reg_other,-0.0043
16,engine_spec_reg_unknown,0.7194
16,"component_short_AIR BAGS,ELECTRICAL SYSTEM",-0.0264
16,"component_short_AIR BAGS,ELECTRONIC STABILITY ",0.7769
16,"component_short_AIR BAGS,EQUIPMENT",-0.0091
16,"component_short_AIR BAGS,FUEL/PROPULSION SYSTE",-0.0464
16,"component_short_AIR BAGS,SEAT BELTS",-0.0112
16,"component_short_AIR BAGS,SEAT BELTS,EQUIPMENT",-0.0074
16,"component_short_AIR BAGS,SEAT BELTS,SEATS",-0.0217
16,"component_short_AIR BAGS,SEATS,EQUIPMENT",-0.0112
16,"component_short_AIR BAGS,STRUCTURE",-0.0059
16,"component_short_AIR BAGS,UNKNOWN OR OTHER",-0.1124
16,"component_short_AIR BAGS,UNKNOWN OR OTHER,SERV",-0.0412
16,"component_short_AIR BAGS,VEHICLE SPEED CONTROL",-0.0757
16,"component_short_AIR BAGS,WHEELS",-0.0412
16,component_short_BACK OVER PREVENTION,-0.0237
16,component_short_CHILD SEAT,-0.0046
16,component_short_ELECTRICAL SYSTEM,0.7083
16,"component_short_ELECTRICAL SYSTEM,AIR BAGS",0.6932
16,"component_short_ELECTRICAL SYSTEM,AIR BAGS,BAC",-0.0608
16,"component_short_ELECTRICAL SYSTEM,AIR BAGS,ENG",-0.0521
16,"component_short_ELECTRICAL SYSTEM,AIR BAGS,FOR",-0.0964
16,"component_short_ELECTRICAL SYSTEM,AIR BAGS,SEA",0.8772
16,"component_short_ELECTRICAL SYSTEM,AIR BAGS,SER",-0.0687
16,"component_short_ELECTRICAL SYSTEM,AIR BAGS,STR",0.8643
16,"component_short_ELECTRICAL SYSTEM,AIR BAGS,UNK",0.8772
16,"component_short_ELECTRICAL SYSTEM,AIR BAGS,VEH",-0.0897
16,"component_short_ELECTRICAL SYSTEM,AIR BAGS,VIS",-0.0483
16,"component_short_ELECTRICAL SYSTEM,BACK OVER PR",-0.0237
16,"component_short_ELECTRICAL SYSTEM,ELECTRONIC S",-0.0267
16,"component_short_ELECTRICAL SYSTEM,ENGINE",-0.1101
16,"component_short_ELECTRICAL SYSTEM,ENGINE,FUEL/",-0.284
16,"component_short_ELECTRICAL SYSTEM,EQUIPMENT",-0.007
16,"component_short_ELECTRICAL SYSTEM,EXTERIOR LIG",-0.1062
16,"component_short_ELECTRICAL SYSTEM,FORWARD COLL",-0.0795
16,"component_short_ELECTRICAL SYSTEM,FUEL/PROPULS",-0.0644
16,"component_short_ELECTRICAL SYSTEM,SEAT BELTS,S",-0.059
16,"component_short_ELECTRICAL SYSTEM,SERVICE BRAK",-0.0256
16,"component_short_ELECTRICAL SYSTEM,STRUCTURE",-0.1304
16,"component_short_ELECTRICAL SYSTEM,STRUCTURE,EN",-0.0342
16,"component_short_ELECTRICAL SYSTEM,STRUCTURE,UN",-0.0549
16,"component_short_ELECTRICAL SYSTEM,UNKNOWN OR O",-0.1484
16,"component_short_ELECTRICAL SYSTEM,VEHICLE SPEE",-0.0822
16,"component_short_ELECTRICAL SYSTEM,VISIBILITY",-0.0047
16,"component_short_ELECTRICAL SYSTEM,VISIBILITY,S",-0.0044
16,"component_short_ELECTRICAL SYSTEM,VISIBILITY,V",-0.0036
16,"component_short_ELECTRICAL SYSTEM,VISIBILITY/W",0.7379
16,component_short_ELECTRONIC STABILITY CONTROL (,-0.0714
16,component_short_ENGINE,-0.7758
16,component_short_ENGINE AND ENGINE COOLING,0.3729
16,"component_short_ENGINE AND ENGINE COOLING,ELEC",-0.0255
16,"component_short_ENGINE AND ENGINE COOLING,EQUI",-0.0147
16,"component_short_ENGINE AND ENGINE COOLING,EXTE",-0.0044
16,"component_short_ENGINE AND ENGINE COOLING,FUEL",-0.1435
16,"component_short_ENGINE AND ENGINE COOLING,POWE",-0.0493
16,"component_short_ENGINE AND ENGINE COOLING,UNKN",-0.0554
16,"component_short_ENGINE AND ENGINE COOLING,VEHI",-0.0036
16,"component_short_ENGINE,FUEL/PROPULSION SYSTEM",-0.3652
16,component_short_EQUIPMENT,-0.0037
16,component_short_EXTERIOR LIGHTING,-0.1062
16,"component_short_EXTERIOR LIGHTING,AIR BAGS",-0.045
16,"component_short_EXTERIOR LIGHTING,EQUIPMENT",-0.0044
16,"component_short_EXTERIOR LIGHTING,INTERIOR LIG",-0.0104
16,"component_short_EXTERIOR LIGHTING,STRUCTURE",-0.0412
16,component_short_FORWARD COLLISION AVOIDANCE,-0.1891
16,"component_short_FUEL SYSTEM, DIESEL",-0.2203
16,"component_short_FUEL SYSTEM, DIESEL,ELECTRICAL",-0.0262
16,"component_short_FUEL SYSTEM, DIESEL,ENGINE",-0.032
16,"component_short_FUEL SYSTEM, DIESEL,ENGINE,FUE",-0.0132
16,"component_short_FUEL SYSTEM, DIESEL,EQUIPMENT",-0.0226
16,"component_short_FUEL SYSTEM, DIESEL,FUEL/PROPU",-0.1104
16,"component_short_FUEL SYSTEM, DIESEL,POWER TRAI",-0.0407
16,"component_short_FUEL SYSTEM, DIESEL,VEHICLE SP",-0.0829
16,"component_short_FUEL SYSTEM, GASOLINE",-0.305
16,"component_short_FUEL SYSTEM, GASOLINE,ELECTRIC",-0.0262
16,"component_short_FUEL SYSTEM, OTHER",-0.0463
16,"component_short_FUEL SYSTEM, OTHER,UNKNOWN OR ",-0.0037
16,"component_short_FUEL SYSTEM, OTHER,VEHICLE SPE",-0.0116
16,component_short_FUEL/PROPULSION SYSTEM,-0.7753
16,component_short_LATCHES/LOCKS/LINKAGES,-0.0324
16,component_short_POWER TRAIN,-0.5599
16,"component_short_POWER TRAIN,ELECTRICAL SYSTEM",-0.1683
16,"component_short_POWER TRAIN,ELECTRICAL SYSTEM,",-0.107
16,"component_short_POWER TRAIN,ENGINE",-0.3865
16,"component_short_POWER TRAIN,ENGINE,FUEL/PROPUL",-0.1247
16,"component_short_POWER TRAIN,EQUIPMENT",-0.0044
16,"component_short_POWER TRAIN,EXTERIOR LIGHTING",-0.0044
16,"component_short_POWER TRAIN,EXTERIOR LIGHTING,",-0.0044
16,"component_short_POWER TRAIN,FUEL/PROPULSION SY",-0.0758
16,"component_short_POWER TRAIN,UNKNOWN OR OTHER,F",-0.0164
16,"component_short_POWER TRAIN,VEHICLE SPEED CONT",-0.0426
16,component_short_SEAT BELTS,-0.0814
16,"component_short_SEAT BELTS,SEATS",-0.0119
16,"component_short_SEAT BELTS,STRUCTURE",-0.0047
16,component_short_SEATS,-0.0774
16,"component_short_SEATS,LANE DEPARTURE",-0.0659
16,component_short_SERVICE BRAKES,-0.2614
16,"component_short_SERVICE BRAKES, AIR",-0.0209
16,"component_short_SERVICE BRAKES, HYDRAULIC",-0.0522
16,"component_short_SERVICE BRAKES, HYDRAULIC,ELEC",-0.0478
16,"component_short_SERVICE BRAKES, HYDRAULIC,ENGI",-0.008
16,"component_short_SERVICE BRAKES, HYDRAULIC,POWE",-0.0124
16,"component_short_SERVICE BRAKES, HYDRAULIC,VEHI",-0.0044
16,"component_short_SERVICE BRAKES, HYDRAULIC,VISI",-0.0035
16,"component_short_SERVICE BRAKES,ENGINE",-0.0724
16,"component_short_SERVICE BRAKES,ENGINE,FUEL/PRO",-0.051
16,"component_short_SERVICE BRAKES,FORWARD COLLISI",-0.0829
16,component_short_STEERING,-0.1482
16,"component_short_STEERING,AIR BAGS",-0.0872
16,"component_short_STEERING,AIR BAGS,SEAT BELTS",-0.0468
16,"component_short_STEERING,AIR BAGS,UNKNOWN OR O",-0.0412
16,"component_short_STEERING,ELECTRICAL SYSTEM",-0.1063
16,"component_short_STEERING,ELECTRICAL SYSTEM,AIR",-0.0851
16,"component_short_STEERING,ELECTRICAL SYSTEM,SER",-0.0305
16,"component_short_STEERING,ENGINE,FUEL/PROPULSIO",-0.0808
16,"component_short_STEERING,FUEL SYSTEM, DIESEL,E",-0.0342
16,"component_short_STEERING,FUEL SYSTEM, DIESEL,S",-0.0118
16,"component_short_STEERING,POWER TRAIN",-0.1102
16,"component_short_STEERING,POWER TRAIN,ENGINE",-0.0189
16,"component_short_STEERING,SUSPENSION",-0.0337
16,"component_short_STEERING,SUSPENSION,ELECTRICAL",-0.0179
16,"component_short_STEERING,SUSPENSION,SERVICE BR",-0.007
16,"component_short_STEERING,SUSPENSION,WHEELS",-0.0627
16,"component_short_STEERING,UNKNOWN OR OTHER,FUEL",-0.0127
16,"component_short_STEERING,UNKNOWN OR OTHER,SERV",-0.0424
16,"component_short_STEERING,VEHICLE SPEED CONTROL",-0.0686
16,component_short_STRUCTURE,1.8846
16,"component_short_STRUCTURE,ENGINE",-0.0795
16,"component_short_STRUCTURE,LATCHES/LOCKS/LINKAG",-0.0037
16,"component_short_STRUCTURE,UNKNOWN OR OTHER",1.0516
16,"component_short_STRUCTURE,UNKNOWN OR OTHER,VIS",0.7667
16,"component_short_STRUCTURE,VISIBILITY/WIPER",1.5384
16,"component_short_STRUCTURE,WHEELS,UNKNOWN OR OT",0.8947
16,component_short_SUSPENSION,-0.2607
16,"component_short_SUSPENSION,AIR BAGS,WHEELS",-0.0059
16,"component_short_SUSPENSION,ENGINE AND ENGINE C",-0.0137
16,"component_short_SUSPENSION,FUEL/PROPULSION SYS",-0.0422
16,"component_short_SUSPENSION,POWER TRAIN",-0.0409
16,"component_short_SUSPENSION,POWER TRAIN,LANE DE",-0.0208
16,"component_short_SUSPENSION,SEATS,UNKNOWN OR OT",-0.0417
16,"component_short_SUSPENSION,SERVICE BRAKES",-0.0305
16,component_short_TIRES,-0.0449
16,"component_short_TIRES,WHEELS",-0.0337
16,component_short_UNKNOWN OR OTHER,1.097
16,"component_short_UNKNOWN OR OTHER,ENGINE",-0.1548
16,"component_short_UNKNOWN OR OTHER,ENGINE,FUEL/P",-0.0958
16,"component_short_UNKNOWN OR OTHER,FORWARD COLLI",-0.0412
16,"component_short_UNKNOWN OR OTHER,FUEL/PROPULSI",-0.0809
16,"component_short_UNKNOWN OR OTHER,VISIBILITY/WI",-0.0921
16,component_short_VEHICLE SPEED CONTROL,-0.2179
16,"component_short_VEHICLE SPEED CONTROL,ELECTRIC",-0.0093
16,"component_short_VEHICLE SPEED CONTROL,ELECTRON",-0.0124
16,"component_short_VEHICLE SPEED CONTROL,ENGINE,E",-0.0375
16,"component_short_VEHICLE SPEED CONTROL,ENGINE,F",-0.0858
16,component_short_VISIBILITY,-0.2546
16,"component_short_VISIBILITY,AIR BAGS",-0.0521
16,"component_short_VISIBILITY,AIR BAGS,INTERIOR L",-0.0029
16,"component_short_VISIBILITY,AIR BAGS,VEHICLE SP",-0.0036
16,"component_short_VISIBILITY,STRUCTURE",-0.0027
16,component_short_VISIBILITY/WIPER,0.4799
16,component_short_WHEELS,-0.1717
16,"component_short_WHEELS,SERVICE BRAKES",-0.0658
17,mileage_log,-0.165
17,prod_year_centered,-0.0301
17,engine_spec_reg_TDI_unknown,0.0426
17,engine_spec_reg_other,-0.002
17,engine_spec_reg_unknown,0.7913
17,"component_short_AIR BAGS,ELECTRICAL SYSTEM",-0.0157
17,"component_short_AIR BAGS,ELECTRONIC STABILITY ",-0.0343
17,"component_short_AIR BAGS,EQUIPMENT",-0.0127
17,"component_short_AIR BAGS,FUEL/PROPULSION SYSTE",-0.0136
17,"component_short_AIR BAGS,SEAT BELTS",-0.0236
17,"component_short_AIR BAGS,SEAT BELTS,EQUIPMENT",-0.0119
17,"component_short_AIR BAGS,SEAT BELTS,SEATS",-0.0148
17,"component_short_AIR BAGS,SEATS,EQUIPMENT",-0.0135
17,"component_short_AIR BAGS,STRUCTURE",-0.0111
17,"component_short_AIR BAGS,UNKNOWN OR OTHER",-0.0475
17,"component_short_AIR BAGS,UNKNOWN OR OTHER,SERV",-0.0139
17,"component_short_AIR BAGS,VEHICLE SPEED CONTROL",-0.0226
17,"component_short_AIR BAGS,WHEELS",-0.0139
17,component_short_BACK OVER PREVENTION,-0.0023
17,component_short_CHILD SEAT,-0.0114
17,component_short_ELECTRICAL SYSTEM,-0.2896
17,"component_short_ELECTRICAL SYSTEM,AIR BAGS",-0.0419
17,"component_short_ELECTRICAL SYSTEM,AIR BAGS,BAC",-0.0088
17,"component_short_ELECTRICAL SYSTEM,AIR BAGS,ENG",-0.0099
17,"component_short_ELECTRICAL SYSTEM,AIR BAGS,FOR",-0.0306
17,"component_short_ELECTRICAL SYSTEM,AIR BAGS,SEA",-0.0124
17,"component_short_ELECTRICAL SYSTEM,AIR BAGS,SER",-0.01
17,"component_short_ELECTRICAL SYSTEM,AIR BAGS,STR",-0.0284
17,"component_short_ELECTRICAL SYSTEM,AIR BAGS,UNK",-0.0124
17,"component_short_ELECTRICAL SYSTEM,AIR BAGS,VEH",-0.0181
17,"component_short_ELECTRICAL SYSTEM,AIR BAGS,VIS",-0.0123
17,"component_short_ELECTRICAL SYSTEM,BACK OVER PR",-0.0023
17,"component_short_ELECTRICAL SYSTEM,ELECTRONIC S",-0.0158
17,"component_short_ELECTRICAL SYSTEM,ENGINE",-0.0466
17,"component_short_ELECTRICAL SYSTEM,ENGINE,FUEL/",-0.0919
17,"component_short_ELECTRICAL SYSTEM,EQUIPMENT",-0.013
17,"component_short_ELECTRICAL SYSTEM,EXTERIOR LIG",-0.0521
17,"component_short_ELECTRICAL SYSTEM,FORWARD COLL",-0.0086
17,"component_short_ELECTRICAL SYSTEM,FUEL/PROPULS",-0.0319
17,"component_short_ELECTRICAL SYSTEM,SEAT BELTS,S",-0.0113
17,"component_short_ELECTRICAL SYSTEM,SERVICE BRAK",-0.0042
17,"component_short_ELECTRICAL SYSTEM,STRUCTURE",-0.0335
17,"component_short_ELECTRICAL SYSTEM,STRUCTURE,EN",-0.0153
17,"component_short_ELECTRICAL SYSTEM,STRUCTURE,UN",-0.0105
17,"component_short_ELECTRICAL SYSTEM,UNKNOWN OR O",-0.0475
17,"component_short_ELECTRICAL SYSTEM,VEHICLE SPEE",-0.0179
17,"component_short_ELECTRICAL SYSTEM,VISIBILITY",-0.0118
17,"component_short_ELECTRICAL SYSTEM,VISIBILITY,S",-0.0109
17,"component_short_ELECTRICAL SYSTEM,VISIBILITY,V",-0.0105
17,"component_short_ELECTRICAL SYSTEM,VISIBILITY/W",-0.0199
17,component_short_ELECTRONIC STABILITY CONTROL (,-0.0282
17,component_short_ENGINE,-0.3409
17,component_short_ENGINE AND ENGINE COOLING,0.7285
17,"component_short_ENGINE AND ENGINE COOLING,ELEC",-0.0542
17,"component_short_ENGINE AND ENGINE COOLING,EQUI",-0.0371
17,"component_short_ENGINE AND ENGINE COOLING,EXTE",-0.0109
17,"component_short_ENGINE AND ENGINE COOLING,FUEL",-0.1056
17,"component_short_ENGINE AND ENGINE COOLING,POWE",-0.0545
17,"component_short_ENGINE AND ENGINE COOLING,UNKN",-0.042
17,"component_short_ENGINE AND ENGINE COOLING,VEHI",-0.0105
17,"component_short_ENGINE,FUEL/PROPULSION SYSTEM",-0.126
17,component_short_EQUIPMENT,-0.0106
17,component_short_EXTERIOR LIGHTING,-0.0858
17,"component_short_EXTERIOR LIGHTING,AIR BAGS",-0.0114
17,"component_short_EXTERIOR LIGHTING,EQUIPMENT",-0.0109
17,"component_short_EXTERIOR LIGHTING,INTERIOR LIG",-0.0145
17,"component_short_EXTERIOR LIGHTING,STRUCTURE",-0.012
17,component_short_FORWARD COLLISION AVOIDANCE,-0.0425
17,"component_short_FUEL SYSTEM, DIESEL",0.6572
17,"component_short_FUEL SYSTEM, DIESEL,ELECTRICAL",-0.0155
17,"component_short_FUEL SYSTEM, DIESEL,ENGINE",-0.019
17,"component_short_FUEL SYSTEM, DIESEL,ENGINE,FUE",-0.0052
17,"component_short_FUEL SYSTEM, DIESEL,EQUIPMENT",-0.0155
17,"component_short_FUEL SYSTEM, DIESEL,FUEL/PROPU",-0.0686
17,"component_short_FUEL SYSTEM, DIESEL,POWER TRAI",-0.0211
17,"component_short_FUEL SYSTEM, DIESEL,VEHICLE SP",-0.04
17,"component_short_FUEL SYSTEM, GASOLINE",2.5212
17,"component_short_FUEL SYSTEM, GASOLINE,ELECTRIC",-0.0155
17,"component_short_FUEL SYSTEM, OTHER",-0.0446
17,"component_short_FUEL SYSTEM, OTHER,UNKNOWN OR ",-0.0108
17,"component_short_FUEL SYSTEM, OTHER,VEHICLE SPE",-0.0141
17,component_short_FUEL/PROPULSION SYSTEM,3.6752
17,component_short_LATCHES/LOCKS/LINKAGES,-0.0581
17,component_short_POWER TRAIN,-0.3269
17,"component_short_POWER TRAIN,ELECTRICAL SYSTEM",-0.0783
17,"component_short_POWER TRAIN,ELECTRICAL SYSTEM,",-0.0347
17,"component_short_POWER TRAIN,ENGINE",-0.1231
17,"component_short_POWER TRAIN,ENGINE,FUEL/PROPUL",-0.0386
17,"component_short_POWER TRAIN,EQUIPMENT",-0.0109
17,"component_short_POWER TRAIN,EXTERIOR LIGHTING",-0.0109
17,"component_short_POWER TRAIN,EXTERIOR LIGHTING,",-0.0109
17,"component_short_POWER TRAIN,FUEL/PROPULSION SY",-0.0196
17,"component_short_POWER TRAIN,UNKNOWN OR OTHER,F",-0.0038
17,"component_short_POWER TRAIN,VEHICLE SPEED CONT",-0.0144
17,component_short_SEAT BELTS,-0.0655
17,"component_short_SEAT BELTS,SEATS",-0.0062
17,"component_short_SEAT BELTS,STRUCTURE",-0.0102
17,component_short_SEATS,-0.0848
17,"component_short_SEATS,LANE DEPARTURE",-0.0083
17,component_short_SERVICE BRAKES,-0.0813
17,"component_short_SERVICE BRAKES, AIR",-0.0142
17,"component_short_SERVICE BRAKES, HYDRAULIC",-0.0938
17,"component_short_SERVICE BRAKES, HYDRAULIC,ELEC",-0.0485
17,"component_short_SERVICE BRAKES, HYDRAULIC,ENGI",-0.02
17,"component_short_SERVICE BRAKES, HYDRAULIC,POWE",-0.0056
17,"component_short_SERVICE BRAKES, HYDRAULIC,VEHI",-0.0109
17,"component_short_SERVICE BRAKES, HYDRAULIC,VISI",-0.0102
17,"component_short_SERVICE BRAKES,ENGINE",-0.0249
17,"component_short_SERVICE BRAKES,ENGINE,FUEL/PRO",-0.013
17,"component_short_SERVICE BRAKES,FORWARD COLLISI",-0.0187
17,component_short_STEERING,-0.0621
17,"component_short_STEERING,AIR BAGS",-0.0266
17,"component_short_STEERING,AIR BAGS,SEAT BELTS",-0.0119
17,"component_short_STEERING,AIR BAGS,UNKNOWN OR O",-0.0139
17,"component_short_STEERING,ELECTRICAL SYSTEM",-0.0391
17,"component_short_STEERING,ELECTRICAL SYSTEM,AIR",-0.027
17,"component_short_STEERING,ELECTRICAL SYSTEM,SER",-0.0136
17,"component_short_STEERING,ENGINE,FUEL/PROPULSIO",-0.0321
17,"component_short_STEERING,FUEL SYSTEM, DIESEL,E",-0.0153
17,"component_short_STEERING,FUEL SYSTEM, DIESEL,S",-0.0053
17,"component_short_STEERING,POWER TRAIN",-0.0291
17,"component_short_STEERING,POWER TRAIN,ENGINE",-0.0048
17,"component_short_STEERING,SUSPENSION",-0.015
17,"component_short_STEERING,SUSPENSION,ELECTRICAL",-0.0036
17,"component_short_STEERING,SUSPENSION,SERVICE BR",-0.0201
17,"component_short_STEERING,SUSPENSION,WHEELS",-0.0105
17,"component_short_STEERING,UNKNOWN OR OTHER,FUEL",-0.0057
17,"component_short_STEERING,UNKNOWN OR OTHER,SERV",-0.0143
17,"component_short_STEERING,VEHICLE SPEED CONTROL",-0.0258
17,component_short_STRUCTURE,-0.2904
17,"component_short_STRUCTURE,ENGINE",-0.0274
17,"component_short_STRUCTURE,LATCHES/LOCKS/LINKAG",-0.0106
17,"component_short_STRUCTURE,UNKNOWN OR OTHER",-0.0648
17,"component_short_STRUCTURE,UNKNOWN OR OTHER,VIS",-0.0226
17,"component_short_STRUCTURE,VISIBILITY/WIPER",-0.0222
17,"component_short_STRUCTURE,WHEELS,UNKNOWN OR OT",-0.014
17,component_short_SUSPENSION,-0.1118
17,"component_short_SUSPENSION,AIR BAGS,WHEELS",-0.0111
17,"component_short_SUSPENSION,ENGINE AND ENGINE C",-0.0144
17,"component_short_SUSPENSION,FUEL/PROPULSION SYS",-0.0142
17,"component_short_SUSPENSION,POWER TRAIN",-0.0227
17,"component_short_SUSPENSION,POWER TRAIN,LANE DE",-0.0042
17,"component_short_SUSPENSION,SEATS,UNKNOWN OR OT",-0.0141
17,"component_short_SUSPENSION,SERVICE BRAKES",-0.0136
17,component_short_TIRES,-0.0502
17,"component_short_TIRES,WHEELS",-0.015
17,component_short_UNKNOWN OR OTHER,-0.4377
17,"component_short_UNKNOWN OR OTHER,ENGINE",-0.0379
17,"component_short_UNKNOWN OR OTHER,ENGINE,FUEL/P",-0.0375
17,"component_short_UNKNOWN OR OTHER,FORWARD COLLI",-0.012
17,"component_short_UNKNOWN OR OTHER,FUEL/PROPULSI",-0.0287
17,"component_short_UNKNOWN OR OTHER,VISIBILITY/WI",-0.0259
17,component_short_VEHICLE SPEED CONTROL,-0.1018
17,"component_short_VEHICLE SPEED CONTROL,ELECTRIC",-0.0051
17,"component_short_VEHICLE SPEED CONTROL,ELECTRON",-0.0056
17,"component_short_VEHICLE SPEED CONTROL,ENGINE,E",-0.0126
17,"component_short_VEHICLE SPEED CONTROL,ENGINE,F",-0.0251
17,component_short_VISIBILITY,-0.1785
17,"component_short_VISIBILITY,AIR BAGS",-0.0099
17,"component_short_VISIBILITY,AIR BAGS,INTERIOR L",-0.0083
17,"component_short_VISIBILITY,AIR BAGS,VEHICLE SP",-0.0103
17,"component_short_VISIBILITY,STRUCTURE",-0.0055
17,component_short_VISIBILITY/WIPER,-0.0711
17,component_short_WHEELS,-0.043
17,"component_short_WHEELS,SERVICE BRAKES",-0.0225
18,mileage_log,-0.0262
18,prod_year_centered,0.1451
18,engine_spec_reg_TDI_unknown,0.4863
18,engine_spec_reg_other,-0.0075
18,engine_spec_reg_unknown,-0.3275
18,"component_short_AIR BAGS,ELECTRICAL SYSTEM",-0.0121
18,"component_short_AIR BAGS,ELECTRONIC STABILITY ",-0.0506
18,"component_short_AIR BAGS,EQUIPMENT",-0.0035
18,"component_short_AIR BAGS,FUEL/PROPULSION SYSTE",-0.0249
18,"component_short_AIR BAGS,SEAT BELTS",-0.0039
18,"component_short_AIR BAGS,SEAT BELTS,EQUIPMENT",-0.0027
18,"component_short_AIR BAGS,SEAT BELTS,SEATS",-0.0096
18,"component_short_AIR BAGS,SEATS,EQUIPMENT",-0.0044
18,"component_short_AIR BAGS,STRUCTURE",-0.0021
18,"component_short_AIR BAGS,UNKNOWN OR OTHER",-0.0597
18,"component_short_AIR BAGS,UNKNOWN OR OTHER,SERV",-0.0215
18,"component_short_AIR BAGS,VEHICLE SPEED CONTROL",-0.0413
18,"component_short_AIR BAGS,WHEELS",-0.0215
18,component_short_BACK OVER PREVENTION,-0.0429
18,component_short_CHILD SEAT,-0.0015
18,component_short_ELECTRICAL SYSTEM,-0.2586
18,"component_short_ELECTRICAL SYSTEM,AIR BAGS",-0.0752
18,"component_short_ELECTRICAL SYSTEM,AIR BAGS,BAC",-0.0379
18,"component_short_ELECTRICAL SYSTEM,AIR BAGS,ENG",-0.0306
18,"component_short_ELECTRICAL SYSTEM,AIR BAGS,FOR",-0.0525
18,"component_short_ELECTRICAL SYSTEM,AIR BAGS,SEA",-0.0271
18,"component_short_ELECTRICAL SYSTEM,AIR BAGS,SER",-0.043
18,"component_short_ELECTRICAL SYSTEM,AIR BAGS,STR",-0.0278
18,"component_short_ELECTRICAL SYSTEM,AIR BAGS,UNK",-0.0271
18,"component_short_ELECTRICAL SYSTEM,AIR BAGS,VEH",-0.0543
18,"component_short_ELECTRICAL SYSTEM,AIR BAGS,VIS",-0.0267
18,"component_short_ELECTRICAL SYSTEM,BACK OVER PR",-0.0429
18,"component_short_ELECTRICAL SYSTEM,ELECTRONIC S",-0.0123
18,"component_short_ELECTRICAL SYSTEM,ENGINE",-0.0581
18,"component_short_ELECTRICAL SYSTEM,ENGINE,FUEL/",-0.194
18,"component_short_ELECTRICAL SYSTEM,EQUIPMENT",-0.0025
18,"component_short_ELECTRICAL SYSTEM,EXTERIOR LIG",-0.0665
18,"component_short_ELECTRICAL SYSTEM,FORWARD COLL",-0.075
18,"component_short_ELECTRICAL SYSTEM,FUEL/PROPULS",-0.05
18,"component_short_ELECTRICAL SYSTEM,SEAT BELTS,S",-0.0347
18,"component_short_ELECTRICAL SYSTEM,SERVICE BRAK",-0.0509
18,"component_short_ELECTRICAL SYSTEM,STRUCTURE",-0.0796
18,"component_short_ELECTRICAL SYSTEM,STRUCTURE,EN",-0.0167
18,"component_short_ELECTRICAL SYSTEM,STRUCTURE,UN",-0.0323
18,"component_short_ELECTRICAL SYSTEM,UNKNOWN OR O",-0.0863
18,"component_short_ELECTRICAL SYSTEM,VEHICLE SPEE",-0.0506
18,"component_short_ELECTRICAL SYSTEM,VISIBILITY",-0.0016
18,"component_short_ELECTRICAL SYSTEM,VISIBILITY,S",-0.0015
18,"component_short_ELECTRICAL SYSTEM,VISIBILITY,V",-0.0012
18,"component_short_ELECTRICAL SYSTEM,VISIBILITY/W",-0.0708
18,component_short_ELECTRONIC STABILITY CONTROL (,-0.0391
18,component_short_ENGINE,-0.5814
18,component_short_ENGINE AND ENGINE COOLING,-0.2023
18,"component_short_ENGINE AND ENGINE COOLING,ELEC",-0.009
18,"component_short_ENGINE AND ENGINE COOLING,EQUI",-0.005
18,"component_short_ENGINE AND ENGINE COOLING,EXTE",-0.0015
18,"component_short_ENGINE AND ENGINE COOLING,FUEL",-0.1008
18,"component_short_ENGINE AND ENGINE COOLING,POWE",-0.0209
18,"component_short_ENGINE AND ENGINE COOLING,UNKN",-0.0253
18,"component_short_ENGINE AND ENGINE COOLING,VEHI",-0.0012
18,"component_short_ENGINE,FUEL/PROPULSION SYSTEM",-0.2642
18,component_short_EQUIPMENT,-0.0012
18,component_short_EXTERIOR LIGHTING,-0.0555
18,"component_short_EXTERIOR LIGHTING,AIR BAGS",-0.0248
18,"component_short_EXTERIOR LIGHTING,EQUIPMENT",-0.0015
18,"component_short_EXTERIOR LIGHTING,INTERIOR LIG",-0.004
18,"component_short_EXTERIOR LIGHTING,STRUCTURE",-0.0221
18,component_short_FORWARD COLLISION AVOIDANCE,-0.116
18,"component_short_FUEL SYSTEM, DIESEL",-0.1708
18,"component_short_FUEL SYSTEM, DIESEL,ELECTRICAL",-0.012
18,"component_short_FUEL SYSTEM, DIESEL,ENGINE",-0.027
18,"component_short_FUEL SYSTEM, DIESEL,ENGINE,FUE",-0.0224
18,"component_short_FUEL SYSTEM, DIESEL,EQUIPMENT",-0.0101
18,"component_short_FUEL SYSTEM, DIESEL,FUEL/PROPU",-0.0528
18,"component_short_FUEL SYSTEM, DIESEL,POWER TRAI",-0.0313
18,"component_short_FUEL SYSTEM, DIESEL,VEHICLE SP",-0.0801
18,"component_short_FUEL SYSTEM, GASOLINE",-0.1912
18,"component_short_FUEL SYSTEM, GASOLINE,ELECTRIC",-0.012
18,"component_short_FUEL SYSTEM, OTHER",-0.0236
18,"component_short_FUEL SYSTEM, OTHER,UNKNOWN OR ",-0.0012
18,"component_short_FUEL SYSTEM, OTHER,VEHICLE SPE",-0.0046
18,component_short_FUEL/PROPULSION SYSTEM,-0.5746
18,component_short_LATCHES/LOCKS/LINKAGES,-0.012
18,component_short_POWER TRAIN,-0.4017
18,"component_short_POWER TRAIN,ELECTRICAL SYSTEM",-0.0925
18,"component_short_POWER TRAIN,ELECTRICAL SYSTEM,",-0.0892
18,"component_short_POWER TRAIN,ENGINE",-0.2541
18,"component_short_POWER TRAIN,ENGINE,FUEL/PROPUL",-0.0705
18,"component_short_POWER TRAIN,EQUIPMENT",-0.0015
18,"component_short_POWER TRAIN,EXTERIOR LIGHTING",-0.0015
18,"component_short_POWER TRAIN,EXTERIOR LIGHTING,",-0.0015
18,"component_short_POWER TRAIN,FUEL/PROPULSION SY",-0.0424
18,"component_short_POWER TRAIN,UNKNOWN OR OTHER,F",-0.0251
18,"component_short_POWER TRAIN,VEHICLE SPEED CONT",-0.0222
18,component_short_SEAT BELTS,-0.0398
18,"component_short_SEAT BELTS,SEATS",-0.019
18,"component_short_SEAT BELTS,STRUCTURE",-0.0016
18,component_short_SEATS,-0.0373
18,"component_short_SEATS,LANE DEPARTURE",-0.0424
18,component_short_SERVICE BRAKES,-0.1819
18,"component_short_SERVICE BRAKES, AIR",-0.0093
18,"component_short_SERVICE BRAKES, HYDRAULIC",-0.0214
18,"component_short_SERVICE BRAKES, HYDRAULIC,ELEC",-0.0207
18,"component_short_SERVICE BRAKES, HYDRAULIC,ENGI",-0.0027
18,"component_short_SERVICE BRAKES, HYDRAULIC,POWE",-0.0203
18,"component_short_SERVICE BRAKES, HYDRAULIC,VEHI",-0.0015
18,"component_short_SERVICE BRAKES, HYDRAULIC,VISI",-0.0012
18,"component_short_SERVICE BRAKES,ENGINE",-0.0382
18,"component_short_SERVICE BRAKES,ENGINE,FUEL/PRO",-0.0282
18,"component_short_SERVICE BRAKES,FORWARD COLLISI",-0.0481
18,component_short_STEERING,-0.0853
18,"component_short_STEERING,AIR BAGS",-0.0612
18,"component_short_STEERING,AIR BAGS,SEAT BELTS",-0.0259
18,"component_short_STEERING,AIR BAGS,UNKNOWN OR O",-0.0215
18,"component_short_STEERING,ELECTRICAL SYSTEM",-0.0634
18,"component_short_STEERING,ELECTRICAL SYSTEM,AIR",-0.0617
18,"component_short_STEERING,ELECTRICAL SYSTEM,SER",-0.0149
18,"component_short_STEERING,ENGINE,FUEL/PROPULSIO",-0.0608
18,"component_short_STEERING,FUEL SYSTEM, DIESEL,E",-0.0167
18,"component_short_STEERING,FUEL SYSTEM, DIESEL,S",-0.0193
18,"component_short_STEERING,POWER TRAIN",-0.0631
18,"component_short_STEERING,POWER TRAIN,ENGINE",-0.0346
18,"component_short_STEERING,SUSPENSION",-0.0165
18,"component_short_STEERING,SUSPENSION,ELECTRICAL",-0.0281
18,"component_short_STEERING,SUSPENSION,SERVICE BR",-0.0023
18,"component_short_STEERING,SUSPENSION,WHEELS",-0.038
18,"component_short_STEERING,UNKNOWN OR OTHER,FUEL",-0.0209
18,"component_short_STEERING,UNKNOWN OR OTHER,SERV",-0.0221
18,"component_short_STEERING,VEHICLE SPEED CONTROL",-0.0363
18,component_short_STRUCTURE,1.6618
18,"component_short_STRUCTURE,ENGINE",-0.0421
18,"component_short_STRUCTURE,LATCHES/LOCKS/LINKAG",-0.0012
18,"component_short_STRUCTURE,UNKNOWN OR OTHER",-0.1596
18,"component_short_STRUCTURE,UNKNOWN OR OTHER,VIS",-0.0575
18,"component_short_STRUCTURE,VISIBILITY/WIPER",-0.052
18,"component_short_STRUCTURE,WHEELS,UNKNOWN OR OT",-0.0216
18,component_short_SUSPENSION,-0.1589
18,"component_short_SUSPENSION,AIR BAGS,WHEELS",-0.0021
18,"component_short_SUSPENSION,ENGINE AND ENGINE C",-0.0056
18,"component_short_SUSPENSION,FUEL/PROPULSION SYS",-0.022
18,"component_short_SUSPENSION,POWER TRAIN",-0.0206
18,"component_short_SUSPENSION,POWER TRAIN,LANE DE",-0.0327
18,"component_short_SUSPENSION,SEATS,UNKNOWN OR OT",-0.0217
18,"component_short_SUSPENSION,SERVICE BRAKES",-0.0149
18,component_short_TIRES,-0.0351
18,"component_short_TIRES,WHEELS",-0.0165
18,component_short_UNKNOWN OR OTHER,2.3395
18,"component_short_UNKNOWN OR OTHER,ENGINE",-0.1064
18,"component_short_UNKNOWN OR OTHER,ENGINE,FUEL/P",-0.052
18,"component_short_UNKNOWN OR OTHER,FORWARD COLLI",-0.0221
18,"component_short_UNKNOWN OR OTHER,FUEL/PROPULSI",-0.0521
18,"component_short_UNKNOWN OR OTHER,VISIBILITY/WI",0.872
18,component_short_VEHICLE SPEED CONTROL,-0.1561
18,"component_short_VEHICLE SPEED CONTROL,ELECTRIC",-0.0119
18,"component_short_VEHICLE SPEED CONTROL,ELECTRON",-0.0203
18,"component_short_VEHICLE SPEED CONTROL,ENGINE,E",-0.0195
18,"component_short_VEHICLE SPEED CONTROL,ENGINE,F",-0.0482
18,component_short_VISIBILITY,2.2742
18,"component_short_VISIBILITY,AIR BAGS",-0.0306
18,"component_short_VISIBILITY,AIR BAGS,INTERIOR L",-0.0009
18,"component_short_VISIBILITY,AIR BAGS,VEHICLE SP",-0.0012
18,"component_short_VISIBILITY,STRUCTURE",-0.0027
18,component_short_VISIBILITY/WIPER,2.279
18,component_short_WHEELS,-0.1213
18,"component_short_WHEELS,SERVICE BRAKES",-0.0346
19,mileage_log,-0.0842
19,prod_year_centered,-0.0891
19,engine_spec_reg_TDI_unknown,0.0332
19,engine_spec_reg_other,-0.0315
19,engine_spec_reg_unknown,0.5724
19,"component_short_AIR BAGS,ELECTRICAL SYSTEM",-0.0386
19,"component_short_AIR BAGS,ELECTRONIC STABILITY ",-0.071
19,"component_short_AIR BAGS,EQUIPMENT",-0.0442
19,"component_short_AIR BAGS,FUEL/PROPULSION SYSTE",-0.0252
19,"component_short_AIR BAGS,SEAT BELTS",-0.094
19,"component_short_AIR BAGS,SEAT BELTS,EQUIPMENT",-0.0441
19,"component_short_AIR BAGS,SEAT BELTS,SEATS",-0.0387
19,"component_short_AIR BAGS,SEATS,EQUIPMENT",-0.0445
19,"component_short_AIR BAGS,STRUCTURE",-0.0434
19,"component_short_AIR BAGS,UNKNOWN OR OTHER",-0.1081
19,"component_short_AIR BAGS,UNKNOWN OR OTHER,SERV",-0.0273
19,"component_short_AIR BAGS,VEHICLE SPEED CONTROL",-0.0419
19,"component_short_AIR BAGS,WHEELS",-0.0273
19,component_short_BACK OVER PREVENTION,-0.0036
19,component_short_CHILD SEAT,-0.0501
19,component_short_ELECTRICAL SYSTEM,0.2761
19,"component_short_ELECTRICAL SYSTEM,AIR BAGS",-0.0765
19,"component_short_ELECTRICAL SYSTEM,AIR BAGS,BAC",-0.0122
19,"component_short_ELECTRICAL SYSTEM,AIR BAGS,ENG",-0.0156
19,"component_short_ELECTRICAL SYSTEM,AIR BAGS,FOR",-0.0572
19,"component_short_ELECTRICAL SYSTEM,AIR BAGS,SEA",-0.0218
19,"component_short_ELECTRICAL SYSTEM,AIR BAGS,SER",-0.0139
19,"component_short_ELECTRICAL SYSTEM,AIR BAGS,STR",-0.0765
19,"component_short_ELECTRICAL SYSTEM,AIR BAGS,UNK",-0.0218
19,"component_short_ELECTRICAL SYSTEM,AIR BAGS,VEH",-0.03
19,"component_short_ELECTRICAL SYSTEM,AIR BAGS,VIS",-0.0215
19,"component_short_ELECTRICAL SYSTEM,BACK OVER PR",-0.0036
19,"component_short_ELECTRICAL SYSTEM,ELECTRONIC S",-0.039
19,"component_short_ELECTRICAL SYSTEM,ENGINE",-0.1001
19,"component_short_ELECTRICAL SYSTEM,ENGINE,FUEL/",1.2543
19,"component_short_ELECTRICAL SYSTEM,EQUIPMENT",-0.0507
19,"component_short_ELECTRICAL SYSTEM,EXTERIOR LIG",-0.1462
19,"component_short_ELECTRICAL SYSTEM,FORWARD COLL",-0.0113
19,"component_short_ELECTRICAL SYSTEM,FUEL/PROPULS",-0.0755
19,"component_short_ELECTRICAL SYSTEM,SEAT BELTS,S",-0.0177
19,"component_short_ELECTRICAL SYSTEM,SERVICE BRAK",-0.0087
19,"component_short_ELECTRICAL SYSTEM,STRUCTURE",-0.0635
19,"component_short_ELECTRICAL SYSTEM,STRUCTURE,EN",0.9138
19,"component_short_ELECTRICAL SYSTEM,STRUCTURE,UN",-0.0164
19,"component_short_ELECTRICAL SYSTEM,UNKNOWN OR O",-0.0993
19,"component_short_ELECTRICAL SYSTEM,VEHICLE SPEE",-0.0333
19,"component_short_ELECTRICAL SYSTEM,VISIBILITY",-0.0517
19,"component_short_ELECTRICAL SYSTEM,VISIBILITY,S",-0.0478
19,"component_short_ELECTRICAL SYSTEM,VISIBILITY,V",-0.0488
19,"component_short_ELECTRICAL SYSTEM,VISIBILITY/W",-0.031
19,component_short_ELECTRONIC STABILITY CONTROL (,-0.066
19,component_short_ENGINE,1.5233
19,component_short_ENGINE AND ENGINE COOLING,1.0063
19,"component_short_ENGINE AND ENGINE COOLING,ELEC",0.5638
19,"component_short_ENGINE AND ENGINE COOLING,EQUI",-0.1534
19,"component_short_ENGINE AND ENGINE COOLING,EXTE",-0.0478
19,"component_short_ENGINE AND ENGINE COOLING,FUEL",0.4299
19,"component_short_ENGINE AND ENGINE COOLING,POWE",0.6197
19,"component_short_ENGINE AND ENGINE COOLING,UNKN",0.7222
19,"component_short_ENGINE AND ENGINE COOLING,VEHI",0.8772
19,"component_short_ENGINE,FUEL/PROPULSION SYSTEM",-0.233
19,component_short_EQUIPMENT,-0.0493
19,component_short_EXTERIOR LIGHTING,-0.2698
19,"component_short_EXTERIOR LIGHTING,AIR BAGS",-0.02
19,"component_short_EXTERIOR LIGHTING,EQUIPMENT",-0.0478
19,"component_short_EXTERIOR LIGHTING,INTERIOR LIG",-0.0503
19,"component_short_EXTERIOR LIGHTING,STRUCTURE",-0.0223
19,component_short_FORWARD COLLISION AVOIDANCE,-0.0672
19,"component_short_FUEL SYSTEM, DIESEL",-0.3673
19,"component_short_FUEL SYSTEM, DIESEL,ELECTRICAL",-0.0383
19,"component_short_FUEL SYSTEM, DIESEL,ENGINE",-0.0503
19,"component_short_FUEL SYSTEM, DIESEL,ENGINE,FUE",-0.015
19,"component_short_FUEL SYSTEM, DIESEL,EQUIPMENT",-0.0404
19,"component_short_FUEL SYSTEM, DIESEL,FUEL/PROPU",-0.1595
19,"component_short_FUEL SYSTEM, DIESEL,POWER TRAI",0.8663
19,"component_short_FUEL SYSTEM, DIESEL,VEHICLE SP",-0.097
19,"component_short_FUEL SYSTEM, GASOLINE",0.2237
19,"component_short_FUEL SYSTEM, GASOLINE,ELECTRIC",-0.0383
19,"component_short_FUEL SYSTEM, OTHER",-0.141
19,"component_short_FUEL SYSTEM, OTHER,UNKNOWN OR ",-0.05
19,"component_short_FUEL SYSTEM, OTHER,VEHICLE SPE",-0.0462
19,component_short_FUEL/PROPULSION SYSTEM,-0.0213
19,component_short_LATCHES/LOCKS/LINKAGES,-0.2066
19,component_short_POWER TRAIN,-0.1361
19,"component_short_POWER TRAIN,ELECTRICAL SYSTEM",0.5984
19,"component_short_POWER TRAIN,ELECTRICAL SYSTEM,",-0.0683
19,"component_short_POWER TRAIN,ENGINE",0.5473
19,"component_short_POWER TRAIN,ENGINE,FUEL/PROPUL",-0.0738
19,"component_short_POWER TRAIN,EQUIPMENT",-0.0478
19,"component_short_POWER TRAIN,EXTERIOR LIGHTING",-0.0478
19,"component_short_POWER TRAIN,EXTERIOR LIGHTING,",-0.0478
19,"component_short_POWER TRAIN,FUEL/PROPULSION SY",-0.0342
19,"component_short_POWER TRAIN,UNKNOWN OR OTHER,F",-0.0083
19,"component_short_POWER TRAIN,VEHICLE SPEED CONT",-0.0282
19,component_short_SEAT BELTS,-0.1987
19,"component_short_SEAT BELTS,SEATS",-0.0203
19,"component_short_SEAT BELTS,STRUCTURE",-0.0422
19,component_short_SEATS,-0.2702
19,"component_short_SEATS,LANE DEPARTURE",-0.0109
19,component_short_SERVICE BRAKES,-0.1547
19,"component_short_SERVICE BRAKES, AIR",-0.0372
19,"component_short_SERVICE BRAKES, HYDRAULIC",-0.3287
19,"component_short_SERVICE BRAKES, HYDRAULIC,ELEC",-0.1555
19,"component_short_SERVICE BRAKES, HYDRAULIC,ENGI",-0.0852
19,"component_short_SERVICE BRAKES, HYDRAULIC,POWE",-0.0172
19,"component_short_SERVICE BRAKES, HYDRAULIC,VEHI",-0.0478
19,"component_short_SERVICE BRAKES, HYDRAULIC,VISI",-0.0473
19,"component_short_SERVICE BRAKES,ENGINE",-0.0484
19,"component_short_SERVICE BRAKES,ENGINE,FUEL/PRO",0.9405
19,"component_short_SERVICE BRAKES,FORWARD COLLISI",-0.031
19,component_short_STEERING,-0.1603
19,"component_short_STEERING,AIR BAGS",-0.0517
19,"component_short_STEERING,AIR BAGS,SEAT BELTS",-0.0208
19,"component_short_STEERING,AIR BAGS,UNKNOWN OR O",-0.0273
19,"component_short_STEERING,ELECTRICAL SYSTEM",-0.1118
19,"component_short_STEERING,ELECTRICAL SYSTEM,AIR",-0.0551
19,"component_short_STEERING,ELECTRICAL SYSTEM,SER",-0.03
19,"component_short_STEERING,ENGINE,FUEL/PROPULSIO",0.8322
19,"component_short_STEERING,FUEL SYSTEM, DIESEL,E",0.9138
19,"component_short_STEERING,FUEL SYSTEM, DIESEL,S",-0.0164
19,"component_short_STEERING,POWER TRAIN",-0.051
19,"component_short_STEERING,POWER TRAIN,ENGINE",-0.0117
19,"component_short_STEERING,SUSPENSION",-0.0331
19,"component_short_STEERING,SUSPENSION,ELECTRICAL",-0.0074
19,"component_short_STEERING,SUSPENSION,SERVICE BR",-0.0907
19,"component_short_STEERING,SUSPENSION,WHEELS",-0.0154
19,"component_short_STEERING,UNKNOWN OR OTHER,FUEL",-0.0177
19,"component_short_STEERING,UNKNOWN OR OTHER,SERV",0.9273
19,"component_short_STEERING,VEHICLE SPEED CONTROL",-0.0548
19,component_short_STRUCTURE,-0.5586
19,"component_short_STRUCTURE,ENGINE",0.8671
19,"component_short_STRUCTURE,LATCHES/LOCKS/LINKAG",-0.0493
19,"component_short_STRUCTURE,UNKNOWN OR OTHER",-0.1047
19,"component_short_STRUCTURE,UNKNOWN OR OTHER,VIS",-0.0374
19,"component_short_STRUCTURE,VISIBILITY/WIPER",-0.0376
19,"component_short_STRUCTURE,WHEELS,UNKNOWN OR OT",-0.0275
19,component_short_SUSPENSION,-0.2476
19,"component_short_SUSPENSION,AIR BAGS,WHEELS",-0.0434
19,"component_short_SUSPENSION,ENGINE AND ENGINE C",-0.0445
19,"component_short_SUSPENSION,FUEL/PROPULSION SYS",-0.028
19,"component_short_SUSPENSION,POWER TRAIN",-0.071
19,"component_short_SUSPENSION,POWER TRAIN,LANE DE",-0.0086
19,"component_short_SUSPENSION,SEATS,UNKNOWN OR OT",-0.0276
19,"component_short_SUSPENSION,SERVICE BRAKES",-0.03
19,component_short_TIRES,-0.1772
19,"component_short_TIRES,WHEELS",-0.0331
19,component_short_UNKNOWN OR OTHER,-0.7326
19,"component_short_UNKNOWN OR OTHER,ENGINE",-0.0648
19,"component_short_UNKNOWN OR OTHER,ENGINE,FUEL/P",0.7904
19,"component_short_UNKNOWN OR OTHER,FORWARD COLLI",-0.0223
19,"component_short_UNKNOWN OR OTHER,FUEL/PROPULSI",-0.0593
19,"component_short_UNKNOWN OR OTHER,VISIBILITY/WI",-0.0464
19,component_short_VEHICLE SPEED CONTROL,0.4704
19,"component_short_VEHICLE SPEED CONTROL,ELECTRIC",-0.0158
19,"component_short_VEHICLE SPEED CONTROL,ELECTRON",-0.0172
19,"component_short_VEHICLE SPEED CONTROL,ENGINE,E",-0.0248
19,"component_short_VEHICLE SPEED CONTROL,ENGINE,F",-0.048
19,component_short_VISIBILITY,-0.488
19,"component_short_VISIBILITY,AIR BAGS",-0.0156
19,"component_short_VISIBILITY,AIR BAGS,INTERIOR L",-0.0391
19,"component_short_VISIBILITY,AIR BAGS,VEHICLE SP",-0.048
19,"component_short_VISIBILITY,STRUCTURE",-0.0287
19,component_short_VISIBILITY/WIPER,-0.1194
19,component_short_WHEELS,-0.0896
19,"component_short_WHEELS,SERVICE BRAKES",-0.0439
