recall_id,model_year,make,model,component,summary,defect,consequence,remedy,date,source
14E007000,2000,VOLKSWAGEN,GOLF,ENGINE AND ENGINE COOLING:ENGINE,"The Gates Corporation (Gates) is recalling certain aftermarket Tru-Flow Water Pumps, part number TFW 41127, sold at certain NAPA Auto Parts and/or installed by automotive service technicians after November 1, 2013 (and manufactured August 2013 through October 2013) that have a black-colored pulley/sprocket or do not have 'US9377' stamped on the water pump housing.  These service replacement parts were sold for use in model year 1999-2005 Audi A4, 2000-2006 Audi TT, 1998-2005 Volkswagen Beetle, 1999-2006 Golf, 1999-2008 and 2011-2013 Volkswagen Jetta, and 2000-2005 Volkswagen Passat.  In the affected water pumps, the pulley or sprocket that turns the timing belt may develop microfractures causing the timing belt to fail. A failure of the timing belt may cause the engine to shut down, potentially increasing the risk of a vehicle crash. Gates will notify owners, and dealers will replace the water pump, free of charge.  The recall began during May 2014.  Owners may contact The Gates Corporation at 1-303-744-1911.","The Gates Corporation (Gates) is recalling certain aftermarket Tru-Flow Water Pumps, part number TFW 41127, sold at certain NAPA Auto Parts and/or installed by automotive service technicians after November 1, 2013 (and manufactured August 2013 through October 2013) that have a black-colored pulley/sprocket or do not have 'US9377' stamped on the water pump housing.  These service replacement parts were sold for use in model year 1999-2005 Audi A4, 2000-2006 Audi TT, 1998-2005 Volkswagen Beetle, 1999-2006 Golf, 1999-2008 and 2011-2013 Volkswagen Jetta, and 2000-2005 Volkswagen Passat.  In the affected water pumps, the pulley or sprocket that turns the timing belt may develop microfractures causing the timing belt to fail.","A failure of the timing belt may cause the engine to shut down, potentially increasing the risk of a vehicle crash.","Gates will notify owners, and dealers will replace the water pump, free of charge.  The recall began during May 2014.  Owners may contact The Gates Corporation at 1-303-744-1911.",07/03/2014,nhtsa_recall
09E012000,2000,VOLKSWAGEN,GOLF,EXTERIOR LIGHTING,"SABERSPORT IS RECALLING 16,270 COMBINATION CORNER AND BUMPER LAMP ASSEMBLIES OF VARIOUS PART NUMBERS SOLD FOR USE AS AFTERMARKET EQUIPMENT FOR VARIOUS PASSENGER VEHICLES.  THESE HEADLAMPS FAIL TO CONFORM TO THE REQUIREMENTS OF FEDERAL MOTOR VEHICLE SAFETY STANDARD NO. 108, ""LAMPS, REFLECTIVE DEVICES, AND ASSOCIATED EQUIPMENT.""  THESE LAMPS DO NOT CONTAIN THE REQUIRED AMBER SIDE REFLECTORS. DECREASED LIGHTING VISIBILITY MAY RESULT IN A VEHICLE CRASH. SABERSPORT WILL NOTIFY OWNERS AND OFFER A FULL REFUND FOR THE NONCOMPLIANT COMBINATION LAMPS.  THE SAFETY RECALL BEGAN ON MAY 11, 2009.  OWNERS MAY CONTACT SABERSPORT AT 1-909-598-7589.","SABERSPORT IS RECALLING 16,270 COMBINATION CORNER AND BUMPER LAMP ASSEMBLIES OF VARIOUS PART NUMBERS SOLD FOR USE AS AFTERMARKET EQUIPMENT FOR VARIOUS PASSENGER VEHICLES.  THESE HEADLAMPS FAIL TO CONFORM TO THE REQUIREMENTS OF FEDERAL MOTOR VEHICLE SAFETY STANDARD NO. 108, ""LAMPS, REFLECTIVE DEVICES, AND ASSOCIATED EQUIPMENT.""  THESE LAMPS DO NOT CONTAIN THE REQUIRED AMBER SIDE REFLECTORS.",DECREASED LIGHTING VISIBILITY MAY RESULT IN A VEHICLE CRASH.,"SABERSPORT WILL NOTIFY OWNERS AND OFFER A FULL REFUND FOR THE NONCOMPLIANT COMBINATION LAMPS.  THE SAFETY RECALL BEGAN ON MAY 11, 2009.  OWNERS MAY CONTACT SABERSPORT AT 1-909-598-7589.",07/04/2009,nhtsa_recall
09E025000,2000,VOLKSWAGEN,GOLF,EXTERIOR LIGHTING:HEADLIGHTS,"DOPE, INC. IS RECALLING 42,540 COMBINATION CORNER AND BUMPER LAMP ASSEMBLIES OF VARIOUS PART NUMBERS SOLD FOR USE AS AFTERMARKET EQUIPMENT FOR VARIOUS PASSENGER VEHICLES.  THESE HEADLAMPS FAIL TO CONFORM TO THE REQUIREMENTS OF FEDERAL MOTOR VEHICLE SAFETY STANDARD NO. 108, ""LAMPS, REFLECTIVE DEVICES, AND ASSOCIATED EQUIPMENT.""  THESE LAMPS DO NOT CONTAIN THE REQUIRED AMBER SIDE REFLECTORS. DECREASED LIGHTING VISIBILITY MAY RESULT IN A VEHICLE CRASH. DOPE, INC. WILL NOTIFY OWNERS AND OFFER A FULL REFUND FOR THE NONCOMPLIANT COMBINATION LAMPS.  THE SAFETY RECALL BEGAN ON JULY 28, 2009.  OWNERS MAY CONTACT DOPE, INC. AT 1-626-272-1798.","DOPE, INC. IS RECALLING 42,540 COMBINATION CORNER AND BUMPER LAMP ASSEMBLIES OF VARIOUS PART NUMBERS SOLD FOR USE AS AFTERMARKET EQUIPMENT FOR VARIOUS PASSENGER VEHICLES.  THESE HEADLAMPS FAIL TO CONFORM TO THE REQUIREMENTS OF FEDERAL MOTOR VEHICLE SAFETY STANDARD NO. 108, ""LAMPS, REFLECTIVE DEVICES, AND ASSOCIATED EQUIPMENT.""  THESE LAMPS DO NOT CONTAIN THE REQUIRED AMBER SIDE REFLECTORS.",DECREASED LIGHTING VISIBILITY MAY RESULT IN A VEHICLE CRASH.,"DOPE, INC. WILL NOTIFY OWNERS AND OFFER A FULL REFUND FOR THE NONCOMPLIANT COMBINATION LAMPS.  THE SAFETY RECALL BEGAN ON JULY 28, 2009.  OWNERS MAY CONTACT DOPE, INC. AT 1-626-272-1798.",11/05/2009,nhtsa_recall
05V154000,2000,VOLKSWAGEN,GOLF,"FUEL SYSTEM, GASOLINE:DELIVERY:FUEL PUMP","ON CERTAIN PASSENGER VEHICLES EQUIPPED WITH GASOLINE ENGINES AND DOUBLE-LAYER FUEL TANKS, TENSION ON THE FUEL SUPPLY LINE MAY CAUSE THE FUEL PUMP SUPPLY NIPPLE TO CRACK WHICH COULD RESULT IN A LEAK. LEAKING FUEL, IN THE PRESENCE OF AN IGNITION SOURCE, MAY CAUSE A FIRE. DEALERS WILL INSPECT THE FUEL SUPPLY LINE FOR TENSION, AND INSPECT THE FUEL PUMP SUPPLY NIPPLE FOR CRACKING.  IF NECESSARY THE FUEL LINE AND THE FUEL PUMP WILL BE REPLACED FREE OF CHARGE.  THE RECALL BEGAN ON JULY 25, 2005.  OWNERS MAY CONTACT VOLKSWAGEN AT 1-800-822-8987.","ON CERTAIN PASSENGER VEHICLES EQUIPPED WITH GASOLINE ENGINES AND DOUBLE-LAYER FUEL TANKS, TENSION ON THE FUEL SUPPLY LINE MAY CAUSE THE FUEL PUMP SUPPLY NIPPLE TO CRACK WHICH COULD RESULT IN A LEAK.","LEAKING FUEL, IN THE PRESENCE OF AN IGNITION SOURCE, MAY CAUSE A FIRE.","DEALERS WILL INSPECT THE FUEL SUPPLY LINE FOR TENSION, AND INSPECT THE FUEL PUMP SUPPLY NIPPLE FOR CRACKING.  IF NECESSARY THE FUEL LINE AND THE FUEL PUMP WILL BE REPLACED FREE OF CHARGE.  THE RECALL BEGAN ON JULY 25, 2005.  OWNERS MAY CONTACT VOLKSWAGEN AT 1-800-822-8987.",19/04/2005,nhtsa_recall
07V063000,2000,VOLKSWAGEN,GOLF,EXTERIOR LIGHTING:BRAKE LIGHTS:SWITCH,"ON CERTAIN PASSENGER, WAGON, AND CONVERTIBLE VEHICLES EQUIPPED WITH OR WITHOUT CRUISE CONTROL, A BRAKE LIGHT SWITCH MAY MALFUNCTION IF IT WAS INSTALLED INCORRECTLY. THE BRAKE LIGHTS COULD BECOME INOPERATIVE, OR REMAIN ON.  FAILURE TO PROVIDE THE PROPER SIGNAL WHEN BRAKING COULD LEAD TO A CRASH WITHOUT WARNING. DEALERS WILL INSTALL THE NEWLY DESIGNED BRAKE LIGHT SWITCH FREE OF CHARGE.  THE RECALL BEGAN ON APRIL 27, 2007, AND WILL BE CONDUCTED IN SEVERAL STAGGERED MAILINGS THROUGH SEPTEMBER 21, 2007.  VEHICLES WITHIN THE MAKE, MODEL, AND MODEL YEAR OF THIS POPULATION MAY BE INVOLVED IN EITHER THIS RECALL OR 06V-183, BUT NOT BOTH.  THE REMEDY IS THE SAME FOR EACH RECALL.  VOLKSWAGEN DEALERS WILL APPLY THE REMEDY BASED ON THE VIN NUMBER OF THE VEHICLE.  OWNERS MAY CONTACT VW AT 1-800-822-8987.","ON CERTAIN PASSENGER, WAGON, AND CONVERTIBLE VEHICLES EQUIPPED WITH OR WITHOUT CRUISE CONTROL, A BRAKE LIGHT SWITCH MAY MALFUNCTION IF IT WAS INSTALLED INCORRECTLY.","THE BRAKE LIGHTS COULD BECOME INOPERATIVE, OR REMAIN ON.  FAILURE TO PROVIDE THE PROPER SIGNAL WHEN BRAKING COULD LEAD TO A CRASH WITHOUT WARNING.","DEALERS WILL INSTALL THE NEWLY DESIGNED BRAKE LIGHT SWITCH FREE OF CHARGE.  THE RECALL BEGAN ON APRIL 27, 2007, AND WILL BE CONDUCTED IN SEVERAL STAGGERED MAILINGS THROUGH SEPTEMBER 21, 2007.  VEHICLES WITHIN THE MAKE, MODEL, AND MODEL YEAR OF THIS POPULATION MAY BE INVOLVED IN EITHER THIS RECALL OR 06V-183, BUT NOT BOTH.  THE REMEDY IS THE SAME FOR EACH RECALL.  VOLKSWAGEN DEALERS WILL APPLY THE REMEDY BASED ON THE VIN NUMBER OF THE VEHICLE.  OWNERS MAY CONTACT VW AT 1-800-822-8987.",20/02/2007,nhtsa_recall
04V584000,2000,VOLKSWAGEN,GOLF,EXTERIOR LIGHTING:HAZARD FLASHING WARNING LIGHTS:SWITCH,"ON CERTAIN PASSENGER VEHICLES, THE HAZARD SWITCH AND FLASHER SYSTEM FUNCTION MAY DEGRADE OVER TIME BECAUSE OF DISTORTION AND MATERIAL TRANSFER OF THE CONTACTS OF CERTAIN HAZARD SWITCH RELAYS WHICH OCCURS DUE TO SUBSTANTIALLY INCREASED ELECTRICAL CURRENT LOAD FROM HIGHER WATTAGE TURN SIGNAL BULBS. THIS MAY RESULT IN INTERMITTENT OR INOPERATIVE TURN SIGNAL AND HAZARD FLASHER FUNCTION. DEALERS WILL REPLACE THE HAZARD FLASHER SWITCH/RELAY KIT.  THE RECALL BEGAN ON MARCH 31, 2005.  OWNERS SHOULD CONTACT VOLKSWAGEN AT 1-800-822-8987.","ON CERTAIN PASSENGER VEHICLES, THE HAZARD SWITCH AND FLASHER SYSTEM FUNCTION MAY DEGRADE OVER TIME BECAUSE OF DISTORTION AND MATERIAL TRANSFER OF THE CONTACTS OF CERTAIN HAZARD SWITCH RELAYS WHICH OCCURS DUE TO SUBSTANTIALLY INCREASED ELECTRICAL CURRENT LOAD FROM HIGHER WATTAGE TURN SIGNAL BULBS.",THIS MAY RESULT IN INTERMITTENT OR INOPERATIVE TURN SIGNAL AND HAZARD FLASHER FUNCTION.,"DEALERS WILL REPLACE THE HAZARD FLASHER SWITCH/RELAY KIT.  THE RECALL BEGAN ON MARCH 31, 2005.  OWNERS SHOULD CONTACT VOLKSWAGEN AT 1-800-822-8987.",16/12/2004,nhtsa_recall
00V280000,2000,VOLKSWAGEN,GOLF,SUSPENSION:FRONT:CONTROL ARM:UPPER ARM,"VEHICLE DESCRIPTION:  PASSENGER VEHICLES.  ONE OF TWO BRACKETS USED TO BOLT THE FRONT SUSPENSION CONTROL ARM IN FRONT OF THE VEHICLE TO THE BODY STRUCTURE MAY NOT HAVE BEEN WELDED SUFFICIENTLY. THE CONTROL ARM COULD GRADUALLY LOOSEN AND ULTIMATELY SEPARATE FROM ITS BRACKET IN NORMAL DRIVING WHICH COULD CAUSE THE VEHICLE TO BE DIFFICULT TO CONTROL OR RESULT IN LOSS OF CONTROL.  AS THE BRACKET LOOSENS, LOUD METALLIC KNOCKING SOUNDS IN FROM THE VEHICLE WILL BE HEARD. DEALERS WILL INSPECT THE BRACKET AND IF THE WELDING IS INSUFFICIENT, WILL REPLACE THE CONTROL ARM.",VEHICLE DESCRIPTION:  PASSENGER VEHICLES.  ONE OF TWO BRACKETS USED TO BOLT THE FRONT SUSPENSION CONTROL ARM IN FRONT OF THE VEHICLE TO THE BODY STRUCTURE MAY NOT HAVE BEEN WELDED SUFFICIENTLY.,"THE CONTROL ARM COULD GRADUALLY LOOSEN AND ULTIMATELY SEPARATE FROM ITS BRACKET IN NORMAL DRIVING WHICH COULD CAUSE THE VEHICLE TO BE DIFFICULT TO CONTROL OR RESULT IN LOSS OF CONTROL.  AS THE BRACKET LOOSENS, LOUD METALLIC KNOCKING SOUNDS IN FROM THE VEHICLE WILL BE HEARD.","DEALERS WILL INSPECT THE BRACKET AND IF THE WELDING IS INSUFFICIENT, WILL REPLACE THE CONTROL ARM.",20/09/2000,nhtsa_recall
02V244000,2000,VOLKSWAGEN,GOLF,EQUIPMENT:OTHER:OWNERS/SERVICE/OTHER MANUAL,"CERTAIN PASSENGER VEHICLES FAIL TO COMPLY WITH REQUIREMENTS OF FEDERAL MOTOR VEHICLE SAFETY STANDARD NO. 225, ""CHILD RESTRAINT ANCHORAGE SYSTEMS.""  CHILD SEAT ANCHORAGES INSTALLED IN THE VEHICLE'S REAR SEATS MUST BE IDENTIFIED BY MARKINGS, AND THEIR LOCATION AND USE BE DESCRIBED IN THE OWNER'S MANUAL. THESE VEHICLES WERE NOT MARKED OR DESCRIBED AS REQUIRED BY THE STANDARD. OWNERS WILL BE PROVIDED WITH A SUPPLEMENT FOR THE OWNER'S MANUAL AND ALSO ONE SET OF FOUR GUIDANCE FIXTURES INTENDED TO USE IN CONJUNCTION WITH CHILD SEATS EQUIPPED WITH RIGID OR SEMI-RIGID LOWER ANCHORAGE ATTACHMENTS.  ALSO ENCLOSED WILL BE FOUR DECALS TOGETHER WITH INSTALLATION INSTRUCTIONS AND A TEMPLATE FOR ATTACHING THE DECALS TO THE LOWER SEAT BACKS.  OWNER NOTIFICATION IS EXPECTED TO BEGIN SEPTEMBER 15, 2002.   OWNERS SHOULD CONTACT VWOA AT 1-800-822-8987.","CERTAIN PASSENGER VEHICLES FAIL TO COMPLY WITH REQUIREMENTS OF FEDERAL MOTOR VEHICLE SAFETY STANDARD NO. 225, ""CHILD RESTRAINT ANCHORAGE SYSTEMS.""  CHILD SEAT ANCHORAGES INSTALLED IN THE VEHICLE'S REAR SEATS MUST BE IDENTIFIED BY MARKINGS, AND THEIR LOCATION AND USE BE DESCRIBED IN THE OWNER'S MANUAL.",THESE VEHICLES WERE NOT MARKED OR DESCRIBED AS REQUIRED BY THE STANDARD.,"OWNERS WILL BE PROVIDED WITH A SUPPLEMENT FOR THE OWNER'S MANUAL AND ALSO ONE SET OF FOUR GUIDANCE FIXTURES INTENDED TO USE IN CONJUNCTION WITH CHILD SEATS EQUIPPED WITH RIGID OR SEMI-RIGID LOWER ANCHORAGE ATTACHMENTS.  ALSO ENCLOSED WILL BE FOUR DECALS TOGETHER WITH INSTALLATION INSTRUCTIONS AND A TEMPLATE FOR ATTACHING THE DECALS TO THE LOWER SEAT BACKS.  OWNER NOTIFICATION IS EXPECTED TO BEGIN SEPTEMBER 15, 2002.   OWNERS SHOULD CONTACT VWOA AT 1-800-822-8987.",12/09/2002,nhtsa_recall
14E007000,2001,VOLKSWAGEN,GOLF,ENGINE AND ENGINE COOLING:ENGINE,"The Gates Corporation (Gates) is recalling certain aftermarket Tru-Flow Water Pumps, part number TFW 41127, sold at certain NAPA Auto Parts and/or installed by automotive service technicians after November 1, 2013 (and manufactured August 2013 through October 2013) that have a black-colored pulley/sprocket or do not have 'US9377' stamped on the water pump housing.  These service replacement parts were sold for use in model year 1999-2005 Audi A4, 2000-2006 Audi TT, 1998-2005 Volkswagen Beetle, 1999-2006 Golf, 1999-2008 and 2011-2013 Volkswagen Jetta, and 2000-2005 Volkswagen Passat.  In the affected water pumps, the pulley or sprocket that turns the timing belt may develop microfractures causing the timing belt to fail. A failure of the timing belt may cause the engine to shut down, potentially increasing the risk of a vehicle crash. Gates will notify owners, and dealers will replace the water pump, free of charge.  The recall began during May 2014.  Owners may contact The Gates Corporation at 1-303-744-1911.","The Gates Corporation (Gates) is recalling certain aftermarket Tru-Flow Water Pumps, part number TFW 41127, sold at certain NAPA Auto Parts and/or installed by automotive service technicians after November 1, 2013 (and manufactured August 2013 through October 2013) that have a black-colored pulley/sprocket or do not have 'US9377' stamped on the water pump housing.  These service replacement parts were sold for use in model year 1999-2005 Audi A4, 2000-2006 Audi TT, 1998-2005 Volkswagen Beetle, 1999-2006 Golf, 1999-2008 and 2011-2013 Volkswagen Jetta, and 2000-2005 Volkswagen Passat.  In the affected water pumps, the pulley or sprocket that turns the timing belt may develop microfractures causing the timing belt to fail.","A failure of the timing belt may cause the engine to shut down, potentially increasing the risk of a vehicle crash.","Gates will notify owners, and dealers will replace the water pump, free of charge.  The recall began during May 2014.  Owners may contact The Gates Corporation at 1-303-744-1911.",07/03/2014,nhtsa_recall
09E012000,2001,VOLKSWAGEN,GOLF,EXTERIOR LIGHTING,"SABERSPORT IS RECALLING 16,270 COMBINATION CORNER AND BUMPER LAMP ASSEMBLIES OF VARIOUS PART NUMBERS SOLD FOR USE AS AFTERMARKET EQUIPMENT FOR VARIOUS PASSENGER VEHICLES.  THESE HEADLAMPS FAIL TO CONFORM TO THE REQUIREMENTS OF FEDERAL MOTOR VEHICLE SAFETY STANDARD NO. 108, ""LAMPS, REFLECTIVE DEVICES, AND ASSOCIATED EQUIPMENT.""  THESE LAMPS DO NOT CONTAIN THE REQUIRED AMBER SIDE REFLECTORS. DECREASED LIGHTING VISIBILITY MAY RESULT IN A VEHICLE CRASH. SABERSPORT WILL NOTIFY OWNERS AND OFFER A FULL REFUND FOR THE NONCOMPLIANT COMBINATION LAMPS.  THE SAFETY RECALL BEGAN ON MAY 11, 2009.  OWNERS MAY CONTACT SABERSPORT AT 1-909-598-7589.","SABERSPORT IS RECALLING 16,270 COMBINATION CORNER AND BUMPER LAMP ASSEMBLIES OF VARIOUS PART NUMBERS SOLD FOR USE AS AFTERMARKET EQUIPMENT FOR VARIOUS PASSENGER VEHICLES.  THESE HEADLAMPS FAIL TO CONFORM TO THE REQUIREMENTS OF FEDERAL MOTOR VEHICLE SAFETY STANDARD NO. 108, ""LAMPS, REFLECTIVE DEVICES, AND ASSOCIATED EQUIPMENT.""  THESE LAMPS DO NOT CONTAIN THE REQUIRED AMBER SIDE REFLECTORS.",DECREASED LIGHTING VISIBILITY MAY RESULT IN A VEHICLE CRASH.,"SABERSPORT WILL NOTIFY OWNERS AND OFFER A FULL REFUND FOR THE NONCOMPLIANT COMBINATION LAMPS.  THE SAFETY RECALL BEGAN ON MAY 11, 2009.  OWNERS MAY CONTACT SABERSPORT AT 1-909-598-7589.",07/04/2009,nhtsa_recall
09E025000,2001,VOLKSWAGEN,GOLF,EXTERIOR LIGHTING:HEADLIGHTS,"DOPE, INC. IS RECALLING 42,540 COMBINATION CORNER AND BUMPER LAMP ASSEMBLIES OF VARIOUS PART NUMBERS SOLD FOR USE AS AFTERMARKET EQUIPMENT FOR VARIOUS PASSENGER VEHICLES.  THESE HEADLAMPS FAIL TO CONFORM TO THE REQUIREMENTS OF FEDERAL MOTOR VEHICLE SAFETY STANDARD NO. 108, ""LAMPS, REFLECTIVE DEVICES, AND ASSOCIATED EQUIPMENT.""  THESE LAMPS DO NOT CONTAIN THE REQUIRED AMBER SIDE REFLECTORS. DECREASED LIGHTING VISIBILITY MAY RESULT IN A VEHICLE CRASH. DOPE, INC. WILL NOTIFY OWNERS AND OFFER A FULL REFUND FOR THE NONCOMPLIANT COMBINATION LAMPS.  THE SAFETY RECALL BEGAN ON JULY 28, 2009.  OWNERS MAY CONTACT DOPE, INC. AT 1-626-272-1798.","DOPE, INC. IS RECALLING 42,540 COMBINATION CORNER AND BUMPER LAMP ASSEMBLIES OF VARIOUS PART NUMBERS SOLD FOR USE AS AFTERMARKET EQUIPMENT FOR VARIOUS PASSENGER VEHICLES.  THESE HEADLAMPS FAIL TO CONFORM TO THE REQUIREMENTS OF FEDERAL MOTOR VEHICLE SAFETY STANDARD NO. 108, ""LAMPS, REFLECTIVE DEVICES, AND ASSOCIATED EQUIPMENT.""  THESE LAMPS DO NOT CONTAIN THE REQUIRED AMBER SIDE REFLECTORS.",DECREASED LIGHTING VISIBILITY MAY RESULT IN A VEHICLE CRASH.,"DOPE, INC. WILL NOTIFY OWNERS AND OFFER A FULL REFUND FOR THE NONCOMPLIANT COMBINATION LAMPS.  THE SAFETY RECALL BEGAN ON JULY 28, 2009.  OWNERS MAY CONTACT DOPE, INC. AT 1-626-272-1798.",11/05/2009,nhtsa_recall
07V063000,2001,VOLKSWAGEN,GOLF,EXTERIOR LIGHTING:BRAKE LIGHTS:SWITCH,"ON CERTAIN PASSENGER, WAGON, AND CONVERTIBLE VEHICLES EQUIPPED WITH OR WITHOUT CRUISE CONTROL, A BRAKE LIGHT SWITCH MAY MALFUNCTION IF IT WAS INSTALLED INCORRECTLY. THE BRAKE LIGHTS COULD BECOME INOPERATIVE, OR REMAIN ON.  FAILURE TO PROVIDE THE PROPER SIGNAL WHEN BRAKING COULD LEAD TO A CRASH WITHOUT WARNING. DEALERS WILL INSTALL THE NEWLY DESIGNED BRAKE LIGHT SWITCH FREE OF CHARGE.  THE RECALL BEGAN ON APRIL 27, 2007, AND WILL BE CONDUCTED IN SEVERAL STAGGERED MAILINGS THROUGH SEPTEMBER 21, 2007.  VEHICLES WITHIN THE MAKE, MODEL, AND MODEL YEAR OF THIS POPULATION MAY BE INVOLVED IN EITHER THIS RECALL OR 06V-183, BUT NOT BOTH.  THE REMEDY IS THE SAME FOR EACH RECALL.  VOLKSWAGEN DEALERS WILL APPLY THE REMEDY BASED ON THE VIN NUMBER OF THE VEHICLE.  OWNERS MAY CONTACT VW AT 1-800-822-8987.","ON CERTAIN PASSENGER, WAGON, AND CONVERTIBLE VEHICLES EQUIPPED WITH OR WITHOUT CRUISE CONTROL, A BRAKE LIGHT SWITCH MAY MALFUNCTION IF IT WAS INSTALLED INCORRECTLY.","THE BRAKE LIGHTS COULD BECOME INOPERATIVE, OR REMAIN ON.  FAILURE TO PROVIDE THE PROPER SIGNAL WHEN BRAKING COULD LEAD TO A CRASH WITHOUT WARNING.","DEALERS WILL INSTALL THE NEWLY DESIGNED BRAKE LIGHT SWITCH FREE OF CHARGE.  THE RECALL BEGAN ON APRIL 27, 2007, AND WILL BE CONDUCTED IN SEVERAL STAGGERED MAILINGS THROUGH SEPTEMBER 21, 2007.  VEHICLES WITHIN THE MAKE, MODEL, AND MODEL YEAR OF THIS POPULATION MAY BE INVOLVED IN EITHER THIS RECALL OR 06V-183, BUT NOT BOTH.  THE REMEDY IS THE SAME FOR EACH RECALL.  VOLKSWAGEN DEALERS WILL APPLY THE REMEDY BASED ON THE VIN NUMBER OF THE VEHICLE.  OWNERS MAY CONTACT VW AT 1-800-822-8987.",20/02/2007,nhtsa_recall
04V584000,2001,VOLKSWAGEN,GOLF,EXTERIOR LIGHTING:HAZARD FLASHING WARNING LIGHTS:SWITCH,"ON CERTAIN PASSENGER VEHICLES, THE HAZARD SWITCH AND FLASHER SYSTEM FUNCTION MAY DEGRADE OVER TIME BECAUSE OF DISTORTION AND MATERIAL TRANSFER OF THE CONTACTS OF CERTAIN HAZARD SWITCH RELAYS WHICH OCCURS DUE TO SUBSTANTIALLY INCREASED ELECTRICAL CURRENT LOAD FROM HIGHER WATTAGE TURN SIGNAL BULBS. THIS MAY RESULT IN INTERMITTENT OR INOPERATIVE TURN SIGNAL AND HAZARD FLASHER FUNCTION. DEALERS WILL REPLACE THE HAZARD FLASHER SWITCH/RELAY KIT.  THE RECALL BEGAN ON MARCH 31, 2005.  OWNERS SHOULD CONTACT VOLKSWAGEN AT 1-800-822-8987.","ON CERTAIN PASSENGER VEHICLES, THE HAZARD SWITCH AND FLASHER SYSTEM FUNCTION MAY DEGRADE OVER TIME BECAUSE OF DISTORTION AND MATERIAL TRANSFER OF THE CONTACTS OF CERTAIN HAZARD SWITCH RELAYS WHICH OCCURS DUE TO SUBSTANTIALLY INCREASED ELECTRICAL CURRENT LOAD FROM HIGHER WATTAGE TURN SIGNAL BULBS.",THIS MAY RESULT IN INTERMITTENT OR INOPERATIVE TURN SIGNAL AND HAZARD FLASHER FUNCTION.,"DEALERS WILL REPLACE THE HAZARD FLASHER SWITCH/RELAY KIT.  THE RECALL BEGAN ON MARCH 31, 2005.  OWNERS SHOULD CONTACT VOLKSWAGEN AT 1-800-822-8987.",16/12/2004,nhtsa_recall
07E023000,2001,VOLKSWAGEN,GOLF,"SERVICE BRAKES, HYDRAULIC:FOUNDATION COMPONENTS:MASTER CYLINDER","CERTAIN CARDONE MASTER CYLINDERS WITH PART NUMBERS 10-2925, 10-2987, 10-2987MZA, 10-3083, 11-3015, 11-3042, 11-3044, 11-3045, 11-3047, 11-3064, AND 11-3156, AND WITH DATE CODES LOWER THAN DCA7078 SOLD AS REPLACEMENT EQUIPMENT FOR USE ON THE VEHICLES LISTED ABOVE.  THE SEAL ON MASTER CYLINDER CAN FAIL AND LEAK BRAKE FLUID. LOSS OF BRAKE FLUID CAN RESULT IN POOR BRAKING PERFORMANCE, POSSIBLY RESULTING IN A VEHICLE CRASH. CARDONE WILL NOTIFY OWNERS AND OFFER TO REPURCHASE ANY DEFECTIVE MASTER CYLINDERS.  THE RECALL BEGAN DURING APRIL 2007.  OWNERS CAN CONTACT CARDONE AT 1-800-777-4780.","CERTAIN CARDONE MASTER CYLINDERS WITH PART NUMBERS 10-2925, 10-2987, 10-2987MZA, 10-3083, 11-3015, 11-3042, 11-3044, 11-3045, 11-3047, 11-3064, AND 11-3156, AND WITH DATE CODES LOWER THAN DCA7078 SOLD AS REPLACEMENT EQUIPMENT FOR USE ON THE VEHICLES LISTED ABOVE.  THE SEAL ON MASTER CYLINDER CAN FAIL AND LEAK BRAKE FLUID.","LOSS OF BRAKE FLUID CAN RESULT IN POOR BRAKING PERFORMANCE, POSSIBLY RESULTING IN A VEHICLE CRASH.",CARDONE WILL NOTIFY OWNERS AND OFFER TO REPURCHASE ANY DEFECTIVE MASTER CYLINDERS.  THE RECALL BEGAN DURING APRIL 2007.  OWNERS CAN CONTACT CARDONE AT 1-800-777-4780.,29/03/2007,nhtsa_recall
00V280000,2001,VOLKSWAGEN,GOLF,SUSPENSION:FRONT:CONTROL ARM:UPPER ARM,"VEHICLE DESCRIPTION:  PASSENGER VEHICLES.  ONE OF TWO BRACKETS USED TO BOLT THE FRONT SUSPENSION CONTROL ARM IN FRONT OF THE VEHICLE TO THE BODY STRUCTURE MAY NOT HAVE BEEN WELDED SUFFICIENTLY. THE CONTROL ARM COULD GRADUALLY LOOSEN AND ULTIMATELY SEPARATE FROM ITS BRACKET IN NORMAL DRIVING WHICH COULD CAUSE THE VEHICLE TO BE DIFFICULT TO CONTROL OR RESULT IN LOSS OF CONTROL.  AS THE BRACKET LOOSENS, LOUD METALLIC KNOCKING SOUNDS IN FROM THE VEHICLE WILL BE HEARD. DEALERS WILL INSPECT THE BRACKET AND IF THE WELDING IS INSUFFICIENT, WILL REPLACE THE CONTROL ARM.",VEHICLE DESCRIPTION:  PASSENGER VEHICLES.  ONE OF TWO BRACKETS USED TO BOLT THE FRONT SUSPENSION CONTROL ARM IN FRONT OF THE VEHICLE TO THE BODY STRUCTURE MAY NOT HAVE BEEN WELDED SUFFICIENTLY.,"THE CONTROL ARM COULD GRADUALLY LOOSEN AND ULTIMATELY SEPARATE FROM ITS BRACKET IN NORMAL DRIVING WHICH COULD CAUSE THE VEHICLE TO BE DIFFICULT TO CONTROL OR RESULT IN LOSS OF CONTROL.  AS THE BRACKET LOOSENS, LOUD METALLIC KNOCKING SOUNDS IN FROM THE VEHICLE WILL BE HEARD.","DEALERS WILL INSPECT THE BRACKET AND IF THE WELDING IS INSUFFICIENT, WILL REPLACE THE CONTROL ARM.",20/09/2000,nhtsa_recall
02V244000,2001,VOLKSWAGEN,GOLF,EQUIPMENT:OTHER:OWNERS/SERVICE/OTHER MANUAL,"CERTAIN PASSENGER VEHICLES FAIL TO COMPLY WITH REQUIREMENTS OF FEDERAL MOTOR VEHICLE SAFETY STANDARD NO. 225, ""CHILD RESTRAINT ANCHORAGE SYSTEMS.""  CHILD SEAT ANCHORAGES INSTALLED IN THE VEHICLE'S REAR SEATS MUST BE IDENTIFIED BY MARKINGS, AND THEIR LOCATION AND USE BE DESCRIBED IN THE OWNER'S MANUAL. THESE VEHICLES WERE NOT MARKED OR DESCRIBED AS REQUIRED BY THE STANDARD. OWNERS WILL BE PROVIDED WITH A SUPPLEMENT FOR THE OWNER'S MANUAL AND ALSO ONE SET OF FOUR GUIDANCE FIXTURES INTENDED TO USE IN CONJUNCTION WITH CHILD SEATS EQUIPPED WITH RIGID OR SEMI-RIGID LOWER ANCHORAGE ATTACHMENTS.  ALSO ENCLOSED WILL BE FOUR DECALS TOGETHER WITH INSTALLATION INSTRUCTIONS AND A TEMPLATE FOR ATTACHING THE DECALS TO THE LOWER SEAT BACKS.  OWNER NOTIFICATION IS EXPECTED TO BEGIN SEPTEMBER 15, 2002.   OWNERS SHOULD CONTACT VWOA AT 1-800-822-8987.","CERTAIN PASSENGER VEHICLES FAIL TO COMPLY WITH REQUIREMENTS OF FEDERAL MOTOR VEHICLE SAFETY STANDARD NO. 225, ""CHILD RESTRAINT ANCHORAGE SYSTEMS.""  CHILD SEAT ANCHORAGES INSTALLED IN THE VEHICLE'S REAR SEATS MUST BE IDENTIFIED BY MARKINGS, AND THEIR LOCATION AND USE BE DESCRIBED IN THE OWNER'S MANUAL.",THESE VEHICLES WERE NOT MARKED OR DESCRIBED AS REQUIRED BY THE STANDARD.,"OWNERS WILL BE PROVIDED WITH A SUPPLEMENT FOR THE OWNER'S MANUAL AND ALSO ONE SET OF FOUR GUIDANCE FIXTURES INTENDED TO USE IN CONJUNCTION WITH CHILD SEATS EQUIPPED WITH RIGID OR SEMI-RIGID LOWER ANCHORAGE ATTACHMENTS.  ALSO ENCLOSED WILL BE FOUR DECALS TOGETHER WITH INSTALLATION INSTRUCTIONS AND A TEMPLATE FOR ATTACHING THE DECALS TO THE LOWER SEAT BACKS.  OWNER NOTIFICATION IS EXPECTED TO BEGIN SEPTEMBER 15, 2002.   OWNERS SHOULD CONTACT VWOA AT 1-800-822-8987.",12/09/2002,nhtsa_recall
02V031000,2001,VOLKSWAGEN,GOLF,"SERVICE BRAKES, HYDRAULIC:ANTILOCK/TRACTION CONTROL/ELECTRONIC LIMITED SLIP","ON SOME PASSENGER VEHICLES, SHORT CIRCUITS CAN OCCUR WITHIN  THE ELECTRONIC CONTROL UNIT OF THE ANTI-LOCK BRAKING SYSTEM (ABS). THIS CAN RESULT IN A FIRE. DEALERS WILL REPLACE THE ABS CONTROL UNIT.   OWNER NOTIFICATION BEGAN MARCH 8, 2002.  OWNERS WHO TAKE THEIR VEHICLES TO AN AUTHORIZED DEALER ON AN AGREED UPON SERVICE DATE AND DO NOT RECEIVE THE FREE REMEDY WITHIN A REASONABLE TIME SHOULD CONTACT VOLKSWAGEN AT 1-800-822-8987.","ON SOME PASSENGER VEHICLES, SHORT CIRCUITS CAN OCCUR WITHIN  THE ELECTRONIC CONTROL UNIT OF THE ANTI-LOCK BRAKING SYSTEM (ABS).",THIS CAN RESULT IN A FIRE.,"DEALERS WILL REPLACE THE ABS CONTROL UNIT.   OWNER NOTIFICATION BEGAN MARCH 8, 2002.  OWNERS WHO TAKE THEIR VEHICLES TO AN AUTHORIZED DEALER ON AN AGREED UPON SERVICE DATE AND DO NOT RECEIVE THE FREE REMEDY WITHIN A REASONABLE TIME SHOULD CONTACT VOLKSWAGEN AT 1-800-822-8987.",31/01/2002,nhtsa_recall
14E007000,2002,VOLKSWAGEN,GOLF,ENGINE AND ENGINE COOLING:ENGINE,"The Gates Corporation (Gates) is recalling certain aftermarket Tru-Flow Water Pumps, part number TFW 41127, sold at certain NAPA Auto Parts and/or installed by automotive service technicians after November 1, 2013 (and manufactured August 2013 through October 2013) that have a black-colored pulley/sprocket or do not have 'US9377' stamped on the water pump housing.  These service replacement parts were sold for use in model year 1999-2005 Audi A4, 2000-2006 Audi TT, 1998-2005 Volkswagen Beetle, 1999-2006 Golf, 1999-2008 and 2011-2013 Volkswagen Jetta, and 2000-2005 Volkswagen Passat.  In the affected water pumps, the pulley or sprocket that turns the timing belt may develop microfractures causing the timing belt to fail. A failure of the timing belt may cause the engine to shut down, potentially increasing the risk of a vehicle crash. Gates will notify owners, and dealers will replace the water pump, free of charge.  The recall began during May 2014.  Owners may contact The Gates Corporation at 1-303-744-1911.","The Gates Corporation (Gates) is recalling certain aftermarket Tru-Flow Water Pumps, part number TFW 41127, sold at certain NAPA Auto Parts and/or installed by automotive service technicians after November 1, 2013 (and manufactured August 2013 through October 2013) that have a black-colored pulley/sprocket or do not have 'US9377' stamped on the water pump housing.  These service replacement parts were sold for use in model year 1999-2005 Audi A4, 2000-2006 Audi TT, 1998-2005 Volkswagen Beetle, 1999-2006 Golf, 1999-2008 and 2011-2013 Volkswagen Jetta, and 2000-2005 Volkswagen Passat.  In the affected water pumps, the pulley or sprocket that turns the timing belt may develop microfractures causing the timing belt to fail.","A failure of the timing belt may cause the engine to shut down, potentially increasing the risk of a vehicle crash.","Gates will notify owners, and dealers will replace the water pump, free of charge.  The recall began during May 2014.  Owners may contact The Gates Corporation at 1-303-744-1911.",07/03/2014,nhtsa_recall
09E012000,2002,VOLKSWAGEN,GOLF,EXTERIOR LIGHTING,"SABERSPORT IS RECALLING 16,270 COMBINATION CORNER AND BUMPER LAMP ASSEMBLIES OF VARIOUS PART NUMBERS SOLD FOR USE AS AFTERMARKET EQUIPMENT FOR VARIOUS PASSENGER VEHICLES.  THESE HEADLAMPS FAIL TO CONFORM TO THE REQUIREMENTS OF FEDERAL MOTOR VEHICLE SAFETY STANDARD NO. 108, ""LAMPS, REFLECTIVE DEVICES, AND ASSOCIATED EQUIPMENT.""  THESE LAMPS DO NOT CONTAIN THE REQUIRED AMBER SIDE REFLECTORS. DECREASED LIGHTING VISIBILITY MAY RESULT IN A VEHICLE CRASH. SABERSPORT WILL NOTIFY OWNERS AND OFFER A FULL REFUND FOR THE NONCOMPLIANT COMBINATION LAMPS.  THE SAFETY RECALL BEGAN ON MAY 11, 2009.  OWNERS MAY CONTACT SABERSPORT AT 1-909-598-7589.","SABERSPORT IS RECALLING 16,270 COMBINATION CORNER AND BUMPER LAMP ASSEMBLIES OF VARIOUS PART NUMBERS SOLD FOR USE AS AFTERMARKET EQUIPMENT FOR VARIOUS PASSENGER VEHICLES.  THESE HEADLAMPS FAIL TO CONFORM TO THE REQUIREMENTS OF FEDERAL MOTOR VEHICLE SAFETY STANDARD NO. 108, ""LAMPS, REFLECTIVE DEVICES, AND ASSOCIATED EQUIPMENT.""  THESE LAMPS DO NOT CONTAIN THE REQUIRED AMBER SIDE REFLECTORS.",DECREASED LIGHTING VISIBILITY MAY RESULT IN A VEHICLE CRASH.,"SABERSPORT WILL NOTIFY OWNERS AND OFFER A FULL REFUND FOR THE NONCOMPLIANT COMBINATION LAMPS.  THE SAFETY RECALL BEGAN ON MAY 11, 2009.  OWNERS MAY CONTACT SABERSPORT AT 1-909-598-7589.",07/04/2009,nhtsa_recall
09E025000,2002,VOLKSWAGEN,GOLF,EXTERIOR LIGHTING:HEADLIGHTS,"DOPE, INC. IS RECALLING 42,540 COMBINATION CORNER AND BUMPER LAMP ASSEMBLIES OF VARIOUS PART NUMBERS SOLD FOR USE AS AFTERMARKET EQUIPMENT FOR VARIOUS PASSENGER VEHICLES.  THESE HEADLAMPS FAIL TO CONFORM TO THE REQUIREMENTS OF FEDERAL MOTOR VEHICLE SAFETY STANDARD NO. 108, ""LAMPS, REFLECTIVE DEVICES, AND ASSOCIATED EQUIPMENT.""  THESE LAMPS DO NOT CONTAIN THE REQUIRED AMBER SIDE REFLECTORS. DECREASED LIGHTING VISIBILITY MAY RESULT IN A VEHICLE CRASH. DOPE, INC. WILL NOTIFY OWNERS AND OFFER A FULL REFUND FOR THE NONCOMPLIANT COMBINATION LAMPS.  THE SAFETY RECALL BEGAN ON JULY 28, 2009.  OWNERS MAY CONTACT DOPE, INC. AT 1-626-272-1798.","DOPE, INC. IS RECALLING 42,540 COMBINATION CORNER AND BUMPER LAMP ASSEMBLIES OF VARIOUS PART NUMBERS SOLD FOR USE AS AFTERMARKET EQUIPMENT FOR VARIOUS PASSENGER VEHICLES.  THESE HEADLAMPS FAIL TO CONFORM TO THE REQUIREMENTS OF FEDERAL MOTOR VEHICLE SAFETY STANDARD NO. 108, ""LAMPS, REFLECTIVE DEVICES, AND ASSOCIATED EQUIPMENT.""  THESE LAMPS DO NOT CONTAIN THE REQUIRED AMBER SIDE REFLECTORS.",DECREASED LIGHTING VISIBILITY MAY RESULT IN A VEHICLE CRASH.,"DOPE, INC. WILL NOTIFY OWNERS AND OFFER A FULL REFUND FOR THE NONCOMPLIANT COMBINATION LAMPS.  THE SAFETY RECALL BEGAN ON JULY 28, 2009.  OWNERS MAY CONTACT DOPE, INC. AT 1-626-272-1798.",11/05/2009,nhtsa_recall
07V063000,2002,VOLKSWAGEN,GOLF,EXTERIOR LIGHTING:BRAKE LIGHTS:SWITCH,"ON CERTAIN PASSENGER, WAGON, AND CONVERTIBLE VEHICLES EQUIPPED WITH OR WITHOUT CRUISE CONTROL, A BRAKE LIGHT SWITCH MAY MALFUNCTION IF IT WAS INSTALLED INCORRECTLY. THE BRAKE LIGHTS COULD BECOME INOPERATIVE, OR REMAIN ON.  FAILURE TO PROVIDE THE PROPER SIGNAL WHEN BRAKING COULD LEAD TO A CRASH WITHOUT WARNING. DEALERS WILL INSTALL THE NEWLY DESIGNED BRAKE LIGHT SWITCH FREE OF CHARGE.  THE RECALL BEGAN ON APRIL 27, 2007, AND WILL BE CONDUCTED IN SEVERAL STAGGERED MAILINGS THROUGH SEPTEMBER 21, 2007.  VEHICLES WITHIN THE MAKE, MODEL, AND MODEL YEAR OF THIS POPULATION MAY BE INVOLVED IN EITHER THIS RECALL OR 06V-183, BUT NOT BOTH.  THE REMEDY IS THE SAME FOR EACH RECALL.  VOLKSWAGEN DEALERS WILL APPLY THE REMEDY BASED ON THE VIN NUMBER OF THE VEHICLE.  OWNERS MAY CONTACT VW AT 1-800-822-8987.","ON CERTAIN PASSENGER, WAGON, AND CONVERTIBLE VEHICLES EQUIPPED WITH OR WITHOUT CRUISE CONTROL, A BRAKE LIGHT SWITCH MAY MALFUNCTION IF IT WAS INSTALLED INCORRECTLY.","THE BRAKE LIGHTS COULD BECOME INOPERATIVE, OR REMAIN ON.  FAILURE TO PROVIDE THE PROPER SIGNAL WHEN BRAKING COULD LEAD TO A CRASH WITHOUT WARNING.","DEALERS WILL INSTALL THE NEWLY DESIGNED BRAKE LIGHT SWITCH FREE OF CHARGE.  THE RECALL BEGAN ON APRIL 27, 2007, AND WILL BE CONDUCTED IN SEVERAL STAGGERED MAILINGS THROUGH SEPTEMBER 21, 2007.  VEHICLES WITHIN THE MAKE, MODEL, AND MODEL YEAR OF THIS POPULATION MAY BE INVOLVED IN EITHER THIS RECALL OR 06V-183, BUT NOT BOTH.  THE REMEDY IS THE SAME FOR EACH RECALL.  VOLKSWAGEN DEALERS WILL APPLY THE REMEDY BASED ON THE VIN NUMBER OF THE VEHICLE.  OWNERS MAY CONTACT VW AT 1-800-822-8987.",20/02/2007,nhtsa_recall
04V584000,2002,VOLKSWAGEN,GOLF,EXTERIOR LIGHTING:HAZARD FLASHING WARNING LIGHTS:SWITCH,"ON CERTAIN PASSENGER VEHICLES, THE HAZARD SWITCH AND FLASHER SYSTEM FUNCTION MAY DEGRADE OVER TIME BECAUSE OF DISTORTION AND MATERIAL TRANSFER OF THE CONTACTS OF CERTAIN HAZARD SWITCH RELAYS WHICH OCCURS DUE TO SUBSTANTIALLY INCREASED ELECTRICAL CURRENT LOAD FROM HIGHER WATTAGE TURN SIGNAL BULBS. THIS MAY RESULT IN INTERMITTENT OR INOPERATIVE TURN SIGNAL AND HAZARD FLASHER FUNCTION. DEALERS WILL REPLACE THE HAZARD FLASHER SWITCH/RELAY KIT.  THE RECALL BEGAN ON MARCH 31, 2005.  OWNERS SHOULD CONTACT VOLKSWAGEN AT 1-800-822-8987.","ON CERTAIN PASSENGER VEHICLES, THE HAZARD SWITCH AND FLASHER SYSTEM FUNCTION MAY DEGRADE OVER TIME BECAUSE OF DISTORTION AND MATERIAL TRANSFER OF THE CONTACTS OF CERTAIN HAZARD SWITCH RELAYS WHICH OCCURS DUE TO SUBSTANTIALLY INCREASED ELECTRICAL CURRENT LOAD FROM HIGHER WATTAGE TURN SIGNAL BULBS.",THIS MAY RESULT IN INTERMITTENT OR INOPERATIVE TURN SIGNAL AND HAZARD FLASHER FUNCTION.,"DEALERS WILL REPLACE THE HAZARD FLASHER SWITCH/RELAY KIT.  THE RECALL BEGAN ON MARCH 31, 2005.  OWNERS SHOULD CONTACT VOLKSWAGEN AT 1-800-822-8987.",16/12/2004,nhtsa_recall
07E023000,2002,VOLKSWAGEN,GOLF,"SERVICE BRAKES, HYDRAULIC:FOUNDATION COMPONENTS:MASTER CYLINDER","CERTAIN CARDONE MASTER CYLINDERS WITH PART NUMBERS 10-2925, 10-2987, 10-2987MZA, 10-3083, 11-3015, 11-3042, 11-3044, 11-3045, 11-3047, 11-3064, AND 11-3156, AND WITH DATE CODES LOWER THAN DCA7078 SOLD AS REPLACEMENT EQUIPMENT FOR USE ON THE VEHICLES LISTED ABOVE.  THE SEAL ON MASTER CYLINDER CAN FAIL AND LEAK BRAKE FLUID. LOSS OF BRAKE FLUID CAN RESULT IN POOR BRAKING PERFORMANCE, POSSIBLY RESULTING IN A VEHICLE CRASH. CARDONE WILL NOTIFY OWNERS AND OFFER TO REPURCHASE ANY DEFECTIVE MASTER CYLINDERS.  THE RECALL BEGAN DURING APRIL 2007.  OWNERS CAN CONTACT CARDONE AT 1-800-777-4780.","CERTAIN CARDONE MASTER CYLINDERS WITH PART NUMBERS 10-2925, 10-2987, 10-2987MZA, 10-3083, 11-3015, 11-3042, 11-3044, 11-3045, 11-3047, 11-3064, AND 11-3156, AND WITH DATE CODES LOWER THAN DCA7078 SOLD AS REPLACEMENT EQUIPMENT FOR USE ON THE VEHICLES LISTED ABOVE.  THE SEAL ON MASTER CYLINDER CAN FAIL AND LEAK BRAKE FLUID.","LOSS OF BRAKE FLUID CAN RESULT IN POOR BRAKING PERFORMANCE, POSSIBLY RESULTING IN A VEHICLE CRASH.",CARDONE WILL NOTIFY OWNERS AND OFFER TO REPURCHASE ANY DEFECTIVE MASTER CYLINDERS.  THE RECALL BEGAN DURING APRIL 2007.  OWNERS CAN CONTACT CARDONE AT 1-800-777-4780.,29/03/2007,nhtsa_recall
02V031000,2002,VOLKSWAGEN,GOLF,"SERVICE BRAKES, HYDRAULIC:ANTILOCK/TRACTION CONTROL/ELECTRONIC LIMITED SLIP","ON SOME PASSENGER VEHICLES, SHORT CIRCUITS CAN OCCUR WITHIN  THE ELECTRONIC CONTROL UNIT OF THE ANTI-LOCK BRAKING SYSTEM (ABS). THIS CAN RESULT IN A FIRE. DEALERS WILL REPLACE THE ABS CONTROL UNIT.   OWNER NOTIFICATION BEGAN MARCH 8, 2002.  OWNERS WHO TAKE THEIR VEHICLES TO AN AUTHORIZED DEALER ON AN AGREED UPON SERVICE DATE AND DO NOT RECEIVE THE FREE REMEDY WITHIN A REASONABLE TIME SHOULD CONTACT VOLKSWAGEN AT 1-800-822-8987.","ON SOME PASSENGER VEHICLES, SHORT CIRCUITS CAN OCCUR WITHIN  THE ELECTRONIC CONTROL UNIT OF THE ANTI-LOCK BRAKING SYSTEM (ABS).",THIS CAN RESULT IN A FIRE.,"DEALERS WILL REPLACE THE ABS CONTROL UNIT.   OWNER NOTIFICATION BEGAN MARCH 8, 2002.  OWNERS WHO TAKE THEIR VEHICLES TO AN AUTHORIZED DEALER ON AN AGREED UPON SERVICE DATE AND DO NOT RECEIVE THE FREE REMEDY WITHIN A REASONABLE TIME SHOULD CONTACT VOLKSWAGEN AT 1-800-822-8987.",31/01/2002,nhtsa_recall
18V406000,2003,VOLKSWAGEN,GOLF,AIR BAGS:FRONTAL:DRIVER SIDE:INFLATOR MODULE,"Volkswagen Group of America, Inc. (Volkswagen) is recalling certain 2003 Volkswagen Passat sedan, Jetta, Jetta wagon, Golf, EuroVan, EuroVan Camper Van and EuroVan Chassis vehicles.  Upon deployment of the driver's frontal air bag, excessive internal pressure may cause the inflator to explode. In the event of a crash necessitating deployment of the driver's frontal air bag, the inflator could explode with metal fragments striking the driver or other occupants resulting in serious injury or death. Volkswagen will notify owners, and dealers will replace the driver's frontal air bag inflator, free of charge.  The recall began May 2, 2019.  Owners may contact Volkswagen customer service at 1-800-893-5298.  Volkswagen's number for this recall is 69X3.","Volkswagen Group of America, Inc. (Volkswagen) is recalling certain 2003 Volkswagen Passat sedan, Jetta, Jetta wagon, Golf, EuroVan, EuroVan Camper Van and EuroVan Chassis vehicles.  Upon deployment of the driver's frontal air bag, excessive internal pressure may cause the inflator to explode.","In the event of a crash necessitating deployment of the driver's frontal air bag, the inflator could explode with metal fragments striking the driver or other occupants resulting in serious injury or death.","Volkswagen will notify owners, and dealers will replace the driver's frontal air bag inflator, free of charge.  The recall began May 2, 2019.  Owners may contact Volkswagen customer service at 1-800-893-5298.  Volkswagen's number for this recall is 69X3.",13/06/2018,nhtsa_recall
14E007000,2003,VOLKSWAGEN,GOLF,ENGINE AND ENGINE COOLING:ENGINE,"The Gates Corporation (Gates) is recalling certain aftermarket Tru-Flow Water Pumps, part number TFW 41127, sold at certain NAPA Auto Parts and/or installed by automotive service technicians after November 1, 2013 (and manufactured August 2013 through October 2013) that have a black-colored pulley/sprocket or do not have 'US9377' stamped on the water pump housing.  These service replacement parts were sold for use in model year 1999-2005 Audi A4, 2000-2006 Audi TT, 1998-2005 Volkswagen Beetle, 1999-2006 Golf, 1999-2008 and 2011-2013 Volkswagen Jetta, and 2000-2005 Volkswagen Passat.  In the affected water pumps, the pulley or sprocket that turns the timing belt may develop microfractures causing the timing belt to fail. A failure of the timing belt may cause the engine to shut down, potentially increasing the risk of a vehicle crash. Gates will notify owners, and dealers will replace the water pump, free of charge.  The recall began during May 2014.  Owners may contact The Gates Corporation at 1-303-744-1911.","The Gates Corporation (Gates) is recalling certain aftermarket Tru-Flow Water Pumps, part number TFW 41127, sold at certain NAPA Auto Parts and/or installed by automotive service technicians after November 1, 2013 (and manufactured August 2013 through October 2013) that have a black-colored pulley/sprocket or do not have 'US9377' stamped on the water pump housing.  These service replacement parts were sold for use in model year 1999-2005 Audi A4, 2000-2006 Audi TT, 1998-2005 Volkswagen Beetle, 1999-2006 Golf, 1999-2008 and 2011-2013 Volkswagen Jetta, and 2000-2005 Volkswagen Passat.  In the affected water pumps, the pulley or sprocket that turns the timing belt may develop microfractures causing the timing belt to fail.","A failure of the timing belt may cause the engine to shut down, potentially increasing the risk of a vehicle crash.","Gates will notify owners, and dealers will replace the water pump, free of charge.  The recall began during May 2014.  Owners may contact The Gates Corporation at 1-303-744-1911.",07/03/2014,nhtsa_recall
09E012000,2003,VOLKSWAGEN,GOLF,EXTERIOR LIGHTING,"SABERSPORT IS RECALLING 16,270 COMBINATION CORNER AND BUMPER LAMP ASSEMBLIES OF VARIOUS PART NUMBERS SOLD FOR USE AS AFTERMARKET EQUIPMENT FOR VARIOUS PASSENGER VEHICLES.  THESE HEADLAMPS FAIL TO CONFORM TO THE REQUIREMENTS OF FEDERAL MOTOR VEHICLE SAFETY STANDARD NO. 108, ""LAMPS, REFLECTIVE DEVICES, AND ASSOCIATED EQUIPMENT.""  THESE LAMPS DO NOT CONTAIN THE REQUIRED AMBER SIDE REFLECTORS. DECREASED LIGHTING VISIBILITY MAY RESULT IN A VEHICLE CRASH. SABERSPORT WILL NOTIFY OWNERS AND OFFER A FULL REFUND FOR THE NONCOMPLIANT COMBINATION LAMPS.  THE SAFETY RECALL BEGAN ON MAY 11, 2009.  OWNERS MAY CONTACT SABERSPORT AT 1-909-598-7589.","SABERSPORT IS RECALLING 16,270 COMBINATION CORNER AND BUMPER LAMP ASSEMBLIES OF VARIOUS PART NUMBERS SOLD FOR USE AS AFTERMARKET EQUIPMENT FOR VARIOUS PASSENGER VEHICLES.  THESE HEADLAMPS FAIL TO CONFORM TO THE REQUIREMENTS OF FEDERAL MOTOR VEHICLE SAFETY STANDARD NO. 108, ""LAMPS, REFLECTIVE DEVICES, AND ASSOCIATED EQUIPMENT.""  THESE LAMPS DO NOT CONTAIN THE REQUIRED AMBER SIDE REFLECTORS.",DECREASED LIGHTING VISIBILITY MAY RESULT IN A VEHICLE CRASH.,"SABERSPORT WILL NOTIFY OWNERS AND OFFER A FULL REFUND FOR THE NONCOMPLIANT COMBINATION LAMPS.  THE SAFETY RECALL BEGAN ON MAY 11, 2009.  OWNERS MAY CONTACT SABERSPORT AT 1-909-598-7589.",07/04/2009,nhtsa_recall
09E025000,2003,VOLKSWAGEN,GOLF,EXTERIOR LIGHTING:HEADLIGHTS,"DOPE, INC. IS RECALLING 42,540 COMBINATION CORNER AND BUMPER LAMP ASSEMBLIES OF VARIOUS PART NUMBERS SOLD FOR USE AS AFTERMARKET EQUIPMENT FOR VARIOUS PASSENGER VEHICLES.  THESE HEADLAMPS FAIL TO CONFORM TO THE REQUIREMENTS OF FEDERAL MOTOR VEHICLE SAFETY STANDARD NO. 108, ""LAMPS, REFLECTIVE DEVICES, AND ASSOCIATED EQUIPMENT.""  THESE LAMPS DO NOT CONTAIN THE REQUIRED AMBER SIDE REFLECTORS. DECREASED LIGHTING VISIBILITY MAY RESULT IN A VEHICLE CRASH. DOPE, INC. WILL NOTIFY OWNERS AND OFFER A FULL REFUND FOR THE NONCOMPLIANT COMBINATION LAMPS.  THE SAFETY RECALL BEGAN ON JULY 28, 2009.  OWNERS MAY CONTACT DOPE, INC. AT 1-626-272-1798.","DOPE, INC. IS RECALLING 42,540 COMBINATION CORNER AND BUMPER LAMP ASSEMBLIES OF VARIOUS PART NUMBERS SOLD FOR USE AS AFTERMARKET EQUIPMENT FOR VARIOUS PASSENGER VEHICLES.  THESE HEADLAMPS FAIL TO CONFORM TO THE REQUIREMENTS OF FEDERAL MOTOR VEHICLE SAFETY STANDARD NO. 108, ""LAMPS, REFLECTIVE DEVICES, AND ASSOCIATED EQUIPMENT.""  THESE LAMPS DO NOT CONTAIN THE REQUIRED AMBER SIDE REFLECTORS.",DECREASED LIGHTING VISIBILITY MAY RESULT IN A VEHICLE CRASH.,"DOPE, INC. WILL NOTIFY OWNERS AND OFFER A FULL REFUND FOR THE NONCOMPLIANT COMBINATION LAMPS.  THE SAFETY RECALL BEGAN ON JULY 28, 2009.  OWNERS MAY CONTACT DOPE, INC. AT 1-626-272-1798.",11/05/2009,nhtsa_recall
07E023000,2003,VOLKSWAGEN,GOLF,"SERVICE BRAKES, HYDRAULIC:FOUNDATION COMPONENTS:MASTER CYLINDER","CERTAIN CARDONE MASTER CYLINDERS WITH PART NUMBERS 10-2925, 10-2987, 10-2987MZA, 10-3083, 11-3015, 11-3042, 11-3044, 11-3045, 11-3047, 11-3064, AND 11-3156, AND WITH DATE CODES LOWER THAN DCA7078 SOLD AS REPLACEMENT EQUIPMENT FOR USE ON THE VEHICLES LISTED ABOVE.  THE SEAL ON MASTER CYLINDER CAN FAIL AND LEAK BRAKE FLUID. LOSS OF BRAKE FLUID CAN RESULT IN POOR BRAKING PERFORMANCE, POSSIBLY RESULTING IN A VEHICLE CRASH. CARDONE WILL NOTIFY OWNERS AND OFFER TO REPURCHASE ANY DEFECTIVE MASTER CYLINDERS.  THE RECALL BEGAN DURING APRIL 2007.  OWNERS CAN CONTACT CARDONE AT 1-800-777-4780.","CERTAIN CARDONE MASTER CYLINDERS WITH PART NUMBERS 10-2925, 10-2987, 10-2987MZA, 10-3083, 11-3015, 11-3042, 11-3044, 11-3045, 11-3047, 11-3064, AND 11-3156, AND WITH DATE CODES LOWER THAN DCA7078 SOLD AS REPLACEMENT EQUIPMENT FOR USE ON THE VEHICLES LISTED ABOVE.  THE SEAL ON MASTER CYLINDER CAN FAIL AND LEAK BRAKE FLUID.","LOSS OF BRAKE FLUID CAN RESULT IN POOR BRAKING PERFORMANCE, POSSIBLY RESULTING IN A VEHICLE CRASH.",CARDONE WILL NOTIFY OWNERS AND OFFER TO REPURCHASE ANY DEFECTIVE MASTER CYLINDERS.  THE RECALL BEGAN DURING APRIL 2007.  OWNERS CAN CONTACT CARDONE AT 1-800-777-4780.,29/03/2007,nhtsa_recall
07V063000,2003,VOLKSWAGEN,GOLF,EXTERIOR LIGHTING:BRAKE LIGHTS:SWITCH,"ON CERTAIN PASSENGER, WAGON, AND CONVERTIBLE VEHICLES EQUIPPED WITH OR WITHOUT CRUISE CONTROL, A BRAKE LIGHT SWITCH MAY MALFUNCTION IF IT WAS INSTALLED INCORRECTLY. THE BRAKE LIGHTS COULD BECOME INOPERATIVE, OR REMAIN ON.  FAILURE TO PROVIDE THE PROPER SIGNAL WHEN BRAKING COULD LEAD TO A CRASH WITHOUT WARNING. DEALERS WILL INSTALL THE NEWLY DESIGNED BRAKE LIGHT SWITCH FREE OF CHARGE.  THE RECALL BEGAN ON APRIL 27, 2007, AND WILL BE CONDUCTED IN SEVERAL STAGGERED MAILINGS THROUGH SEPTEMBER 21, 2007.  VEHICLES WITHIN THE MAKE, MODEL, AND MODEL YEAR OF THIS POPULATION MAY BE INVOLVED IN EITHER THIS RECALL OR 06V-183, BUT NOT BOTH.  THE REMEDY IS THE SAME FOR EACH RECALL.  VOLKSWAGEN DEALERS WILL APPLY THE REMEDY BASED ON THE VIN NUMBER OF THE VEHICLE.  OWNERS MAY CONTACT VW AT 1-800-822-8987.","ON CERTAIN PASSENGER, WAGON, AND CONVERTIBLE VEHICLES EQUIPPED WITH OR WITHOUT CRUISE CONTROL, A BRAKE LIGHT SWITCH MAY MALFUNCTION IF IT WAS INSTALLED INCORRECTLY.","THE BRAKE LIGHTS COULD BECOME INOPERATIVE, OR REMAIN ON.  FAILURE TO PROVIDE THE PROPER SIGNAL WHEN BRAKING COULD LEAD TO A CRASH WITHOUT WARNING.","DEALERS WILL INSTALL THE NEWLY DESIGNED BRAKE LIGHT SWITCH FREE OF CHARGE.  THE RECALL BEGAN ON APRIL 27, 2007, AND WILL BE CONDUCTED IN SEVERAL STAGGERED MAILINGS THROUGH SEPTEMBER 21, 2007.  VEHICLES WITHIN THE MAKE, MODEL, AND MODEL YEAR OF THIS POPULATION MAY BE INVOLVED IN EITHER THIS RECALL OR 06V-183, BUT NOT BOTH.  THE REMEDY IS THE SAME FOR EACH RECALL.  VOLKSWAGEN DEALERS WILL APPLY THE REMEDY BASED ON THE VIN NUMBER OF THE VEHICLE.  OWNERS MAY CONTACT VW AT 1-800-822-8987.",20/02/2007,nhtsa_recall
14E007000,2004,VOLKSWAGEN,GOLF,ENGINE AND ENGINE COOLING:ENGINE,"The Gates Corporation (Gates) is recalling certain aftermarket Tru-Flow Water Pumps, part number TFW 41127, sold at certain NAPA Auto Parts and/or installed by automotive service technicians after November 1, 2013 (and manufactured August 2013 through October 2013) that have a black-colored pulley/sprocket or do not have 'US9377' stamped on the water pump housing.  These service replacement parts were sold for use in model year 1999-2005 Audi A4, 2000-2006 Audi TT, 1998-2005 Volkswagen Beetle, 1999-2006 Golf, 1999-2008 and 2011-2013 Volkswagen Jetta, and 2000-2005 Volkswagen Passat.  In the affected water pumps, the pulley or sprocket that turns the timing belt may develop microfractures causing the timing belt to fail. A failure of the timing belt may cause the engine to shut down, potentially increasing the risk of a vehicle crash. Gates will notify owners, and dealers will replace the water pump, free of charge.  The recall began during May 2014.  Owners may contact The Gates Corporation at 1-303-744-1911.","The Gates Corporation (Gates) is recalling certain aftermarket Tru-Flow Water Pumps, part number TFW 41127, sold at certain NAPA Auto Parts and/or installed by automotive service technicians after November 1, 2013 (and manufactured August 2013 through October 2013) that have a black-colored pulley/sprocket or do not have 'US9377' stamped on the water pump housing.  These service replacement parts were sold for use in model year 1999-2005 Audi A4, 2000-2006 Audi TT, 1998-2005 Volkswagen Beetle, 1999-2006 Golf, 1999-2008 and 2011-2013 Volkswagen Jetta, and 2000-2005 Volkswagen Passat.  In the affected water pumps, the pulley or sprocket that turns the timing belt may develop microfractures causing the timing belt to fail.","A failure of the timing belt may cause the engine to shut down, potentially increasing the risk of a vehicle crash.","Gates will notify owners, and dealers will replace the water pump, free of charge.  The recall began during May 2014.  Owners may contact The Gates Corporation at 1-303-744-1911.",07/03/2014,nhtsa_recall
09E012000,2004,VOLKSWAGEN,GOLF,EXTERIOR LIGHTING,"SABERSPORT IS RECALLING 16,270 COMBINATION CORNER AND BUMPER LAMP ASSEMBLIES OF VARIOUS PART NUMBERS SOLD FOR USE AS AFTERMARKET EQUIPMENT FOR VARIOUS PASSENGER VEHICLES.  THESE HEADLAMPS FAIL TO CONFORM TO THE REQUIREMENTS OF FEDERAL MOTOR VEHICLE SAFETY STANDARD NO. 108, ""LAMPS, REFLECTIVE DEVICES, AND ASSOCIATED EQUIPMENT.""  THESE LAMPS DO NOT CONTAIN THE REQUIRED AMBER SIDE REFLECTORS. DECREASED LIGHTING VISIBILITY MAY RESULT IN A VEHICLE CRASH. SABERSPORT WILL NOTIFY OWNERS AND OFFER A FULL REFUND FOR THE NONCOMPLIANT COMBINATION LAMPS.  THE SAFETY RECALL BEGAN ON MAY 11, 2009.  OWNERS MAY CONTACT SABERSPORT AT 1-909-598-7589.","SABERSPORT IS RECALLING 16,270 COMBINATION CORNER AND BUMPER LAMP ASSEMBLIES OF VARIOUS PART NUMBERS SOLD FOR USE AS AFTERMARKET EQUIPMENT FOR VARIOUS PASSENGER VEHICLES.  THESE HEADLAMPS FAIL TO CONFORM TO THE REQUIREMENTS OF FEDERAL MOTOR VEHICLE SAFETY STANDARD NO. 108, ""LAMPS, REFLECTIVE DEVICES, AND ASSOCIATED EQUIPMENT.""  THESE LAMPS DO NOT CONTAIN THE REQUIRED AMBER SIDE REFLECTORS.",DECREASED LIGHTING VISIBILITY MAY RESULT IN A VEHICLE CRASH.,"SABERSPORT WILL NOTIFY OWNERS AND OFFER A FULL REFUND FOR THE NONCOMPLIANT COMBINATION LAMPS.  THE SAFETY RECALL BEGAN ON MAY 11, 2009.  OWNERS MAY CONTACT SABERSPORT AT 1-909-598-7589.",07/04/2009,nhtsa_recall
09E025000,2004,VOLKSWAGEN,GOLF,EXTERIOR LIGHTING:HEADLIGHTS,"DOPE, INC. IS RECALLING 42,540 COMBINATION CORNER AND BUMPER LAMP ASSEMBLIES OF VARIOUS PART NUMBERS SOLD FOR USE AS AFTERMARKET EQUIPMENT FOR VARIOUS PASSENGER VEHICLES.  THESE HEADLAMPS FAIL TO CONFORM TO THE REQUIREMENTS OF FEDERAL MOTOR VEHICLE SAFETY STANDARD NO. 108, ""LAMPS, REFLECTIVE DEVICES, AND ASSOCIATED EQUIPMENT.""  THESE LAMPS DO NOT CONTAIN THE REQUIRED AMBER SIDE REFLECTORS. DECREASED LIGHTING VISIBILITY MAY RESULT IN A VEHICLE CRASH. DOPE, INC. WILL NOTIFY OWNERS AND OFFER A FULL REFUND FOR THE NONCOMPLIANT COMBINATION LAMPS.  THE SAFETY RECALL BEGAN ON JULY 28, 2009.  OWNERS MAY CONTACT DOPE, INC. AT 1-626-272-1798.","DOPE, INC. IS RECALLING 42,540 COMBINATION CORNER AND BUMPER LAMP ASSEMBLIES OF VARIOUS PART NUMBERS SOLD FOR USE AS AFTERMARKET EQUIPMENT FOR VARIOUS PASSENGER VEHICLES.  THESE HEADLAMPS FAIL TO CONFORM TO THE REQUIREMENTS OF FEDERAL MOTOR VEHICLE SAFETY STANDARD NO. 108, ""LAMPS, REFLECTIVE DEVICES, AND ASSOCIATED EQUIPMENT.""  THESE LAMPS DO NOT CONTAIN THE REQUIRED AMBER SIDE REFLECTORS.",DECREASED LIGHTING VISIBILITY MAY RESULT IN A VEHICLE CRASH.,"DOPE, INC. WILL NOTIFY OWNERS AND OFFER A FULL REFUND FOR THE NONCOMPLIANT COMBINATION LAMPS.  THE SAFETY RECALL BEGAN ON JULY 28, 2009.  OWNERS MAY CONTACT DOPE, INC. AT 1-626-272-1798.",11/05/2009,nhtsa_recall
04V586000,2004,VOLKSWAGEN,GOLF,"FUEL SYSTEM, DIESEL","ON CERTAIN PASSENGER VEHICLES, THE HIGH PRESSURE DIESEL PUMPS WERE PRODUCED WITH AN IMPROPER FASTENER, WHICH COULD ALLOW DIESEL FUEL TO ESCAPE FROM THE PUMP. FUEL LEAKAGE IN THE PRESENCE OF AN IGNITION SOURCE MAY LEAD TO A FIRE. DEALERS WILL REPLACE THE DIESEL PUMP.  THE RECALL BEGAN ON FEBRUARY 8, 2005.  OWNERS SHOULD CONTACT VOLKSWAGEN AT 1-800-822-8987.","ON CERTAIN PASSENGER VEHICLES, THE HIGH PRESSURE DIESEL PUMPS WERE PRODUCED WITH AN IMPROPER FASTENER, WHICH COULD ALLOW DIESEL FUEL TO ESCAPE FROM THE PUMP.",FUEL LEAKAGE IN THE PRESENCE OF AN IGNITION SOURCE MAY LEAD TO A FIRE.,"DEALERS WILL REPLACE THE DIESEL PUMP.  THE RECALL BEGAN ON FEBRUARY 8, 2005.  OWNERS SHOULD CONTACT VOLKSWAGEN AT 1-800-822-8987.",15/12/2004,nhtsa_recall
07E023000,2004,VOLKSWAGEN,GOLF,"SERVICE BRAKES, HYDRAULIC:FOUNDATION COMPONENTS:MASTER CYLINDER","CERTAIN CARDONE MASTER CYLINDERS WITH PART NUMBERS 10-2925, 10-2987, 10-2987MZA, 10-3083, 11-3015, 11-3042, 11-3044, 11-3045, 11-3047, 11-3064, AND 11-3156, AND WITH DATE CODES LOWER THAN DCA7078 SOLD AS REPLACEMENT EQUIPMENT FOR USE ON THE VEHICLES LISTED ABOVE.  THE SEAL ON MASTER CYLINDER CAN FAIL AND LEAK BRAKE FLUID. LOSS OF BRAKE FLUID CAN RESULT IN POOR BRAKING PERFORMANCE, POSSIBLY RESULTING IN A VEHICLE CRASH. CARDONE WILL NOTIFY OWNERS AND OFFER TO REPURCHASE ANY DEFECTIVE MASTER CYLINDERS.  THE RECALL BEGAN DURING APRIL 2007.  OWNERS CAN CONTACT CARDONE AT 1-800-777-4780.","CERTAIN CARDONE MASTER CYLINDERS WITH PART NUMBERS 10-2925, 10-2987, 10-2987MZA, 10-3083, 11-3015, 11-3042, 11-3044, 11-3045, 11-3047, 11-3064, AND 11-3156, AND WITH DATE CODES LOWER THAN DCA7078 SOLD AS REPLACEMENT EQUIPMENT FOR USE ON THE VEHICLES LISTED ABOVE.  THE SEAL ON MASTER CYLINDER CAN FAIL AND LEAK BRAKE FLUID.","LOSS OF BRAKE FLUID CAN RESULT IN POOR BRAKING PERFORMANCE, POSSIBLY RESULTING IN A VEHICLE CRASH.",CARDONE WILL NOTIFY OWNERS AND OFFER TO REPURCHASE ANY DEFECTIVE MASTER CYLINDERS.  THE RECALL BEGAN DURING APRIL 2007.  OWNERS CAN CONTACT CARDONE AT 1-800-777-4780.,29/03/2007,nhtsa_recall
07V063000,2004,VOLKSWAGEN,GOLF,EXTERIOR LIGHTING:BRAKE LIGHTS:SWITCH,"ON CERTAIN PASSENGER, WAGON, AND CONVERTIBLE VEHICLES EQUIPPED WITH OR WITHOUT CRUISE CONTROL, A BRAKE LIGHT SWITCH MAY MALFUNCTION IF IT WAS INSTALLED INCORRECTLY. THE BRAKE LIGHTS COULD BECOME INOPERATIVE, OR REMAIN ON.  FAILURE TO PROVIDE THE PROPER SIGNAL WHEN BRAKING COULD LEAD TO A CRASH WITHOUT WARNING. DEALERS WILL INSTALL THE NEWLY DESIGNED BRAKE LIGHT SWITCH FREE OF CHARGE.  THE RECALL BEGAN ON APRIL 27, 2007, AND WILL BE CONDUCTED IN SEVERAL STAGGERED MAILINGS THROUGH SEPTEMBER 21, 2007.  VEHICLES WITHIN THE MAKE, MODEL, AND MODEL YEAR OF THIS POPULATION MAY BE INVOLVED IN EITHER THIS RECALL OR 06V-183, BUT NOT BOTH.  THE REMEDY IS THE SAME FOR EACH RECALL.  VOLKSWAGEN DEALERS WILL APPLY THE REMEDY BASED ON THE VIN NUMBER OF THE VEHICLE.  OWNERS MAY CONTACT VW AT 1-800-822-8987.","ON CERTAIN PASSENGER, WAGON, AND CONVERTIBLE VEHICLES EQUIPPED WITH OR WITHOUT CRUISE CONTROL, A BRAKE LIGHT SWITCH MAY MALFUNCTION IF IT WAS INSTALLED INCORRECTLY.","THE BRAKE LIGHTS COULD BECOME INOPERATIVE, OR REMAIN ON.  FAILURE TO PROVIDE THE PROPER SIGNAL WHEN BRAKING COULD LEAD TO A CRASH WITHOUT WARNING.","DEALERS WILL INSTALL THE NEWLY DESIGNED BRAKE LIGHT SWITCH FREE OF CHARGE.  THE RECALL BEGAN ON APRIL 27, 2007, AND WILL BE CONDUCTED IN SEVERAL STAGGERED MAILINGS THROUGH SEPTEMBER 21, 2007.  VEHICLES WITHIN THE MAKE, MODEL, AND MODEL YEAR OF THIS POPULATION MAY BE INVOLVED IN EITHER THIS RECALL OR 06V-183, BUT NOT BOTH.  THE REMEDY IS THE SAME FOR EACH RECALL.  VOLKSWAGEN DEALERS WILL APPLY THE REMEDY BASED ON THE VIN NUMBER OF THE VEHICLE.  OWNERS MAY CONTACT VW AT 1-800-822-8987.",20/02/2007,nhtsa_recall
14E007000,2005,VOLKSWAGEN,GOLF,ENGINE AND ENGINE COOLING:ENGINE,"The Gates Corporation (Gates) is recalling certain aftermarket Tru-Flow Water Pumps, part number TFW 41127, sold at certain NAPA Auto Parts and/or installed by automotive service technicians after November 1, 2013 (and manufactured August 2013 through October 2013) that have a black-colored pulley/sprocket or do not have 'US9377' stamped on the water pump housing.  These service replacement parts were sold for use in model year 1999-2005 Audi A4, 2000-2006 Audi TT, 1998-2005 Volkswagen Beetle, 1999-2006 Golf, 1999-2008 and 2011-2013 Volkswagen Jetta, and 2000-2005 Volkswagen Passat.  In the affected water pumps, the pulley or sprocket that turns the timing belt may develop microfractures causing the timing belt to fail. A failure of the timing belt may cause the engine to shut down, potentially increasing the risk of a vehicle crash. Gates will notify owners, and dealers will replace the water pump, free of charge.  The recall began during May 2014.  Owners may contact The Gates Corporation at 1-303-744-1911.","The Gates Corporation (Gates) is recalling certain aftermarket Tru-Flow Water Pumps, part number TFW 41127, sold at certain NAPA Auto Parts and/or installed by automotive service technicians after November 1, 2013 (and manufactured August 2013 through October 2013) that have a black-colored pulley/sprocket or do not have 'US9377' stamped on the water pump housing.  These service replacement parts were sold for use in model year 1999-2005 Audi A4, 2000-2006 Audi TT, 1998-2005 Volkswagen Beetle, 1999-2006 Golf, 1999-2008 and 2011-2013 Volkswagen Jetta, and 2000-2005 Volkswagen Passat.  In the affected water pumps, the pulley or sprocket that turns the timing belt may develop microfractures causing the timing belt to fail.","A failure of the timing belt may cause the engine to shut down, potentially increasing the risk of a vehicle crash.","Gates will notify owners, and dealers will replace the water pump, free of charge.  The recall began during May 2014.  Owners may contact The Gates Corporation at 1-303-744-1911.",07/03/2014,nhtsa_recall
04V586000,2005,VOLKSWAGEN,GOLF,"FUEL SYSTEM, DIESEL","ON CERTAIN PASSENGER VEHICLES, THE HIGH PRESSURE DIESEL PUMPS WERE PRODUCED WITH AN IMPROPER FASTENER, WHICH COULD ALLOW DIESEL FUEL TO ESCAPE FROM THE PUMP. FUEL LEAKAGE IN THE PRESENCE OF AN IGNITION SOURCE MAY LEAD TO A FIRE. DEALERS WILL REPLACE THE DIESEL PUMP.  THE RECALL BEGAN ON FEBRUARY 8, 2005.  OWNERS SHOULD CONTACT VOLKSWAGEN AT 1-800-822-8987.","ON CERTAIN PASSENGER VEHICLES, THE HIGH PRESSURE DIESEL PUMPS WERE PRODUCED WITH AN IMPROPER FASTENER, WHICH COULD ALLOW DIESEL FUEL TO ESCAPE FROM THE PUMP.",FUEL LEAKAGE IN THE PRESENCE OF AN IGNITION SOURCE MAY LEAD TO A FIRE.,"DEALERS WILL REPLACE THE DIESEL PUMP.  THE RECALL BEGAN ON FEBRUARY 8, 2005.  OWNERS SHOULD CONTACT VOLKSWAGEN AT 1-800-822-8987.",15/12/2004,nhtsa_recall
07E023000,2005,VOLKSWAGEN,GOLF,"SERVICE BRAKES, HYDRAULIC:FOUNDATION COMPONENTS:MASTER CYLINDER","CERTAIN CARDONE MASTER CYLINDERS WITH PART NUMBERS 10-2925, 10-2987, 10-2987MZA, 10-3083, 11-3015, 11-3042, 11-3044, 11-3045, 11-3047, 11-3064, AND 11-3156, AND WITH DATE CODES LOWER THAN DCA7078 SOLD AS REPLACEMENT EQUIPMENT FOR USE ON THE VEHICLES LISTED ABOVE.  THE SEAL ON MASTER CYLINDER CAN FAIL AND LEAK BRAKE FLUID. LOSS OF BRAKE FLUID CAN RESULT IN POOR BRAKING PERFORMANCE, POSSIBLY RESULTING IN A VEHICLE CRASH. CARDONE WILL NOTIFY OWNERS AND OFFER TO REPURCHASE ANY DEFECTIVE MASTER CYLINDERS.  THE RECALL BEGAN DURING APRIL 2007.  OWNERS CAN CONTACT CARDONE AT 1-800-777-4780.","CERTAIN CARDONE MASTER CYLINDERS WITH PART NUMBERS 10-2925, 10-2987, 10-2987MZA, 10-3083, 11-3015, 11-3042, 11-3044, 11-3045, 11-3047, 11-3064, AND 11-3156, AND WITH DATE CODES LOWER THAN DCA7078 SOLD AS REPLACEMENT EQUIPMENT FOR USE ON THE VEHICLES LISTED ABOVE.  THE SEAL ON MASTER CYLINDER CAN FAIL AND LEAK BRAKE FLUID.","LOSS OF BRAKE FLUID CAN RESULT IN POOR BRAKING PERFORMANCE, POSSIBLY RESULTING IN A VEHICLE CRASH.",CARDONE WILL NOTIFY OWNERS AND OFFER TO REPURCHASE ANY DEFECTIVE MASTER CYLINDERS.  THE RECALL BEGAN DURING APRIL 2007.  OWNERS CAN CONTACT CARDONE AT 1-800-777-4780.,29/03/2007,nhtsa_recall
07V063000,2005,VOLKSWAGEN,GOLF,EXTERIOR LIGHTING:BRAKE LIGHTS:SWITCH,"ON CERTAIN PASSENGER, WAGON, AND CONVERTIBLE VEHICLES EQUIPPED WITH OR WITHOUT CRUISE CONTROL, A BRAKE LIGHT SWITCH MAY MALFUNCTION IF IT WAS INSTALLED INCORRECTLY. THE BRAKE LIGHTS COULD BECOME INOPERATIVE, OR REMAIN ON.  FAILURE TO PROVIDE THE PROPER SIGNAL WHEN BRAKING COULD LEAD TO A CRASH WITHOUT WARNING. DEALERS WILL INSTALL THE NEWLY DESIGNED BRAKE LIGHT SWITCH FREE OF CHARGE.  THE RECALL BEGAN ON APRIL 27, 2007, AND WILL BE CONDUCTED IN SEVERAL STAGGERED MAILINGS THROUGH SEPTEMBER 21, 2007.  VEHICLES WITHIN THE MAKE, MODEL, AND MODEL YEAR OF THIS POPULATION MAY BE INVOLVED IN EITHER THIS RECALL OR 06V-183, BUT NOT BOTH.  THE REMEDY IS THE SAME FOR EACH RECALL.  VOLKSWAGEN DEALERS WILL APPLY THE REMEDY BASED ON THE VIN NUMBER OF THE VEHICLE.  OWNERS MAY CONTACT VW AT 1-800-822-8987.","ON CERTAIN PASSENGER, WAGON, AND CONVERTIBLE VEHICLES EQUIPPED WITH OR WITHOUT CRUISE CONTROL, A BRAKE LIGHT SWITCH MAY MALFUNCTION IF IT WAS INSTALLED INCORRECTLY.","THE BRAKE LIGHTS COULD BECOME INOPERATIVE, OR REMAIN ON.  FAILURE TO PROVIDE THE PROPER SIGNAL WHEN BRAKING COULD LEAD TO A CRASH WITHOUT WARNING.","DEALERS WILL INSTALL THE NEWLY DESIGNED BRAKE LIGHT SWITCH FREE OF CHARGE.  THE RECALL BEGAN ON APRIL 27, 2007, AND WILL BE CONDUCTED IN SEVERAL STAGGERED MAILINGS THROUGH SEPTEMBER 21, 2007.  VEHICLES WITHIN THE MAKE, MODEL, AND MODEL YEAR OF THIS POPULATION MAY BE INVOLVED IN EITHER THIS RECALL OR 06V-183, BUT NOT BOTH.  THE REMEDY IS THE SAME FOR EACH RECALL.  VOLKSWAGEN DEALERS WILL APPLY THE REMEDY BASED ON THE VIN NUMBER OF THE VEHICLE.  OWNERS MAY CONTACT VW AT 1-800-822-8987.",20/02/2007,nhtsa_recall
14E007000,2006,VOLKSWAGEN,GOLF,ENGINE AND ENGINE COOLING:ENGINE,"The Gates Corporation (Gates) is recalling certain aftermarket Tru-Flow Water Pumps, part number TFW 41127, sold at certain NAPA Auto Parts and/or installed by automotive service technicians after November 1, 2013 (and manufactured August 2013 through October 2013) that have a black-colored pulley/sprocket or do not have 'US9377' stamped on the water pump housing.  These service replacement parts were sold for use in model year 1999-2005 Audi A4, 2000-2006 Audi TT, 1998-2005 Volkswagen Beetle, 1999-2006 Golf, 1999-2008 and 2011-2013 Volkswagen Jetta, and 2000-2005 Volkswagen Passat.  In the affected water pumps, the pulley or sprocket that turns the timing belt may develop microfractures causing the timing belt to fail. A failure of the timing belt may cause the engine to shut down, potentially increasing the risk of a vehicle crash. Gates will notify owners, and dealers will replace the water pump, free of charge.  The recall began during May 2014.  Owners may contact The Gates Corporation at 1-303-744-1911.","The Gates Corporation (Gates) is recalling certain aftermarket Tru-Flow Water Pumps, part number TFW 41127, sold at certain NAPA Auto Parts and/or installed by automotive service technicians after November 1, 2013 (and manufactured August 2013 through October 2013) that have a black-colored pulley/sprocket or do not have 'US9377' stamped on the water pump housing.  These service replacement parts were sold for use in model year 1999-2005 Audi A4, 2000-2006 Audi TT, 1998-2005 Volkswagen Beetle, 1999-2006 Golf, 1999-2008 and 2011-2013 Volkswagen Jetta, and 2000-2005 Volkswagen Passat.  In the affected water pumps, the pulley or sprocket that turns the timing belt may develop microfractures causing the timing belt to fail.","A failure of the timing belt may cause the engine to shut down, potentially increasing the risk of a vehicle crash.","Gates will notify owners, and dealers will replace the water pump, free of charge.  The recall began during May 2014.  Owners may contact The Gates Corporation at 1-303-744-1911.",07/03/2014,nhtsa_recall
07E023000,2006,VOLKSWAGEN,GOLF,"SERVICE BRAKES, HYDRAULIC:FOUNDATION COMPONENTS:MASTER CYLINDER","CERTAIN CARDONE MASTER CYLINDERS WITH PART NUMBERS 10-2925, 10-2987, 10-2987MZA, 10-3083, 11-3015, 11-3042, 11-3044, 11-3045, 11-3047, 11-3064, AND 11-3156, AND WITH DATE CODES LOWER THAN DCA7078 SOLD AS REPLACEMENT EQUIPMENT FOR USE ON THE VEHICLES LISTED ABOVE.  THE SEAL ON MASTER CYLINDER CAN FAIL AND LEAK BRAKE FLUID. LOSS OF BRAKE FLUID CAN RESULT IN POOR BRAKING PERFORMANCE, POSSIBLY RESULTING IN A VEHICLE CRASH. CARDONE WILL NOTIFY OWNERS AND OFFER TO REPURCHASE ANY DEFECTIVE MASTER CYLINDERS.  THE RECALL BEGAN DURING APRIL 2007.  OWNERS CAN CONTACT CARDONE AT 1-800-777-4780.","CERTAIN CARDONE MASTER CYLINDERS WITH PART NUMBERS 10-2925, 10-2987, 10-2987MZA, 10-3083, 11-3015, 11-3042, 11-3044, 11-3045, 11-3047, 11-3064, AND 11-3156, AND WITH DATE CODES LOWER THAN DCA7078 SOLD AS REPLACEMENT EQUIPMENT FOR USE ON THE VEHICLES LISTED ABOVE.  THE SEAL ON MASTER CYLINDER CAN FAIL AND LEAK BRAKE FLUID.","LOSS OF BRAKE FLUID CAN RESULT IN POOR BRAKING PERFORMANCE, POSSIBLY RESULTING IN A VEHICLE CRASH.",CARDONE WILL NOTIFY OWNERS AND OFFER TO REPURCHASE ANY DEFECTIVE MASTER CYLINDERS.  THE RECALL BEGAN DURING APRIL 2007.  OWNERS CAN CONTACT CARDONE AT 1-800-777-4780.,29/03/2007,nhtsa_recall
07V063000,2006,VOLKSWAGEN,GOLF,EXTERIOR LIGHTING:BRAKE LIGHTS:SWITCH,"ON CERTAIN PASSENGER, WAGON, AND CONVERTIBLE VEHICLES EQUIPPED WITH OR WITHOUT CRUISE CONTROL, A BRAKE LIGHT SWITCH MAY MALFUNCTION IF IT WAS INSTALLED INCORRECTLY. THE BRAKE LIGHTS COULD BECOME INOPERATIVE, OR REMAIN ON.  FAILURE TO PROVIDE THE PROPER SIGNAL WHEN BRAKING COULD LEAD TO A CRASH WITHOUT WARNING. DEALERS WILL INSTALL THE NEWLY DESIGNED BRAKE LIGHT SWITCH FREE OF CHARGE.  THE RECALL BEGAN ON APRIL 27, 2007, AND WILL BE CONDUCTED IN SEVERAL STAGGERED MAILINGS THROUGH SEPTEMBER 21, 2007.  VEHICLES WITHIN THE MAKE, MODEL, AND MODEL YEAR OF THIS POPULATION MAY BE INVOLVED IN EITHER THIS RECALL OR 06V-183, BUT NOT BOTH.  THE REMEDY IS THE SAME FOR EACH RECALL.  VOLKSWAGEN DEALERS WILL APPLY THE REMEDY BASED ON THE VIN NUMBER OF THE VEHICLE.  OWNERS MAY CONTACT VW AT 1-800-822-8987.","ON CERTAIN PASSENGER, WAGON, AND CONVERTIBLE VEHICLES EQUIPPED WITH OR WITHOUT CRUISE CONTROL, A BRAKE LIGHT SWITCH MAY MALFUNCTION IF IT WAS INSTALLED INCORRECTLY.","THE BRAKE LIGHTS COULD BECOME INOPERATIVE, OR REMAIN ON.  FAILURE TO PROVIDE THE PROPER SIGNAL WHEN BRAKING COULD LEAD TO A CRASH WITHOUT WARNING.","DEALERS WILL INSTALL THE NEWLY DESIGNED BRAKE LIGHT SWITCH FREE OF CHARGE.  THE RECALL BEGAN ON APRIL 27, 2007, AND WILL BE CONDUCTED IN SEVERAL STAGGERED MAILINGS THROUGH SEPTEMBER 21, 2007.  VEHICLES WITHIN THE MAKE, MODEL, AND MODEL YEAR OF THIS POPULATION MAY BE INVOLVED IN EITHER THIS RECALL OR 06V-183, BUT NOT BOTH.  THE REMEDY IS THE SAME FOR EACH RECALL.  VOLKSWAGEN DEALERS WILL APPLY THE REMEDY BASED ON THE VIN NUMBER OF THE VEHICLE.  OWNERS MAY CONTACT VW AT 1-800-822-8987.",20/02/2007,nhtsa_recall
16V913000,2010,VOLKSWAGEN,GOLF,"SERVICE BRAKES, HYDRAULIC:ANTILOCK/TRACTION CONTROL/ELECTRONIC LIMITED SLIP","Volkswagen Group of America, Inc. (Volkswagen) is recalling certain model year 2009-2010 Volkswagen Jetta A5 Sedan, 2009 Volkswagen Jetta SportWagen, Eos, GTI, Rabbit and Audi A3 vehicles, and 2010 Volkswagen Golf A6 vehicles.  The Antilock Brake System (ABS) control unit may fail during ABS or Electronic Stability Control (ESC) activation, possibly causing a loss of vehicle control. A loss of vehicle control can increase the risk of a crash. Volkswagen will notify owners, and dealers will update the ABS control module software to improve the module's self-testing abilities.  Any module that fails the new diagnostic test will be replaced.  These repairs will be made free of charge.  The recall began February 2017.  Owners may contact Volkswagen customer service at 1-800-893-5298.","Volkswagen Group of America, Inc. (Volkswagen) is recalling certain model year 2009-2010 Volkswagen Jetta A5 Sedan, 2009 Volkswagen Jetta SportWagen, Eos, GTI, Rabbit and Audi A3 vehicles, and 2010 Volkswagen Golf A6 vehicles.  The Antilock Brake System (ABS) control unit may fail during ABS or Electronic Stability Control (ESC) activation, possibly causing a loss of vehicle control.",A loss of vehicle control can increase the risk of a crash.,"Volkswagen will notify owners, and dealers will update the ABS control module software to improve the module's self-testing abilities.  Any module that fails the new diagnostic test will be replaced.  These repairs will be made free of charge.  The recall began February 2017.  Owners may contact Volkswagen customer service at 1-800-893-5298.",20/12/2016,nhtsa_recall
18V148000,2010,VOLKSWAGEN,GOLF,AIR BAGS:FRONTAL:DRIVER SIDE:INFLATOR MODULE,"Volkswagen Group of America, Inc. (Volkswagen) is recalling certain 2009-2014 Volkswagen CC, 2010-2014 Golf, 2010-2014 Eos, 2007-2010 Passat Sedan and Wagon, and 2012-2014 Passat vehicles.  Upon deployment of the driver's frontal air bag, excessive internal pressure may cause the inflator to explode. In the event of a crash necessitating deployment of the driver's frontal air bag, the inflator could explode with metal fragments striking the vehicle occupants potentially resulting in serious injury or death. Volkswagen will notify owners, and dealers will replace the driver's frontal air bag inflator with an alternative inflator, free of charge.  The recall began March 16, 2018.  Owners may contact Volkswagen customer service at 1-800-893-5298.  Volkswagen's number for this recall is 69Q9.  Note: This recall partially supersedes recall 16V-078.","Volkswagen Group of America, Inc. (Volkswagen) is recalling certain 2009-2014 Volkswagen CC, 2010-2014 Golf, 2010-2014 Eos, 2007-2010 Passat Sedan and Wagon, and 2012-2014 Passat vehicles.  Upon deployment of the driver's frontal air bag, excessive internal pressure may cause the inflator to explode.","In the event of a crash necessitating deployment of the driver's frontal air bag, the inflator could explode with metal fragments striking the vehicle occupants potentially resulting in serious injury or death.","Volkswagen will notify owners, and dealers will replace the driver's frontal air bag inflator with an alternative inflator, free of charge.  The recall began March 16, 2018.  Owners may contact Volkswagen customer service at 1-800-893-5298.  Volkswagen's number for this recall is 69Q9.  Note: This recall partially supersedes recall 16V-078.",06/03/2018,nhtsa_recall
16V078000,2010,VOLKSWAGEN,GOLF,AIR BAGS:FRONTAL:DRIVER SIDE:INFLATOR MODULE,"Volkswagen Group of America, Inc. (Volkswagen) is recalling certain model year 2010-2014 Golf, 2007-2010 Passat sedans and wagon, 2012-2014 Passat sedan and Eos, 2009-2014 CC, 2009-2012 Audi Q5, 2010-2012 S5 Cabriolet and 2010-2012 Audi A5 Cabriolet vehicles.  Upon deployment of the driver's frontal air bag, excessive internal pressure may cause the inflator to rupture. In the event of a crash necessitating deployment of the driver's frontal air bag, the inflator could rupture with metal fragments striking the vehicle occupants potentially resulting in serious injury or death. Volkswagen will notify owners, and dealers will replace the driver's frontal air bag inflators, free of charge.  Volkswagen issued an interim notification to owners on April 12, 2016, and will send a second notification when parts are available.  Volkswagen will notify owners again once parts are available. Volkswagen owners may contact Volkswagen customer service at 1-800-893-5298.  Audi owners may contact Audi customer service at 1-800-253-2834.","Volkswagen Group of America, Inc. (Volkswagen) is recalling certain model year 2010-2014 Golf, 2007-2010 Passat sedans and wagon, 2012-2014 Passat sedan and Eos, 2009-2014 CC, 2009-2012 Audi Q5, 2010-2012 S5 Cabriolet and 2010-2012 Audi A5 Cabriolet vehicles.  Upon deployment of the driver's frontal air bag, excessive internal pressure may cause the inflator to rupture.","In the event of a crash necessitating deployment of the driver's frontal air bag, the inflator could rupture with metal fragments striking the vehicle occupants potentially resulting in serious injury or death.","Volkswagen will notify owners, and dealers will replace the driver's frontal air bag inflators, free of charge.  Volkswagen issued an interim notification to owners on April 12, 2016, and will send a second notification when parts are available.  Volkswagen will notify owners again once parts are available. Volkswagen owners may contact Volkswagen customer service at 1-800-893-5298.  Audi owners may contact Audi customer service at 1-800-253-2834.",10/02/2016,nhtsa_recall
11V490000,2010,VOLKSWAGEN,GOLF,"FUEL SYSTEM, DIESEL","VOLKSWAGEN IS RECALLING CERTAIN MODEL 2009-2012 JETTA AND JETTA SPORTWAGEN VEHICLES, MANUFACTURED FROM MAY 2008 THROUGH SEPTEMBER 2011, MODEL YEAR 2010-2012 VOLKSWAGEN GOLF VEHICLES, MANUFACTURED FROM MAY 2009 THROUGH SEPTEMBER 2011, AND MODEL YEAR 2010-2012 AUDI A3 VEHICLES, MANUFACTURED FROM SEPTEMBER 2009 THROUGH SEPTEMBER 2011, THAT ARE EQUIPPED WITH A 2.0L TDI COMMON RAIL DIESEL ENGINE/CLEAN DIESEL ENGINE.  THE FUEL INJECTION PULSES COULD COINCIDE WITH THE NATURAL FREQUENCY OF THE INJECTOR LINE #2, IN SPECIFIC LOAD AND RPM CONDITIONS.  THIS RESONANCE CREATES ADDITIONAL STRESS IN THE FUEL LINE. DUE TO THE RESONANCE CONDITION, INJECTOR LINE NUMBER 2 COULD DEVELOP SMALL CRACKS WHICH COULD LEAD TO FUEL LEAKAGE.  LEAKING FUEL IN THE PRESENCE OF AN IGNITION SOURCE, MAY LEAD TO A FIRE. VOLKSWAGEN WILL INSTALL AN IMPROVED FUEL INJECTOR LINE FOR THE NUMBER 2 CYLINDER ON CERTAIN VEHICLES AND WILL INSTALL VIBRATION DAMPERS ON ALL OF THE INJECTOR LINES.  VOLKSWAGEN AND AUDI WILL NOTIFY OWNERS TO HAVE THE VEHICLES REPAIRED FREE OF CHARGE.  THE SAFETY RECALL IS EXPECTED TO BEGIN DURING NOVEMBER 2011.  OWNERS MAY CONTACT VOLKSWAGEN AT 1-800-822-8987.","VOLKSWAGEN IS RECALLING CERTAIN MODEL 2009-2012 JETTA AND JETTA SPORTWAGEN VEHICLES, MANUFACTURED FROM MAY 2008 THROUGH SEPTEMBER 2011, MODEL YEAR 2010-2012 VOLKSWAGEN GOLF VEHICLES, MANUFACTURED FROM MAY 2009 THROUGH SEPTEMBER 2011, AND MODEL YEAR 2010-2012 AUDI A3 VEHICLES, MANUFACTURED FROM SEPTEMBER 2009 THROUGH SEPTEMBER 2011, THAT ARE EQUIPPED WITH A 2.0L TDI COMMON RAIL DIESEL ENGINE/CLEAN DIESEL ENGINE.  THE FUEL INJECTION PULSES COULD COINCIDE WITH THE NATURAL FREQUENCY OF THE INJECTOR LINE #2, IN SPECIFIC LOAD AND RPM CONDITIONS.  THIS RESONANCE CREATES ADDITIONAL STRESS IN THE FUEL LINE.","DUE TO THE RESONANCE CONDITION, INJECTOR LINE NUMBER 2 COULD DEVELOP SMALL CRACKS WHICH COULD LEAD TO FUEL LEAKAGE.  LEAKING FUEL IN THE PRESENCE OF AN IGNITION SOURCE, MAY LEAD TO A FIRE.",VOLKSWAGEN WILL INSTALL AN IMPROVED FUEL INJECTOR LINE FOR THE NUMBER 2 CYLINDER ON CERTAIN VEHICLES AND WILL INSTALL VIBRATION DAMPERS ON ALL OF THE INJECTOR LINES.  VOLKSWAGEN AND AUDI WILL NOTIFY OWNERS TO HAVE THE VEHICLES REPAIRED FREE OF CHARGE.  THE SAFETY RECALL IS EXPECTED TO BEGIN DURING NOVEMBER 2011.  OWNERS MAY CONTACT VOLKSWAGEN AT 1-800-822-8987.,03/10/2011,nhtsa_recall
18V329000,2011,VOLKSWAGEN,GOLF,UNKNOWN OR OTHER,"Volkswagen Group of America, Inc. (Volkswagen) is recalling certain 2012-2016 Eos, 2012 Passat, 2012-2016 CC, 2015-2016 e-Golf, 2011-2015 Touareg, 2012-2015 and 2017 Tiguan, and 2011-2016 Golf and 2011-2013 GTI vehicles.  Modifications made while the vehicles were in an internal evaluation period may cause the affected vehicles to not comply with all of the applicable regulatory requirements. If the vehicles do not meet all regulatory requirements, there could be an increased risk of a crash, fire, or injury. Volkswagen will notify owners, and dealers will repair the vehicles to make them fully compliant or Volkswagen will repurchase them if necessary, free of charge.  The recall began November 29, 2018.  Owners may contact Volkswagen customer service at 1-800-893-5298.","Volkswagen Group of America, Inc. (Volkswagen) is recalling certain 2012-2016 Eos, 2012 Passat, 2012-2016 CC, 2015-2016 e-Golf, 2011-2015 Touareg, 2012-2015 and 2017 Tiguan, and 2011-2016 Golf and 2011-2013 GTI vehicles.  Modifications made while the vehicles were in an internal evaluation period may cause the affected vehicles to not comply with all of the applicable regulatory requirements.","If the vehicles do not meet all regulatory requirements, there could be an increased risk of a crash, fire, or injury.","Volkswagen will notify owners, and dealers will repair the vehicles to make them fully compliant or Volkswagen will repurchase them if necessary, free of charge.  The recall began November 29, 2018.  Owners may contact Volkswagen customer service at 1-800-893-5298.",16/05/2018,nhtsa_recall
18V148000,2011,VOLKSWAGEN,GOLF,AIR BAGS:FRONTAL:DRIVER SIDE:INFLATOR MODULE,"Volkswagen Group of America, Inc. (Volkswagen) is recalling certain 2009-2014 Volkswagen CC, 2010-2014 Golf, 2010-2014 Eos, 2007-2010 Passat Sedan and Wagon, and 2012-2014 Passat vehicles.  Upon deployment of the driver's frontal air bag, excessive internal pressure may cause the inflator to explode. In the event of a crash necessitating deployment of the driver's frontal air bag, the inflator could explode with metal fragments striking the vehicle occupants potentially resulting in serious injury or death. Volkswagen will notify owners, and dealers will replace the driver's frontal air bag inflator with an alternative inflator, free of charge.  The recall began March 16, 2018.  Owners may contact Volkswagen customer service at 1-800-893-5298.  Volkswagen's number for this recall is 69Q9.  Note: This recall partially supersedes recall 16V-078.","Volkswagen Group of America, Inc. (Volkswagen) is recalling certain 2009-2014 Volkswagen CC, 2010-2014 Golf, 2010-2014 Eos, 2007-2010 Passat Sedan and Wagon, and 2012-2014 Passat vehicles.  Upon deployment of the driver's frontal air bag, excessive internal pressure may cause the inflator to explode.","In the event of a crash necessitating deployment of the driver's frontal air bag, the inflator could explode with metal fragments striking the vehicle occupants potentially resulting in serious injury or death.","Volkswagen will notify owners, and dealers will replace the driver's frontal air bag inflator with an alternative inflator, free of charge.  The recall began March 16, 2018.  Owners may contact Volkswagen customer service at 1-800-893-5298.  Volkswagen's number for this recall is 69Q9.  Note: This recall partially supersedes recall 16V-078.",06/03/2018,nhtsa_recall
16V078000,2011,VOLKSWAGEN,GOLF,AIR BAGS:FRONTAL:DRIVER SIDE:INFLATOR MODULE,"Volkswagen Group of America, Inc. (Volkswagen) is recalling certain model year 2010-2014 Golf, 2007-2010 Passat sedans and wagon, 2012-2014 Passat sedan and Eos, 2009-2014 CC, 2009-2012 Audi Q5, 2010-2012 S5 Cabriolet and 2010-2012 Audi A5 Cabriolet vehicles.  Upon deployment of the driver's frontal air bag, excessive internal pressure may cause the inflator to rupture. In the event of a crash necessitating deployment of the driver's frontal air bag, the inflator could rupture with metal fragments striking the vehicle occupants potentially resulting in serious injury or death. Volkswagen will notify owners, and dealers will replace the driver's frontal air bag inflators, free of charge.  Volkswagen issued an interim notification to owners on April 12, 2016, and will send a second notification when parts are available.  Volkswagen will notify owners again once parts are available. Volkswagen owners may contact Volkswagen customer service at 1-800-893-5298.  Audi owners may contact Audi customer service at 1-800-253-2834.","Volkswagen Group of America, Inc. (Volkswagen) is recalling certain model year 2010-2014 Golf, 2007-2010 Passat sedans and wagon, 2012-2014 Passat sedan and Eos, 2009-2014 CC, 2009-2012 Audi Q5, 2010-2012 S5 Cabriolet and 2010-2012 Audi A5 Cabriolet vehicles.  Upon deployment of the driver's frontal air bag, excessive internal pressure may cause the inflator to rupture.","In the event of a crash necessitating deployment of the driver's frontal air bag, the inflator could rupture with metal fragments striking the vehicle occupants potentially resulting in serious injury or death.","Volkswagen will notify owners, and dealers will replace the driver's frontal air bag inflators, free of charge.  Volkswagen issued an interim notification to owners on April 12, 2016, and will send a second notification when parts are available.  Volkswagen will notify owners again once parts are available. Volkswagen owners may contact Volkswagen customer service at 1-800-893-5298.  Audi owners may contact Audi customer service at 1-800-253-2834.",10/02/2016,nhtsa_recall
15V483000,2011,VOLKSWAGEN,GOLF,AIR BAGS:FRONTAL,"Volkswagen Group of America, Inc. (Volkswagen) is recalling certain model year 2010-2014 Volkswagen CC, and Passat, 2010-2013 Eos, 2011-2014 Golf, GTI, Jetta, and Tiguan, and 2012-2014 Jetta Sportwagen vehicles.  In the affected vehicles, debris may contaminate the air bag clock spring, a spiral wound, flat cable that keeps the air bag powered while the steering wheel is being turned.  This contamination may tear the cable and result in a loss of electrical connection to the driver's frontal air bag. A loss of electrical connection to the driver's frontal air bag will prevent the air bag from deploying in the event of a vehicle crash, increasing the risk of injury. Volkswagen will notify owners, and dealers will install a protective cover over the steering wheel clock spring if the air bag light is off.  If the airbag light is on and the steering wheel clock spring requires replacement, dealers will install a new steering wheel clock spring.  These repairs will be performed free of charge. The recall began on January 15, 2016.  Owners may contact Volkswagen customer service at 1-800-822-8987.","Volkswagen Group of America, Inc. (Volkswagen) is recalling certain model year 2010-2014 Volkswagen CC, and Passat, 2010-2013 Eos, 2011-2014 Golf, GTI, Jetta, and Tiguan, and 2012-2014 Jetta Sportwagen vehicles.  In the affected vehicles, debris may contaminate the air bag clock spring, a spiral wound, flat cable that keeps the air bag powered while the steering wheel is being turned.  This contamination may tear the cable and result in a loss of electrical connection to the driver's frontal air bag.","A loss of electrical connection to the driver's frontal air bag will prevent the air bag from deploying in the event of a vehicle crash, increasing the risk of injury.","Volkswagen will notify owners, and dealers will install a protective cover over the steering wheel clock spring if the air bag light is off.  If the airbag light is on and the steering wheel clock spring requires replacement, dealers will install a new steering wheel clock spring.  These repairs will be performed free of charge. The recall began on January 15, 2016.  Owners may contact Volkswagen customer service at 1-800-822-8987.",04/08/2015,nhtsa_recall
11V490000,2011,VOLKSWAGEN,GOLF,"FUEL SYSTEM, DIESEL","VOLKSWAGEN IS RECALLING CERTAIN MODEL 2009-2012 JETTA AND JETTA SPORTWAGEN VEHICLES, MANUFACTURED FROM MAY 2008 THROUGH SEPTEMBER 2011, MODEL YEAR 2010-2012 VOLKSWAGEN GOLF VEHICLES, MANUFACTURED FROM MAY 2009 THROUGH SEPTEMBER 2011, AND MODEL YEAR 2010-2012 AUDI A3 VEHICLES, MANUFACTURED FROM SEPTEMBER 2009 THROUGH SEPTEMBER 2011, THAT ARE EQUIPPED WITH A 2.0L TDI COMMON RAIL DIESEL ENGINE/CLEAN DIESEL ENGINE.  THE FUEL INJECTION PULSES COULD COINCIDE WITH THE NATURAL FREQUENCY OF THE INJECTOR LINE #2, IN SPECIFIC LOAD AND RPM CONDITIONS.  THIS RESONANCE CREATES ADDITIONAL STRESS IN THE FUEL LINE. DUE TO THE RESONANCE CONDITION, INJECTOR LINE NUMBER 2 COULD DEVELOP SMALL CRACKS WHICH COULD LEAD TO FUEL LEAKAGE.  LEAKING FUEL IN THE PRESENCE OF AN IGNITION SOURCE, MAY LEAD TO A FIRE. VOLKSWAGEN WILL INSTALL AN IMPROVED FUEL INJECTOR LINE FOR THE NUMBER 2 CYLINDER ON CERTAIN VEHICLES AND WILL INSTALL VIBRATION DAMPERS ON ALL OF THE INJECTOR LINES.  VOLKSWAGEN AND AUDI WILL NOTIFY OWNERS TO HAVE THE VEHICLES REPAIRED FREE OF CHARGE.  THE SAFETY RECALL IS EXPECTED TO BEGIN DURING NOVEMBER 2011.  OWNERS MAY CONTACT VOLKSWAGEN AT 1-800-822-8987.","VOLKSWAGEN IS RECALLING CERTAIN MODEL 2009-2012 JETTA AND JETTA SPORTWAGEN VEHICLES, MANUFACTURED FROM MAY 2008 THROUGH SEPTEMBER 2011, MODEL YEAR 2010-2012 VOLKSWAGEN GOLF VEHICLES, MANUFACTURED FROM MAY 2009 THROUGH SEPTEMBER 2011, AND MODEL YEAR 2010-2012 AUDI A3 VEHICLES, MANUFACTURED FROM SEPTEMBER 2009 THROUGH SEPTEMBER 2011, THAT ARE EQUIPPED WITH A 2.0L TDI COMMON RAIL DIESEL ENGINE/CLEAN DIESEL ENGINE.  THE FUEL INJECTION PULSES COULD COINCIDE WITH THE NATURAL FREQUENCY OF THE INJECTOR LINE #2, IN SPECIFIC LOAD AND RPM CONDITIONS.  THIS RESONANCE CREATES ADDITIONAL STRESS IN THE FUEL LINE.","DUE TO THE RESONANCE CONDITION, INJECTOR LINE NUMBER 2 COULD DEVELOP SMALL CRACKS WHICH COULD LEAD TO FUEL LEAKAGE.  LEAKING FUEL IN THE PRESENCE OF AN IGNITION SOURCE, MAY LEAD TO A FIRE.",VOLKSWAGEN WILL INSTALL AN IMPROVED FUEL INJECTOR LINE FOR THE NUMBER 2 CYLINDER ON CERTAIN VEHICLES AND WILL INSTALL VIBRATION DAMPERS ON ALL OF THE INJECTOR LINES.  VOLKSWAGEN AND AUDI WILL NOTIFY OWNERS TO HAVE THE VEHICLES REPAIRED FREE OF CHARGE.  THE SAFETY RECALL IS EXPECTED TO BEGIN DURING NOVEMBER 2011.  OWNERS MAY CONTACT VOLKSWAGEN AT 1-800-822-8987.,03/10/2011,nhtsa_recall
19V862000,2011,VOLKSWAGEN,GOLF,AIR BAGS:FRONTAL:DRIVER SIDE:INFLATOR MODULE,"Volkswagen Group of America, Inc. (Volkswagen) is recalling certain 2012-2015 Passat, 2011-2014 Golf A6, and 2011-2013 Audi A3 diesel vehicles, thought to have been previously repaired under one of the Takata air bag recalls.  The driver's side air bag inflator may explode due to propellant degradation occurring after long-term exposure to high absolute humidity, high temperatures, and high temperature cycling. An inflator explosion may result in sharp metal fragments striking the driver or other occupants resulting in serious injury or death. Volkswagen will notify owners, and dealers will replace the driver's side air bag inflators, free of charge.  The recall began December 20, 2019.  Owners may contact Volkswagen customer service at 1-800-893-5298 or Audi customer service at 1-800-253-2834.  Volkswagen's numbers for this recall are 69R6, 69Q8, 69Q9, and 69Y5.","Volkswagen Group of America, Inc. (Volkswagen) is recalling certain 2012-2015 Passat, 2011-2014 Golf A6, and 2011-2013 Audi A3 diesel vehicles, thought to have been previously repaired under one of the Takata air bag recalls.  The driver's side air bag inflator may explode due to propellant degradation occurring after long-term exposure to high absolute humidity, high temperatures, and high temperature cycling.",An inflator explosion may result in sharp metal fragments striking the driver or other occupants resulting in serious injury or death.,"Volkswagen will notify owners, and dealers will replace the driver's side air bag inflators, free of charge.  The recall began December 20, 2019.  Owners may contact Volkswagen customer service at 1-800-893-5298 or Audi customer service at 1-800-253-2834.  Volkswagen's numbers for this recall are 69R6, 69Q8, 69Q9, and 69Y5.",04/12/2019,nhtsa_recall
18V329000,2012,VOLKSWAGEN,GOLF,UNKNOWN OR OTHER,"Volkswagen Group of America, Inc. (Volkswagen) is recalling certain 2012-2016 Eos, 2012 Passat, 2012-2016 CC, 2015-2016 e-Golf, 2011-2015 Touareg, 2012-2015 and 2017 Tiguan, and 2011-2016 Golf and 2011-2013 GTI vehicles.  Modifications made while the vehicles were in an internal evaluation period may cause the affected vehicles to not comply with all of the applicable regulatory requirements. If the vehicles do not meet all regulatory requirements, there could be an increased risk of a crash, fire, or injury. Volkswagen will notify owners, and dealers will repair the vehicles to make them fully compliant or Volkswagen will repurchase them if necessary, free of charge.  The recall began November 29, 2018.  Owners may contact Volkswagen customer service at 1-800-893-5298.","Volkswagen Group of America, Inc. (Volkswagen) is recalling certain 2012-2016 Eos, 2012 Passat, 2012-2016 CC, 2015-2016 e-Golf, 2011-2015 Touareg, 2012-2015 and 2017 Tiguan, and 2011-2016 Golf and 2011-2013 GTI vehicles.  Modifications made while the vehicles were in an internal evaluation period may cause the affected vehicles to not comply with all of the applicable regulatory requirements.","If the vehicles do not meet all regulatory requirements, there could be an increased risk of a crash, fire, or injury.","Volkswagen will notify owners, and dealers will repair the vehicles to make them fully compliant or Volkswagen will repurchase them if necessary, free of charge.  The recall began November 29, 2018.  Owners may contact Volkswagen customer service at 1-800-893-5298.",16/05/2018,nhtsa_recall
18V148000,2012,VOLKSWAGEN,GOLF,AIR BAGS:FRONTAL:DRIVER SIDE:INFLATOR MODULE,"Volkswagen Group of America, Inc. (Volkswagen) is recalling certain 2009-2014 Volkswagen CC, 2010-2014 Golf, 2010-2014 Eos, 2007-2010 Passat Sedan and Wagon, and 2012-2014 Passat vehicles.  Upon deployment of the driver's frontal air bag, excessive internal pressure may cause the inflator to explode. In the event of a crash necessitating deployment of the driver's frontal air bag, the inflator could explode with metal fragments striking the vehicle occupants potentially resulting in serious injury or death. Volkswagen will notify owners, and dealers will replace the driver's frontal air bag inflator with an alternative inflator, free of charge.  The recall began March 16, 2018.  Owners may contact Volkswagen customer service at 1-800-893-5298.  Volkswagen's number for this recall is 69Q9.  Note: This recall partially supersedes recall 16V-078.","Volkswagen Group of America, Inc. (Volkswagen) is recalling certain 2009-2014 Volkswagen CC, 2010-2014 Golf, 2010-2014 Eos, 2007-2010 Passat Sedan and Wagon, and 2012-2014 Passat vehicles.  Upon deployment of the driver's frontal air bag, excessive internal pressure may cause the inflator to explode.","In the event of a crash necessitating deployment of the driver's frontal air bag, the inflator could explode with metal fragments striking the vehicle occupants potentially resulting in serious injury or death.","Volkswagen will notify owners, and dealers will replace the driver's frontal air bag inflator with an alternative inflator, free of charge.  The recall began March 16, 2018.  Owners may contact Volkswagen customer service at 1-800-893-5298.  Volkswagen's number for this recall is 69Q9.  Note: This recall partially supersedes recall 16V-078.",06/03/2018,nhtsa_recall
16V078000,2012,VOLKSWAGEN,GOLF,AIR BAGS:FRONTAL:DRIVER SIDE:INFLATOR MODULE,"Volkswagen Group of America, Inc. (Volkswagen) is recalling certain model year 2010-2014 Golf, 2007-2010 Passat sedans and wagon, 2012-2014 Passat sedan and Eos, 2009-2014 CC, 2009-2012 Audi Q5, 2010-2012 S5 Cabriolet and 2010-2012 Audi A5 Cabriolet vehicles.  Upon deployment of the driver's frontal air bag, excessive internal pressure may cause the inflator to rupture. In the event of a crash necessitating deployment of the driver's frontal air bag, the inflator could rupture with metal fragments striking the vehicle occupants potentially resulting in serious injury or death. Volkswagen will notify owners, and dealers will replace the driver's frontal air bag inflators, free of charge.  Volkswagen issued an interim notification to owners on April 12, 2016, and will send a second notification when parts are available.  Volkswagen will notify owners again once parts are available. Volkswagen owners may contact Volkswagen customer service at 1-800-893-5298.  Audi owners may contact Audi customer service at 1-800-253-2834.","Volkswagen Group of America, Inc. (Volkswagen) is recalling certain model year 2010-2014 Golf, 2007-2010 Passat sedans and wagon, 2012-2014 Passat sedan and Eos, 2009-2014 CC, 2009-2012 Audi Q5, 2010-2012 S5 Cabriolet and 2010-2012 Audi A5 Cabriolet vehicles.  Upon deployment of the driver's frontal air bag, excessive internal pressure may cause the inflator to rupture.","In the event of a crash necessitating deployment of the driver's frontal air bag, the inflator could rupture with metal fragments striking the vehicle occupants potentially resulting in serious injury or death.","Volkswagen will notify owners, and dealers will replace the driver's frontal air bag inflators, free of charge.  Volkswagen issued an interim notification to owners on April 12, 2016, and will send a second notification when parts are available.  Volkswagen will notify owners again once parts are available. Volkswagen owners may contact Volkswagen customer service at 1-800-893-5298.  Audi owners may contact Audi customer service at 1-800-253-2834.",10/02/2016,nhtsa_recall
15V483000,2012,VOLKSWAGEN,GOLF,AIR BAGS:FRONTAL,"Volkswagen Group of America, Inc. (Volkswagen) is recalling certain model year 2010-2014 Volkswagen CC, and Passat, 2010-2013 Eos, 2011-2014 Golf, GTI, Jetta, and Tiguan, and 2012-2014 Jetta Sportwagen vehicles.  In the affected vehicles, debris may contaminate the air bag clock spring, a spiral wound, flat cable that keeps the air bag powered while the steering wheel is being turned.  This contamination may tear the cable and result in a loss of electrical connection to the driver's frontal air bag. A loss of electrical connection to the driver's frontal air bag will prevent the air bag from deploying in the event of a vehicle crash, increasing the risk of injury. Volkswagen will notify owners, and dealers will install a protective cover over the steering wheel clock spring if the air bag light is off.  If the airbag light is on and the steering wheel clock spring requires replacement, dealers will install a new steering wheel clock spring.  These repairs will be performed free of charge. The recall began on January 15, 2016.  Owners may contact Volkswagen customer service at 1-800-822-8987.","Volkswagen Group of America, Inc. (Volkswagen) is recalling certain model year 2010-2014 Volkswagen CC, and Passat, 2010-2013 Eos, 2011-2014 Golf, GTI, Jetta, and Tiguan, and 2012-2014 Jetta Sportwagen vehicles.  In the affected vehicles, debris may contaminate the air bag clock spring, a spiral wound, flat cable that keeps the air bag powered while the steering wheel is being turned.  This contamination may tear the cable and result in a loss of electrical connection to the driver's frontal air bag.","A loss of electrical connection to the driver's frontal air bag will prevent the air bag from deploying in the event of a vehicle crash, increasing the risk of injury.","Volkswagen will notify owners, and dealers will install a protective cover over the steering wheel clock spring if the air bag light is off.  If the airbag light is on and the steering wheel clock spring requires replacement, dealers will install a new steering wheel clock spring.  These repairs will be performed free of charge. The recall began on January 15, 2016.  Owners may contact Volkswagen customer service at 1-800-822-8987.",04/08/2015,nhtsa_recall
11V490000,2012,VOLKSWAGEN,GOLF,"FUEL SYSTEM, DIESEL","VOLKSWAGEN IS RECALLING CERTAIN MODEL 2009-2012 JETTA AND JETTA SPORTWAGEN VEHICLES, MANUFACTURED FROM MAY 2008 THROUGH SEPTEMBER 2011, MODEL YEAR 2010-2012 VOLKSWAGEN GOLF VEHICLES, MANUFACTURED FROM MAY 2009 THROUGH SEPTEMBER 2011, AND MODEL YEAR 2010-2012 AUDI A3 VEHICLES, MANUFACTURED FROM SEPTEMBER 2009 THROUGH SEPTEMBER 2011, THAT ARE EQUIPPED WITH A 2.0L TDI COMMON RAIL DIESEL ENGINE/CLEAN DIESEL ENGINE.  THE FUEL INJECTION PULSES COULD COINCIDE WITH THE NATURAL FREQUENCY OF THE INJECTOR LINE #2, IN SPECIFIC LOAD AND RPM CONDITIONS.  THIS RESONANCE CREATES ADDITIONAL STRESS IN THE FUEL LINE. DUE TO THE RESONANCE CONDITION, INJECTOR LINE NUMBER 2 COULD DEVELOP SMALL CRACKS WHICH COULD LEAD TO FUEL LEAKAGE.  LEAKING FUEL IN THE PRESENCE OF AN IGNITION SOURCE, MAY LEAD TO A FIRE. VOLKSWAGEN WILL INSTALL AN IMPROVED FUEL INJECTOR LINE FOR THE NUMBER 2 CYLINDER ON CERTAIN VEHICLES AND WILL INSTALL VIBRATION DAMPERS ON ALL OF THE INJECTOR LINES.  VOLKSWAGEN AND AUDI WILL NOTIFY OWNERS TO HAVE THE VEHICLES REPAIRED FREE OF CHARGE.  THE SAFETY RECALL IS EXPECTED TO BEGIN DURING NOVEMBER 2011.  OWNERS MAY CONTACT VOLKSWAGEN AT 1-800-822-8987.","VOLKSWAGEN IS RECALLING CERTAIN MODEL 2009-2012 JETTA AND JETTA SPORTWAGEN VEHICLES, MANUFACTURED FROM MAY 2008 THROUGH SEPTEMBER 2011, MODEL YEAR 2010-2012 VOLKSWAGEN GOLF VEHICLES, MANUFACTURED FROM MAY 2009 THROUGH SEPTEMBER 2011, AND MODEL YEAR 2010-2012 AUDI A3 VEHICLES, MANUFACTURED FROM SEPTEMBER 2009 THROUGH SEPTEMBER 2011, THAT ARE EQUIPPED WITH A 2.0L TDI COMMON RAIL DIESEL ENGINE/CLEAN DIESEL ENGINE.  THE FUEL INJECTION PULSES COULD COINCIDE WITH THE NATURAL FREQUENCY OF THE INJECTOR LINE #2, IN SPECIFIC LOAD AND RPM CONDITIONS.  THIS RESONANCE CREATES ADDITIONAL STRESS IN THE FUEL LINE.","DUE TO THE RESONANCE CONDITION, INJECTOR LINE NUMBER 2 COULD DEVELOP SMALL CRACKS WHICH COULD LEAD TO FUEL LEAKAGE.  LEAKING FUEL IN THE PRESENCE OF AN IGNITION SOURCE, MAY LEAD TO A FIRE.",VOLKSWAGEN WILL INSTALL AN IMPROVED FUEL INJECTOR LINE FOR THE NUMBER 2 CYLINDER ON CERTAIN VEHICLES AND WILL INSTALL VIBRATION DAMPERS ON ALL OF THE INJECTOR LINES.  VOLKSWAGEN AND AUDI WILL NOTIFY OWNERS TO HAVE THE VEHICLES REPAIRED FREE OF CHARGE.  THE SAFETY RECALL IS EXPECTED TO BEGIN DURING NOVEMBER 2011.  OWNERS MAY CONTACT VOLKSWAGEN AT 1-800-822-8987.,03/10/2011,nhtsa_recall
19V862000,2012,VOLKSWAGEN,GOLF,AIR BAGS:FRONTAL:DRIVER SIDE:INFLATOR MODULE,"Volkswagen Group of America, Inc. (Volkswagen) is recalling certain 2012-2015 Passat, 2011-2014 Golf A6, and 2011-2013 Audi A3 diesel vehicles, thought to have been previously repaired under one of the Takata air bag recalls.  The driver's side air bag inflator may explode due to propellant degradation occurring after long-term exposure to high absolute humidity, high temperatures, and high temperature cycling. An inflator explosion may result in sharp metal fragments striking the driver or other occupants resulting in serious injury or death. Volkswagen will notify owners, and dealers will replace the driver's side air bag inflators, free of charge.  The recall began December 20, 2019.  Owners may contact Volkswagen customer service at 1-800-893-5298 or Audi customer service at 1-800-253-2834.  Volkswagen's numbers for this recall are 69R6, 69Q8, 69Q9, and 69Y5.","Volkswagen Group of America, Inc. (Volkswagen) is recalling certain 2012-2015 Passat, 2011-2014 Golf A6, and 2011-2013 Audi A3 diesel vehicles, thought to have been previously repaired under one of the Takata air bag recalls.  The driver's side air bag inflator may explode due to propellant degradation occurring after long-term exposure to high absolute humidity, high temperatures, and high temperature cycling.",An inflator explosion may result in sharp metal fragments striking the driver or other occupants resulting in serious injury or death.,"Volkswagen will notify owners, and dealers will replace the driver's side air bag inflators, free of charge.  The recall began December 20, 2019.  Owners may contact Volkswagen customer service at 1-800-893-5298 or Audi customer service at 1-800-253-2834.  Volkswagen's numbers for this recall are 69R6, 69Q8, 69Q9, and 69Y5.",04/12/2019,nhtsa_recall
18V329000,2013,VOLKSWAGEN,GOLF,UNKNOWN OR OTHER,"Volkswagen Group of America, Inc. (Volkswagen) is recalling certain 2012-2016 Eos, 2012 Passat, 2012-2016 CC, 2015-2016 e-Golf, 2011-2015 Touareg, 2012-2015 and 2017 Tiguan, and 2011-2016 Golf and 2011-2013 GTI vehicles.  Modifications made while the vehicles were in an internal evaluation period may cause the affected vehicles to not comply with all of the applicable regulatory requirements. If the vehicles do not meet all regulatory requirements, there could be an increased risk of a crash, fire, or injury. Volkswagen will notify owners, and dealers will repair the vehicles to make them fully compliant or Volkswagen will repurchase them if necessary, free of charge.  The recall began November 29, 2018.  Owners may contact Volkswagen customer service at 1-800-893-5298.","Volkswagen Group of America, Inc. (Volkswagen) is recalling certain 2012-2016 Eos, 2012 Passat, 2012-2016 CC, 2015-2016 e-Golf, 2011-2015 Touareg, 2012-2015 and 2017 Tiguan, and 2011-2016 Golf and 2011-2013 GTI vehicles.  Modifications made while the vehicles were in an internal evaluation period may cause the affected vehicles to not comply with all of the applicable regulatory requirements.","If the vehicles do not meet all regulatory requirements, there could be an increased risk of a crash, fire, or injury.","Volkswagen will notify owners, and dealers will repair the vehicles to make them fully compliant or Volkswagen will repurchase them if necessary, free of charge.  The recall began November 29, 2018.  Owners may contact Volkswagen customer service at 1-800-893-5298.",16/05/2018,nhtsa_recall
18V148000,2013,VOLKSWAGEN,GOLF,AIR BAGS:FRONTAL:DRIVER SIDE:INFLATOR MODULE,"Volkswagen Group of America, Inc. (Volkswagen) is recalling certain 2009-2014 Volkswagen CC, 2010-2014 Golf, 2010-2014 Eos, 2007-2010 Passat Sedan and Wagon, and 2012-2014 Passat vehicles.  Upon deployment of the driver's frontal air bag, excessive internal pressure may cause the inflator to explode. In the event of a crash necessitating deployment of the driver's frontal air bag, the inflator could explode with metal fragments striking the vehicle occupants potentially resulting in serious injury or death. Volkswagen will notify owners, and dealers will replace the driver's frontal air bag inflator with an alternative inflator, free of charge.  The recall began March 16, 2018.  Owners may contact Volkswagen customer service at 1-800-893-5298.  Volkswagen's number for this recall is 69Q9.  Note: This recall partially supersedes recall 16V-078.","Volkswagen Group of America, Inc. (Volkswagen) is recalling certain 2009-2014 Volkswagen CC, 2010-2014 Golf, 2010-2014 Eos, 2007-2010 Passat Sedan and Wagon, and 2012-2014 Passat vehicles.  Upon deployment of the driver's frontal air bag, excessive internal pressure may cause the inflator to explode.","In the event of a crash necessitating deployment of the driver's frontal air bag, the inflator could explode with metal fragments striking the vehicle occupants potentially resulting in serious injury or death.","Volkswagen will notify owners, and dealers will replace the driver's frontal air bag inflator with an alternative inflator, free of charge.  The recall began March 16, 2018.  Owners may contact Volkswagen customer service at 1-800-893-5298.  Volkswagen's number for this recall is 69Q9.  Note: This recall partially supersedes recall 16V-078.",06/03/2018,nhtsa_recall
16V078000,2013,VOLKSWAGEN,GOLF,AIR BAGS:FRONTAL:DRIVER SIDE:INFLATOR MODULE,"Volkswagen Group of America, Inc. (Volkswagen) is recalling certain model year 2010-2014 Golf, 2007-2010 Passat sedans and wagon, 2012-2014 Passat sedan and Eos, 2009-2014 CC, 2009-2012 Audi Q5, 2010-2012 S5 Cabriolet and 2010-2012 Audi A5 Cabriolet vehicles.  Upon deployment of the driver's frontal air bag, excessive internal pressure may cause the inflator to rupture. In the event of a crash necessitating deployment of the driver's frontal air bag, the inflator could rupture with metal fragments striking the vehicle occupants potentially resulting in serious injury or death. Volkswagen will notify owners, and dealers will replace the driver's frontal air bag inflators, free of charge.  Volkswagen issued an interim notification to owners on April 12, 2016, and will send a second notification when parts are available.  Volkswagen will notify owners again once parts are available. Volkswagen owners may contact Volkswagen customer service at 1-800-893-5298.  Audi owners may contact Audi customer service at 1-800-253-2834.","Volkswagen Group of America, Inc. (Volkswagen) is recalling certain model year 2010-2014 Golf, 2007-2010 Passat sedans and wagon, 2012-2014 Passat sedan and Eos, 2009-2014 CC, 2009-2012 Audi Q5, 2010-2012 S5 Cabriolet and 2010-2012 Audi A5 Cabriolet vehicles.  Upon deployment of the driver's frontal air bag, excessive internal pressure may cause the inflator to rupture.","In the event of a crash necessitating deployment of the driver's frontal air bag, the inflator could rupture with metal fragments striking the vehicle occupants potentially resulting in serious injury or death.","Volkswagen will notify owners, and dealers will replace the driver's frontal air bag inflators, free of charge.  Volkswagen issued an interim notification to owners on April 12, 2016, and will send a second notification when parts are available.  Volkswagen will notify owners again once parts are available. Volkswagen owners may contact Volkswagen customer service at 1-800-893-5298.  Audi owners may contact Audi customer service at 1-800-253-2834.",10/02/2016,nhtsa_recall
15V483000,2013,VOLKSWAGEN,GOLF,AIR BAGS:FRONTAL,"Volkswagen Group of America, Inc. (Volkswagen) is recalling certain model year 2010-2014 Volkswagen CC, and Passat, 2010-2013 Eos, 2011-2014 Golf, GTI, Jetta, and Tiguan, and 2012-2014 Jetta Sportwagen vehicles.  In the affected vehicles, debris may contaminate the air bag clock spring, a spiral wound, flat cable that keeps the air bag powered while the steering wheel is being turned.  This contamination may tear the cable and result in a loss of electrical connection to the driver's frontal air bag. A loss of electrical connection to the driver's frontal air bag will prevent the air bag from deploying in the event of a vehicle crash, increasing the risk of injury. Volkswagen will notify owners, and dealers will install a protective cover over the steering wheel clock spring if the air bag light is off.  If the airbag light is on and the steering wheel clock spring requires replacement, dealers will install a new steering wheel clock spring.  These repairs will be performed free of charge. The recall began on January 15, 2016.  Owners may contact Volkswagen customer service at 1-800-822-8987.","Volkswagen Group of America, Inc. (Volkswagen) is recalling certain model year 2010-2014 Volkswagen CC, and Passat, 2010-2013 Eos, 2011-2014 Golf, GTI, Jetta, and Tiguan, and 2012-2014 Jetta Sportwagen vehicles.  In the affected vehicles, debris may contaminate the air bag clock spring, a spiral wound, flat cable that keeps the air bag powered while the steering wheel is being turned.  This contamination may tear the cable and result in a loss of electrical connection to the driver's frontal air bag.","A loss of electrical connection to the driver's frontal air bag will prevent the air bag from deploying in the event of a vehicle crash, increasing the risk of injury.","Volkswagen will notify owners, and dealers will install a protective cover over the steering wheel clock spring if the air bag light is off.  If the airbag light is on and the steering wheel clock spring requires replacement, dealers will install a new steering wheel clock spring.  These repairs will be performed free of charge. The recall began on January 15, 2016.  Owners may contact Volkswagen customer service at 1-800-822-8987.",04/08/2015,nhtsa_recall
19V862000,2013,VOLKSWAGEN,GOLF,AIR BAGS:FRONTAL:DRIVER SIDE:INFLATOR MODULE,"Volkswagen Group of America, Inc. (Volkswagen) is recalling certain 2012-2015 Passat, 2011-2014 Golf A6, and 2011-2013 Audi A3 diesel vehicles, thought to have been previously repaired under one of the Takata air bag recalls.  The driver's side air bag inflator may explode due to propellant degradation occurring after long-term exposure to high absolute humidity, high temperatures, and high temperature cycling. An inflator explosion may result in sharp metal fragments striking the driver or other occupants resulting in serious injury or death. Volkswagen will notify owners, and dealers will replace the driver's side air bag inflators, free of charge.  The recall began December 20, 2019.  Owners may contact Volkswagen customer service at 1-800-893-5298 or Audi customer service at 1-800-253-2834.  Volkswagen's numbers for this recall are 69R6, 69Q8, 69Q9, and 69Y5.","Volkswagen Group of America, Inc. (Volkswagen) is recalling certain 2012-2015 Passat, 2011-2014 Golf A6, and 2011-2013 Audi A3 diesel vehicles, thought to have been previously repaired under one of the Takata air bag recalls.  The driver's side air bag inflator may explode due to propellant degradation occurring after long-term exposure to high absolute humidity, high temperatures, and high temperature cycling.",An inflator explosion may result in sharp metal fragments striking the driver or other occupants resulting in serious injury or death.,"Volkswagen will notify owners, and dealers will replace the driver's side air bag inflators, free of charge.  The recall began December 20, 2019.  Owners may contact Volkswagen customer service at 1-800-893-5298 or Audi customer service at 1-800-253-2834.  Volkswagen's numbers for this recall are 69R6, 69Q8, 69Q9, and 69Y5.",04/12/2019,nhtsa_recall
18V329000,2014,VOLKSWAGEN,GOLF,UNKNOWN OR OTHER,"Volkswagen Group of America, Inc. (Volkswagen) is recalling certain 2012-2016 Eos, 2012 Passat, 2012-2016 CC, 2015-2016 e-Golf, 2011-2015 Touareg, 2012-2015 and 2017 Tiguan, and 2011-2016 Golf and 2011-2013 GTI vehicles.  Modifications made while the vehicles were in an internal evaluation period may cause the affected vehicles to not comply with all of the applicable regulatory requirements. If the vehicles do not meet all regulatory requirements, there could be an increased risk of a crash, fire, or injury. Volkswagen will notify owners, and dealers will repair the vehicles to make them fully compliant or Volkswagen will repurchase them if necessary, free of charge.  The recall began November 29, 2018.  Owners may contact Volkswagen customer service at 1-800-893-5298.","Volkswagen Group of America, Inc. (Volkswagen) is recalling certain 2012-2016 Eos, 2012 Passat, 2012-2016 CC, 2015-2016 e-Golf, 2011-2015 Touareg, 2012-2015 and 2017 Tiguan, and 2011-2016 Golf and 2011-2013 GTI vehicles.  Modifications made while the vehicles were in an internal evaluation period may cause the affected vehicles to not comply with all of the applicable regulatory requirements.","If the vehicles do not meet all regulatory requirements, there could be an increased risk of a crash, fire, or injury.","Volkswagen will notify owners, and dealers will repair the vehicles to make them fully compliant or Volkswagen will repurchase them if necessary, free of charge.  The recall began November 29, 2018.  Owners may contact Volkswagen customer service at 1-800-893-5298.",16/05/2018,nhtsa_recall
18V148000,2014,VOLKSWAGEN,GOLF,AIR BAGS:FRONTAL:DRIVER SIDE:INFLATOR MODULE,"Volkswagen Group of America, Inc. (Volkswagen) is recalling certain 2009-2014 Volkswagen CC, 2010-2014 Golf, 2010-2014 Eos, 2007-2010 Passat Sedan and Wagon, and 2012-2014 Passat vehicles.  Upon deployment of the driver's frontal air bag, excessive internal pressure may cause the inflator to explode. In the event of a crash necessitating deployment of the driver's frontal air bag, the inflator could explode with metal fragments striking the vehicle occupants potentially resulting in serious injury or death. Volkswagen will notify owners, and dealers will replace the driver's frontal air bag inflator with an alternative inflator, free of charge.  The recall began March 16, 2018.  Owners may contact Volkswagen customer service at 1-800-893-5298.  Volkswagen's number for this recall is 69Q9.  Note: This recall partially supersedes recall 16V-078.","Volkswagen Group of America, Inc. (Volkswagen) is recalling certain 2009-2014 Volkswagen CC, 2010-2014 Golf, 2010-2014 Eos, 2007-2010 Passat Sedan and Wagon, and 2012-2014 Passat vehicles.  Upon deployment of the driver's frontal air bag, excessive internal pressure may cause the inflator to explode.","In the event of a crash necessitating deployment of the driver's frontal air bag, the inflator could explode with metal fragments striking the vehicle occupants potentially resulting in serious injury or death.","Volkswagen will notify owners, and dealers will replace the driver's frontal air bag inflator with an alternative inflator, free of charge.  The recall began March 16, 2018.  Owners may contact Volkswagen customer service at 1-800-893-5298.  Volkswagen's number for this recall is 69Q9.  Note: This recall partially supersedes recall 16V-078.",06/03/2018,nhtsa_recall
16V078000,2014,VOLKSWAGEN,GOLF,AIR BAGS:FRONTAL:DRIVER SIDE:INFLATOR MODULE,"Volkswagen Group of America, Inc. (Volkswagen) is recalling certain model year 2010-2014 Golf, 2007-2010 Passat sedans and wagon, 2012-2014 Passat sedan and Eos, 2009-2014 CC, 2009-2012 Audi Q5, 2010-2012 S5 Cabriolet and 2010-2012 Audi A5 Cabriolet vehicles.  Upon deployment of the driver's frontal air bag, excessive internal pressure may cause the inflator to rupture. In the event of a crash necessitating deployment of the driver's frontal air bag, the inflator could rupture with metal fragments striking the vehicle occupants potentially resulting in serious injury or death. Volkswagen will notify owners, and dealers will replace the driver's frontal air bag inflators, free of charge.  Volkswagen issued an interim notification to owners on April 12, 2016, and will send a second notification when parts are available.  Volkswagen will notify owners again once parts are available. Volkswagen owners may contact Volkswagen customer service at 1-800-893-5298.  Audi owners may contact Audi customer service at 1-800-253-2834.","Volkswagen Group of America, Inc. (Volkswagen) is recalling certain model year 2010-2014 Golf, 2007-2010 Passat sedans and wagon, 2012-2014 Passat sedan and Eos, 2009-2014 CC, 2009-2012 Audi Q5, 2010-2012 S5 Cabriolet and 2010-2012 Audi A5 Cabriolet vehicles.  Upon deployment of the driver's frontal air bag, excessive internal pressure may cause the inflator to rupture.","In the event of a crash necessitating deployment of the driver's frontal air bag, the inflator could rupture with metal fragments striking the vehicle occupants potentially resulting in serious injury or death.","Volkswagen will notify owners, and dealers will replace the driver's frontal air bag inflators, free of charge.  Volkswagen issued an interim notification to owners on April 12, 2016, and will send a second notification when parts are available.  Volkswagen will notify owners again once parts are available. Volkswagen owners may contact Volkswagen customer service at 1-800-893-5298.  Audi owners may contact Audi customer service at 1-800-253-2834.",10/02/2016,nhtsa_recall
15V483000,2014,VOLKSWAGEN,GOLF,AIR BAGS:FRONTAL,"Volkswagen Group of America, Inc. (Volkswagen) is recalling certain model year 2010-2014 Volkswagen CC, and Passat, 2010-2013 Eos, 2011-2014 Golf, GTI, Jetta, and Tiguan, and 2012-2014 Jetta Sportwagen vehicles.  In the affected vehicles, debris may contaminate the air bag clock spring, a spiral wound, flat cable that keeps the air bag powered while the steering wheel is being turned.  This contamination may tear the cable and result in a loss of electrical connection to the driver's frontal air bag. A loss of electrical connection to the driver's frontal air bag will prevent the air bag from deploying in the event of a vehicle crash, increasing the risk of injury. Volkswagen will notify owners, and dealers will install a protective cover over the steering wheel clock spring if the air bag light is off.  If the airbag light is on and the steering wheel clock spring requires replacement, dealers will install a new steering wheel clock spring.  These repairs will be performed free of charge. The recall began on January 15, 2016.  Owners may contact Volkswagen customer service at 1-800-822-8987.","Volkswagen Group of America, Inc. (Volkswagen) is recalling certain model year 2010-2014 Volkswagen CC, and Passat, 2010-2013 Eos, 2011-2014 Golf, GTI, Jetta, and Tiguan, and 2012-2014 Jetta Sportwagen vehicles.  In the affected vehicles, debris may contaminate the air bag clock spring, a spiral wound, flat cable that keeps the air bag powered while the steering wheel is being turned.  This contamination may tear the cable and result in a loss of electrical connection to the driver's frontal air bag.","A loss of electrical connection to the driver's frontal air bag will prevent the air bag from deploying in the event of a vehicle crash, increasing the risk of injury.","Volkswagen will notify owners, and dealers will install a protective cover over the steering wheel clock spring if the air bag light is off.  If the airbag light is on and the steering wheel clock spring requires replacement, dealers will install a new steering wheel clock spring.  These repairs will be performed free of charge. The recall began on January 15, 2016.  Owners may contact Volkswagen customer service at 1-800-822-8987.",04/08/2015,nhtsa_recall
19V862000,2014,VOLKSWAGEN,GOLF,AIR BAGS:FRONTAL:DRIVER SIDE:INFLATOR MODULE,"Volkswagen Group of America, Inc. (Volkswagen) is recalling certain 2012-2015 Passat, 2011-2014 Golf A6, and 2011-2013 Audi A3 diesel vehicles, thought to have been previously repaired under one of the Takata air bag recalls.  The driver's side air bag inflator may explode due to propellant degradation occurring after long-term exposure to high absolute humidity, high temperatures, and high temperature cycling. An inflator explosion may result in sharp metal fragments striking the driver or other occupants resulting in serious injury or death. Volkswagen will notify owners, and dealers will replace the driver's side air bag inflators, free of charge.  The recall began December 20, 2019.  Owners may contact Volkswagen customer service at 1-800-893-5298 or Audi customer service at 1-800-253-2834.  Volkswagen's numbers for this recall are 69R6, 69Q8, 69Q9, and 69Y5.","Volkswagen Group of America, Inc. (Volkswagen) is recalling certain 2012-2015 Passat, 2011-2014 Golf A6, and 2011-2013 Audi A3 diesel vehicles, thought to have been previously repaired under one of the Takata air bag recalls.  The driver's side air bag inflator may explode due to propellant degradation occurring after long-term exposure to high absolute humidity, high temperatures, and high temperature cycling.",An inflator explosion may result in sharp metal fragments striking the driver or other occupants resulting in serious injury or death.,"Volkswagen will notify owners, and dealers will replace the driver's side air bag inflators, free of charge.  The recall began December 20, 2019.  Owners may contact Volkswagen customer service at 1-800-893-5298 or Audi customer service at 1-800-253-2834.  Volkswagen's numbers for this recall are 69R6, 69Q8, 69Q9, and 69Y5.",04/12/2019,nhtsa_recall
18V464000,2015,VOLKSWAGEN,GOLF,STEERING:COLUMN LOCKING:ANTI-THEFT DEVICE,"Volkswagen Group of America, Inc. (Volkswagen) is recalling certain 2015-2018 Volkswagen Golf and Golf Sportwagen vehicles.  The build of silicate on the shift lever micro switch contacts may enable the key to be removed from the ignition while the vehicle shift lever is not in ""Park.""  As such, these vehicles fail to comply with the requirements of Federal Motor Vehicle Safety Standard (FMVSS) number 114, ""Theft Protection and Rollaway Prevention."" Removing the key while the shift lever is in a position other than ""Park"" increases the risk of an unintended vehicle rollaway that may result in personal injury or a crash. Volkswagen will notify owners, and dealers will install an additional switch and circuit board, free of charge. The recall began March 19, 2019. Owners may contact Volkswagen customer service at 1-800-893-5298.  Volkswagen's number for this recall is 37L5.","Volkswagen Group of America, Inc. (Volkswagen) is recalling certain 2015-2018 Volkswagen Golf and Golf Sportwagen vehicles.  The build of silicate on the shift lever micro switch contacts may enable the key to be removed from the ignition while the vehicle shift lever is not in ""Park.""  As such, these vehicles fail to comply with the requirements of Federal Motor Vehicle Safety Standard (FMVSS) number 114, ""Theft Protection and Rollaway Prevention.""","Removing the key while the shift lever is in a position other than ""Park"" increases the risk of an unintended vehicle rollaway that may result in personal injury or a crash.","Volkswagen will notify owners, and dealers will install an additional switch and circuit board, free of charge. The recall began March 19, 2019. Owners may contact Volkswagen customer service at 1-800-893-5298.  Volkswagen's number for this recall is 37L5.",11/07/2018,nhtsa_recall
18V904000,2015,VOLKSWAGEN,GOLF,SUSPENSION:REAR:SPRINGS:COIL SPRINGS,"Volkswagen Group of America, Inc. (Volkswagen) is recalling certain 2018-2019 Volkswagen Atlas, 2015 Volkswagen Golf SportWagen, and 2019 Volkswagen Jetta vehicles.  The rear coil springs may prematurely fracture. If a coil spring fractures while driving, it may damage a rear tire causing a loss of vehicle control, increasing the risk of a crash. Volkswagen has notified owners, and dealers will replace the rear axle coil springs, free of charge.  The recall began January 31, 2019.  Owners may contact Volkswagen customer service at 1-800-893-5298.  Volkswagen's number for this recall is 42J2/42J3.","Volkswagen Group of America, Inc. (Volkswagen) is recalling certain 2018-2019 Volkswagen Atlas, 2015 Volkswagen Golf SportWagen, and 2019 Volkswagen Jetta vehicles.  The rear coil springs may prematurely fracture.","If a coil spring fractures while driving, it may damage a rear tire causing a loss of vehicle control, increasing the risk of a crash.","Volkswagen has notified owners, and dealers will replace the rear axle coil springs, free of charge.  The recall began January 31, 2019.  Owners may contact Volkswagen customer service at 1-800-893-5298.  Volkswagen's number for this recall is 42J2/42J3.",19/12/2018,nhtsa_recall
18V329000,2015,VOLKSWAGEN,GOLF,UNKNOWN OR OTHER,"Volkswagen Group of America, Inc. (Volkswagen) is recalling certain 2012-2016 Eos, 2012 Passat, 2012-2016 CC, 2015-2016 e-Golf, 2011-2015 Touareg, 2012-2015 and 2017 Tiguan, and 2011-2016 Golf and 2011-2013 GTI vehicles.  Modifications made while the vehicles were in an internal evaluation period may cause the affected vehicles to not comply with all of the applicable regulatory requirements. If the vehicles do not meet all regulatory requirements, there could be an increased risk of a crash, fire, or injury. Volkswagen will notify owners, and dealers will repair the vehicles to make them fully compliant or Volkswagen will repurchase them if necessary, free of charge.  The recall began November 29, 2018.  Owners may contact Volkswagen customer service at 1-800-893-5298.","Volkswagen Group of America, Inc. (Volkswagen) is recalling certain 2012-2016 Eos, 2012 Passat, 2012-2016 CC, 2015-2016 e-Golf, 2011-2015 Touareg, 2012-2015 and 2017 Tiguan, and 2011-2016 Golf and 2011-2013 GTI vehicles.  Modifications made while the vehicles were in an internal evaluation period may cause the affected vehicles to not comply with all of the applicable regulatory requirements.","If the vehicles do not meet all regulatory requirements, there could be an increased risk of a crash, fire, or injury.","Volkswagen will notify owners, and dealers will repair the vehicles to make them fully compliant or Volkswagen will repurchase them if necessary, free of charge.  The recall began November 29, 2018.  Owners may contact Volkswagen customer service at 1-800-893-5298.",16/05/2018,nhtsa_recall
19V188000,2015,VOLKSWAGEN,GOLF,SUSPENSION:REAR:SPRINGS:COIL SPRINGS,"Volkswagen Group of America, Inc. (Volkswagen) is recalling certain 2017-2019 Golf Sportwagen, 2019 Jetta, 2015-2019 Golf, and 2018-2019 Tiguan vehicles.  The rear coil springs may prematurely fracture. If a coil spring fractures while driving, it may damage a rear tire causing a loss of vehicle control, increasing the risk of a crash. Volkswagen will notify owners, and dealers will replace the rear axle coil springs, free of charge.  The recall began April 12, 2019.  Owners may contact Volkswagen customer service at 1-800-893-5298.  Volkswagen's number for this recall is 42J5.","Volkswagen Group of America, Inc. (Volkswagen) is recalling certain 2017-2019 Golf Sportwagen, 2019 Jetta, 2015-2019 Golf, and 2018-2019 Tiguan vehicles.  The rear coil springs may prematurely fracture.","If a coil spring fractures while driving, it may damage a rear tire causing a loss of vehicle control, increasing the risk of a crash.","Volkswagen will notify owners, and dealers will replace the rear axle coil springs, free of charge.  The recall began April 12, 2019.  Owners may contact Volkswagen customer service at 1-800-893-5298.  Volkswagen's number for this recall is 42J5.",06/03/2019,nhtsa_recall
19V615000,2015,VOLKSWAGEN,GOLF,ELECTRICAL SYSTEM:IGNITION:ANTI-THEFT:CONTROL MODULE,"Volkswagen Group of America, Inc. (Volkswagen) is recalling certain 2015-2019 GTI, 2015-2016 and 2018-2019 Golf, 2012-2019 Beetle and Beetle Convertible, 2017-2019 Golf SportWagen and 2011-2018 Jetta vehicles equipped with an automatic transmission, manual handbrake and keyless entry.  A build-up of silicate on the shift lever micro switch contacts may enable the key to be removed from the ignition when the transmission shift lever is not in ""Park."" Removing the key while the shift lever is in a position other than ""Park"" increases the risk of an unintended vehicle rollaway that may result in personal injury or a crash. Volkswagen will notify owners, and dealers will install an additional switch and circuit board, free of charge.  The recall began November 19, 2019. Owners may contact Volkswagen customer service at 1-800-893-5298.  Volkswagen's number for this recall is 37M2.","Volkswagen Group of America, Inc. (Volkswagen) is recalling certain 2015-2019 GTI, 2015-2016 and 2018-2019 Golf, 2012-2019 Beetle and Beetle Convertible, 2017-2019 Golf SportWagen and 2011-2018 Jetta vehicles equipped with an automatic transmission, manual handbrake and keyless entry.  A build-up of silicate on the shift lever micro switch contacts may enable the key to be removed from the ignition when the transmission shift lever is not in ""Park.""","Removing the key while the shift lever is in a position other than ""Park"" increases the risk of an unintended vehicle rollaway that may result in personal injury or a crash.","Volkswagen will notify owners, and dealers will install an additional switch and circuit board, free of charge.  The recall began November 19, 2019. Owners may contact Volkswagen customer service at 1-800-893-5298.  Volkswagen's number for this recall is 37M2.",22/08/2019,nhtsa_recall
16V647000,2015,VOLKSWAGEN,GOLF,"FUEL SYSTEM, GASOLINE","Volkswagen Group of America, Inc. (Volkswagen) is recalling certain model year 2015-2016 Volkswagen Golf, Golf SportWagen, GTI, Audi A3 sedan and A3 Cabriolet vehicles.  Due to a problem with the suction pump inside the fuel tank, fuel may flow into the evaporative emissions (EVAP) system. As fuel accumulates in the EVAP system, it may leak out through the charcoal canister filter element.  A fuel leak in the presence of an ignition source increases the risk of a fire. Volkswagen will notify owners, and dealers will replace the suction pump, free of charge.  The recall began November 2016.  Volkswagen owners may contact Volkswagen customer service at 1-800-893-5298, Audi owners may contact Audi customer service at 1-800-253-2834.  Volkswagen's numbers for this recall are 20Y6 and 20Y5.  This recall has been fully superseded by recall 24V-110.","Volkswagen Group of America, Inc. (Volkswagen) is recalling certain model year 2015-2016 Volkswagen Golf, Golf SportWagen, GTI, Audi A3 sedan and A3 Cabriolet vehicles.  Due to a problem with the suction pump inside the fuel tank, fuel may flow into the evaporative emissions (EVAP) system.","As fuel accumulates in the EVAP system, it may leak out through the charcoal canister filter element.  A fuel leak in the presence of an ignition source increases the risk of a fire.","Volkswagen will notify owners, and dealers will replace the suction pump, free of charge.  The recall began November 2016.  Volkswagen owners may contact Volkswagen customer service at 1-800-893-5298, Audi owners may contact Audi customer service at 1-800-253-2834.  Volkswagen's numbers for this recall are 20Y6 and 20Y5.  This recall has been fully superseded by recall 24V-110.",07/09/2016,nhtsa_recall
15V627000,2015,VOLKSWAGEN,GOLF,AIR BAGS:FRONTAL:SENSOR/CONTROL MODULE-INACTIVE,"Volkswagen Group of America, Inc. (Volkswagen) is recalling certain model year 2015 Jetta vehicles manufactured September 8, 2014, to November 28, 2014, Golf vehicles manufactured April 2, 2014, to December 3, 2014, and E-Golf vehicles manufactured July 26, 2014, to October 18, 2014.  The affected vehicles are equipped a Passenger Occupant Detection System (PODS) that may have been manufactured improperly.  As a result, the front passenger seat occupant may be improperly classified or may not be detected. In the event of a crash, if the front passenger seat occupant is incorrectly classified or non-detected, the passenger frontal air bag may deploy improperly or not at all, increasing the risk of occupant injury. Volkswagen will notify owners, and dealers will replace the PODS control module, free of charge.  The recall began on November 20, 2015.  Owners may contact Volkswagen customer service at 1-800-893-5298.  Volkswgen's number for this recall is 69L6.","Volkswagen Group of America, Inc. (Volkswagen) is recalling certain model year 2015 Jetta vehicles manufactured September 8, 2014, to November 28, 2014, Golf vehicles manufactured April 2, 2014, to December 3, 2014, and E-Golf vehicles manufactured July 26, 2014, to October 18, 2014.  The affected vehicles are equipped a Passenger Occupant Detection System (PODS) that may have been manufactured improperly.  As a result, the front passenger seat occupant may be improperly classified or may not be detected.","In the event of a crash, if the front passenger seat occupant is incorrectly classified or non-detected, the passenger frontal air bag may deploy improperly or not at all, increasing the risk of occupant injury.","Volkswagen will notify owners, and dealers will replace the PODS control module, free of charge.  The recall began on November 20, 2015.  Owners may contact Volkswagen customer service at 1-800-893-5298.  Volkswgen's number for this recall is 69L6.",07/10/2015,nhtsa_recall
14V412000,2015,VOLKSWAGEN,GOLF,STEERING,"Volkswagen Group of America, Inc. (Volkswagen) is recalling certain model year 2015 Golf and GTI vehicles manufactured January 27, 2014, to May 12, 2014.  In the affected vehicles, the stabilizer link fasteners may come loose and possibly interfere with the steering of the vehicle. A loose stabilizer link may interfere with the vehicle's steering, requiring additional effort to control the vehicle, increasing the risk of a crash. Volkswagen will notify owners, and dealers will replace the front stabilizer links, free of charge.  The recall began in July 2014.  Owners may contact Volkswagen customer service at 1-800-822-8987.  Volkswagen's number for this recall is 40K9/1W.","Volkswagen Group of America, Inc. (Volkswagen) is recalling certain model year 2015 Golf and GTI vehicles manufactured January 27, 2014, to May 12, 2014.  In the affected vehicles, the stabilizer link fasteners may come loose and possibly interfere with the steering of the vehicle.","A loose stabilizer link may interfere with the vehicle's steering, requiring additional effort to control the vehicle, increasing the risk of a crash.","Volkswagen will notify owners, and dealers will replace the front stabilizer links, free of charge.  The recall began in July 2014.  Owners may contact Volkswagen customer service at 1-800-822-8987.  Volkswagen's number for this recall is 40K9/1W.",07/07/2014,nhtsa_recall
15V028000,2015,VOLKSWAGEN,GOLF,"FUEL SYSTEM, GASOLINE:FUEL INJECTION SYSTEM:FUEL RAIL","Volkswagen Group of America, Inc. (Volkswagen) is recalling certain model year 2014-2015 Jetta vehicles manufactured March 28, 2014, to November 24, 2014, 2014-2015 Passat vehicles manufactured April 7, 2014, to November 18, 2014, 2015 Golf and GTI vehicles manufactured July 1, 2014, to November 20, 2014, and 2014-2015 Beetle and Beetle Convertible vehicles manufactured March 31, 2014, to November 27, 2014.  A sealing cap at the fuel rail may fail, allowing fuel to leak into the engine compartment. A fuel leak, in the presence of an ignition source, can result in a vehicle fire. Volkswagen will notify owners, and dealers will replace the fuel rails with new parts, free of charge.  The recall began February 6, 2015. Owners may contact Volkswagen customer service at 1-800-822-8987.  Volkswagen's number for this recall is 24BL.  Note: This recall expands and supersedes recall 14V-809 (Volkswagen recall number 24Bi) and only affects vehicles not previously repaired under that campaign.","Volkswagen Group of America, Inc. (Volkswagen) is recalling certain model year 2014-2015 Jetta vehicles manufactured March 28, 2014, to November 24, 2014, 2014-2015 Passat vehicles manufactured April 7, 2014, to November 18, 2014, 2015 Golf and GTI vehicles manufactured July 1, 2014, to November 20, 2014, and 2014-2015 Beetle and Beetle Convertible vehicles manufactured March 31, 2014, to November 27, 2014.  A sealing cap at the fuel rail may fail, allowing fuel to leak into the engine compartment.","A fuel leak, in the presence of an ignition source, can result in a vehicle fire.","Volkswagen will notify owners, and dealers will replace the fuel rails with new parts, free of charge.  The recall began February 6, 2015. Owners may contact Volkswagen customer service at 1-800-822-8987.  Volkswagen's number for this recall is 24BL.  Note: This recall expands and supersedes recall 14V-809 (Volkswagen recall number 24Bi) and only affects vehicles not previously repaired under that campaign.",23/01/2015,nhtsa_recall
15V229000,2015,VOLKSWAGEN,GOLF,"FUEL SYSTEM, GASOLINE:DELIVERY:FUEL PUMP","Volkswagen Group of America, Inc. (Volkswagen) is recalling certain model year 2015 Volkswagen Golf, and GTI manufactured on February 17, 2014, to May 22, 2014, and Audi A3 manufactured on February 16, 2013, to April 23, 2014.  Improper nickel plating of components within the fuel pump may result in the fuel pump failing. If the fuel pump fails, the vehicle will not start, or if the engine is running, it will stop and the vehicle will stall, increasing the risk of a crash. Volkswagen will notify owners, and dealers will inspect the vehicles and replace any affected fuel pumps, free of charge.  The recall began on June 16, 2015.  Owners may contact Volkswagen at 1-800-893-5298  or Audi at 1-800-253-2834.","Volkswagen Group of America, Inc. (Volkswagen) is recalling certain model year 2015 Volkswagen Golf, and GTI manufactured on February 17, 2014, to May 22, 2014, and Audi A3 manufactured on February 16, 2013, to April 23, 2014.  Improper nickel plating of components within the fuel pump may result in the fuel pump failing.","If the fuel pump fails, the vehicle will not start, or if the engine is running, it will stop and the vehicle will stall, increasing the risk of a crash.","Volkswagen will notify owners, and dealers will inspect the vehicles and replace any affected fuel pumps, free of charge.  The recall began on June 16, 2015.  Owners may contact Volkswagen at 1-800-893-5298  or Audi at 1-800-253-2834.",17/04/2015,nhtsa_recall
15V705000,2015,VOLKSWAGEN,GOLF,ENGINE AND ENGINE COOLING:ENGINE,"Volkswagen Group of America, Inc. (Volkswagen) is recalling certain model year 2015-2016 Jetta, Beetle, Beetle Convertible, Passat, Golf and Golf SportWagen vehicles.  In the affected vehicles, the camshaft lobe that drives the brake vacuum pump may shear off, resulting in a loss of brake assist. If the camshaft lobe shears off there would be a loss of brake assist, lengthening the distance needed to stop the vehicle and increasing the risk of a crash. Volkswagen dealer will update the engine control module (ECM) software. The recall began March 2016.  Owners may contact Volkswagen customer service at 1-800-822-8987.  Volkswagen's number for this recall is 23R1.","Volkswagen Group of America, Inc. (Volkswagen) is recalling certain model year 2015-2016 Jetta, Beetle, Beetle Convertible, Passat, Golf and Golf SportWagen vehicles.  In the affected vehicles, the camshaft lobe that drives the brake vacuum pump may shear off, resulting in a loss of brake assist.","If the camshaft lobe shears off there would be a loss of brake assist, lengthening the distance needed to stop the vehicle and increasing the risk of a crash.",Volkswagen dealer will update the engine control module (ECM) software. The recall began March 2016.  Owners may contact Volkswagen customer service at 1-800-822-8987.  Volkswagen's number for this recall is 23R1.,26/10/2015,nhtsa_recall
24V110000,2015,VOLKSWAGEN,GOLF,"FUEL SYSTEM, GASOLINE","Volkswagen Group of America, Inc. (Volkswagen) is recalling certain front-wheel drive 2015-2020 Audi A3 Sedan, 2015-2019 Audi A3 Cabriolet, 2019-2020 Volkswagen Jetta GLI, 2018 Golf Sportwagen GP, 2018-2019 Golf Sportwagen A7, 2015-2017 Golf Sportwagen, 2015-2020 Golf GTI, and 2015-2020 Golf A7 vehicles.  Due to a problem with a suction jet pump seal inside the fuel tank, fuel may flow into the evaporative emissions (EVAP) system and possibly leak out of the charcoal canister. A fuel leak in the presence of an ignition source increases the risk of a fire. Dealers will replace the suction pump, free of charge.  Final owner notification letters for Audi owners were mailed on July 25, 2024.  Final owner letters for VW owners were mailed on August 13, 2024.  Owners may contact Volkswagen customer service at 1-800-893-5298 or Audi customer service at 1-800-253-2834.  Volkswagen's numbers for this recall are VW: 20UF/Audi: 20YF.  Vehicles that were previously recalled under 16V-647 will need to have the new remedy completed.  This recall expands and replaces previous recall number 16V-647.","Volkswagen Group of America, Inc. (Volkswagen) is recalling certain front-wheel drive 2015-2020 Audi A3 Sedan, 2015-2019 Audi A3 Cabriolet, 2019-2020 Volkswagen Jetta GLI, 2018 Golf Sportwagen GP, 2018-2019 Golf Sportwagen A7, 2015-2017 Golf Sportwagen, 2015-2020 Golf GTI, and 2015-2020 Golf A7 vehicles.  Due to a problem with a suction jet pump seal inside the fuel tank, fuel may flow into the evaporative emissions (EVAP) system and possibly leak out of the charcoal canister.",A fuel leak in the presence of an ignition source increases the risk of a fire.,"Dealers will replace the suction pump, free of charge.  Final owner notification letters for Audi owners were mailed on July 25, 2024.  Final owner letters for VW owners were mailed on August 13, 2024.  Owners may contact Volkswagen customer service at 1-800-893-5298 or Audi customer service at 1-800-253-2834.  Volkswagen's numbers for this recall are VW: 20UF/Audi: 20YF.  Vehicles that were previously recalled under 16V-647 will need to have the new remedy completed.  This recall expands and replaces previous recall number 16V-647.",14/02/2024,nhtsa_recall
18V464000,2016,VOLKSWAGEN,GOLF,STEERING:COLUMN LOCKING:ANTI-THEFT DEVICE,"Volkswagen Group of America, Inc. (Volkswagen) is recalling certain 2015-2018 Volkswagen Golf and Golf Sportwagen vehicles.  The build of silicate on the shift lever micro switch contacts may enable the key to be removed from the ignition while the vehicle shift lever is not in ""Park.""  As such, these vehicles fail to comply with the requirements of Federal Motor Vehicle Safety Standard (FMVSS) number 114, ""Theft Protection and Rollaway Prevention."" Removing the key while the shift lever is in a position other than ""Park"" increases the risk of an unintended vehicle rollaway that may result in personal injury or a crash. Volkswagen will notify owners, and dealers will install an additional switch and circuit board, free of charge. The recall began March 19, 2019. Owners may contact Volkswagen customer service at 1-800-893-5298.  Volkswagen's number for this recall is 37L5.","Volkswagen Group of America, Inc. (Volkswagen) is recalling certain 2015-2018 Volkswagen Golf and Golf Sportwagen vehicles.  The build of silicate on the shift lever micro switch contacts may enable the key to be removed from the ignition while the vehicle shift lever is not in ""Park.""  As such, these vehicles fail to comply with the requirements of Federal Motor Vehicle Safety Standard (FMVSS) number 114, ""Theft Protection and Rollaway Prevention.""","Removing the key while the shift lever is in a position other than ""Park"" increases the risk of an unintended vehicle rollaway that may result in personal injury or a crash.","Volkswagen will notify owners, and dealers will install an additional switch and circuit board, free of charge. The recall began March 19, 2019. Owners may contact Volkswagen customer service at 1-800-893-5298.  Volkswagen's number for this recall is 37L5.",11/07/2018,nhtsa_recall
18V329000,2016,VOLKSWAGEN,GOLF,UNKNOWN OR OTHER,"Volkswagen Group of America, Inc. (Volkswagen) is recalling certain 2012-2016 Eos, 2012 Passat, 2012-2016 CC, 2015-2016 e-Golf, 2011-2015 Touareg, 2012-2015 and 2017 Tiguan, and 2011-2016 Golf and 2011-2013 GTI vehicles.  Modifications made while the vehicles were in an internal evaluation period may cause the affected vehicles to not comply with all of the applicable regulatory requirements. If the vehicles do not meet all regulatory requirements, there could be an increased risk of a crash, fire, or injury. Volkswagen will notify owners, and dealers will repair the vehicles to make them fully compliant or Volkswagen will repurchase them if necessary, free of charge.  The recall began November 29, 2018.  Owners may contact Volkswagen customer service at 1-800-893-5298.","Volkswagen Group of America, Inc. (Volkswagen) is recalling certain 2012-2016 Eos, 2012 Passat, 2012-2016 CC, 2015-2016 e-Golf, 2011-2015 Touareg, 2012-2015 and 2017 Tiguan, and 2011-2016 Golf and 2011-2013 GTI vehicles.  Modifications made while the vehicles were in an internal evaluation period may cause the affected vehicles to not comply with all of the applicable regulatory requirements.","If the vehicles do not meet all regulatory requirements, there could be an increased risk of a crash, fire, or injury.","Volkswagen will notify owners, and dealers will repair the vehicles to make them fully compliant or Volkswagen will repurchase them if necessary, free of charge.  The recall began November 29, 2018.  Owners may contact Volkswagen customer service at 1-800-893-5298.",16/05/2018,nhtsa_recall
19V188000,2016,VOLKSWAGEN,GOLF,SUSPENSION:REAR:SPRINGS:COIL SPRINGS,"Volkswagen Group of America, Inc. (Volkswagen) is recalling certain 2017-2019 Golf Sportwagen, 2019 Jetta, 2015-2019 Golf, and 2018-2019 Tiguan vehicles.  The rear coil springs may prematurely fracture. If a coil spring fractures while driving, it may damage a rear tire causing a loss of vehicle control, increasing the risk of a crash. Volkswagen will notify owners, and dealers will replace the rear axle coil springs, free of charge.  The recall began April 12, 2019.  Owners may contact Volkswagen customer service at 1-800-893-5298.  Volkswagen's number for this recall is 42J5.","Volkswagen Group of America, Inc. (Volkswagen) is recalling certain 2017-2019 Golf Sportwagen, 2019 Jetta, 2015-2019 Golf, and 2018-2019 Tiguan vehicles.  The rear coil springs may prematurely fracture.","If a coil spring fractures while driving, it may damage a rear tire causing a loss of vehicle control, increasing the risk of a crash.","Volkswagen will notify owners, and dealers will replace the rear axle coil springs, free of charge.  The recall began April 12, 2019.  Owners may contact Volkswagen customer service at 1-800-893-5298.  Volkswagen's number for this recall is 42J5.",06/03/2019,nhtsa_recall
19V615000,2016,VOLKSWAGEN,GOLF,ELECTRICAL SYSTEM:IGNITION:ANTI-THEFT:CONTROL MODULE,"Volkswagen Group of America, Inc. (Volkswagen) is recalling certain 2015-2019 GTI, 2015-2016 and 2018-2019 Golf, 2012-2019 Beetle and Beetle Convertible, 2017-2019 Golf SportWagen and 2011-2018 Jetta vehicles equipped with an automatic transmission, manual handbrake and keyless entry.  A build-up of silicate on the shift lever micro switch contacts may enable the key to be removed from the ignition when the transmission shift lever is not in ""Park."" Removing the key while the shift lever is in a position other than ""Park"" increases the risk of an unintended vehicle rollaway that may result in personal injury or a crash. Volkswagen will notify owners, and dealers will install an additional switch and circuit board, free of charge.  The recall began November 19, 2019. Owners may contact Volkswagen customer service at 1-800-893-5298.  Volkswagen's number for this recall is 37M2.","Volkswagen Group of America, Inc. (Volkswagen) is recalling certain 2015-2019 GTI, 2015-2016 and 2018-2019 Golf, 2012-2019 Beetle and Beetle Convertible, 2017-2019 Golf SportWagen and 2011-2018 Jetta vehicles equipped with an automatic transmission, manual handbrake and keyless entry.  A build-up of silicate on the shift lever micro switch contacts may enable the key to be removed from the ignition when the transmission shift lever is not in ""Park.""","Removing the key while the shift lever is in a position other than ""Park"" increases the risk of an unintended vehicle rollaway that may result in personal injury or a crash.","Volkswagen will notify owners, and dealers will install an additional switch and circuit board, free of charge.  The recall began November 19, 2019. Owners may contact Volkswagen customer service at 1-800-893-5298.  Volkswagen's number for this recall is 37M2.",22/08/2019,nhtsa_recall
16V403000,2016,VOLKSWAGEN,GOLF,"FUEL SYSTEM, GASOLINE:FUEL INJECTION SYSTEM:FUEL RAIL","Volkswagen Group of America, Inc. (Volkswagen) is recalling certain model year 2016 Jetta vehicles manufactured October 31, 2015, to January 21, 2016, 2016 Passat vehicles, equipped with 1.8T engines manufactured November 13, 2015, to December 9, 2015, and 2016 Golf vehicles manufactured November 5, 2015, to November 11, 2015.  In the affected vehicles, the fuel rail may detach from the cylinder head and result in a fuel leak. A fuel leak, in the presence of an ignition source, can result in a vehicle fire. Volkswagen will notify owners, and dealers will replace the cylinder heads, free of charge.  The manufacturer has not yet provided a notification schedule.  Owners may contact Volkswagen customer service at 1-800-822-8987.  Volkswagen's number for this recall is 15F7.","Volkswagen Group of America, Inc. (Volkswagen) is recalling certain model year 2016 Jetta vehicles manufactured October 31, 2015, to January 21, 2016, 2016 Passat vehicles, equipped with 1.8T engines manufactured November 13, 2015, to December 9, 2015, and 2016 Golf vehicles manufactured November 5, 2015, to November 11, 2015.  In the affected vehicles, the fuel rail may detach from the cylinder head and result in a fuel leak.","A fuel leak, in the presence of an ignition source, can result in a vehicle fire.","Volkswagen will notify owners, and dealers will replace the cylinder heads, free of charge.  The manufacturer has not yet provided a notification schedule.  Owners may contact Volkswagen customer service at 1-800-822-8987.  Volkswagen's number for this recall is 15F7.",06/06/2016,nhtsa_recall
16V647000,2016,VOLKSWAGEN,GOLF,"FUEL SYSTEM, GASOLINE","Volkswagen Group of America, Inc. (Volkswagen) is recalling certain model year 2015-2016 Volkswagen Golf, Golf SportWagen, GTI, Audi A3 sedan and A3 Cabriolet vehicles.  Due to a problem with the suction pump inside the fuel tank, fuel may flow into the evaporative emissions (EVAP) system. As fuel accumulates in the EVAP system, it may leak out through the charcoal canister filter element.  A fuel leak in the presence of an ignition source increases the risk of a fire. Volkswagen will notify owners, and dealers will replace the suction pump, free of charge.  The recall began November 2016.  Volkswagen owners may contact Volkswagen customer service at 1-800-893-5298, Audi owners may contact Audi customer service at 1-800-253-2834.  Volkswagen's numbers for this recall are 20Y6 and 20Y5.  This recall has been fully superseded by recall 24V-110.","Volkswagen Group of America, Inc. (Volkswagen) is recalling certain model year 2015-2016 Volkswagen Golf, Golf SportWagen, GTI, Audi A3 sedan and A3 Cabriolet vehicles.  Due to a problem with the suction pump inside the fuel tank, fuel may flow into the evaporative emissions (EVAP) system.","As fuel accumulates in the EVAP system, it may leak out through the charcoal canister filter element.  A fuel leak in the presence of an ignition source increases the risk of a fire.","Volkswagen will notify owners, and dealers will replace the suction pump, free of charge.  The recall began November 2016.  Volkswagen owners may contact Volkswagen customer service at 1-800-893-5298, Audi owners may contact Audi customer service at 1-800-253-2834.  Volkswagen's numbers for this recall are 20Y6 and 20Y5.  This recall has been fully superseded by recall 24V-110.",07/09/2016,nhtsa_recall
15V705000,2016,VOLKSWAGEN,GOLF,ENGINE AND ENGINE COOLING:ENGINE,"Volkswagen Group of America, Inc. (Volkswagen) is recalling certain model year 2015-2016 Jetta, Beetle, Beetle Convertible, Passat, Golf and Golf SportWagen vehicles.  In the affected vehicles, the camshaft lobe that drives the brake vacuum pump may shear off, resulting in a loss of brake assist. If the camshaft lobe shears off there would be a loss of brake assist, lengthening the distance needed to stop the vehicle and increasing the risk of a crash. Volkswagen dealer will update the engine control module (ECM) software. The recall began March 2016.  Owners may contact Volkswagen customer service at 1-800-822-8987.  Volkswagen's number for this recall is 23R1.","Volkswagen Group of America, Inc. (Volkswagen) is recalling certain model year 2015-2016 Jetta, Beetle, Beetle Convertible, Passat, Golf and Golf SportWagen vehicles.  In the affected vehicles, the camshaft lobe that drives the brake vacuum pump may shear off, resulting in a loss of brake assist.","If the camshaft lobe shears off there would be a loss of brake assist, lengthening the distance needed to stop the vehicle and increasing the risk of a crash.",Volkswagen dealer will update the engine control module (ECM) software. The recall began March 2016.  Owners may contact Volkswagen customer service at 1-800-822-8987.  Volkswagen's number for this recall is 23R1.,26/10/2015,nhtsa_recall
22V543000,2016,VOLKSWAGEN,GOLF,AIR BAGS:FRONTAL:PASSENGER SIDE:INFLATOR MODULE,"Volkswagen Group of America, Inc. (Volkswagen) is recalling certain 2016 Audi TT Roadster, TT Coupe, S3 Sedan, R8 Coupe, A3 Sedan, A3 Etron, A3 Cabriolet, 2016 Golf Sportwagen, Golf R, Golf GTI, Golf A7, and E Golf vehicles.  During air bag deployment, the front passenger air bag may explode or deploy improperly. An inflator explosion may result in sharp metal fragments striking occupants, resulting in serious injury or death.  An improper air bag deployment may not properly restrain the occupant, increasing their risk of injury in a crash. Dealers will replace the front-passenger air bag module, free of charge.  Owner notification letters were mailed December 16, 2022.  Owners may contact Volkswagen's customer service at 1-800-893-5298.  Audi's customer service at 1-800-253-2834.  Volkswagen's number for this recall is 69DY and 61C1.","Volkswagen Group of America, Inc. (Volkswagen) is recalling certain 2016 Audi TT Roadster, TT Coupe, S3 Sedan, R8 Coupe, A3 Sedan, A3 Etron, A3 Cabriolet, 2016 Golf Sportwagen, Golf R, Golf GTI, Golf A7, and E Golf vehicles.  During air bag deployment, the front passenger air bag may explode or deploy improperly.","An inflator explosion may result in sharp metal fragments striking occupants, resulting in serious injury or death.  An improper air bag deployment may not properly restrain the occupant, increasing their risk of injury in a crash.","Dealers will replace the front-passenger air bag module, free of charge.  Owner notification letters were mailed December 16, 2022.  Owners may contact Volkswagen's customer service at 1-800-893-5298.  Audi's customer service at 1-800-253-2834.  Volkswagen's number for this recall is 69DY and 61C1.",27/07/2022,nhtsa_recall
24V110000,2016,VOLKSWAGEN,GOLF,"FUEL SYSTEM, GASOLINE","Volkswagen Group of America, Inc. (Volkswagen) is recalling certain front-wheel drive 2015-2020 Audi A3 Sedan, 2015-2019 Audi A3 Cabriolet, 2019-2020 Volkswagen Jetta GLI, 2018 Golf Sportwagen GP, 2018-2019 Golf Sportwagen A7, 2015-2017 Golf Sportwagen, 2015-2020 Golf GTI, and 2015-2020 Golf A7 vehicles.  Due to a problem with a suction jet pump seal inside the fuel tank, fuel may flow into the evaporative emissions (EVAP) system and possibly leak out of the charcoal canister. A fuel leak in the presence of an ignition source increases the risk of a fire. Dealers will replace the suction pump, free of charge.  Final owner notification letters for Audi owners were mailed on July 25, 2024.  Final owner letters for VW owners were mailed on August 13, 2024.  Owners may contact Volkswagen customer service at 1-800-893-5298 or Audi customer service at 1-800-253-2834.  Volkswagen's numbers for this recall are VW: 20UF/Audi: 20YF.  Vehicles that were previously recalled under 16V-647 will need to have the new remedy completed.  This recall expands and replaces previous recall number 16V-647.","Volkswagen Group of America, Inc. (Volkswagen) is recalling certain front-wheel drive 2015-2020 Audi A3 Sedan, 2015-2019 Audi A3 Cabriolet, 2019-2020 Volkswagen Jetta GLI, 2018 Golf Sportwagen GP, 2018-2019 Golf Sportwagen A7, 2015-2017 Golf Sportwagen, 2015-2020 Golf GTI, and 2015-2020 Golf A7 vehicles.  Due to a problem with a suction jet pump seal inside the fuel tank, fuel may flow into the evaporative emissions (EVAP) system and possibly leak out of the charcoal canister.",A fuel leak in the presence of an ignition source increases the risk of a fire.,"Dealers will replace the suction pump, free of charge.  Final owner notification letters for Audi owners were mailed on July 25, 2024.  Final owner letters for VW owners were mailed on August 13, 2024.  Owners may contact Volkswagen customer service at 1-800-893-5298 or Audi customer service at 1-800-253-2834.  Volkswagen's numbers for this recall are VW: 20UF/Audi: 20YF.  Vehicles that were previously recalled under 16V-647 will need to have the new remedy completed.  This recall expands and replaces previous recall number 16V-647.",14/02/2024,nhtsa_recall
18V464000,2017,VOLKSWAGEN,GOLF,STEERING:COLUMN LOCKING:ANTI-THEFT DEVICE,"Volkswagen Group of America, Inc. (Volkswagen) is recalling certain 2015-2018 Volkswagen Golf and Golf Sportwagen vehicles.  The build of silicate on the shift lever micro switch contacts may enable the key to be removed from the ignition while the vehicle shift lever is not in ""Park.""  As such, these vehicles fail to comply with the requirements of Federal Motor Vehicle Safety Standard (FMVSS) number 114, ""Theft Protection and Rollaway Prevention."" Removing the key while the shift lever is in a position other than ""Park"" increases the risk of an unintended vehicle rollaway that may result in personal injury or a crash. Volkswagen will notify owners, and dealers will install an additional switch and circuit board, free of charge. The recall began March 19, 2019. Owners may contact Volkswagen customer service at 1-800-893-5298.  Volkswagen's number for this recall is 37L5.","Volkswagen Group of America, Inc. (Volkswagen) is recalling certain 2015-2018 Volkswagen Golf and Golf Sportwagen vehicles.  The build of silicate on the shift lever micro switch contacts may enable the key to be removed from the ignition while the vehicle shift lever is not in ""Park.""  As such, these vehicles fail to comply with the requirements of Federal Motor Vehicle Safety Standard (FMVSS) number 114, ""Theft Protection and Rollaway Prevention.""","Removing the key while the shift lever is in a position other than ""Park"" increases the risk of an unintended vehicle rollaway that may result in personal injury or a crash.","Volkswagen will notify owners, and dealers will install an additional switch and circuit board, free of charge. The recall began March 19, 2019. Owners may contact Volkswagen customer service at 1-800-893-5298.  Volkswagen's number for this recall is 37L5.",11/07/2018,nhtsa_recall
19V188000,2017,VOLKSWAGEN,GOLF,SUSPENSION:REAR:SPRINGS:COIL SPRINGS,"Volkswagen Group of America, Inc. (Volkswagen) is recalling certain 2017-2019 Golf Sportwagen, 2019 Jetta, 2015-2019 Golf, and 2018-2019 Tiguan vehicles.  The rear coil springs may prematurely fracture. If a coil spring fractures while driving, it may damage a rear tire causing a loss of vehicle control, increasing the risk of a crash. Volkswagen will notify owners, and dealers will replace the rear axle coil springs, free of charge.  The recall began April 12, 2019.  Owners may contact Volkswagen customer service at 1-800-893-5298.  Volkswagen's number for this recall is 42J5.","Volkswagen Group of America, Inc. (Volkswagen) is recalling certain 2017-2019 Golf Sportwagen, 2019 Jetta, 2015-2019 Golf, and 2018-2019 Tiguan vehicles.  The rear coil springs may prematurely fracture.","If a coil spring fractures while driving, it may damage a rear tire causing a loss of vehicle control, increasing the risk of a crash.","Volkswagen will notify owners, and dealers will replace the rear axle coil springs, free of charge.  The recall began April 12, 2019.  Owners may contact Volkswagen customer service at 1-800-893-5298.  Volkswagen's number for this recall is 42J5.",06/03/2019,nhtsa_recall
16V955000,2017,VOLKSWAGEN,GOLF,SEAT BELTS:PRETENSIONER,"Volkswagen Group of America, Inc. (Volkswagen) is recalling certain model year 2017 Audi A7, A4, A6, Volkswagen Golf and Tiguan vehicles and 2016 Volkswagen e-Golf vehicles for driver frontal air bags, passenger frontal air bags or head air bags that may not deploy properly.  Additionally, certain 2017 Audi Q7, A4 Sedan, A4 Allroad, and 2018 Audi Q5 vehicles are being recalled because the seat belt pretensioners may not activate properly. In the event of a crash, if the air bags and/or the seat belt pretensioners do not inflate or function properly, the vehicle occupants have an increased risk of injury. Volkswagen and Audi will notify owners, and dealers will replace the affected air bags and seat belt pretensioners, free of charge. The recall began April 2017.  Owners may contact Volkswagen customer service at 1-800-893-5298 or Audi customer service at 1-800-253-2834.","Volkswagen Group of America, Inc. (Volkswagen) is recalling certain model year 2017 Audi A7, A4, A6, Volkswagen Golf and Tiguan vehicles and 2016 Volkswagen e-Golf vehicles for driver frontal air bags, passenger frontal air bags or head air bags that may not deploy properly.  Additionally, certain 2017 Audi Q7, A4 Sedan, A4 Allroad, and 2018 Audi Q5 vehicles are being recalled because the seat belt pretensioners may not activate properly.","In the event of a crash, if the air bags and/or the seat belt pretensioners do not inflate or function properly, the vehicle occupants have an increased risk of injury.","Volkswagen and Audi will notify owners, and dealers will replace the affected air bags and seat belt pretensioners, free of charge. The recall began April 2017.  Owners may contact Volkswagen customer service at 1-800-893-5298 or Audi customer service at 1-800-253-2834.",29/12/2016,nhtsa_recall
21V321000,2017,VOLKSWAGEN,GOLF,UNKNOWN OR OTHER,"Volkswagen Group of America, Inc. (Volkswagen) is recalling certain 2017 Touareg GP, Tiguan, Golf A6, E-Golf GP, CCF, 2016-2017 Passat GP, 2018-2019 Golf R GP, and 2018 Atlas vehicles.  These internal-use vehicles were sold without confirmation that they were built to all applicable regulatory requirements and may have been modified prior to sale.  As such, these vehicles may fail to comply with the requirements of various Federal Motor Vehicle Safety Standards. Vehicles that do not meet all regulatory requirements may have an increased risk of injury, crash, or fire. Volkswagen will repurchase the vehicles.  Owner notification letters were mailed May 20, 2021.  Owners may contact Volkswagen customer service at 1-800-893-5298.  Volkswagen's number for this recall is 01F1.","Volkswagen Group of America, Inc. (Volkswagen) is recalling certain 2017 Touareg GP, Tiguan, Golf A6, E-Golf GP, CCF, 2016-2017 Passat GP, 2018-2019 Golf R GP, and 2018 Atlas vehicles.  These internal-use vehicles were sold without confirmation that they were built to all applicable regulatory requirements and may have been modified prior to sale.  As such, these vehicles may fail to comply with the requirements of various Federal Motor Vehicle Safety Standards.","Vehicles that do not meet all regulatory requirements may have an increased risk of injury, crash, or fire.","Volkswagen will repurchase the vehicles.  Owner notification letters were mailed May 20, 2021.  Owners may contact Volkswagen customer service at 1-800-893-5298.  Volkswagen's number for this recall is 01F1.",05/05/2021,nhtsa_recall
24V110000,2017,VOLKSWAGEN,GOLF,"FUEL SYSTEM, GASOLINE","Volkswagen Group of America, Inc. (Volkswagen) is recalling certain front-wheel drive 2015-2020 Audi A3 Sedan, 2015-2019 Audi A3 Cabriolet, 2019-2020 Volkswagen Jetta GLI, 2018 Golf Sportwagen GP, 2018-2019 Golf Sportwagen A7, 2015-2017 Golf Sportwagen, 2015-2020 Golf GTI, and 2015-2020 Golf A7 vehicles.  Due to a problem with a suction jet pump seal inside the fuel tank, fuel may flow into the evaporative emissions (EVAP) system and possibly leak out of the charcoal canister. A fuel leak in the presence of an ignition source increases the risk of a fire. Dealers will replace the suction pump, free of charge.  Final owner notification letters for Audi owners were mailed on July 25, 2024.  Final owner letters for VW owners were mailed on August 13, 2024.  Owners may contact Volkswagen customer service at 1-800-893-5298 or Audi customer service at 1-800-253-2834.  Volkswagen's numbers for this recall are VW: 20UF/Audi: 20YF.  Vehicles that were previously recalled under 16V-647 will need to have the new remedy completed.  This recall expands and replaces previous recall number 16V-647.","Volkswagen Group of America, Inc. (Volkswagen) is recalling certain front-wheel drive 2015-2020 Audi A3 Sedan, 2015-2019 Audi A3 Cabriolet, 2019-2020 Volkswagen Jetta GLI, 2018 Golf Sportwagen GP, 2018-2019 Golf Sportwagen A7, 2015-2017 Golf Sportwagen, 2015-2020 Golf GTI, and 2015-2020 Golf A7 vehicles.  Due to a problem with a suction jet pump seal inside the fuel tank, fuel may flow into the evaporative emissions (EVAP) system and possibly leak out of the charcoal canister.",A fuel leak in the presence of an ignition source increases the risk of a fire.,"Dealers will replace the suction pump, free of charge.  Final owner notification letters for Audi owners were mailed on July 25, 2024.  Final owner letters for VW owners were mailed on August 13, 2024.  Owners may contact Volkswagen customer service at 1-800-893-5298 or Audi customer service at 1-800-253-2834.  Volkswagen's numbers for this recall are VW: 20UF/Audi: 20YF.  Vehicles that were previously recalled under 16V-647 will need to have the new remedy completed.  This recall expands and replaces previous recall number 16V-647.",14/02/2024,nhtsa_recall
18V464000,2018,VOLKSWAGEN,GOLF,STEERING:COLUMN LOCKING:ANTI-THEFT DEVICE,"Volkswagen Group of America, Inc. (Volkswagen) is recalling certain 2015-2018 Volkswagen Golf and Golf Sportwagen vehicles.  The build of silicate on the shift lever micro switch contacts may enable the key to be removed from the ignition while the vehicle shift lever is not in ""Park.""  As such, these vehicles fail to comply with the requirements of Federal Motor Vehicle Safety Standard (FMVSS) number 114, ""Theft Protection and Rollaway Prevention."" Removing the key while the shift lever is in a position other than ""Park"" increases the risk of an unintended vehicle rollaway that may result in personal injury or a crash. Volkswagen will notify owners, and dealers will install an additional switch and circuit board, free of charge. The recall began March 19, 2019. Owners may contact Volkswagen customer service at 1-800-893-5298.  Volkswagen's number for this recall is 37L5.","Volkswagen Group of America, Inc. (Volkswagen) is recalling certain 2015-2018 Volkswagen Golf and Golf Sportwagen vehicles.  The build of silicate on the shift lever micro switch contacts may enable the key to be removed from the ignition while the vehicle shift lever is not in ""Park.""  As such, these vehicles fail to comply with the requirements of Federal Motor Vehicle Safety Standard (FMVSS) number 114, ""Theft Protection and Rollaway Prevention.""","Removing the key while the shift lever is in a position other than ""Park"" increases the risk of an unintended vehicle rollaway that may result in personal injury or a crash.","Volkswagen will notify owners, and dealers will install an additional switch and circuit board, free of charge. The recall began March 19, 2019. Owners may contact Volkswagen customer service at 1-800-893-5298.  Volkswagen's number for this recall is 37L5.",11/07/2018,nhtsa_recall
18V369000,2018,VOLKSWAGEN,GOLF,"SERVICE BRAKES, HYDRAULIC:FOUNDATION COMPONENTS:DISC:CALIPER","Volkswagen Group of America, Inc. (Volkswagen) is recalling certain 2018 Volkswagen Atlas, Passat, Beetle, Beetle Convertible, Golf, Golf SportWagen and GTI and Audi Q5 and SQ5 vehicles.  The brake caliper pistons on these vehicles may have insufficient coating, potentially reducing the brake performance. A reduction of braking performance can increase the risk of a crash. Volkswagen and Audi will notify their owners.  Audi dealers will bleed the rear brakes.  Volkswagen dealers will bleed the front and rear brake calipers.  Note: Owners are advised not to drive their vehicles until the brake system has been checked.  The recall began June 29, 2018.  Owners may contact Volkswagen customer service at 1-800-893-5298 and Audi customer service at 1-800-253-2834.  Volkswagen's numbers for this recall are 47N8, 47N9, and 47N6.","Volkswagen Group of America, Inc. (Volkswagen) is recalling certain 2018 Volkswagen Atlas, Passat, Beetle, Beetle Convertible, Golf, Golf SportWagen and GTI and Audi Q5 and SQ5 vehicles.  The brake caliper pistons on these vehicles may have insufficient coating, potentially reducing the brake performance.",A reduction of braking performance can increase the risk of a crash.,"Volkswagen and Audi will notify their owners.  Audi dealers will bleed the rear brakes.  Volkswagen dealers will bleed the front and rear brake calipers.  Note: Owners are advised not to drive their vehicles until the brake system has been checked.  The recall began June 29, 2018.  Owners may contact Volkswagen customer service at 1-800-893-5298 and Audi customer service at 1-800-253-2834.  Volkswagen's numbers for this recall are 47N8, 47N9, and 47N6.",01/06/2018,nhtsa_recall
19V188000,2018,VOLKSWAGEN,GOLF,SUSPENSION:REAR:SPRINGS:COIL SPRINGS,"Volkswagen Group of America, Inc. (Volkswagen) is recalling certain 2017-2019 Golf Sportwagen, 2019 Jetta, 2015-2019 Golf, and 2018-2019 Tiguan vehicles.  The rear coil springs may prematurely fracture. If a coil spring fractures while driving, it may damage a rear tire causing a loss of vehicle control, increasing the risk of a crash. Volkswagen will notify owners, and dealers will replace the rear axle coil springs, free of charge.  The recall began April 12, 2019.  Owners may contact Volkswagen customer service at 1-800-893-5298.  Volkswagen's number for this recall is 42J5.","Volkswagen Group of America, Inc. (Volkswagen) is recalling certain 2017-2019 Golf Sportwagen, 2019 Jetta, 2015-2019 Golf, and 2018-2019 Tiguan vehicles.  The rear coil springs may prematurely fracture.","If a coil spring fractures while driving, it may damage a rear tire causing a loss of vehicle control, increasing the risk of a crash.","Volkswagen will notify owners, and dealers will replace the rear axle coil springs, free of charge.  The recall began April 12, 2019.  Owners may contact Volkswagen customer service at 1-800-893-5298.  Volkswagen's number for this recall is 42J5.",06/03/2019,nhtsa_recall
19V615000,2018,VOLKSWAGEN,GOLF,ELECTRICAL SYSTEM:IGNITION:ANTI-THEFT:CONTROL MODULE,"Volkswagen Group of America, Inc. (Volkswagen) is recalling certain 2015-2019 GTI, 2015-2016 and 2018-2019 Golf, 2012-2019 Beetle and Beetle Convertible, 2017-2019 Golf SportWagen and 2011-2018 Jetta vehicles equipped with an automatic transmission, manual handbrake and keyless entry.  A build-up of silicate on the shift lever micro switch contacts may enable the key to be removed from the ignition when the transmission shift lever is not in ""Park."" Removing the key while the shift lever is in a position other than ""Park"" increases the risk of an unintended vehicle rollaway that may result in personal injury or a crash. Volkswagen will notify owners, and dealers will install an additional switch and circuit board, free of charge.  The recall began November 19, 2019. Owners may contact Volkswagen customer service at 1-800-893-5298.  Volkswagen's number for this recall is 37M2.","Volkswagen Group of America, Inc. (Volkswagen) is recalling certain 2015-2019 GTI, 2015-2016 and 2018-2019 Golf, 2012-2019 Beetle and Beetle Convertible, 2017-2019 Golf SportWagen and 2011-2018 Jetta vehicles equipped with an automatic transmission, manual handbrake and keyless entry.  A build-up of silicate on the shift lever micro switch contacts may enable the key to be removed from the ignition when the transmission shift lever is not in ""Park.""","Removing the key while the shift lever is in a position other than ""Park"" increases the risk of an unintended vehicle rollaway that may result in personal injury or a crash.","Volkswagen will notify owners, and dealers will install an additional switch and circuit board, free of charge.  The recall began November 19, 2019. Owners may contact Volkswagen customer service at 1-800-893-5298.  Volkswagen's number for this recall is 37M2.",22/08/2019,nhtsa_recall
20V372000,2018,VOLKSWAGEN,GOLF,EQUIPMENT:OTHER:LABELS,"Volkswagen Group of America, Inc. (Volkswagen) is recalling two 2018 Golf GTI vehicles.  The VIN printed on the Federal Certification label may not match the actual VIN on the vehicle.  As such, these vehicles fail to comply with the requirements of 49 CFR Part 567, ""Certification."" If the stamped vehicle identification number (VIN) does not match the VIN on the Vehicle Certification Label, owners may be unable to tell if their vehicle is under an important safety recall, possibly exposing them to an increased risk of a crash, fire or injury. Volkswagen will notify owners, and dealers will install a correct certification label, free of charge.  This recall began July 9, 2020.  Owners may contact Volkswagen customer service at 1-800-893-5298.  Volkswagen's number for this recall is  01E7.","Volkswagen Group of America, Inc. (Volkswagen) is recalling two 2018 Golf GTI vehicles.  The VIN printed on the Federal Certification label may not match the actual VIN on the vehicle.  As such, these vehicles fail to comply with the requirements of 49 CFR Part 567, ""Certification.""","If the stamped vehicle identification number (VIN) does not match the VIN on the Vehicle Certification Label, owners may be unable to tell if their vehicle is under an important safety recall, possibly exposing them to an increased risk of a crash, fire or injury.","Volkswagen will notify owners, and dealers will install a correct certification label, free of charge.  This recall began July 9, 2020.  Owners may contact Volkswagen customer service at 1-800-893-5298.  Volkswagen's number for this recall is  01E7.",24/06/2020,nhtsa_recall
24V110000,2018,VOLKSWAGEN,GOLF,"FUEL SYSTEM, GASOLINE","Volkswagen Group of America, Inc. (Volkswagen) is recalling certain front-wheel drive 2015-2020 Audi A3 Sedan, 2015-2019 Audi A3 Cabriolet, 2019-2020 Volkswagen Jetta GLI, 2018 Golf Sportwagen GP, 2018-2019 Golf Sportwagen A7, 2015-2017 Golf Sportwagen, 2015-2020 Golf GTI, and 2015-2020 Golf A7 vehicles.  Due to a problem with a suction jet pump seal inside the fuel tank, fuel may flow into the evaporative emissions (EVAP) system and possibly leak out of the charcoal canister. A fuel leak in the presence of an ignition source increases the risk of a fire. Dealers will replace the suction pump, free of charge.  Final owner notification letters for Audi owners were mailed on July 25, 2024.  Final owner letters for VW owners were mailed on August 13, 2024.  Owners may contact Volkswagen customer service at 1-800-893-5298 or Audi customer service at 1-800-253-2834.  Volkswagen's numbers for this recall are VW: 20UF/Audi: 20YF.  Vehicles that were previously recalled under 16V-647 will need to have the new remedy completed.  This recall expands and replaces previous recall number 16V-647.","Volkswagen Group of America, Inc. (Volkswagen) is recalling certain front-wheel drive 2015-2020 Audi A3 Sedan, 2015-2019 Audi A3 Cabriolet, 2019-2020 Volkswagen Jetta GLI, 2018 Golf Sportwagen GP, 2018-2019 Golf Sportwagen A7, 2015-2017 Golf Sportwagen, 2015-2020 Golf GTI, and 2015-2020 Golf A7 vehicles.  Due to a problem with a suction jet pump seal inside the fuel tank, fuel may flow into the evaporative emissions (EVAP) system and possibly leak out of the charcoal canister.",A fuel leak in the presence of an ignition source increases the risk of a fire.,"Dealers will replace the suction pump, free of charge.  Final owner notification letters for Audi owners were mailed on July 25, 2024.  Final owner letters for VW owners were mailed on August 13, 2024.  Owners may contact Volkswagen customer service at 1-800-893-5298 or Audi customer service at 1-800-253-2834.  Volkswagen's numbers for this recall are VW: 20UF/Audi: 20YF.  Vehicles that were previously recalled under 16V-647 will need to have the new remedy completed.  This recall expands and replaces previous recall number 16V-647.",14/02/2024,nhtsa_recall
19V188000,2019,VOLKSWAGEN,GOLF,SUSPENSION:REAR:SPRINGS:COIL SPRINGS,"Volkswagen Group of America, Inc. (Volkswagen) is recalling certain 2017-2019 Golf Sportwagen, 2019 Jetta, 2015-2019 Golf, and 2018-2019 Tiguan vehicles.  The rear coil springs may prematurely fracture. If a coil spring fractures while driving, it may damage a rear tire causing a loss of vehicle control, increasing the risk of a crash. Volkswagen will notify owners, and dealers will replace the rear axle coil springs, free of charge.  The recall began April 12, 2019.  Owners may contact Volkswagen customer service at 1-800-893-5298.  Volkswagen's number for this recall is 42J5.","Volkswagen Group of America, Inc. (Volkswagen) is recalling certain 2017-2019 Golf Sportwagen, 2019 Jetta, 2015-2019 Golf, and 2018-2019 Tiguan vehicles.  The rear coil springs may prematurely fracture.","If a coil spring fractures while driving, it may damage a rear tire causing a loss of vehicle control, increasing the risk of a crash.","Volkswagen will notify owners, and dealers will replace the rear axle coil springs, free of charge.  The recall began April 12, 2019.  Owners may contact Volkswagen customer service at 1-800-893-5298.  Volkswagen's number for this recall is 42J5.",06/03/2019,nhtsa_recall
19V615000,2019,VOLKSWAGEN,GOLF,ELECTRICAL SYSTEM:IGNITION:ANTI-THEFT:CONTROL MODULE,"Volkswagen Group of America, Inc. (Volkswagen) is recalling certain 2015-2019 GTI, 2015-2016 and 2018-2019 Golf, 2012-2019 Beetle and Beetle Convertible, 2017-2019 Golf SportWagen and 2011-2018 Jetta vehicles equipped with an automatic transmission, manual handbrake and keyless entry.  A build-up of silicate on the shift lever micro switch contacts may enable the key to be removed from the ignition when the transmission shift lever is not in ""Park."" Removing the key while the shift lever is in a position other than ""Park"" increases the risk of an unintended vehicle rollaway that may result in personal injury or a crash. Volkswagen will notify owners, and dealers will install an additional switch and circuit board, free of charge.  The recall began November 19, 2019. Owners may contact Volkswagen customer service at 1-800-893-5298.  Volkswagen's number for this recall is 37M2.","Volkswagen Group of America, Inc. (Volkswagen) is recalling certain 2015-2019 GTI, 2015-2016 and 2018-2019 Golf, 2012-2019 Beetle and Beetle Convertible, 2017-2019 Golf SportWagen and 2011-2018 Jetta vehicles equipped with an automatic transmission, manual handbrake and keyless entry.  A build-up of silicate on the shift lever micro switch contacts may enable the key to be removed from the ignition when the transmission shift lever is not in ""Park.""","Removing the key while the shift lever is in a position other than ""Park"" increases the risk of an unintended vehicle rollaway that may result in personal injury or a crash.","Volkswagen will notify owners, and dealers will install an additional switch and circuit board, free of charge.  The recall began November 19, 2019. Owners may contact Volkswagen customer service at 1-800-893-5298.  Volkswagen's number for this recall is 37M2.",22/08/2019,nhtsa_recall
19V879000,2019,VOLKSWAGEN,GOLF,WHEELS,"Volkswagen Group of America, Inc. (Volkswagen) is recalling certain 2019 Jetta GLI, Golf Alltrack, and Golf GTI vehicles.  The front wheel bearings may have been improperly machined, potentially causing excessive stress on the wheel, wheel bolts, or wheel bearings. The excessive stress can cause steering, traction or other stability issues or breakage relating to the front wheels, and increase the risk of a crash. Volkswagen has notified owners, and dealers will replace the wheel bearing assemblies, wheels, and wheel bolts, free of charge.  The recall began December 11, 2019.  Owners may contact Volkswagen customer service at 1-800-893-5298.  Volkswagen's number for this recall is 40P1.  Note: The affected owners are advised not to drive their vehicles until the repairs have been made.","Volkswagen Group of America, Inc. (Volkswagen) is recalling certain 2019 Jetta GLI, Golf Alltrack, and Golf GTI vehicles.  The front wheel bearings may have been improperly machined, potentially causing excessive stress on the wheel, wheel bolts, or wheel bearings.","The excessive stress can cause steering, traction or other stability issues or breakage relating to the front wheels, and increase the risk of a crash.","Volkswagen has notified owners, and dealers will replace the wheel bearing assemblies, wheels, and wheel bolts, free of charge.  The recall began December 11, 2019.  Owners may contact Volkswagen customer service at 1-800-893-5298.  Volkswagen's number for this recall is 40P1.  Note: The affected owners are advised not to drive their vehicles until the repairs have been made.",11/12/2019,nhtsa_recall
22V815000,2019,VOLKSWAGEN,GOLF,TIRES:PRESSURE MONITORING AND REGULATING SYSTEMS,"Volkswagen Group of America, Inc. (Volkswagen) is recalling certain 2019 Volkswagen Tiguan LWB, Golf Sportswagen A7, Golf Alltrack, Golf R GP, Audi Q3, Audi A3 Cabriolet, 2019-2020 Jetta NF, Jetta GLI, Golf GTI, Atlas, Golf A7, Audi A3, 2020-2021 Atlas Cross Sport, and 2021 Atlas FL vehicles.  The tire pressure monitoring system may not detect an air pressure loss in adequate time when deflating occurs among all four tires simultaneously.  As such, these vehicles fail to comply with the requirements of Federal Motor Vehicle Safety Standard number 138, ""Tire Pressure Monitoring Systems."" An undetected sudden loss of pressure in all four tires increases the risk of a crash. Dealers will update the TPMS software, free of charge.  Owner notification letters were mailed November 18, 2022.  Owners may contact Volkswagen's customer service at 1-800-893-5298 or Audis customer service at 1-800-253-2834.  Volkswagen's numbers for this recall are (Audi) 45J7, and (VW) 45J6 and 45J8.","Volkswagen Group of America, Inc. (Volkswagen) is recalling certain 2019 Volkswagen Tiguan LWB, Golf Sportswagen A7, Golf Alltrack, Golf R GP, Audi Q3, Audi A3 Cabriolet, 2019-2020 Jetta NF, Jetta GLI, Golf GTI, Atlas, Golf A7, Audi A3, 2020-2021 Atlas Cross Sport, and 2021 Atlas FL vehicles.  The tire pressure monitoring system may not detect an air pressure loss in adequate time when deflating occurs among all four tires simultaneously.  As such, these vehicles fail to comply with the requirements of Federal Motor Vehicle Safety Standard number 138, ""Tire Pressure Monitoring Systems.""",An undetected sudden loss of pressure in all four tires increases the risk of a crash.,"Dealers will update the TPMS software, free of charge.  Owner notification letters were mailed November 18, 2022.  Owners may contact Volkswagen's customer service at 1-800-893-5298 or Audis customer service at 1-800-253-2834.  Volkswagen's numbers for this recall are (Audi) 45J7, and (VW) 45J6 and 45J8.",31/10/2022,nhtsa_recall
23V604000,2019,VOLKSWAGEN,GOLF,ELECTRICAL SYSTEM:IGNITION:SWITCH,"Volkswagen Group of America, Inc. (Volkswagen) is recalling certain 2019 Golf, Golf Alltrack, Golf Sportwagen, 2019-2020 Golf GTI, and Jetta vehicles equipped with a conventional ignition switch.  The ignition switch may fail, especially in high temperature environments. Ignition switch failure can cause the electrical system to shut down and the engine to stall while driving, increasing the risk of a crash. Dealers will replace the ignition switch, free of charge.  Owner notification letters were mailed February 1, 2024.  Owners may contact Volkswagen's customer service at 1-800-893-5298.  Volkswagen's number for this recall is 28H7.","Volkswagen Group of America, Inc. (Volkswagen) is recalling certain 2019 Golf, Golf Alltrack, Golf Sportwagen, 2019-2020 Golf GTI, and Jetta vehicles equipped with a conventional ignition switch.  The ignition switch may fail, especially in high temperature environments.","Ignition switch failure can cause the electrical system to shut down and the engine to stall while driving, increasing the risk of a crash.","Dealers will replace the ignition switch, free of charge.  Owner notification letters were mailed February 1, 2024.  Owners may contact Volkswagen's customer service at 1-800-893-5298.  Volkswagen's number for this recall is 28H7.",30/08/2023,nhtsa_recall
24V110000,2019,VOLKSWAGEN,GOLF,"FUEL SYSTEM, GASOLINE","Volkswagen Group of America, Inc. (Volkswagen) is recalling certain front-wheel drive 2015-2020 Audi A3 Sedan, 2015-2019 Audi A3 Cabriolet, 2019-2020 Volkswagen Jetta GLI, 2018 Golf Sportwagen GP, 2018-2019 Golf Sportwagen A7, 2015-2017 Golf Sportwagen, 2015-2020 Golf GTI, and 2015-2020 Golf A7 vehicles.  Due to a problem with a suction jet pump seal inside the fuel tank, fuel may flow into the evaporative emissions (EVAP) system and possibly leak out of the charcoal canister. A fuel leak in the presence of an ignition source increases the risk of a fire. Dealers will replace the suction pump, free of charge.  Final owner notification letters for Audi owners were mailed on July 25, 2024.  Final owner letters for VW owners were mailed on August 13, 2024.  Owners may contact Volkswagen customer service at 1-800-893-5298 or Audi customer service at 1-800-253-2834.  Volkswagen's numbers for this recall are VW: 20UF/Audi: 20YF.  Vehicles that were previously recalled under 16V-647 will need to have the new remedy completed.  This recall expands and replaces previous recall number 16V-647.","Volkswagen Group of America, Inc. (Volkswagen) is recalling certain front-wheel drive 2015-2020 Audi A3 Sedan, 2015-2019 Audi A3 Cabriolet, 2019-2020 Volkswagen Jetta GLI, 2018 Golf Sportwagen GP, 2018-2019 Golf Sportwagen A7, 2015-2017 Golf Sportwagen, 2015-2020 Golf GTI, and 2015-2020 Golf A7 vehicles.  Due to a problem with a suction jet pump seal inside the fuel tank, fuel may flow into the evaporative emissions (EVAP) system and possibly leak out of the charcoal canister.",A fuel leak in the presence of an ignition source increases the risk of a fire.,"Dealers will replace the suction pump, free of charge.  Final owner notification letters for Audi owners were mailed on July 25, 2024.  Final owner letters for VW owners were mailed on August 13, 2024.  Owners may contact Volkswagen customer service at 1-800-893-5298 or Audi customer service at 1-800-253-2834.  Volkswagen's numbers for this recall are VW: 20UF/Audi: 20YF.  Vehicles that were previously recalled under 16V-647 will need to have the new remedy completed.  This recall expands and replaces previous recall number 16V-647.",14/02/2024,nhtsa_recall
22V815000,2020,VOLKSWAGEN,GOLF,TIRES:PRESSURE MONITORING AND REGULATING SYSTEMS,"Volkswagen Group of America, Inc. (Volkswagen) is recalling certain 2019 Volkswagen Tiguan LWB, Golf Sportswagen A7, Golf Alltrack, Golf R GP, Audi Q3, Audi A3 Cabriolet, 2019-2020 Jetta NF, Jetta GLI, Golf GTI, Atlas, Golf A7, Audi A3, 2020-2021 Atlas Cross Sport, and 2021 Atlas FL vehicles.  The tire pressure monitoring system may not detect an air pressure loss in adequate time when deflating occurs among all four tires simultaneously.  As such, these vehicles fail to comply with the requirements of Federal Motor Vehicle Safety Standard number 138, ""Tire Pressure Monitoring Systems."" An undetected sudden loss of pressure in all four tires increases the risk of a crash. Dealers will update the TPMS software, free of charge.  Owner notification letters were mailed November 18, 2022.  Owners may contact Volkswagen's customer service at 1-800-893-5298 or Audis customer service at 1-800-253-2834.  Volkswagen's numbers for this recall are (Audi) 45J7, and (VW) 45J6 and 45J8.","Volkswagen Group of America, Inc. (Volkswagen) is recalling certain 2019 Volkswagen Tiguan LWB, Golf Sportswagen A7, Golf Alltrack, Golf R GP, Audi Q3, Audi A3 Cabriolet, 2019-2020 Jetta NF, Jetta GLI, Golf GTI, Atlas, Golf A7, Audi A3, 2020-2021 Atlas Cross Sport, and 2021 Atlas FL vehicles.  The tire pressure monitoring system may not detect an air pressure loss in adequate time when deflating occurs among all four tires simultaneously.  As such, these vehicles fail to comply with the requirements of Federal Motor Vehicle Safety Standard number 138, ""Tire Pressure Monitoring Systems.""",An undetected sudden loss of pressure in all four tires increases the risk of a crash.,"Dealers will update the TPMS software, free of charge.  Owner notification letters were mailed November 18, 2022.  Owners may contact Volkswagen's customer service at 1-800-893-5298 or Audis customer service at 1-800-253-2834.  Volkswagen's numbers for this recall are (Audi) 45J7, and (VW) 45J6 and 45J8.",31/10/2022,nhtsa_recall
24V110000,2020,VOLKSWAGEN,GOLF,"FUEL SYSTEM, GASOLINE","Volkswagen Group of America, Inc. (Volkswagen) is recalling certain front-wheel drive 2015-2020 Audi A3 Sedan, 2015-2019 Audi A3 Cabriolet, 2019-2020 Volkswagen Jetta GLI, 2018 Golf Sportwagen GP, 2018-2019 Golf Sportwagen A7, 2015-2017 Golf Sportwagen, 2015-2020 Golf GTI, and 2015-2020 Golf A7 vehicles.  Due to a problem with a suction jet pump seal inside the fuel tank, fuel may flow into the evaporative emissions (EVAP) system and possibly leak out of the charcoal canister. A fuel leak in the presence of an ignition source increases the risk of a fire. Dealers will replace the suction pump, free of charge.  Final owner notification letters for Audi owners were mailed on July 25, 2024.  Final owner letters for VW owners were mailed on August 13, 2024.  Owners may contact Volkswagen customer service at 1-800-893-5298 or Audi customer service at 1-800-253-2834.  Volkswagen's numbers for this recall are VW: 20UF/Audi: 20YF.  Vehicles that were previously recalled under 16V-647 will need to have the new remedy completed.  This recall expands and replaces previous recall number 16V-647.","Volkswagen Group of America, Inc. (Volkswagen) is recalling certain front-wheel drive 2015-2020 Audi A3 Sedan, 2015-2019 Audi A3 Cabriolet, 2019-2020 Volkswagen Jetta GLI, 2018 Golf Sportwagen GP, 2018-2019 Golf Sportwagen A7, 2015-2017 Golf Sportwagen, 2015-2020 Golf GTI, and 2015-2020 Golf A7 vehicles.  Due to a problem with a suction jet pump seal inside the fuel tank, fuel may flow into the evaporative emissions (EVAP) system and possibly leak out of the charcoal canister.",A fuel leak in the presence of an ignition source increases the risk of a fire.,"Dealers will replace the suction pump, free of charge.  Final owner notification letters for Audi owners were mailed on July 25, 2024.  Final owner letters for VW owners were mailed on August 13, 2024.  Owners may contact Volkswagen customer service at 1-800-893-5298 or Audi customer service at 1-800-253-2834.  Volkswagen's numbers for this recall are VW: 20UF/Audi: 20YF.  Vehicles that were previously recalled under 16V-647 will need to have the new remedy completed.  This recall expands and replaces previous recall number 16V-647.",14/02/2024,nhtsa_recall
20V716000,2021,VOLKSWAGEN,GOLF,BACK OVER PREVENTION: SENSING SYSTEM: CAMERA,"Volkswagen Group of America, Inc. (Volkswagen) is recalling certain 2021 Atlas Cross Sport, Tiguan LWB, Jetta NF, Jetta GLI, Golf GTI, Atlas FL and Arteon vehicles.  The rear view camera could malfunction during an ignition cycle, leading to a black screen or infotainment system freeze.  As such, these vehicles fail to comply with the requirements of Federal Motor Vehicle Safety Standard number 111, ""Rear Visibility."" A black or frozen rear view image reduces the driver's visibility when reversing, increasing the risk of a crash. Volkswagen will notify owners, and dealers will update the infotainment system software, free of charge.  The recall began December 11, 2020.  Owners may contact Volkswagen customer service at 1-800-893-5298.  Volkswagen's number for this recall is 91BB/91BC.","Volkswagen Group of America, Inc. (Volkswagen) is recalling certain 2021 Atlas Cross Sport, Tiguan LWB, Jetta NF, Jetta GLI, Golf GTI, Atlas FL and Arteon vehicles.  The rear view camera could malfunction during an ignition cycle, leading to a black screen or infotainment system freeze.  As such, these vehicles fail to comply with the requirements of Federal Motor Vehicle Safety Standard number 111, ""Rear Visibility.""","A black or frozen rear view image reduces the driver's visibility when reversing, increasing the risk of a crash.","Volkswagen will notify owners, and dealers will update the infotainment system software, free of charge.  The recall began December 11, 2020.  Owners may contact Volkswagen customer service at 1-800-893-5298.  Volkswagen's number for this recall is 91BB/91BC.",18/11/2020,nhtsa_recall
