complaint_id,model_year,make,model,component,description,date_filed,date_incident,miles,crash,fire,injured,deaths,vin
10606059,2000,"Volkswagen Group of America, Inc.",GOLF,"ENGINE AND ENGINE COOLING,VEHICLE SPEED CONTROL","I HAD JUST GOT ON THE FREEWAY ABOUT 5MINS. ON THE CAR SHUT DOWN AND THEN THERE WAS A BACK FIRE THEN I SEEN A SYMBOL OF A CAR WITH A KEY UNDER IT LIT IN THE DASHBOARD, THE CAR WOULD NOT START BACK UP I HAD IT TOWED TO THE HOUSE AND THEN THE CAR STARTED BUT NOW IT HAS A PUTTER NOISE I CHANGED THE SPARK PLUGS THE WIRES AND O2 SENSORS AND IT STILL HAS THE PUTTERING NOISE.  *TR",06/25/2014,06/24/2014,,False,False,0,0,WVWGA21J3YW
10459952,2000,"Volkswagen Group of America, Inc.",GOLF,FUEL/PROPULSION SYSTEM,"TL* THE CONTACT OWNS A 2000 VOLKSWAGEN GOLF. THE CONTACT STATED THAT THE CHECK ENGINE WARNING LIGHT ILLUMINATED ON THE INSTRUMENT PANEL. THE VEHICLE WAS TAKEN TO THE DEALER AND THE DEALER STATED THAT THE FUEL SYSTEM PUMP NEEDED REPLACING.THE VEHICLE WAS NOT REPAIRED. THE MANUFACTURER WAS CONTACTED AND ADVISED THE CONTACT THAT THE VEHICLE WAS NOT INCLUDED IN NHTSA CAMPAIGN ID NUMBER: 05V154000 (FUEL SYSTEM, GASOLINE:DELIVERY:FUEL PUMP). THE FAILURE AND CURRENT MILEAGES WERE NOT AVAILABLE.",05/29/2012,04/13/2011,,False,False,0,0,9BWGA21J3Y4
10416272,2000,"Volkswagen Group of America, Inc.",GOLF,STRUCTURE,"TL* THE CONTACT OWNS A 2000 VOLKSWAGEN GOLF. THE CONTACT STATED THE MATERIAL THAT WAS USED TO INSULATE THE VEHICLE RELEASED A TOXIC ODOR THAT CAUSED THE CONTACT TO HAVE HEADACHES, AND A RASH. THE MANUFACTURER FILED COMPLAINT 110328029 AND ADVISED HIM TO HAVE THE DEALER DIAGNOSE THE FAILURE. THE VEHICLE WAS NOT TAKEN TO THE DEALER FOR DIAGNOSTIC TESTING. THE VEHICLE WAS NOT REPAIRED. THE FAILURE MILEAGE WAS 93,909 AND THE CURRENT MILEAGE WAS 94,236.",07/29/2011,01/01/2007,,False,False,1,0,WVWBC21J9YW
10293090,2000,"Volkswagen Group of America, Inc.",GOLF,POWER TRAIN,2000 GOLF GLS.  REPLACED CLUTCH IN MARCH 2008 AT 135K MILES.  REPLACED CLUTCH FAILED IN NOVEMBER 2009 AFTER 15K MILES ON HIGHWAY!    CAR TOWED TO NEAREST VW DEALERSHIP.  CLUTCH REPLACED.  VW REFUSED TO PAY FOR COST OF REPLACING CLUTCH SAYING NOT COVER UNDER WARRANTY EVEN THOUGH FAILURE ONLY AFTER 15K. *TR,11/21/2009,11/09/2009,,False,False,0,0,
10283481,2000,"Volkswagen Group of America, Inc.",GOLF,ENGINE AND ENGINE COOLING,"2000 VW GOLF 2.0L ENGINE; DRIVING TO WORK ON FREEWAY (65-70MPH). HEARD ""POP"" AND A HISSING NOISE FROM FRONT OF VEHICLE. SLOWED DOWN AND PULLED OVER TO SHOULDER, SAW COOLANT LEAKING. ENGINE WOULD NOT RESTART. TOWED TO DEALERSHIP, FOUND INTERNAL ENGINE DAMAGE TO VALVES AND PISTONS. CAUSE WAS A FAULTY WATER PUMP: VW USES A PLASTIC IMPELLER ON THE WATER PUMPS WHICH FREQUENTLY BREAK AND CAUSE THE ENGINE TO OVERHEAT VERY QUICKLY. AFTER THE DAMAGE, A SIMPLE GOOGLE SEARCH ON VW FORUMS REVEALED NUMEROUS OTHER PEOPLE HAD  THE SAME PROBLEM I HAD. THE END RESULT WAS THAT I HAD TO REPLACE THE ENGINE, RADIATOR, TIMING BELT, WATER PUMP ($6000 REPAIR BILL). SADLY, VW PUT IN THE SAME TYPE OF WATER PUMP WITH THE PLASTIC IMPELLER, SO I HAVE LITTLE CONFIDENCE THAT IT WILL LAST LONGER THAN ANOTHER 60000 MILES. I WOULD HAVE CHANGED IT WITH THE TIMING BELT, BUT VW SAYS THE BELT IS NOT DUE TO BE REPLACED ON THIS VEHICLE UNTIL 105,000 MILES (JUST OUTSIDE THE 100,000 MILE WARRANTY, CONVENIENTLY!)  CAR HAD ONLY 60,000 MILES ON IT, VW CLAIMS IT IS NOT COVERED UNDER WARRANTY DUE TO AGE OF VEHICLE. *TR",09/09/2009,07/08/2009,,False,False,0,0,9BWGC21J4Y4
10278059,2000,"Volkswagen Group of America, Inc.",GOLF,"SERVICE BRAKES, HYDRAULIC","THE ABS PUMP & MODULE ARE DEFECTIVE. SUPPOSEDLY, A SHORT ON THE CIRCUIT BOARD CAUSES THIS MALFUNCTION AND NOW ABS AND ASR ARE NOT FUNCTIONING. REGULAR BRAKES ARE STILL WORKING. THIS SYSTEM PROBLEM SEEMS TO BE COMMON WITH VW AND IS A SAFETY ISSUE. *TR",07/23/2009,07/01/2009,,False,False,0,0,WVWGH21J0YW
10261520,2000,"Volkswagen Group of America, Inc.",GOLF,"FUEL SYSTEM, GASOLINE",ERROR CODE P1128. MANY OF THE VW 2.0 ENGINES GET IT AND END UP CHANGING MANY PARTS. THEN AFTER THEY CHANGE THE WHOLE INTAKE DOES THE PROBLEM GO AWAY. SOMETHING SHOULD BE DONE ABOUT THIS BECAUSE THIS ISN'T POOR DRIVING OR POOR CARE FOR A CAR ITS POOR QUALITY. I SHOULD NOT HAVE TO SPEND 1500 TO REPLACE SUCH A THING ON A VEHICLE THAT'S KNOWN TO LAST FOREVER. *TR,03/11/2009,01/05/2009,,False,False,0,0,9BWGC21J5Y4
10245694,2000,"Volkswagen Group of America, Inc.",GOLF,ENGINE AND ENGINE COOLING,"TL*THE CONTACT OWNS A 2000 VOLKSWAGEN GOLF.  THE CONTACT HEARD A SINGLE KNOCKING SOUND UNDER THE HOOD WHEN THE BRAKE PEDAL WAS DEPRESSED.  THE NOISE BECAME MORE FREQUENT AND THE VEHICLE WAS TAKEN TO A REPAIR SHOP.  SHE WAS INFORMED OF NHTSA CAMPAIGN ID NUMBER 00V280000 (SUSPENSION:FRONT:CONTROL ARM:UPPER ARM).  THE DEALER WAS NOTIFIED AND KEPT THE VEHICLE FOR TWO DAYS.  THE CONTACT IS CURRENTLY WAITING FOR A CALL BACK FROM THE DEALER.  THE FAILURE AND CURRENT MILEAGES WERE 79,500.",10/16/2008,10/06/2008,,False,False,0,0,9BWGA21J7Y4
10240958,2000,"Volkswagen Group of America, Inc.",GOLF,"FUEL SYSTEM, GASOLINE","TL*THE CONTACT OWNS A 2000 VOLKSWAGEN GOLF.  WHEN THE CONTACT PLACES FUEL INTO THE FUEL TANK, GASOLINE FLOWS BACK OUT.  THE DEALER CLEANED THE OVERFLOW FUEL HOSE, BUT GASOLINE CONTINUES TO POUR OUT.  THE DEALER ADVISED HER TO PLACE LESS FUEL INTO THE TANK.  THE MANUFACTURER STATED THAT THE DEALER WAS RESPONSIBLE FOR CORRECTING THE FAILURE.  THE FAILURE MILEAGE WAS 67,000 AND CURRENT MILEAGE WAS 68,472. UPDATED 09/29/08.  *LJ  THE CONSUMER STATED NO ONE WAS WILLING TO RESEARCH WHY THE FUEL SHUT FAILED. UPDATED 09/29/08. *JB",09/04/2008,06/01/2008,,False,False,0,0,WVWGC21J8YW
10237277,2000,"Volkswagen Group of America, Inc.",GOLF,LATCHES/LOCKS/LINKAGES,WE OWN A VW GOLF  .  WE HAVE AN 18 MONTH OLD.  WHEN MY WIFE STOPS DRIVING HER CAR AND GETS OUT OF THE CAR AND CLOSES THE DRIVER'S DOOR THE CAR WILL AUTOMATICALLY LOCK ABOUT TWO THIRDS OF THE TIME.  THIS HAPPENS WHETHER HER KEYS ARE IN THE IGNITION OR NOT.  IF HER KEYS ARE IN THE IGNITION AND SHE CLOSES HER DOOR OR IT HAPPENS TO CLOSE WITH HER KEYS IN THE IGNITION AND OUR SON IN THE CAR THIS CAUSES A VERY DANGEROUS SITUATION.  HER CAR IS NOT SUPPOSED TO AUTOMATICALLY LOCK AS IT DOES - IT IS SOME KIND OF AN ELECTRONIC MALFUNCTION.  *TR,08/06/2008,08/01/2008,,False,False,0,0,WVWGA21J6YW
10234408,2000,"Volkswagen Group of America, Inc.",GOLF,AIR BAGS,"I OWN A 2000 VW GOLF WHICH I PURCHASED BRAND NEW FROM A VW DEALER. IN JANUARY OF 2007 I HAD TO REPLACE THE DRIVER SIDE SEAT AIRBAG  AND WIRING HARNESS FOR A COST A LITTLE OVER $600. ON 7/14/2008 MY AIRBAG LIGHT CAME ON AGAIN. I NEED TO HAVE THE MAIN DRIVER SIDE AIR BAG AND WIRING HARNESS REPLACED. MY CAR HAS NEVER BEEN IN AN ACCIDENT, YET THIS IS THE SECOND AIRBAG I'VE REPLACED. I WAS TOLD BY THE DEALERSHIP, IF I DO NOT REPLACE THE AIRBAG, IT MAY NOT DEPLOY IF I AM IN AN ACCIDENT, OR IT COULD DEPLOY WHEN I AM JUST DRIVING DOWN THE ROAD.    I FEEL AS THOUGH AN AIRBAG SHOULD LAST THE LIFETIME OF THE VEHICLE, OR ONLY NEED TO BE REPLACED WHEN IT IS ACTUALLY DEPLOYED. *TR",07/15/2008,07/14/2008,,False,False,0,0,9BWGH21J6Y4
10228339,2000,"Volkswagen Group of America, Inc.",GOLF,TIRES,"CAR WAS HARD PULLING TO RIGHT SIDE DUE  TO CRACKED TIRE ON RIGHT SIDE FRONT, THIS IS THE THIRD FAILURE ON THIS SET OF TIRES THEY HAVE LESS THEN 4,000 MILES ON. ALL TIRES CRACKED ON SAME PLACE ON THE OUTER EDGE AIR LOSS IS FAST.    1ST CRACK WAS RIGHT REAR TIRE ( I DID THINK THAT I RUN OVER SOMETHING I GOT NEW TIRE DIFFERENT MANUFACTURER AS THEY DID NOT HAVE SAME TIRE AND I DO NOT LIKE FIXED TIRES)  2ND CRACK WAS ON LEFT REAR TIRE ABOUT WEEK LATER I DID TRY TO HAVE IT FIX BUT WAS TOLD AND SHOWED THAT TIRE JUST KEPT ON CRACKING MORE   3RD CRANK HAPPEN MONTH LATER RIGHT FRONT TIRE.  ALL CRACKS ARE ON SAME PLACE OUTER EDGE  TIRES ARE ULTRA HP MADE BY REPUBLIC.  *TR",05/20/2008,05/18/2008,,False,False,0,0,9BWGF21J1Y4
10213327,2000,"Volkswagen Group of America, Inc.",GOLF,ELECTRICAL SYSTEM,"MY 2000 VW PASSAT CAUGHT ON FIRE DEC 28, 2007. I HAD IT TOWED TO A NEARBY DEALER FOR SERVICE AND WAS INFORMED THAT THE FIRE WAS CAUSED BY A FAULTY IGNITION COIL. THE FINAL COST TO REPAIR (IF IT CAN BE REPAIRED) IS STILL BEING INVESTIGATED. I FIND IT VERY PERTURBING TO FIND OUT THAT VW KNEW OF THESE (COIL) DEFECTS YET DID NOTHING TO INFORM OWNERS. I HAD TWO SMALL CHILDREN AGES 2 AND 4 IN THE VEHICLE AT THE TIME OF THE FIRE. FORTUNATELY, MY QUICK INSTINCTS PUT THE FIRE OUT WITH LIMITED ENGINE DAMAGE AND WITHOUT CASUALTIES.  *TR",12/31/2007,12/28/2007,,False,True,0,0,WVWMA23B5YP
10208089,2000,"Volkswagen Group of America, Inc.",GOLF,TIRES,"DRIVING ON THE HWY ,65 MPH THE FRONT RIGHT TIRE BLEW OUT ON THE SIDE WALL.  *TR",11/06/2007,11/05/2007,,False,False,0,0,
10186120,2000,"Volkswagen Group of America, Inc.",GOLF,AIR BAGS,"2000 VW GOLF GLS. AIRBAG LIGHT ON DASH DIAGNOSED BY VW AS AN OPEN CIRCUIT - PASSENGER SIDE.  AIR  BAGS NEVER DEPLOYED, NEVER CRASHED. VW WANTED  $500  FOR  REPAIRS.  NUMEROUS SIMILAR INCIDENTS REPORTED BY VW OWNERS INVOLVING RANGE OF AIR BAG SYSTEM FAILURES, SPURIOUS DEPLOYMENTS,  ETC. VW CHARGED ME $45 FOR THE DIAGNOSIS.*AK",03/25/2007,04/26/2006,,False,False,0,0,9BWGA21J4Y4
10183346,2000,"Volkswagen Group of America, Inc.",GOLF,AIR BAGS,2000 VW GOLF. THE AIRBAG LIGHT IS STUCK ON. THERE IS NO WAY FOR ME TO KNOW IF THE BAG WILL DEPLOY OR NOT. IN ORDER FOR THE DEALER TO LOOK AT IT IT WOULD COST ME $100 FOR THE DIAGNOSTIC TEST AND BETWEEN $500 AND $700 TO FIX THE PROBLEM. THEY ALSO TOLD ME THERE IS NO GUARANTEE THAT THEY WILL FIX THE PROBLEM. SO AFTER I PAY $500 OR $600 THEY STILL WONT GUARANTEE THE BAGS ARE SAFE. HOW DO I GO ABOUT FIGURING THIS OUT. IT SEEMS LIKE A VERY BIG SAFETY ISSUE FOR THE MANUFACTURE OF VOLKSWAGENS AND TO PUT ME AND MY FAMILY IN DANGER IS UNACCEPTABLE. DO I PAY THE MONEY AND JUST HOPE IT IS FIXED? NO ACCIDENTS YET BUT WHAT IF. I NO LONGER TRUST THE ABILITY OF THE CARS SAFETY. THIS IS MY COMPLAINT. I FEEL I WAS SOLD A CAR AND NOW THE SAFETY FEATURES OF THE CAR HAVE BECOME COMPROMISED. HELP!  *NM,02/23/2007,01/26/2007,,False,False,0,0,WVWGA21J8YW
10182404,2000,"Volkswagen Group of America, Inc.",GOLF,UNKNOWN OR OTHER,"EVERYTIME IT RAINS, I GET AN INCH OR TWO OF WATER IN MY PASSENGER SIDE FRONT AND REAR FOOT WELL OF MY 2000 VW GOLF.  IT BEGAN LAST RAINY SEASON WITH A LARGE RAIN EVENT.  SINCE THEN, IT HAS HAPPENED WITH EVERY RAIN EVENT.  *JB",02/12/2007,04/02/2006,,False,False,0,0,WVWGH21J9YW
10173916,2000,"Volkswagen Group of America, Inc.",GOLF,ELECTRICAL SYSTEM,1. THIS FAILURE IS A RANDOM SHUTTING OFF OF THE ENGINE  WHEN THE VEHICLE IS BEING DRIVEN.  2. ENGINE SHUTS OFF WITHOUT ANY WARNINGS. THIS HAS OCCURRED WHEN THE ENGINE WAS IDLING AS WELL AS WHEN I AM TRAVELING AT 65 MPH ON A HIGHWAY. ENGINE SHUTTING OFF WHEN TRAVELING ON A HIGHWAY IS A GRAVE SAFETY CONCERN AS DRIVERS FOLLOWING ARE NOT EXPECTING SUCH A SHARP DECELERATION FROM MY VEHICLE.  3. THE FAILURE HAS NOT BEEN CORRECTED YET. THE VEHICLE WAS TAKEN TO A VW DEALER BUT THE WERE UNABLE TO PINPOINT A SOLUTION. MY OWN RESEARCH ON THE INTERNET LED ME TO A FAILURE OF AN ELECTRIC RELAY SWITCH. I WILL PROCEED TO CHANGE THE RELAY IN QUESTION (RELAY 109)*JB,11/20/2006,11/14/2006,,False,False,0,0,9BWGF21J7Y4
10169318,2000,"Volkswagen Group of America, Inc.",GOLF,SEAT BELTS,"THE FIRST TIME THE MIDDLE REAR SEAT BELT WAS USED IT GOT JAMMED IN THE OUT POSITION AND WOULD NOT RETRACT. THIS WAS IN OCTOBER OF 2005. PULLING HARD SEVERAL TIMES RELEASED IT SO THAT IT WOULD RETRACT BACK INTO THE SEAT.  IN JULY OF 2006 THE SEAT BELT GOT STUCK AGAIN BUT THIS TIME AFTER THE REAR SEAT WAS LOWERED. THE JAMMED SEAT BELT IS PREVENTING THE RETURNING THE REAR SEAT BACK TO AN UPRIGHT POSITION.    THESE ARE THE ONLY TIMES THAT THIS SEAT BELT HAS BEEN USED SINCE PURCHASE. VW REFUSES TO ADMIT THAT THE PART WAS DEFECTIVE FROM THE START. SINCE IT GOT JAMMED ON THE FIRST ATTEMPT TO USE IT, I SAY IT WAS DEFECTIVE.  NOW THE SAFETY BELT IS STILL JAMMED AND I CAN'T RAISE THE REAR SEAT.  *NM",09/26/2006,07/13/2006,,False,False,0,0,WVWGC21J6YW
10168962,2000,"Volkswagen Group of America, Inc.",GOLF,EXTERIOR LIGHTING,BRAKE LIGHT SWITCH FAILED.  LUCKILY A KIND DRIVER BROUGHT TO MY ATTENTION.  REPLACED WITH NEW ONE AND IT FAILED AGAIN! GOING ON MY THIRD SWITCH!  *NM,09/22/2006,09/18/2006,,False,False,0,0,9BWGH21J3Y4
10168785,2000,"Volkswagen Group of America, Inc.",GOLF,STRUCTURE,"DT*: THE CONTACT STATED WHILE ENTERING THE VEHICLE, THE GRAB BAR SCREWS LOOSENED AND THE GRAB BAR FELL OFF IN THE PASSENGER'S HAND.  THE GRAB BAR WAS ALWAYS USED TO POSITION THE PASSENGER GETTING INTO THE VEHICLE OR IN TURNS.  THE VEHICLE WAS TAKEN TO THE DEALERSHIP THAT DETERMINED THE GRAB BAR SHOULD BE REPLACED.",09/20/2006,07/01/2004,,False,False,0,0,
10168186,2000,"Volkswagen Group of America, Inc.",GOLF,EXTERIOR LIGHTING,RIGHT FRONT HEADLIGHT REPEATEDLY BURNS OUT (APPROX 3 TIMES IN 1 YEAR).  *NM,09/13/2006,09/13/2000,,False,False,0,0,
10166687,2000,"Volkswagen Group of America, Inc.",GOLF,AIR BAGS,"AIR BAG LIGHT CAME ON SO I TOOK THE CAR IN FOR SERVICE AT 38247 MILES.  THE NOTES ON THE VOLKSWAGEN SERVICE INVOICE STATED: ""TESTED MODULE RESPONSE AND WIRING. ALL OK PERFORMED GUIDED FAULT FINDING. DETERMINED THAT THE AIRBAG IN THE DRIVERS SEAT  NEEDED TO BE REPLACED. ESTIMATE $443.43"".     I ASKED THEM TO EXPLAIN WHY THE AIRBAG HAD TO BE REPLACED. RESPONSE: ""A WIRE GOT TO HOT AND FRIED A COMPONENT IN THE AIR BAG.""     THEN I ASKED HOW A ""HOT WIRE"" WAS NOT A MANUFACTURE DEFECT AND WHY IT WASN'T COVERED BY THE WARRANTY. RESPONSE:  ""IT JUST ISN'T COVERED AND IT'S NOT OUR FAULT"".  THE END RESULT WAS THEY DIDN'T WANT TO FIX THE PROBLEM WITH OUT CHARGING ME THE FULL PRICE, THE BEST THEY COULD DO WAS CHARGE ME HALF PRICE ON THE LABOR TO FIND THE PROBLEM. *JB",08/28/2006,03/24/2004,,False,False,0,0,9BWGA21J6Y4
10164879,2000,"Volkswagen Group of America, Inc.",GOLF,"SERVICE BRAKES, HYDRAULIC","SAME AS EVERYONE  ELSE. ANNOYING!!WE HAVE A 2000 PASSAT W/AN ABS WARNING LIGHT & CHIMES THAT HAVE BEEN COMING ON SINCE NOV. 2004 WHEN THE CAR HAD APPROX 50-65,000 MILES ON IT. WE HAVE HAD QUOTES OF$900 & 1300 FOR REPAIRS. BUT THEY ALWAYS SAY IT""S A SHORT IN THE MODULE. NO PROBLEM, I HOPE NOT. BECAUSE WE ARE NOT COMPLAINING. GETTING IT REPAIRED. WE ARE SICK & TIRED OF THIS POORLY MADE MONEY PIT CAR IT MAY BE THE FIRST CAR WE TRADE IN. . WHY CAN'T THERE BE DARN RECALL WITH ALL OF US. VW HAS NO CUSTOMER SERVICE MANNER. WE LIKE SOME OTHERS RESEARCHED CARS BEFORE BUYING. THIS CAR CAME HIGHLY RECOMMENDED. BY VEHICLE PUBLICATIONS.& WEBSITES, NOT  BY US. I AM TOTALLY AFRAID OF DRIVING IT EXCEPT  TO WORK & HOME,.WE HAVE HAD OTHER PROBLEMS TOO NUMEROUS TO MENTION. I HAVE BEEN TOLD THIS USUALLY HAPPENS IN CARS THAT HAVE BEEN IN ACCIDENTS, I CAN SEE BY THIS E-MAIL POSTER THAT IS NOT TRUE..  *JB",08/08/2006,11/20/2004,,False,False,0,0,WVWMD23B7YE
10157019,2000,"Volkswagen Group of America, Inc.",GOLF,AIR BAGS,DT*:  THE CONTACT STATED WHILE DRIVING 30MPH THE VEHICLE REAR ENDED ANOTHER VEHICLE AND THE AIRBAGS FAILED TO DEPLOY.  INJURIES WERE SUSTAINED BY THE OCCUPANTS OF BOTH VEHICLES.  THE CONTACT WAS WEARING A SEATBELT.  THE AIRBAG INDICATOR LIGHTS WERE NOT ILLUMINATED PRIOR TO THE INCIDENT.  THERE WAS A POLICE REPORT FILED AT THE SCENE.  THE VEHICLE WAS DETERMINED TOTALED BY THE INDEPENDENT REPAIR SHOP.,05/08/2006,05/08/2006,,True,False,2,0,WVWGH21J9YW
10156196,2000,"Volkswagen Group of America, Inc.",GOLF,AIR BAGS,AIRBAG WARNING LIGHT STAYS ILLUMINATED. DEALER STATED THAT CAR WAS OUT WARRANTY AND I MUST PAY $102.00 TO HAVE IT LOOKED AT AND MAYBE MORE TO HAVE IT FIXED. DEALER STATED THERE WAS A NEW POLICY AGAINST FIXING EVEN SAFETY DEFECTS OUT OF WARRENTY UNLESS CUSTOMER PAYS. CAR HAS 36.000 MILES ON IT. NEVER IN AN ACCIDENT.  DEALER WARNED IT MUST BE FIXED OR AIRBAG WILL NOT DEPLOY.  *NM,04/26/2006,04/23/2006,,False,False,0,0,9BWGC21J9Y4
10148614,2000,"Volkswagen Group of America, Inc.",GOLF,"STEERING,SUSPENSION,SERVICE BRAKES, HYDRAULIC,POWER TRAIN,ELECTRICAL SYSTEM,SEATS","2000 VOLKSWAGEN GOLF CV JOINTS FAILED, RIGHT FRONT CALIPER FROZE, FAULTY STEERING HOSE.  *TS  THE BATTERY WAS REPLACED TWICE AND THE WHEEL BEARING FAILED AT AN UNUSUAL LOW MILEAGE. THE FRONT SEAT HAD A PIECE OF METAL THAT WAS  MOLDED. *JB",01/09/2006,10/13/2003,,False,False,0,0,
10145477,2000,"Volkswagen Group of America, Inc.",GOLF,AIR BAGS,"LOOSE AIRBAG IGNITER CONNECTION UNDER THE STEERING WHEEL, CAUSING THE AIRBAG SYSTEM TO DEACTIVATE.  THIS INCIDENT IS FREQUENT AS REPORTED BY MANY OWNERS ON VARIOUS ONLINE FORUMS (AUDIWORLD, VWVORTEX, USENET NEWSGROUPS, ETC). AN INTERNET SEARCH ON ""AIRBAG IGNITER: DRIVER SIDE RESISTANCE TOO HIGH"" ON GOOGLE RETURNED NUMEROUS REPORTING ON THIS ISSUE. IN MY PARTICULAR INSTANCE, THIS HAS HAPPENED ON BOTH A 1999 VW PASSAT 1.8T/20V AND A 2000 VW GOLF 1.9L TDI.   *NM",12/16/2005,10/08/2005,,False,False,0,0,
10141045,2000,"Volkswagen Group of America, Inc.",GOLF,"STEERING,SUSPENSION,SERVICE BRAKES, HYDRAULIC,POWER TRAIN,SEATS","2000 VOLKSWAGEN GOLF FRONT AXLE SHAFTS WERE REPLACED DUE TO CV JOINT FAILURE. THE RIGHT FRONT CALIPER FROZE, POWER STEERING HOSE HAD TO BE REPLACED DUE TO LEAKAGE LOCATED NEAR THE REAR OF THE HOSE. *TS  ***NAR RECEIVED 10-20-05***  DUE TO THE CALIPERS BEING REPLACED, THE ROTORS HAD TO BE TURNED AND THE BRAKES HAD TO BE REPLACED.  THE FRONT WHEEL BEARING WAS REPLACED.  THE FRONT SEAT HAD A PIECE OF METAL THAT WAS MOLDED BREAK WHEN THE VEHICLE ONLY HAD 36,600 MILES ON IT. *JB",10/14/2005,10/13/2004,,False,False,0,0,
10133956,2000,"Volkswagen Group of America, Inc.",GOLF,"FUEL SYSTEM, GASOLINE",2000 VOLKSWAGEN GOLF GTI WAS BROUGHT IN FOR SERVICE FOR A STRONG GASOLINE ODOR INSIDE THE PASSENGER COMPARTMENT. THERE EXISTS A RECALL ON THIS MODEL FOR A PROBLEM WITH THE FUEL PUMP CRACKING DUE TO A DESIGN FAULT. THIS RECALL WAS NOT HONORED BECAUSE THE VEHICLE WAS PURCHASED IN MEXICO. VOLKSWAGEN OF AMERICA DOESN'T DEAL WITH ANY VEHICLES NOT PURCHASED IN THE UNITED STATES OR CANADA NOR DO THEY ATTEMPT TO DEAL WITH ANY OTHER SEGMENT OF VOLKSWAGEN WORLDWIDE.,08/23/2005,08/22/2005,,False,False,0,0,WVWDA21J3YW
10128168,2000,"Volkswagen Group of America, Inc.",GOLF,"ENGINE AND ENGINE COOLING,EQUIPMENT",PURCHASE VW PASSAT 2000 1.8 TURBO AFTER ONE FROM PURCHASE CHECK ENGINE LIGHT GOES ON. TOOK IT INTO THE SHOP AND THEY REMOVED AND INSTALLED TEMP SENSOR. AFTER COUPLE OF MONTH LATER AGAIN THE CHECK ENGINE LIGHT GOES ON AGAIN. DEALER'S SERVICE DEPT SAID THEY HAVE TO PERFORM DIAGNOSTIC CHECK TO FIND OUT AND THEY WOULD CHARGE FOR THAT SERVICE. VERY ANNOYING THAT LIGHTS GO ON SO FREQUENTLY. THEN WE DISCOVERED THAT THE OIL CHECKING ROD WHICH THE CAP IS MADE OUT OF PLASTIC MATERIAL CRACKED. WITH MY JAPANESE CAR I NEVER HAD THAT KIND OF PROBLEM. I ALWAYS THOUGHT THE VOLKSWAGEN WAS VERY TROUBLE FREE CAR.  BUT IT SEEMS LIKE IT WASN'T TRUE.,07/09/2005,07/07/2005,,False,False,0,0,WVWMA23BXYE
10125302,2000,"Volkswagen Group of America, Inc.",GOLF,"POWER TRAIN,ELECTRICAL SYSTEM","WHEN ANY ELECTRIC OR ELECTRONIC COMPONENT ON MY 2000 VOLKWAGEN GOLF TDI FAILS, THE TRANSMISSION LOCKS IN 3RD GEAR, MAKING ACCELERATION VERY DIFFICULT.  RECENTLY, THESE COMPONENT FAILURES HAVE ALSO BEEN RESULTING IN COMPLETE POWER FAILURES AT SPEED.",06/14/2005,06/14/2005,,False,False,0,0,9BWGF21J9Y4
10125004,2000,"Volkswagen Group of America, Inc.",GOLF,ENGINE AND ENGINE COOLING,VEHICLE IS A 200 VW GOLF TDI.  AT APPROX. 40K MILES ENGINE DEVELOPED EXCESSIVE CARBON BUILD UP IN THE EGR SYSTEM AND REQUIRED CLEANING.  VW PERFORMED THIS SERVICE AT NO CHARGE.  AT APPROX 60K MILE EXCESSIVE CARBOIN BUILD UP AGAIN NOTED.    VW CONTENDS THAT THIS IS A MAINTENACVE PROBLE CAUSED BY EXZCESS SULFER IN THE FUEL.  CUSTOMER REQUESTED VW TO PERFORM CLEANING AND PROVIDE PERMANENT REPAIR OR OTHER MITIGATION TO PREVCENT RE-OCCURANCE.  CUSTOME BELIEVES THAT THE TDI ENGINE IN GOLF 200 MODELS WAS NOT PROPERLY DESIGNED OR TUNED FOR DISIEL FUEL IN USE AND THAT VW EITHER SHOULD PROVIDE CORRECTIVE ACTION OR PAY ON-GOING COSTS THAT WILL BE NECESSARY TO MAINTAIN PROPOER ENGINE PERFORMANCE.   VW IS NON-RESPONSIVE.  VW CASE NUMMER IS 501-830-79.  COMPLAINT INITIATED WITH VW ON 6/3/05.,06/11/2005,06/03/2005,,False,False,0,0,WVWGF21J9YW
10122614,2000,"Volkswagen Group of America, Inc.",GOLF,EXTERIOR LIGHTING,THE HAZARD BUTTON ON THE 2000 VOLKSWAGEN GOLF APPEARS TO BE IN WORSE STATE AFTER THE RECALL REPAIRS WERE PERFORMED.   *MR   RECALL CAMPAIGN# 04V584000.   *SC   THE CONSUMER STATED THE PART NEVER PUSHED BACK TO NORMAL.*JB,05/19/2005,05/01/2005,,False,False,0,0,WVWGC21J3YW
10120308,2000,"Volkswagen Group of America, Inc.",GOLF,SUSPENSION,"NOTICE CLUNKING AND SCHREECHING SOUND WHEN TURNING THE STEERING WHEEL.  INDEPENDENT MECHANIC INFORMED OF LOWERCONTROL ARM DEFECTIVE. CAR CONTINUED TO MAKE CLUNKING SOUND WHEN TURNING, MECHANIC DIAGNOSED UPPER CONTROL (BALL JOINT) FAILURE.",05/09/2005,05/05/2005,,False,False,0,0,WVWUH23B8YE
10118318,2000,"Volkswagen Group of America, Inc.",GOLF,ENGINE AND ENGINE COOLING,RATTLING IN THE CATALYTIC CONVERTER/EXHAUST SYSTEM. *JB,04/23/2005,04/23/2005,,False,False,0,0,9BWGA21J4Y4
10114006,2000,"Volkswagen Group of America, Inc.",GOLF,"SERVICE BRAKES, HYDRAULIC",MY VOLKSWAGEN 2000 PASSAT HAS A MALFUNCTION OF THE ABS ELECTRONIC UNIT.  THIS MALFUNCTION HAS BEEN REPORTED FREQUENTLY AMONG AUDI AND VW CUSTOMERS.  THE EARLY MALFUNCTION OF THIS VITAL VEHICLE SAFETY COMPONENT IS UNACCEPTABLE.  *AK,03/12/2005,09/01/2004,,False,False,0,0,WVWMA23B8YP
10112374,2000,"Volkswagen Group of America, Inc.",GOLF,ENGINE AND ENGINE COOLING,"1) STOP ENGINE LIGHT  2) NO POWER, ENGINE FAILURE  3) POSSIBLE NEW ENGINE NEEDED  4) WARRANTY NO GOOD FROM VW BECAUSE I DON'T HAVE 2 RECEIPTS FROM OIL CHANGES!!!!!!!!!!!!!!!!!!!  WHAT?!!  ALL OTHER RECEIPTS ARE THERE.  *JB",03/01/2005,02/28/2004,,False,False,0,0,
10110032,2000,"Volkswagen Group of America, Inc.",GOLF,ELECTRICAL SYSTEM,THE ABS MODULE HAS AN INTERNAL ELECTRICAL CIRCUIT FAILURE. THE WARNING LIGHT AND BEEPER CANNOT BE DISCONNECTED. THE BRAKES   ARE OK BUT THE WARNING LIGHTS CONTINUE TO ACTIVATE SPORADICALLY.  *JB,02/07/2005,02/01/2005,,False,False,0,0,WVWMA23B9YP
10108483,2000,"Volkswagen Group of America, Inc.",GOLF,ENGINE AND ENGINE COOLING,"OIL PAN ON MY 2000 VW GOLF IS MADE OF CAST ALUMINUM OR MAGNESIUM, VERY BRITTLE.  BY DESIGN, THE CAR HAS MINIMAL GROUND CLEARANCE.    A HOLE WAS PUNCHED IN THE OIL PAN BY CONTACT WITH THE ROADWAY ON PASSING OVER A SMALL BUMP.  LED TO DISCHARGE OF ALL ENGINE OIL ONTO THE ROADWAY, POSING A HAZARD FOR OTHER MOTORISTS.  WHILE VISITING THE VW SHOP FOR MAINTENANCE ON MY CAR, I HAVE HEARD THE SERVICE MANAGER DEALING WITH OTHER OWNERS WHO HAVE HAD SIMILAR EXPERIENCES.  BELIEVE NHTSA SHOULD QUERY VW ABOUT RATE OF OIL PAN DAMAGE ON CARS WITH CAST ALUMINUM OIL PANS, AND IF STATISTICS WARRANT, REQUIRE VW MAKE AVAILABLE STURDIER OIL PANS, PERHAPS OF STEEL.     I HAVE INSTALLED A STEEL SKIDPLATE ON MY VW (COMMERCIALLY AVAILABLE, WHICH TELLS YOU SOMETHING ABOUT WHAT THE MARKETPLACE FEELS ABOUT THE ISSUE OF VW OIL PAN TOUGHNESS) TO PREVENT FURTHER DAMAGE.   I AM CONVINCED IT HAS SAVED MY ENGINE MANY TIMES OVER THE PAST 2 YEARS  IN NORMAL DRIVING ON PAVED ROADS.  *JB",02/03/2005,12/17/2002,,False,False,0,0,
10104694,2000,"Volkswagen Group of America, Inc.",GOLF,VISIBILITY,1) ROLLING DOWN PASSENGER WINDOW  2) WHOLE WINDOW FELL IN  3) CAR WAS BROUGHT TO THE MECHANIC AND ALL INSIDE DOOR PANEL HAD TP BE REPLACED SINCE PLASTIC PIECE HOLDING THIS WINDOW BROKE.    *NM,12/29/2004,07/14/2004,,False,False,0,0,WVWGH21J1YW
10102299,2000,"Volkswagen Group of America, Inc.",GOLF,ENGINE AND ENGINE COOLING,RADIATOR FAILURE. CRACKED RADIATOR ON PASSENGER SIDE BOTTOM.  RADIATOR FAN FAILURE. BEARINGS IN MOTOR SQUEALING.  *AK,12/07/2004,12/02/2004,,False,False,0,0,WVWUH23B8YE
10101164,2000,"Volkswagen Group of America, Inc.",GOLF,ELECTRICAL SYSTEM,AN  ELECTRICAL SYSTEM SHORT CAUSED  VEHICLE TO CATCH ON FIRE.  *AK,11/17/2004,11/03/2004,,False,True,0,0,
10096100,2000,"Volkswagen Group of America, Inc.",GOLF,AIR BAGS,DRIVER'S SEAT SIDE AIRBAG DEPLOYMENT WHEN FAULT CODES ARE SCANNED AND CLEARED. VW APPARENTLY KNOWS ABOUT PROBLEM WITH AIRBAG CONTROL MODULE. TECHNICIAN INJURED WHEN AIRBAG FORCED HIS ARM INTO STEERING WHEEL.,10/20/2004,10/20/2004,,False,False,1,0,WVWDH21J8YW
10093941,2000,"Volkswagen Group of America, Inc.",GOLF,VISIBILITY,"WHILE DRIVING MY 2000 VW GOLF, WITH 78000 MILES, I SQUIRTED MY WINDSHIELD WITH FLUID TO CLEAR IT, AND THE WIPERS, INSTEAD OF THE USUAL 2-WIPE CYCLE SLOWED DOWN, STRUGGLED AND THEN, WITHOUT WARNING,  CEASED TO OPERATE, STOPPING HALFWAY ON THE UPSWING. I WAS UNABLE TO PHYSICALLY MOVE THE WIPER BACK TO REST POSITION. LUCKILY, IT WAS NOT RAINING AND I WAS DRIVING ON A CITY ROAD WHERE I COULD PULL OVER SAFELY TO THE CURB. I DID DRIVE THE CAR HOME THAT DAY, AS IT WAS CLEAR, BUT WAS UNABLE TO USE THE CAR FOR THE NEXT FEW DAYS, AS RAIN THREATENED, AND OBVIOUSLY I COULD NOT AFFORD TO BE DRIVING IN EVEN A LIGHT RAIN AS THE FRONT WIPERS WERE NON-OPERATIONAL.   I HAD THE WIPERS REPAIRED AT MINUTEMAN VW, BEDFORD MA, ON SEPTEMBER 14. THEY FOUND THAT THE WIPER LINKAGE ON THE PASSENGER SIDE WAS COMPLETELY IN A BIND AND WERE PHYSICALLY UNABLE TO MOVE IT, WHILE THE DRIVER'S SIDE MOVED FREELY. THEY REPLACED THE WIPER LINKAGE, PART # 1J1-955-603-B, AT A TOTAL COST OF $169.64. THEY FOUND NO SIGNS OF EXTERNAL INFLUENCE, AND HAVE NOTED SUCH IN WRITING ON MY SERVICE SLIP. I AM IN POSSESSION OF THE OLD PART. I CONTACTED VW CUSTOMER SERVICE, AND WAS TOLD THAT ""VW DOES NOT CONSIDER WIPER OPERATION TO BE PART OF THE SAFETY OPERATION OF THE CAR"",AND THAT I WAS TOO FAR OUT OF WARRANTY. I DISAGREE. I FEEL THAT THE MECHANICAL OPERATION OF THE WIPER IS DIRECTLY CONTRIBUTING TO SAFE OPERATION, AND SHOULD LAST THE LIFETIME OF THE CAR. HAD I BEEN DRIVING ON THE FREEWAY IN A RAIN STORM, HAVING THE WIPERS BECOME SUDDENLY INOPERATIVE WOULD WELL HAVE CAUSED A MAJOR ACCIDENT WITH LOSS OF LIFE OR SERIOUS INJURY.   *NM",10/11/2004,09/10/2004,,False,False,0,0,WVWGC21J7YW
10094291,2000,"Volkswagen Group of America, Inc.",GOLF,"SERVICE BRAKES, HYDRAULIC","BOTH  REAR OUTSIDE BRAKE PADS WORE DOWN TO THE METAL BACKING,  WHILE ALL OTHER PADS WERE STILL SERVICEABLE.  DEALERSHIP WAS NOTIFIED. *AK",09/24/2004,09/24/2004,,False,False,0,0,
10086792,2000,"Volkswagen Group of America, Inc.",GOLF,ENGINE AND ENGINE COOLING,"CAR HAS 61000 MILES ON IT AND THE ""WATER PUMP WENT WHICH TOOK OUT THE TIMING BELT"" PER MY MECHANIC.  I PURCHASED THIS CAR USED AND HAVE NO WARRENTY BECAUSE VW ONLY ALLOWS WARRANTY TO TRANSFER TO A FAMILY MEMBER WHO BUYS THE CAR.  *AK",08/13/2004,08/10/2004,,False,False,0,0,
10079891,2000,"Volkswagen Group of America, Inc.",GOLF,SUSPENSION,"FRONT SUSPENSION IS MAKING A CRANKING NOISE WHILE DRIVING. THIS COULD RESULT IN LOST OF STEERING.  THERE IS A RECALL ON THIS ISSUE, BUT THE MANUFACTURE ISN'T PROVIDING THE CONSUMER WITH ANY INFORMATION, INDICATING WHETHER OR NOT THIS VEHICLE IS COVERED BY THE RECALL.  *AK",06/25/2004,06/18/2004,,False,False,0,0,9BWGF21J2Y4
10073067,2000,"Volkswagen Group of America, Inc.",GOLF,AIR BAGS,"THE AIRBAG LIGHT CAME ON.  WHEN I TOOK IT TO THE DEALERSHIP I WAS TOLD IT WAS BECAUSE MY OWNERS MANUAL WAS UNDER THE PASSENGER SEAT.  THIS CAUSED THE CONNECTORS TO BREAK.  PERHAPS PEOPLE SHOULD BE TOLD NOT TO PUT ANYTHING UNDER THE SEAT.  THERE IS NOTHING IN THE OWNERS MANUAL THAT STATES THAT.  IT COST ME $300 TO HAVE THIS FIXED.  I FEEL VOLKSWAGEN SHOULD COVER THE COST OF THIS REPAIR.  I HAVE AN EXTENDED WARRANTY AND WAS STILL TOLD SINCE IT WAS AN OUTSIDE SOURCE (THE OWNERS MANUAL) WHICH CAUSED THE BREAKAGE, IT WAS NOT COVERED.*AK",05/24/2004,05/23/2004,,False,False,0,0,WVWBC21J9YW
10072966,2000,"Volkswagen Group of America, Inc.",GOLF,"STRUCTURE,LATCHES/LOCKS/LINKAGES","THE CAR HAS HAD SQUEAKING AND CREAKING FRONT DOORS SINCE TWO WEEKS AFTER DELIVERY.  THE DEALER HAS TRIED SEVERAL TIMES TO LUBRICATE, ADJUST THE DOOR AND STRIKER.  THE PROBLEM HAS NEVER BEEN SOLVED.  IT CAN BE HEARD WHENEVER THE CAR ACCELERATES, DECELERATES, OR CHANGES DIRECTION.  IT ALSO HAS BUZZES, CREAKS, SQUEAKS, AND RATTLES IN THE DASH.   THE PROBLEM IS GROWING WORSE AND NO ONE KNOWS HOW TO SOLVE IT.  THIS CAR HAS BEEN DOING THIS SINCE IT WAS TWO WEEKS OLD.  IT ONLY HAS 30,000 MILES ON IT AT PRESENT.*AK",05/21/2004,05/01/2001,,False,False,0,0,WVWGH21J5YW
10059554,2000,"Volkswagen Group of America, Inc.",GOLF,"SERVICE BRAKES, HYDRAULIC","WHEN DRIVING AT ANY SPEED BRAKE LIGHT APPEARED ON THE DASH.  CONSUMER TOOK  VEHICLE TO THE DEALERSHIP OVER TEN TIMES, BUT PROBLEM RECURRED. *AK",02/23/2004,01/15/2004,,False,False,0,0,
10059305,2000,"Volkswagen Group of America, Inc.",GOLF,ENGINE AND ENGINE COOLING,THE VEHICLE STALLED WHILE DRIVING.  THE VEHICLE WAS TAKEN TO THE DEALER ON NINE OCCASIONS BUT THE PROBLEM STILL EXIST.  *NM,02/19/2004,04/12/2001,,False,False,0,0,FILLIN
10049663,2000,"Volkswagen Group of America, Inc.",GOLF,"ENGINE AND ENGINE COOLING,EQUIPMENT","OUR VOLKSWAGEN GOLF ( CUTS OUT ON US WHEN THE CAR IS MOVING.  THIS HAS BEEN A PROBLEM FOR MOST OF THE YEAR.  WE HAVE TAKEN OUR CAR TO THE VOLKSWAGEN DEALER  AT LEAST 7 TIMES SO FAR AND THE CAR STILL CUTS OUT DESPITE MANY DIFFERENT THINGS BEING DONE.  OUR DEALER HAS TOLD US THAT THEY ARE STILL NOT SURE WHY, AND AFTER THE LAST VISIT, THEY THOUGHT THEY HAD FIXED IT.  HOWEVER, I WAS JST DRIVING ON THE 1-9 IN NEW JERSEY AT SPEED AND THE ENGINE CUT OUT ON ME. THERE WAS NO WHERE TO PULL OVER AND I HAD TO PUT MY WARNING LIGHTS ON AND LET THE CAR COME TO A STOP.  I ALSO LOST MY STEARING ALTHOUGH THANKFULLY I WAS IN THE RIGHT LANE.  ALTHOUGH THE VOLKSWAGON DEALER IS TRYING ITS BEST TO REPAIR OUR CAR AND HAS BEEN IN CONTACT WITH VOLKSWAGON FOR HELP, THIS KEEPS HAPPENING.  THIS HAS JUST HAPPENED AGAIN AND I AM WRITING WHILE I AM STILL ANGRY.   SINCE COLLECTING THE CAR FROM THE DEALER LAST WEEK WE THOUGHT THE PROBLEM MAY HAVE BEEN SOLVED AS THE ENGINE DIDN'T CUT OUT ALL WEEK (BEFORE IT WAS NEARLY EVERYDAY), HOWEVER IT HAS HAPPENED AGAIN.  THE THING THAT IS BOTHERING ME MOST AND UPSETTING ME IS THAT THIS RECURRING UNSOLVED PROBLEM IS POTENTIALLY THREATENING TO MY HUSBANDS AND MY LIFE- AS WELL AS OTHER ROAD USERS.  IT IS EXTREMELY SCARY WHEN THE ENGINE CUTS OUT AT SPEED WHILE OTHER CARS ARE WHIZZING PAST YOU.   I ALSO WANT TO KNOW WHY WE HAVE TO BE WARY EVERYTIME WE COLLECT THE CAR FROM THE DEALER, BECAUSE EVERYTIME THE PROBLEM HAS NOT BEEN REMEDIED.  *AK",12/12/2003,12/12/2003,,False,False,0,0,
10025937,2000,"Volkswagen Group of America, Inc.",GOLF,POWER TRAIN,"CAR WILL NOT SHIFT OUT OF PARK, WITH IGNITION ON, CAR RUNNING DESPITE BRAKE PEDAL BEING DEPRESSED.  *AK",07/12/2003,07/10/2003,,False,False,0,0,3VWDD21C6YM
10025518,2000,"Volkswagen Group of America, Inc.",GOLF,"SERVICE BRAKES, HYDRAULIC","MY VOLKSWAGEN  GOLF TDI HAD TO HAVE THE REAR ROTORS AND BRAKE PADS REPLACED WITH LESS THAN 30,000 MILES.  THE FRONT BRAKES WERE STILL IN GOOD SHAPE.  THE SERVICE PERSON NOTED THAT BRAKE DUST STICKS TO THE SLIDING PARTS AND CAUSES THE BRAKES TO STICK AND WEAR.  THE REAR BRAKE PADS WERE TOTALLY WORN AND THE ROTORS SCORED.  AT 36,000 MILE MY CAR'S BRAKES ARE MAKING A GRINDING NOISES AGAIN WHEN THE BRAKE PEDAL IS NOT DEPRESSED.*AK",07/07/2003,08/17/2002,,False,False,0,0,WVWBF21J8YW
10018663,2000,"Volkswagen Group of America, Inc.",GOLF,"FUEL SYSTEM, GASOLINE","HIGH PRESSURE SIDE NIPPLE, EXITING FUEL PUMP/SENDING UNIT ASSEMBLY CRACKED, SPRAYING UNDERSIDE OF VEHICLE ABOVE FUEL TANK, BELOW REAR SEATS WITH FUEL. THIS AREA IS WELL PROTECTED FROM ROAD DEBRIS AND NO IMPACT DAMAGE IS EVIDENT. VEHICLE HAS NOT BEEN IN AN ACCIDENT OF ANY KIND, PURCHASED NEW IN SEPT 2000.    *NLM",05/14/2003,04/13/2003,,False,False,0,0,WVWGA21J2YW
10018195,2000,"Volkswagen Group of America, Inc.",GOLF,ENGINE AND ENGINE COOLING,THE ENGINE STALLED INTERMITTENTLY WHICH CAUSED SERIOUS PROBLEMS WITH THE AUTOMATIC TRANSMISSION. *NLM,05/05/2003,05/05/2003,,False,False,0,0,9VWGF21J3Y4
10010718,2000,"Volkswagen Group of America, Inc.",GOLF,AIR BAGS,"TOOK CAR TO DEALER BECAUSE AIRBAG LIGHT INDICATOR ON DASHBOARD WAS LIT- WAS TOLD BY TECHNICIAN THE AIRBAG IGNITOR WOULD NEED TO BE REPLACED FOR $300.  DESPITE THE EXPIRATION OF THE WARRANTY, THIS COST OF THE REPAIR SHOULD BE COVERED BY MANUFACTURER/DEALER SINCE THIS IS A MANUFACTURER DEFECT.  *JB",03/18/2003,10/30/2002,,False,False,0,0,WVWGH21J5YW
10003597,2000,"Volkswagen Group of America, Inc.",GOLF,WHEELS,WE TRIED TO REPLACE OUR TIRES FOR THE FIRST TIME AND TWO OF THE WHEEL LOCKS WERE COMPLETELY OXIDIZED ON AND COULD NOT BE PULLED OFF OR BROKEN BY ANYONE AT THREE DIFFERENT SHOPS. WE WERE TOLD THIS IS DUE TO POOR DESIGN. AS SOON AS SOMEONE TRIES TO TURN THE WHEEL LOCKS THEY WERE COMPLETELY STRIPPED AND FROM THEN ON IMPOSSIBLE TO REMOVE. WE HAVE NOT BEEN ABLE TO REPLACE OUR LOW TREAD TIRES DUE TO THIS PROBLEM.,01/29/2003,01/22/2003,,False,False,0,0,
10004136,2000,"Volkswagen Group of America, Inc.",GOLF,ENGINE AND ENGINE COOLING,WHILE DRIVING THE VEHICLE INTERMITTENTLY ENGINE LIGHT AND HEAVY VIBRATION FORCE TO PULL OFF THE ROAD. DUE TO A FAULTY ENGINE COIL PACK. DEALER CHANGED THE FAULTY COIL PACK. AFTER COIL PACK WAS CHANGED VEHICLE SUFFERED SUDDEN ACCELERATION. PLEASE PROVIDE FURTHER INFORMATION. TS,01/17/2003,01/17/2003,,False,False,0,0,WVWGA21J9YW
10002673,2000,"Volkswagen Group of America, Inc.",GOLF,"FUEL SYSTEM, OTHER,UNKNOWN OR OTHER","ENGINE RUNS ROUGH, AND ENGINE CHECK LIGHT COMES ON.  DEALER REPAIR CENTER STATE CHECK LIGHT CAME ON B/C INJECTORS NEEDED TO BE CLEANED AND VACUM HOSES HAD TO BE REPLACED.  CAR HAS ONLY 20K MI ON IT.",01/14/2003,01/02/2003,,False,False,0,0,9BWGA21J5Y4
10001595,2000,"Volkswagen Group of America, Inc.",GOLF,SUSPENSION,CONSUMER STATED THAT THEY HAVE THE SAME PROBLEM AS RECALL #00V280000 FRONT CONTROL ARM. DEALER WILL NOT REPAIR BECAUSE VIN# WAS NOT INCLUDED. TS,12/27/2002,12/08/2002,,False,False,0,0,PLEASE PROV
769393,2000,"Volkswagen Group of America, Inc.",GOLF,AIR BAGS,AIRBAG INDICATOR LIGHT VOLKSWAGEN AGREED TO PAY FOR REPAIR PAID $73 OUT-OF-POCKET TO GET DIAGNOSTIC AIRBAG INDICATOR LITE ADMISSION OF PROBLEM ONLY PAID FOR REPAIR? LITE OFF WANT $73 REFUNDED.  DT,11/06/2002,,,False,False,0,0,3VWRA29M4YM
8021464,2000,"Volkswagen Group of America, Inc.",GOLF,ENGINE AND ENGINE COOLING,CONSUMER STATES WHILE THE ENGINE DRIVING 60 MPH THE VEHICLE SHUT DOWN CAUSING LOST OF POWER STEERING.   MR,10/23/2002,10/16/2002,,False,False,0,0,PLEASE PROV
768420,2000,"Volkswagen Group of America, Inc.",GOLF,ELECTRICAL SYSTEM,"BRAKE ASSEMBLY SWITCH WAS FAULTY WHICH DOES NOT ALLOW THE AUTOMATIC TRANSMISSION TO BE SWITCHED OUT OF PARK.  COST TO REPAIR APPROXIMATELY $150.00.  CAR HAD 18,032 MILES AND WAS 28 MONTHS OLD, PURCHASED CAR NEW.  VOLKSWAGEN OF AMERICA DID NOT COVER WORK UNDER WARRANTY.  PER WWW.NEWBEETLE.ORG FORM, THERE HAVE BEEN NUMEROUS OTHER FAULTY SWITCHES.    MR",10/14/2002,10/08/2002,,False,False,0,0,3VWCC21C7YM
767701,2000,"Volkswagen Group of America, Inc.",GOLF,"FUEL SYSTEM, GASOLINE","THE CONNECTOR ON THE FUEL PUMP CRACKED RESULTING IN A FUEL LEAK AND A STRONG GAS SMELL INSIDE THE CAR. THE DEALER MECHANIC WHERE THE PART WAS PURCHASED, REPORTED THAT THEY HAVE DONE 15 TO 20 OF THESE RECENTLY. THE ENTIRE FUEL PUMP HAD TO BE REPLACED.  NLM",09/25/2002,09/18/2002,,False,False,0,0,WVWGC21J1YW
767323,2000,"Volkswagen Group of America, Inc.",GOLF,VISIBILITY,"ONCE AGAIN, INCONVENIENCED BY WINDOW SLIDER/REGULATOR FAILURE. FIRST IT WAS THE PASSENGER SIDE WINDOW, NOW THE DRIVER'S SIDE. THE WINDOW FROZE IN THE DOWN POSITION WITH ONLY A GRINDING NOISE WHEN I ATTEMPTED TO POWER THE WINDOW BACK UP. I IMMEDIATELY GOT ON THE PHONE AND ATTEMPTED TO SCHEDULE AN APPOINTMENT FOR REPAIR. UNFORTUNATELY, NONE OF THE LOCAL DEALERSHIPS COULD OFFER ME AN APPOINTMENT THAT WOULD GET MAKE BACK ON THE ROAD IN A COUPLE OF DAYS. THUS, I JUST SHOWED UP AT ONE DEALERSHIP WHEN IT OPENED AND MANAGED TO GET MY CAR SERVICED QUICKLY AND THE REPAIR WAS BILLED AS A WARRANTY ITEM. FILING THIS REPORT BECAUSE THIS IS THE SECOND WINDOW ON MY CAR AND THIS COULD BE A SAFETY ISSUE DEPENDING ON THE CONDITIONS INVOLVED. THANK YOU.*AK",09/17/2002,09/16/2002,,False,False,0,0,9BWGC21J4Y4
767323,2000,"Volkswagen Group of America, Inc.",GOLF,VISIBILITY,"ONCE AGAIN, INCONVENIENCED BY WINDOW SLIDER/REGULATOR FAILURE. FIRST IT WAS THE PASSENGER SIDE WINDOW, NOW THE DRIVER'S SIDE. THE WINDOW FROZE IN THE DOWN POSITION WITH ONLY A GRINDING NOISE WHEN I ATTEMPTED TO POWER THE WINDOW BACK UP. I IMMEDIATELY GOT ON THE PHONE AND ATTEMPTED TO SCHEDULE AN APPOINTMENT FOR REPAIR. UNFORTUNATELY, NONE OF THE LOCAL DEALERSHIPS COULD OFFER ME AN APPOINTMENT THAT WOULD GET MAKE BACK ON THE ROAD IN A COUPLE OF DAYS. THUS, I JUST SHOWED UP AT ONE DEALERSHIP WHEN IT OPENED AND MANAGED TO GET MY CAR SERVICED QUICKLY AND THE REPAIR WAS BILLED AS A WARRANTY ITEM. FILING THIS REPORT BECAUSE THIS IS THE SECOND WINDOW ON MY CAR AND THIS COULD BE A SAFETY ISSUE DEPENDING ON THE CONDITIONS INVOLVED. THANK YOU.*AK",09/17/2002,09/16/2002,,False,False,0,0,9BWGC21J4Y4
767176,2000,"Volkswagen Group of America, Inc.",GOLF,"SERVICE BRAKES, HYDRAULIC,VISIBILITY","1. RUST ON BRAKES PAD GUIDES BLOCKED THE PADS ON THE ROTORS. ROTORS WERE WARPED FROM THE HEAT, BRAKE PAD ON LEFT REAR SIDE WORE FROM 1/2"" ALL THE WAY TO THE METAL IN SHORT TIME. VEHICLE WAS INSPECTED TO THE DEALER FOR 30K SERVICE 25 DAYS PRIOR TO INCIDENT. VW CUSTOMER SERVICE CONSIDERS THE INCIDENT DUE TO ""ELEMENTS AND NORMAL WEAR AND TEAR"". COST OF REPAIR: $418.74 NOT COVERED BY MANUFACTURER. 2. WINDOW CLAMPS AND CABLE DEFECTIVE, REPAIR COVERED BY THE MANUFACTURER, NO RECALL ON PARTS, HUNDREDS OF CASES EXPERIENCED BY THE DEALERSHIP, AS PER DEALERSHIP EMPLOYEES.   NLM",09/14/2002,07/30/2002,,False,False,0,0,9BWGF21J0Y4
767090,2000,"Volkswagen Group of America, Inc.",GOLF,"SERVICE BRAKES, HYDRAULIC","ON MARCH 27, 2002, AT 26,795 MILES, I REQUESTED A 30,000 MILE SERVICE FROM ROSEVILLE VOLKSWAGEN. ROSEVILLE VOLKSWAGEN IS LOCATED AT 830 AUTOMALL DR., ROSEVILLE, CA  95661-3023 AND THE PHONE NUMBER THERE IS (916) 774-2777. DURING THE 30,000 MILE SERVICE, THE TECHNICIAN INDICATED ON THE MAINTENANCE WORKSHEET THAT THE FRONT BRAKE PADS HAD 95% REMAINING WHILE THE REAR BRAKE PADS HAD ONLY 25% REMAINING, INDICATING A SERIOUS BRAKE SYSTEM ANOMALY. THE TECHNICIAN ""INSTALLED NEW BRAKE PADS DUE TO PREMATURE WEAR"" AS NOTED ON INVOICE #VWCS28623. I WAS NOT CHARGED FOR THE BRAKE PADS EVEN THOUGH I WAS OVER MY 24,000/2 YEAR WARRANTY. THE PREMATURE REAR BRAKE PAD WEAR NOTED COULD HAVE BEEN A SERIOUS HAZARD FOR ME, MY FAMILY, AND OTHER DRIVERS ON THE ROAD. I BELIEVE THAT THE UNDERLYING PROBLEM THAT RESULTED IN THE PREMATURE BRAKE PAD WEAR WAS NOT ADDRESSED AT THE TIME OF SERVICE AND THAT THIS REMAINS A SERIOUS SAFETY CONCERN IN THE FUTURE. I AM ALSO CONCERNED THAT THERE MAY BE MORE VW GOLF VEHICLES ON THE ROAD THAT MAY BE UNSAFE TO DRIVE DUE TO THIS IRREGULAR BRAKE PAD WEAR.  THE DEALERSHIP OFFERED NO EXPLANATION FOR THE IRREGULAR BRAKE PAD WEAR AT THE TIME THE SERVICE WAS COMPLETED. VOLKSWAGEN OF AMERICA HAS BEEN CONTACTED BY PHONE AND IN WRITING IN AN EFFORT TO FIND OUT HOW COMMON THE PROBLEM IS, WHAT THE EXPLANATION FOR THE IRREGULAR BRAKE PAD WEAR IS, ETC. VOLKSWAGEN OF AMERICA HAS RESPONDED TO MY QUESTIONS WITH A LETTER SUGGESTING THAT I TAKE MY QUESTIONS UP WITH MY PREFERRED VOLKSWAGEN DEALER. AS I HAVE NOT MADE ANY PROGRESS IN THIS MATTER, I AM FORWARDING THE INFORMATION TO YOU. IF ANY FURTHER INFORMATION IS REQUIRED, PLEASE DO NOT HESITATE TO CONTACT ME. THANK YOU.*AK",09/12/2002,03/27/2002,,False,False,0,0,9BWGC21J4Y4
767096,2000,"Volkswagen Group of America, Inc.",GOLF,VISIBILITY,"ON MEMORIAL DAY WEEKEND, AS I WAS PREPARING TO LEAVE FOR WORK, I POWERED DOWN MY FRONT PASSENGER WINDOW. WHEN I WENT TO POWER BACK UP, THE WINDOW WOULD NOT MOVE AND IT MADE A TERRIBLE GRINDING NOISE. THE WINDOW WAS FROZEN IN THE DOWN POSITION. THE WINDOW WAS RARELY POWERED UP/DOWN IN THE FIRST TWO YEARS OF USE. WHEN I ATTEMPTED TO SCHEDULE A SERVICE APPOINTMENT WITH A LOCAL DEALERSHIP (NOT NIELLO), I COULD NOT BE SEEN FOR SEVERAL DAYS. DUE TO MY BUSY WORK SCHEDULE, ONE FORTY-FIVE DOLLAR CAB RIDE TO WORK, AND A RECENTLY EXPIRED AUTOMOBILE WARRANTY, I ASKED MY HUSBAND TO REPAIR THE CAR. AFTER CAREFULLY REMOVING THE GLASS, THE INTERNAL DOOR PANEL, AND ELECTRICAL WIRING HARNESS, HE REMOVED THE INTERNAL DOOR PANEL/LIFTER ASSEMBLY. THE PROBLEM WAS IMMEDIATELY VISIBLE. A POORLY DESIGNED, CHEAPLY MANUFACTURED, INFERIOR PLASTIC SLIDER HAD BEEN UNABLE TO RESIST THE WEIGHT OF THE WINDOW, THE RESISTANCE OF THE RISER, OR THE PULL OF THE CABLE WHEN POWERED BY THE WINDOW REGULATOR. ON MAY 29, 2002, I VISITED ROSEVILLE VOLKSWAGEN'S PARTS DEPARTMENT. UNFORTUNATELY, ONE CANNOT PURCHASE JUST THE PLASTIC SLIDER (THE DEFECTIVE PART). THIS PART IF SOLD ALONE, COULD NOT AMOUNT TO MUCH MORE THAN $20. INSTEAD, THE WHOLE INTERNAL DOOR PANEL PART MUST BE PURCHASED AT $160. ACCORDING TO THE PARTS DEPARTMENT EMPLOYEE, VOLKSWAGEN IS COVERING THIS REPAIR UP TO 40,000 MILES. THUS, I SUBMITTED THE INVOICE FOR THE $160 PART, THE DEFECTIVE SLIDER, AND A LETTER REQUESTING REIMBURSEMENT FOR THE PART TO VOLKSWAGEN OF AMERICA. MY REQUEST FOR REIMBURSEMENT WAS DENIED. FORTUNATELY FOR ME, I WAS NOT IN AN UNSAFE PLACE WHEN THE WINDOW FROZE IN THE DOWN POSITION. CONSIDERING ALL OF THE LISTINGS FOR THIS PROBLEM ON THE NHTSA WEBSITE ALONE, I WOULD HOPE THAT VOLKSWAGEN IS MAKING AN EFFORT TO CHANGE THIS FLAWED DESIGN. I WOULD ALSO EXPECT THAT VOLKSWAGEN SHOULD MAKE THE SLIDER AVAILABLE FOR PURCHASE AS AN INDIVIDUAL PART. THANK YOU.*AK",09/12/2002,05/25/2002,,False,False,0,0,9BWGC21J4Y4
766666,2000,"Volkswagen Group of America, Inc.",GOLF,"SERVICE BRAKES, HYDRAULIC","REAR ROTORS AND PADS NEEDED TO BE REPLACED AT 27,830 MILES. WHILE THESE ARE PRIMARILY CIT/LOCAL MILES, I HAVE NEVER EXPERIENCED SUCH A PREMATURE FAILURE OF A BRAKE COMPONENT. THIS IS POSSIBLY A DSIGN FLA AND I WAS WONDERING IF THE NHSTA HAD A SECTION OF THEIR DATABASE THAT REFLECTED A SERIES OF THHESE FAILURES.*AK",09/04/2002,08/20/2002,,False,False,0,0,WVWBC21JXYW
766508,2000,"Volkswagen Group of America, Inc.",GOLF,VISIBILITY,I HAVE HAD 3 OUT OF 4 POWER WINDOWS (ONE TWICE) GO DOWN AND FAIL TO COME BACK UP. I WAS ORIGINALLY TOLD THAT THIS WAS AN ISOLATED INCIDENT. I HAVE COME TO FIND OUT THAT THIS IS OCCURING WITH SUCH REGULARITY MY DEALERSHIP CAN NOT KEEP THE PART IN STOCK. I AM JUST WAITING FOR WINDOW #4 TO BREAK WHILE I AM AT WORK WHICH IS NOT THE MOST SAVORY NEIGHBORHOOD.*AK,08/31/2002,07/06/2001,,False,False,0,0,WVWGA21JXYW
766327,2000,"Volkswagen Group of America, Inc.",GOLF,"SERVICE BRAKES, HYDRAULIC",I HAVE BEEN COMPLAINING ABOUT MY ABS TO MY DEALER SINCE I BOUGHT THE CAR.  I HEARD THERE MAY BE A HIDDEN RECALL ON THEM NOW.  PLEASE ADVISE.  *AK,08/27/2002,,,False,False,0,0,WVWGC21J9YW
8016656,2000,"Volkswagen Group of America, Inc.",GOLF,VISIBILITY,"POWER WINDOWS ON THREE OCCASIONS ON BOTH FRONT WINDOWS, WITH NO CAUSE FELL DOWN IN WINDOW WELL.  THIS OCCURRED ONCE ON DRIVER'S SIDE, AND TWICE ON  PASSENGER'S SIDE.  OWNER STATED WHILE TRYING TO GET THIS REPAIRED THREE OTHER PEOPLE WERE AT THE DEALER FOR THE SAME PROBLEM.  DEALERSHIP WAS BACKED UP DUE TO NUMEROUS REPLACEMENT REQUESTS. *AK",08/19/2002,,,False,False,0,0,9BWGC21J2V4
765215,2000,"Volkswagen Group of America, Inc.",GOLF,VISIBILITY,THE LOCAL DEALERSHIP WAS NOT WILLING TO REPAIR THE PROBLEM UNDER WARRANTY OR RESEARCH THE PROBLEM.  THERE WERE THREE VHEICLES IN FRONT OF MINE IN THE SERVICE BAY WITH THE SAME PROBLEM BUT THE SERVICE WRITER STATED HE HAD NEVER HEARD THAT THERE WAS A MALFUNCTION WITH THE SIDE WINDOWS.*AK,08/05/2002,03/01/2002,,False,False,0,0,WVWGA21J3YW
764883,2000,"Volkswagen Group of America, Inc.",GOLF,VISIBILITY,"ALTHOUGH MY POWER WINDOW REGULATOR AND CLIPS HAVE NOT FAILED YET, THIS IS A KNOW PROBLEM TO VW. THEY HAVE RECENTLY DESIGNED A ""KIT"" WHICH HAS UPGRADED METAL PARTS, AND NOT PLASTIC PARTS.  THEY ARE REPLACING THE PIECES AFTER THEY BREAK, AFTER WINDOW FALLS DOWN INTO THE TRACK.  SOME DEALERS COVER PART OF THE COST ($200!?), SOME DON'T.  THIS IS A KNOWN DEFECT AND I THINK VW SHOULD BE RECALLING THE CARS BEFORE FAILURE TO REPLACE THE WINDOW CLIPS AND REGULATORS.  THE YEARS AFFECTED ARE 2000 - 2002, THE GOLF AND JETTA (AND MAYBE THE BEETLE).  PRESENTLY REPAIR PARTS ARE BACKORDERED DUE TO THE DEMAND.*AK",07/29/2002,,,False,False,0,0,WVWGF21J4YW
764627,2000,"Volkswagen Group of America, Inc.",GOLF,"VISIBILITY,AIR BAGS,VEHICLE SPEED CONTROL","1. PASSENGER FRONT WINDOW DROPS DOWN IN DOOR. HAS HAPPENED TWICE. THERE WERE FOUR OTHER PEOPLE AT THE DEALER FOR THE SAME PROBLEM AT THE SAME TIME I WAS THERE. I WAS TOLD IT WAS AN ""ARIZONA"" PROBLEM AND THAT THE PART THAT HOLDS THE WINDOW UP MELTS AND BREAKS. I WAS DRIVING DOWN THE HIGHWAY WHEN MY WINDOW FELL DOWN CAUSING ME TO BECOME DISTRACTED BY THE INCIDENT AND NEARLY CAUSING AN ACCIDENT. 2. AIR BAG LIGHT WENT ON FOR NO REASON. COST TOM ME WAS $618 TO REPLACE A FAULTY AIRBAG AND WIRING HARNESS. I BELIEVE THAT SHOULD BE COVERED EVEN OUT OF WARRANTY SINCE THERE IS NOTHING I COULD HAVE POSSIBLY DONE TO CAUSE THE AIRBAG TO BECOME DEFECTIVE. 3. CRUISE CONTROL DISENGAGES WHEN THE RIGHT TURN SIGNAL IS APPLIED. THIS HAPPENED FOR MONTHS UNTI THE CRUISE CONTROL WENT OUT COMPLETELY. I HAVE HEARD THIS FAILURE IS DUE TO A RIBBON CABLE WHICH GETS BROKEN IN THE STEERING COLUMN. MY FIRST ONE BROKE JUST BEFORE THE 24K WARRANTY EXPIRED. THE SECOND ONE BROKE ON SCHEDULE AT ABOUT 50K. THIS IS VERY DANGEROUS SINCE IF YOU PAS SOMEONE WITH THE CRUISE CONTROL ON AND THEN USE YOUR TURN SIGNAL TO GET BACK OVER THE CRUISE IS DEACTIVATED CAUSING THE CAR TO ABRUPTLY SLOW DOWN IN FRONT OF THE CAR YOU WERE TRYING TO PASS.*AK",07/23/2002,01/15/2002,,False,False,0,0,WVWGF21J7YW
763605,2000,"Volkswagen Group of America, Inc.",GOLF,VISIBILITY,"MY WINDOW, WHILE DRIVING, JUST DROPPED INTO THE DOOR.  I WAS IN THE COUNTRYSIDE AND NOT ABLE TO FIX IMMEDIATELY DUE TO NO DEALERS.  I WAS CONCERNED ABOUT MY SAFETY --AND THE SECURITY OF MY CAR/BELONGINGS. THE DEALER TOLD ME THIS HAPPENS FREQUENTLY AND THEY WOULD COVER COST OF PARTS ($150) IF I COVER LABOR ($156). I HAD NO CHOICE--AND I APPRECIATE THEIR WILLINGNESS TO HELP.  VW DEALER TELLS ME THIS HAPPENS FREQUENTLY. I HAVE SINCE HAD 3 DIFFERENT INDIVIDUALS IN MY NEIGHBORHOOD HAVE THE SAME THING HAPPEN.  I CALLED CORPORATE -- THEY SAID, ""IT HAPPENS"" AND ""CARS AREN'T PERFECT"".  MY CAR IS JUST 2 YEARS OLD...AND SHOULDN'T PRESENT THESE KIND OF PROBLEMS. I SURE HOPE VW IS PREPARED FOR THE DAY THAT SOMEONE IS ATTACKED, ROBBED, ETC. B/C THEIR WINDOWS BROKE! WHAT CAN I DO???*AK",06/28/2002,04/02/2002,,False,False,0,0,WVWGC21J5YW
8012530,2000,"Volkswagen Group of America, Inc.",GOLF,VISIBILITY,"CONSUMER ACTIVATED POWER WINDOW ON DRIVERS SIDE. WINDOW FELL DOWN INSIDE DOOR, VEHICLE HAS BEEN AT DEALER SINCE THEN, PARTS WERE ON BACK ORDER.*AK  *SLC",06/25/2002,06/13/2002,,False,False,0,0,9BWGH21J2Y4
762965,2000,"Volkswagen Group of America, Inc.",GOLF,"SERVICE BRAKES, HYDRAULIC","HYDRAULIC SYSTEM KEPT BRAKE PADS PUSHED AGAINST ROTORS, BURNED OUT ALL 4 BRAKES,IN ADDITION THE COMPUTER SYSTEM DESIGNED TO INDICATE BRAKE FAILURE FAILED TO REGISTER ANY WARNING OF THE IMINENT FAILURE OF THE SYSTEM. THE VEHICLE HAD A NEW YORK STATE INSPECTION ONLY ONE MONTH EARLIER AND LESS THAN ONE THOUSAND MILES BEFORE THE COMPLETE BRAKE FAILURE!*AK",06/11/2002,06/04/2002,,False,False,0,0,WVWGC21J1YW
762636,2000,"Volkswagen Group of America, Inc.",GOLF,VISIBILITY,"WHILE ROLLING UP THE PASSENGER SIDE POWER WINDOW OF MY 2000 GOLF THE WINDOW FELL BETWEEN THE DOOR PANELS. I LIVE AND GENERALLY DRIVE ALONE, HENCE THE PASSENGER SIDE WINDOW IS RARELY USED. SINCE DISCOVERING YOUR SITE AND THE CONSUMERAFFAIRS.COM WEB SITE ON JETTA WINDOWS WITH REPEATED COMPLAINTS ABOUT JUST THIS PROBLEM IT IS CLEAR THAT VW HAS A PROBLEM THAT THEY NEED TO ACKNOWLEDGE AND FIX.*AK",06/04/2002,06/02/2002,,False,False,0,0,WVWGA21J3YW
761476,2000,"Volkswagen Group of America, Inc.",GOLF,VISIBILITY,OPEN WINDOW THAT WAS STUCK CAUSED RAIN TO ENTER VEHICLE AND MADE FOR UNSAFE DRIVING CONDITIONS. *AK,05/03/2002,05/02/2002,,False,False,0,0,WVWGH21J7YW
758220,2000,"Volkswagen Group of America, Inc.",GOLF,TIRES,"THIS COMPLAINT HAS NOTHING TO DO WITH THE VEHICLE.  IT IS SOLELY RELATED TO A REPLACEMENT TIRE FAILURE.  TO REPLACE THE ORIGINAL TIRES I PURCHASED AND HAD INSTALLED A SET OF FOUR BRIDGESTONE TIRES FROM WHITTIER TIRE AND WHEEL IN WHITTIER CA ON JANUARY 29, 2002.  TEN DAYS LATER, ON FEBRUARY 8, 2002 THE RIGHT FRONT TIRE COMPLETELY DISINTEGRATED WHILE DRIVING AT A SPEED OF APPROXIMATELY 30 MPH ON A SURFACE STREET.  THE ENTIRE TREAD PORTION OF THE TIRE SEPERATED FROM THE SIDEWALLS ( THE TREAD DID NOT SEPERATE FROM THE TIRE - THE ENTIRE 'TOP' OF THE TIRE SEPERATED INTACT FROM THE SIDEWALLS).  ON MONDAY FEBRUARY 11,2002, I RETURNED WITH THE DEFECTIVE TIRE TO WHITTIER TIRE.  THEY IMMEDIATELY BLAMED THE TIRE FAILURE ON THE CAR BEING DRIVEN SEVERAL MILES WITH LITTLE OR NO AIR IN THE TIRE.  THEY REFUSED TO EVEN CONSIDER ANY OTHER CAUSE.  WHILE THERE A CALL WAS PLACED TO BRIDGESTONE WHO TOOK THE SAME POSITION.  THEY DID INSPECT THE TREAD PORTION OF THE TIRE AND COULD FIND NO EVIDENCE OF A PUNCTURE, AND THEY INSPECTED THE VALVE STEM AND CONCLUDED IT WAS OK.  THE STAATED THAT THE TIRE MUST HAVE HAD A SIDEWALL PUNCTURE, BUT THE SIDEWALLS WERE PRETTY ""CHEWED UP"" BECAUSE OF THE FAILURE.   I FIND IT DIFFICULT TO ACCEPT THAT THE CAR WAS DRIVEN FOR A PERIOD OF TIME WITH A VERY LOW OR FLAT TIRE.  MY SON WAS DRIVING IT AT THE TIME AND RELATED THAT PRIOR TO THE TIRE FAILURE THE CAR WAS NOT HANDLING IN ANY UNUSUAL MANNER, NOR DID HE HEAR ANY NOISE.  HE STATED HE WAS DRIVING NORMALLY, THE CAR ABRUPTELY STARTED VIBRATING VIOLENTLY AND THE TIRE DISINTEGRATED.  THE DEALER;S AND THE MANUFACTURER'S REFUSAL TO EVEN CONDISER OTHER FACTORS OR MAKE WHAT I FELT WOULD BE AN APPROPRIATE ADJUSTMENT PROMPTED ME TO CONTACT YOU.  CHARLES S. MIDDLETON. *AK (TIRESIZE: 195/R65-15)",02/14/2002,02/08/2002,,False,False,0,0,
8002761,2000,"Volkswagen Group of America, Inc.",GOLF,"VISIBILITY,AIR BAGS,INTERIOR LIGHTING,EQUIPMENT",PASSENGER'S SIDE AIR BAG HAS SANK DEEP INTO PANEL AND DENTED AIR BAG COVER. DEALER NOTIFIED. *AK  THE PASSENGER REAR DOME LIGHT WAS NOT WORKING. THE REAR VIEW MIRROR FELL OFF. THE CONSUMER INSTALLED CD IN THE CD CARTRIDGE AND A CD ERROR CAME ON THE SCREEN OF THE RADIO. *YH,01/24/2002,01/16/2002,,False,False,0,0,WYWGA21J1YW
754303,2000,"Volkswagen Group of America, Inc.",GOLF,ENGINE AND ENGINE COOLING,"ENGINE OIL/FILTER HAS BEEN CHANGED TWICE, ORIG. MILEAGE 15500, OIL TOPPED OFF SEVEN TIMES. *AK",11/09/2001,11/02/2001,,False,False,0,0,WVWGC21J1YW
750428,2000,"Volkswagen Group of America, Inc.",GOLF,VISIBILITY,NO SUMMARY LISTED FOR ABOVE VEHICLE.  *AK,08/14/2001,08/14/2001,,False,False,0,0,9BWGA21J5Y4
748992,2000,"Volkswagen Group of America, Inc.",GOLF,AIR BAGS,AIR BAG LIGHT HAS COME ON 4 TIMES IN LAST 10 MONTHS; DEALERS HAVE TRIED FIXING 3 TIMES!. *AK,07/23/2001,07/23/2001,,False,False,0,0,WVWGC21J5YW
748857,2000,"Volkswagen Group of America, Inc.",GOLF,VISIBILITY,POWER WINDOW INOPERABLE. SAFETY ISSUE IF WINDOW STUCK IN OPEN POSITION.  *AK,07/20/2001,07/19/2001,,False,False,0,0,9BWGF21J7Y4
747736,2000,"Volkswagen Group of America, Inc.",GOLF,VISIBILITY,3 WINDOW REGULATORS HAVE FAILED AND BEEN REPLACED UNDER 2YEAR/24000MILE WARRANTY. THIS IS OBVIOUS A FAULTY PIECE. VW SHOULD RECALL THE PART BECAUSE OF THE POTENTIAL SAFETY ISSUES APPARENT SHOULD THE WINDOW FALL OFF OF THE TRACK WHILE AT HIGHWAY SPEEDS.*AK,07/03/2001,05/08/2001,,False,False,0,0,WVWDH21J6YW
891269,2000,"Volkswagen Group of America, Inc.",GOLF,VISIBILITY,"CONSUMER  HIT THE BUTTON TO ROLL WINDOW UP, WINDOW WENT UP ABOUT 3 INCHES, THEN DROPPED DOWN INTO DOOR.*AK",06/26/2001,06/25/2001,,False,False,0,0,VWWDE21J6YW
746783,2000,"Volkswagen Group of America, Inc.",GOLF,AIR BAGS,"DRIVERS SEAT AIR BAG WARNING LIGHT IS ON WITHOUT CAUSE. CHARGE TO REPAIR THIS IS UNREASONABLE $700.00 AND UNJUSTIFIED. THIS IS A MANUFACTURING DEFECT, AND THE OWNER CANNOT AFFORD TO REPAIR IT. THIS MEANS NOW THAT THIS RELATIVELY NEW VEHICLE WILL BE OPERATED WITH A POTENTIAL SERIOUS DEFECT. IS THIS A COMMON PROBLEM, PERHAPS A TREND?*AK",06/13/2001,06/11/2001,,False,False,0,0,WVWDA21J6YW
742882,2000,"Volkswagen Group of America, Inc.",GOLF,"SERVICE BRAKES, HYDRAULIC,ELECTRICAL SYSTEM,UNKNOWN OR OTHER","THE RIGHT REAR BRAKE PAD WORE DOWN TO THE METAL BACKING PLATE IN UNDER 20,000 MILES WHILE ALL OTHER PADS WERE STILL SERVICEABLE.  BRAKE LIGHT ON THE RIGHT REAR HAD ALSO BURNED OUT.  THE GLOVE COMPARTMENT DOOR HINGE SNAPPED WHILE OPENING IT.*AK",03/22/2001,03/17/2001,,False,False,0,0,WVWGC21J2YW
742183,2000,"Volkswagen Group of America, Inc.",GOLF,VEHICLE SPEED CONTROL,"DRIVER DEPRESSED ACCELERATOR AFTER LIGHT TURNED GREEN.  CAR ACCELERATED OUT OF CONTROL, CRASHED INTO TWO OTHER CARS THEN WENT OVER DITCH.*AK",03/09/2001,10/31/2000,,True,False,0,0,WVWBC21J9YW
741063,2000,"Volkswagen Group of America, Inc.",GOLF,"ELECTRICAL SYSTEM,VISIBILITY,VEHICLE SPEED CONTROL","ECU FAILURE: (5K MILES) ENGINE WOULD NOT TURN OVER, ENGINE COMPUTER LIGHT LIT, ATTEMPED TO START USING 3 DIFFERENT POWER SOURCES (DEALER, TOW, ANOTHER CAR) FAILED - BATTERY FINE. ENGINE COMPUTER WAS RESET AFTER TEST INDICATED FAULTY COMPUTER SETTINGS. ERROR 2: (14K MILES) ENGINE DISPLAYED ""EMISSIONS WORKSHOP"" MESSAGE, MIL LIGHT LIT. DEALER REPORTED FAULTY ENGINE COMPUTER, REPLACED COMPUTER. ERROR 3: 20 MILES AFTER PICKING CAR UP FROM DEALER, ENGINE DISPLAYED ""EMISSIONS WORKSHOP"" MESSAGE, MIL LIT AGAIN. RETURNED TO DEALER, WHO REPLACED ECU A SECOND TIME. DEALER ALSO REPLACES MAF (MASS AIRFLOW SENSOR). THIS SEEMS TO HAVE RESOLVED THE ECU PROBLEMS... FOR NOW? ERROR 3: (15K MILES) PASSENGER POWER WINDOW FAILED WITH LOUD ""POP""  DEALER REPLACED WINDOW REGULATOR, STATED THAT THIS IS A COMMON PROBLEM AND THAT VW WAS WORKING ON A MORE ROBUST WINDOW DESIGN -- WILL FUTURE FAILURE BE REPLACED BY VW AFTER WARRENTEE PERIOD? ERROR 4: CRUISE CONTROL SWITCH FAILED, REPLACED BY DEALER.",02/17/2001,01/20/2000,,False,False,0,0,WVWDE21J5YW
880535,2000,"Volkswagen Group of America, Inc.",GOLF,VISIBILITY,WHEN RIDING INTO THE SUN  DASHBOARD CAUSES A GLARE ON  WINDSHIELD THAT OBSTRUCTS 60% OF  DRIVER'S SIDE VISIBILITY. VOLKSWAGEN HAS  BEEN CONTACTED.  *AK,02/14/2001,,,False,False,0,0,WVWBC21J9YW
739586,2000,"Volkswagen Group of America, Inc.",GOLF,AIR BAGS,NO SUMMARY LISTED FOR ABOVE VEHICLE. *AK,01/18/2001,01/17/2001,,False,False,0,0,WVWGF21J8YW
736297,2000,"Volkswagen Group of America, Inc.",GOLF,EQUIPMENT,JACK SLIPPED ON COMPLETELY FLAT SURFACE.  JACK FOOT PRINT TOO SMALL AND UNSTABLE.*AK,11/14/2000,08/17/2000,,False,False,0,0,WVWGH21J4YW
873474,2000,"Volkswagen Group of America, Inc.",GOLF,"SUSPENSION,POWER TRAIN","WHEN PULLING OUT A GAS STATION AXLE HAD CRACKED, CAUSING BOLTS TO COME APART FROM  SUSPENSION,  VEHICLE WAS INOPERABLE. CONSUMER HAS CONTACTED  DEALER, AND  DEALER  INDICATED THAT CRACK WAS ORIGINAL MANUFACTURER'S DEFECT. PLEASE PROVIDE ANY FURTHER DETAILS.  *AK",10/20/2000,,,False,False,0,0,WVWBC21J8YW
870958,2000,"Volkswagen Group of America, Inc.",GOLF,AIR BAGS,CONSUMER WAS TRAVELING 5-10MPH. ANOTHER VEHICLE RAN A RED LIGHT & THE CONSUMER FRONT END HIT THE OTHER VEHICLE'S PASSENGER SIDE. NONE OF THE AIRBAGS DEPLOYED.   LEFT SIDE OF THE CONSUMERS VEHICLE WAS SEVERLY DAMAGED.  DEALER HAS TO INSPECT  VEHICLE FOR REASON.*AK,09/19/2000,09/19/2000,,True,False,0,0,9BWGC21J3Y4
553167,2000,"Volkswagen Group of America, Inc.",GOLF,STRUCTURE,THE VEHICLES REAR DRIVER SIDE LID STRUT POPPED OUT AND SLAMMED DOWN BENDING THE STRUT.  YH,07/24/2000,,,False,False,0,0,WVWGH21J6YW
553167,2000,"Volkswagen Group of America, Inc.",GOLF,UNKNOWN OR OTHER,"THE REAR MATS DO NOT HAVE TRACTION, WHICH COULD CAUSE A HAZARDOUS SITUATION.  YH",07/24/2000,,,False,False,0,0,WVWGH21J6YW
11413225,2001,"Volkswagen Group of America, Inc.",GOLF,AIR BAGS,"TL* THE CONTACT OWNS A 2001 VOLKSWAGEN GOLF. THE CONTACT STATED THAT THE AIR BAG WARNING LIGHT WAS ILLUMINATED. THE VEHICLE WAS TAKEN TO AN INDEPENDENT MECHANIC AND SHE WAS INFORMED THAT THE AIR BAGS WERE INOPERABLE. THE CONTACT CALLED VOLKSWAGEN OF FORT MYERS (14060 S TAMIAMI TRAIL, FORT MYERS, FL 33912, (844) 283-1823) AND WAS INFORMED THAT DUE TO THE AGE OF THE VEHICLE THE PART WAS NOT AVAILABLE. THE VEHICLE WAS NOT DIAGNOSED NOR REPAIRED. THE MANUFACTURER WAS NOT NOTIFIED OF THE FAILURE. THE FAILURE MILEAGE WAS APPROXIMATELY 109,223.",04/21/2021,04/01/2021,,False,False,0,0,9BWGT61J014
11376943,2001,"Volkswagen Group of America, Inc.",GOLF,STRUCTURE,THE DOOR LATCHES ON ALL FOUR DRIVER AND PASSENGER DOORS OFTEN MALFUNCTION. MOST THE TIME YOU HAVE TO PRESS ON THE DOOR FROM THE OUTSIDE UNTIL YOU HEAR A SOFT CLICK BEFORE THE THE DOOR HANDLE WILL WORK. OTHERWISE IT IS AS IF IT WERE LOCKED WHEN IT IS UNLOCKED. ALSO MY CAR WILL LOCK ITSELF IF I UNLOCK IT WITH THE KEY FOB AND GET IN THE DRIVER SIDE DOOR WITHOUT STARTING IMMEDIATELY. IT DOESN'T SEEM TO RECOGNISE I'VE ENTERED THE VEHICLE.,11/29/2020,11/08/2020,,False,False,0,0,9BWGS61J914
10990734,2001,"Volkswagen Group of America, Inc.",GOLF,STEERING,POWER STEERING FAILURE WHEN STARTING CAR WITH WARNING LIGHT . NOT IN MOTION.,05/20/2017,05/20/2017,,False,False,0,0,9BWGT21J914
10724343,2001,"Volkswagen Group of America, Inc.",GOLF,AIR BAGS,"PASSENGER SIDE CURTAIN AIR BAG AND PASSENGER SEAT SIDE AIR BAGS DEPLOYED AFTER RUNNING OVER A CURB, ~1' HIGH.",06/09/2015,06/07/2015,,False,False,0,0,9BWGP61J414
10722890,2001,"Volkswagen Group of America, Inc.",GOLF,"ELECTRICAL SYSTEM,EXTERIOR LIGHTING,EQUIPMENT ADAPTIVE/MOBILITY","HELLO,    I NOTICED A RECALL DONE ON THESE VW VEHICLES. (HTTP://HDHTEX.COM/INDEX.PHP/VOLKSWAGEN-BRAKE-LIGHT-AND-TURN-SIGNAL-RECALLS-AFFECT-MORE-THAN-1000000-VEHICLES/)    THE RECALL IS DUE TO THE BRAKE LIGHTS AND BLINKER LIGHTS NOT WORKING TOGETHER. IF I AM SIGNALING LEFT AND I PUT MY BRAKES ON, THE SIGNAL SWITCHES SIDES AND THE LIGHTS START BLINKING. THIS HAPPENS WITH BOTH DIRECTIONS. THIS IS A HUGE SAFTEY ISSUE AND ITS NOT DUE TO ANY AFTERMARKET TINKERING. I CALLED VOLKSWAGON TO HELP ME WITH THIS PROBLEM AND THEY DECLINED ANY ASSISTANCE TO ME. IT MAKES SENSE FOR THEM TO FIX THIS IF IT WAS A RECALL AT ONE POINT.     THANK YOU",06/02/2015,06/02/2015,,False,False,0,0,9BWPG21J414
10629709,2001,"Volkswagen Group of America, Inc.",GOLF,AIR BAGS,AIR BAG WARNING LIGHT IS ON CONTINUOUSLY INDICATING A MALFUNCTION.  *TR,08/31/2014,08/26/2014,,False,False,0,0,9BWDD21J514
10459203,2001,"Volkswagen Group of America, Inc.",GOLF,EXTERIOR LIGHTING,"WHILE I HAVE NO INCIDENT TO REPORT, I WOULD LIKE TO PREVENT FUTURE INCIDENTS. MY CAR, LIKE LOTS OF OLDER VEHICLES, SUFFERS FROM UV CLOUDING OF THE HEADLIGHT LENSES, WHICH DIMINISHES THEIR EFFECTIVENESS IN ILLUMINATING THE ROADWAY AT NIGHT. SURELY THIS IS A SAFETY CONCERN. EQUALLY SURELY, THE MANUFACTURERS ARE AWARE OF IT. SO WHY IS THIS DEFICIENCY OF DESIGN OR MANUFACTURE NOT THE SUBJECT OF RECALLS?  *TT",05/21/2012,07/27/2009,,False,False,0,0,
10366615,2001,"Volkswagen Group of America, Inc.",GOLF,SEATS,"2001 VW GOLF TDI, 9 YEARS OLD WITH 173,000 MILES. DRIVER SEAT MOUNT (WELDED TO SLIDER) BROKE AND NOW THE SEAT TILT TOWARD THE REAR ON IT'S REAR PIVOT POINT. THIS METAL BRACKET IS ABOUT 1/8"" THICK. THIS IS VERY SERIOUS AND CAN BE DANGEROUS IF IT OCCURS WHILE DRIVING. I SPOKE WITH VW CUSTOMER CARE AND THE REPLY IS; CAR IS BEYOND WARRANTY AND THEREFORE CAN'T HELP WITH REPAIR COST, TAKE THE CAR TO THE DEALER AND THEY WILL DIAGNOSE THE PROBLEM AND REPAIR AT MY COST. *TR",11/17/2010,11/17/2010,,False,False,0,0,9BWBP21J814
10356703,2001,"Volkswagen Group of America, Inc.",GOLF,"ELECTRICAL SYSTEM,VISIBILITY","A PLASTIC BURNING SMELL IN CABIN WAS NOTED AT HIGHWAY SPEED.  UPON EXITING THE HIGHWAY, SMOKE WAS SEEN COMING FROM THE HVAC CONTROL PANEL. RECIRCULATION FAN WAS SWITCHED FROM HIGH SPEED SETTING TO OFF.  THE SMOKE CONTINUED TO INTENSIFY, UNTIL ALL DC POWER WAS REMOVED FROM THE CAR.  MAINTENANCE FOUND THE HVAC CONTROLLER, ROTATORY FAN SPEED SWITCH TO HAVE MELTED IN THE OFF POSITION DUE TO THE HEAT OF THE ELECTRICAL ARCHING IN SIDE THE SWITCH. DAMAGED LIMITED TO THE HVAC CONTROL PANEL P/N  1J0 820 045F MANUFACTURED BY VALEO.   *TR",09/20/2010,09/18/2010,,False,True,0,0,9BWGP61J914
10344990,2001,"Volkswagen Group of America, Inc.",GOLF,"ELECTRICAL SYSTEM,VISIBILITY,SERVICE BRAKES, ELECTRIC","2001 VW GOLF WITH 192285 MI EXPERIENCED LOSS OF ELECTRICAL POWER TO SYSTEMS THAT ARE MOUNTED ON THE REAR HATCH BACK DOOR, (THIRD BRAKE LIGHT, REAR DEFROSTERS, AND WIPER).  UPON INSPECTION OF THE WIRING HARNESS FOUND THE WIRING CHAFFED AND OR BROKEN AT  POINT WHERE THE HARNESS PASSES THROUGH THE HARNESS SHIELD. (WHERE THE HARNESS PASSES FROM THE CAR BODY TO THE LIFT GATE) *TR",07/23/2010,07/20/2010,,False,False,0,0,9BWGP61J914
10329002,2001,"Volkswagen Group of America, Inc.",GOLF,SEATS,"2. DRIVER'S SEAT LOCK MECHANISM (FORWARD & AFT MOTION) FAILED TO ENGAGE  1. DRIVER ATTEMPTED TO MOVE THE SEAT FORWARD TO USE THE CAR FOR AN ERRAND, AND THE SEAT WOULD NOT LOCK IN PLACE. ANY PRESSURE ON BRAKE PEDAL RESULTED IN THE SEAT MOVING BACK, PUTTING THE FOOT CONTROLS OUT OF REACH. DRIVER IS 5' 3"" TALL.  3. LOCAL DEALER LOOKED AT THE CAR, DETERMINED THAT ""DUST AND DEBRIS"" JAMMED THE UNDER-SEAT MECHANISM. TECH CLEANED AND LUBED THE PISTON MECHANISM, RESULTING IN A TEMPORARY FIX. ""IF IT EVER FAILS AGAIN,"" THE SERVICE MANAGER SAID, ""WE MIGHT HAVE TO REPLACE THE PART."" IT SHOULD NEVER HAVE FAILED AT ALL! THIS IS A DESIGN DEFECT THAT SHOULD BE 100% FAIL-SAFE. THE DEALER/MANUFACTURER SHOULD REPLACE SUCH DEFECTIVE UNITS FOR FREE. INSTEAD, THE DEALER SAID THE PART IS OUT OF WARRANTY, AND THUS CHARGED $90+TAX TO REPAIR A SAFETY DEFECT. OUTRAGEOUS!  THE PROBLEM REALLY STEMMED FROM THE ORIGINAL LUBRICANT GELLING IN THE ""PISTON IN BARREL"" MECHANISM, PREVENTING THE PISTON FROM ENGAGING THE CENTRAL SEAT LOCK RAIL. THE CONSUMER HAS NO EASY WAY TO UN-JAM THE COMPLEX MECHANISM. IF THIS HAD JAMMED WHILE THE CAR WAS IN MOTION, ON A HIGHWAY, THE DRIVER WOULD HAVE LOST CONTROL AND LIKELY BEEN INJURED OR KILLED. LUCKILY NOT IN THIS CASE. THE DESIGN IS DEFECTIVE WHEN IT RESULTS IN EVEN ONE FAILURE. NO OTHER MANUFACTURER USES SUCH A COMPLEX, VULNERABLE SEAT LOCK MECHANISM THAT IS PRONE TO FAILURE. THEY ALL USE A SIMPLE SYSTEM OF LEVERS, METAL RODS AND SPRINGS TO ACCOMPLISH A RELIABLE SEAT LOCK. PLEASE ASK VW TO RECALL CARS WITH SUCH PISTON IN SLEEVE SYSTEMS TO INSURE 100% RELIABILITY...BEFORE SOMEONE GETS KILLED. *TR",05/05/2010,04/25/2010,,False,False,0,0,WVWPT61J614
10319699,2001,"Volkswagen Group of America, Inc.",GOLF,POWER TRAIN,"2001 VW BORA VR6.  VIN [XXX] , 79,999 MILES.   THE AUTOMATIC TRANSMISSION JUMPS INTO GEAR GOING FORWARD OR BACKWARDS FROM  A STOP. THE GEARS JUMP FROM ONE TO THE OTHER CAUSING CAN TO PUSH YOU BACK IN THE SEAT. IF IT WERE NOT FOR HEAD RESTS YOU WOULD HAVE WHIP LASH. BEEN TO VW OF ORANGE PARK, FL 32073 TWICE. I HAVE NO MORE MONEY TO HAVE IT FIXED HAS THERE BEEN ANY RECALLS.    INFORMATION REDACTED PURSUANT TO THE FREEDOM OF INFORMATION ACT (FOIA), 5 U.S.C. 552(B)(6). *TR",03/15/2010,03/15/2010,,False,False,0,0,3VWTG69M41M
10300336,2001,"Volkswagen Group of America, Inc.",GOLF,VISIBILITY,"I HAVE A 2001 VW GOLF GLS.  ONE DAY MY CAR'S TRUCK DOOR CAN NOT BE LOCKED, I TOOK IT  TO VW DEALERSHIP FOR INSPECTION.  INITIALLY I THOUGH IT WAS JUST SOME WIRING PROBLEM, BUT AFTER THE CERTIFIED VW TECHNICIAN CHECKED EVERY POSSIBLE THINGS THAT CAUSED THE TRUCK LOCK MALFUNCTION, IT WAS SO CALLED ""COMFORT CONTROL MODULE"" NOT SENDING SIGNAL AND ELECTRICITY TO THE TRUCK LOCK.  NO BIG DEAL, IT'S JUST A TRUCK LOCK, NO NEED TO WORRY, SO I REFUSED THE $900 ESTIMATED REPAIR AMOUNT FOR A NEW COMFORT CONTROL MODULE (CCM) REPLACEMENT.  THE  VW TECHNICIAN FURTHER EXPLAINED THAT IT WAS OK NOT TO REPLACE IT IF IT IS JUST THE TRUCK LOCK MALFUNCTION, BUT IF ANYTHING THAT IS ACTING FUNNY SUCH AS WINDSHIELD WIPERS NOT MOVING, DOORS LOCK BY ITSELF, POWER WINDOWS CAN NOT ROLL DOWN, OR DASHBOARD LIGHT GOING ON AND OFF BY ITSELF, THEN IT IS IMPORTANT TO REPLACE IT.  NO MAJOR PROBLEM FOR A YEAR, THEN SUDDENLY DRIVING IN THE RAIN AT NIGHT, THE WINDSHIELD WIPERS MALFUNCTION, THEY WILL NOT MOVE AT ALL.  I CAN BARELY SEE WHAT WAS IN FRONT OF ME IN HIGH SPEED ON FREEWAY IN THE RAIN.  I TRIED TO OPEN THE WINDOWS SO I CAN SEE BETTER SO THAT I CAN PULL OVER SAFELY.  I TRIED TO LOWER THE WINDOWS , BUT THE WINDOWS DIDN'T COME DOWN.  I SLOWED DOWN AND PULLED OVER BY GUESSING, LUCKILY NO CAR WAS BEHIND ME OR NEXT TO ME.  I GOT OUT AND CHECKED IF THERE WAS ANYTHING WRONG OR WHAT OBSTRUCTING THE WINDSHIELD WIPERS. I FOUND NOTHING, IT JUST SIMPLY STOP WORKING ALONG WITH MY POWER WINDOWS.  I WENT TO THE DEALER AFTER THE RAIN AND AGAIN THEY WERE CAUSED BY THE MALFUNCTION CCM.  SINCE IT IS NOT SAFE TO DRIVE A CAR WITHOUT A PAIR OF FUNCTIONAL WINDSHIELD WIPERS AND WINDOWS, I WAS RECOMMENDED TO HAVE THE CCM REPLACED.  I WENT ONLINE AND FOUND THAT MANY VW OWNERS HAVE SOME SIMILAR CCM COMPLAINTS AND CONCERNS AND I PERSONALLY THINK THAT THE CCM IS A BIG SAFETY CONCERN,  THIS IS WHY I AM FILING THIS COMPLAINT TO SEE IF IT CAN MINIMIZE THE DANGER AND SAFETY. THANK YOU FOR READING. *TR",01/19/2010,12/20/2009,,False,False,0,0,9BWGT61J214
10297722,2001,"Volkswagen Group of America, Inc.",GOLF,ENGINE AND ENGINE COOLING,"VW DEALER PERFORMED 2ND REQUIRED TIMING BELT/WATER PUMP CHANGE AT 154626 MILES, 5400 EARLIER THAN REQUIRED, AT APPROX 183600 MILES, 30K MILES LATER WATER PUMP FAILED UPON REMOVAL OF WATER PUMP FOUND PLASTIC IMPELLER SLIPPING / NOT ATTACHED TO METAL DRIVE SHAFT. AS A RESULT OF THE FAILED WATER PUMP, THE ENGINE OVER HEATED.  DUE TO DEFECT HISTORY DID NOT INSTALL NEW VW MANUFACTURED WATER PUMP, PLASTIC/COMPOSITE IMPELLER,. REQUIRED AN AFTERMARKET OEM BUILT WATER PUMP, WITH METAL IMPELLER ASSEMBLY TO BE INSTALLED ON VEHICLE.   THE REMOVED DAMAGE WATER PUMP IS AVAILABLE FOR INSPECTION. *TR",12/31/2009,12/18/2009,,False,False,0,0,9BWGP61J914
10287317,2001,"Volkswagen Group of America, Inc.",GOLF,ENGINE AND ENGINE COOLING,EXPERIENCE TWO EXHAUST SYSTEM FAILURES ON TWO DIFFERENT 01 TDI VW GOLFS.  EXPERIENCED SEPARATION THE OF THE EXHAUST PIPE/DOWN PIPE ASSY AT THE WELD OF THE CAT EXIT.  ONE CAR WITH 179800 MILES AND THE OTHER WITH 73000 MILES.  AS A RESULT A STRONG EXHAUST SMELL WAS NOTICED IN THE CABIN DURING CITY DRIVING.  BOTH CARS EXPERIENCED THE PROBLEM WITHIN THE SAME WEEK.   *TR,10/14/2009,10/10/2001,,False,False,0,0,9BWBP61J714
10283969,2001,"Volkswagen Group of America, Inc.",GOLF,"FUEL SYSTEM, GASOLINE",MY 2001 VOLKSWAGEN GOLF WAS MANUFACTURED ON 12/2000. THE FUEL PUMP SUPPLY LINE NIPPLE CRACKED AND HAD BEEN LEAKING GAS UNDER THE REAR SEAT.   IT WAS TAKEN TO CAMELBACK VOLKSWAGEN IN PHOENIX ARIZONA WHERE IT WAS PURCHASED AS A NEW. THE SERVICE DEPARTMENT ACKNOWLEDGED THIS WAS A COMMON PROBLEM AND THAT THEY REPLACE A LOT OF THE FUEL PUMPS DUE TO NIPPLE CRACKS BUT VOLKSWAGEN DOES NOT RECOGNIZE THIS AS A RECALL OR SAFETY ISSUE DESPITE A RECALL NOTICE FOR GOLFS MANUFACTURED THE SAME YEAR WITH THE SAME SAFETY ISSUE AS MY VEHICLE. THE FUEL LINE TENSION CAUSED THE NIPPLE TO CRACK OFF. VOLKSWAGEN REFUSED TO REPAIR THIS AS A DEFECT. THE OLD PART IS AVAILABLE. *TR,09/15/2009,09/11/2009,,False,False,0,0,9BWBT61J414
10258182,2001,"Volkswagen Group of America, Inc.",GOLF,AIR BAGS,"DEAR SIR/MADAM,    I HAD AN ACCIDENT A FEW DAYS AGO WHERE I CRASHED INTO A CAR INFRONT OF ME.  I HAD MY MOTHER ON IN THE PASSENGERS SEAT , AND MY SISTER AND BROTHER IN THE REAR SEATS. MY AIR BAG DEPLOYED WHILE THE PASSENGERS AIR BAG FAILED TO DEPLOY , NOTE THAT THE CRASH WAS MAINLY ON THE PASSENGERS SIDE.  I RECEIVED MINOR INJURIES WHILE MY MOTHER WAS SEVERELY INJURED AND IS STILL IN HOSPITAL. *TR",02/10/2009,02/08/2009,,True,False,4,0,WVWZZZ6NX1Y
10246854,2001,"Volkswagen Group of America, Inc.",GOLF,"ENGINE AND ENGINE COOLING,ELECTRICAL SYSTEM,AIR BAGS","TL*THE CONTACT OWNS A 2001 VOLKSWAGEN GOLF.  WHILE DRIVING APPROXIMATELY 60 MPH ON NORMAL ROAD CONDITIONS, THE ENGINE EXPERIENCED LOW POWER, ROUGH IDLING, AND HESITATION.  THE CHECK ENGINE AND AIR BAG WARNING INDICATORS ILLUMINATED ON THE INSTRUMENT PANEL.  THE INDICATORS REMAINED LIT UNTIL THE ENGINE WAS TURNED OFF.  THE VEHICLE WAS TAKEN TO AN INDEPENDENT MECHANIC, WHO STATED THAT THE FAILURES WERE RELATED TO THE COIL PACK.  THE VEHICLE WAS REPAIRED.  ON TWO SEPARATE OCCASIONS AFTER THE REPAIR, THE VEHICLE WAS TAKEN TO AN AUTHORIZED DEALER FOR IDENTICAL FAILURES WITH NO RESOLUTIONS.  THE VEHICLE CURRENTLY IS INOPERABLE AND HAS NOT BEEN REPAIRED FOR THE MALFUNCTION.  THE FAILURE MILEAGE WAS 90,000 AND CURRENT MILEAGE WAS 150,000.",10/27/2008,06/04/2005,,False,False,0,0,9BWBT21J214
10241011,2001,"Volkswagen Group of America, Inc.",GOLF,ELECTRICAL SYSTEM,VW 2001 GOLF TDI SPONTANEOUSLY COMBUSTED WHILE DRIVING. AUTO WAS A TOTAL LOSS DUE TO FIRE. *TR,09/05/2008,09/02/2008,,False,True,1,0,
10239825,2001,"Volkswagen Group of America, Inc.",GOLF,ENGINE AND ENGINE COOLING,"THE DEALERSHIP SOLD ME A VEHICLE WITH THE KNOWLEDGE THAT IT HAS PROBLEMS WITH OIL LEAKS AND OIL CONSUMPTION (AS WELL AS OTHER PROBLEMS) EXPERIENCED WITH THE PREVIOUS OWNER. I RETURNED THE VEHICLE FOR SERVICING 4 DAYS AFTER PURCHASED AND HAVE MADE 8 REPAIR ATTEMPTS. THE VEHICLE WILL BE RETURNED, FOR THE SECOND TIME, TO THE DEALERSHIP AND RESOLD TO ANOTHER UNSUSPECTING PERSON UNLESS IT IS PROPERLY NOTED TO AUTOCHECK AND CARFAX THAT IT IS A LEMON AND HAS BEEN BOUGHT BACK TWICE. *TR",08/26/2008,08/22/2007,,False,False,0,0,9BWGT21JX14
10211348,2001,"Volkswagen Group of America, Inc.",GOLF,AIR BAGS,"TL*THE CONTACT OWNS A 2001 VOLKSWAGEN GOLF.  THE SIDE CURTAIN AIR BAGS, INCLUDING THE PASSENGER SEAT AIR BAGS, DEPLOYED FOR NO APPARENT REASON.  THE CONTACT WAS DRIVING 60-65 MPH AT THE TIME OF FAILURE.  THE ROAD CONDITIONS WERE NORMAL AND THERE WAS NO SUDDEN IMPACT OR CRASH.  THE FAILURE MILEAGE WAS 119,100 AND CURRENT MILEAGE WAS 119,350.     UPDATED 03-05-08 *BF",12/10/2007,12/07/2007,,False,False,0,0,9BWGT61J414
10196502,2001,"Volkswagen Group of America, Inc.",GOLF,"FUEL SYSTEM, GASOLINE","TL*THE CONTACT OWNS A 2001 VOLKSWAGEN GOLF.  THE CONTACT SMELLED GAS FUMES INSIDE THE VEHICLE.  THE CONTACT LIFTED UP THE REAR SEAT AND UNCOVERED THE ACCESS COVER TO THE FUEL SYSTEM.  HE NOTICED FUEL SPILLAGE ON THE FUEL TANK DUE TO A LEAK IN THE FUEL LINE.  THE CONTACT CLEANED UP THE SPILL WITH A RAG.  WHEN THE VEHICLE WAS RESTARTED, THE FUEL SPILLED ONTO THE GROUND.  THE CURRENT MILEAGE IS 150,000 AND FAILURE MILEAGE WAS 120,000.",07/16/2007,06/16/2007,,False,False,0,0,9BWDD61J614
10195387,2001,"Volkswagen Group of America, Inc.",GOLF,ENGINE AND ENGINE COOLING,"WHILE DRIVING 2001 PASSAT 1.8 TURBO ON INTERSTATE WHEN STOPPING  ENGINE LIGHT CAME ON.  TURNED CAR OFF, AND HAD  IT  TOWED TO DEALER, WHO  INFORMED ME  THAT THERE  WAS  A SUBSTANTIAL SLUDGE PROBLEM, AND ENGINE WILL NEED TO BE TORN DOWN AND REBUILT.  PURCHASED CAR IN MARCH 2005 ,AND HAD OIL CHANGED BY DEALER, WHO NEVER INFORMED ME OF LETTER ISSUED BY VOLKSWAGEN, MODIFYING  INFORMATION IN OWNERS MANUAL ABOUT DECREASING TIME BETWEEN OIL CHANGES AND TYPE OF OIL TO USE.*AK",07/05/2007,02/03/2007,,False,False,0,0,
10193455,2001,"Volkswagen Group of America, Inc.",GOLF,ENGINE AND ENGINE COOLING,"THE ENGINE CHECK LIGHT WENT ON, I HAD TWO HOSES REPLACED, AND WAS TOLD NOTHING ELSE WAS WRONG WITH THE CAR. HOWEVER, A DAY LATER, THE LIGHT WENT BACK ON. I WAS TOLD THE AIR FILTER NEEDED CLEANING AND ALL WAS WELL. A DAY AFTER THAT, THE LIGHT WENT ON AGAIN, AND THE CAR WAS HAVING PROBLEMS AT IGNITION, IT WAS STALLING AND JUST TURNED OFF. THIS TIME I WAS TOLD IT NEEDED AN IGNITION COIL. THAT WAS FIXED. AS I WAS DRIVING HOME, THE CHECK ENGINE LIGHT WENT ON AGAIN! THE NEXT MORNING BEFORE THE DEALER OPENED, I TRIED TURNING ON THE CAR, AND NOW HAD A SECOND LIGHT THE EPC (ELECTRONIC CONTROL PANEL). THE CAR TURNED ON, BUT GEARS AND THE WHOLE SYSTEM WAS DOWN, AND I COULDN'T EVEN SWITCH GEARS. THAT WAS HARD TO GET IT ON A TOW TRUCK TO DRIVE IT BACK TO THE DEALER. THAT WAS REPLACED, AND AT THAT POINT I WAS TOLD OF A RECALL THAT WAS ISSUED FOR THE CAR, SO IT STAYED AT THE DEALER TO REPAIR THE RECALL. A RECALL I WAS NEVER TOLD ABOUT, BY MAIL OR OTHERWISE, ALTHOUGH I HAVE NOT MOVED IN 2 YEARS, AND PRIOR TO THAT I LIVED WITH MY PARENTS. ANYTHING SENT TO ME TO EITHER ADDRESS, DOES GET TO ME. AFTER THE RECALL WAS FIXED, THE ENGINE LIGHT WENT ON AGAIN. THE CAR HAS BEEN IN AND OUT OF THE SHOP FOR OVER 2 WEEKS AND THEY CAN'T FIGURE OUT WAS IS WRONG WITH IT.   *AK",06/15/2007,05/22/2007,,False,False,0,0,9BWGS61J714
10193472,2001,"Volkswagen Group of America, Inc.",GOLF,EXTERIOR LIGHTING,"I HAVE RECEIVED A RECALL NOTICE THAT REQUIRESD ME TO BRING THE  CAR TO THE DEALER FOR REPAIRS.  I HAVE NOT CONFIDENCE THAT THE DEALERS IN MY AREA WILL PERFORM THE REPAIR WITHOUT DAMAGING THE  CAR IN OTHER NON COVERED AREAS.  THEREFORE, I WILL NOT BRING  THE  CAR TO THE DEALER FOR REPAIR.  SAFETY RECALL N4 VOLKSWAGEN.   *AK",06/15/2007,06/15/2007,,False,False,0,0,9BWBT61J714
10190346,2001,"Volkswagen Group of America, Inc.",GOLF,"ENGINE AND ENGINE COOLING,ELECTRICAL SYSTEM,VEHICLE SPEED CONTROL","CHECK ENGINE LIGHT FLASHED WHILE CAR URGED/STALLED/SURGED/STALLED.  CHECK ENGINE LIGHT REMAINED ON. BROUGHT  VEHICLE TO MECHANIC, CODED CATEGORY  NON PERFORMANCE.  CAT REPLACED  WITH O2 SENSORS  AT $900. LIGHT/ SURGED/STALLED AND  RETURNED TO MECHANIC IMMEDIATELY. HE REPLACED GENUINE VOLKSWAGEN   PLUGS, WIRES,  AND IGNITION COIL. NO CRACKS WERE FOUND, BUT REPLACED ANYWAY AT $300.  LIGHT CONTINUED TO ILLUMINATE, T AND REMAINED LIT WITHIN 40 MILES OF RESET, CODES CATEGORY, BANK 1. RAN ROUGH AND SMELLED  OF RAW GAS ONCE LIGHT WENT  ON. RECALL  DID NOT COVER THIS  MODEL ALTHOUGH THE FAILURE  WAS IDENTICAL. ONLY 2.0 AEG MOTORS COVERED NOT 2.0 AZG TO 120000. QUIRKY OPERATION WILL RESULT IN AN ACCIDENT. SELF LIMITING USE OF VEHICLE UNTIL PROBLEM DIAGNOSED AND REPAIRED- O2 SENSORS  AT $187 EACH X 2 IN EXHAUST WERE  NEXT. *AK",05/09/2007,11/01/2006,,False,False,0,0,
10185641,2001,"Volkswagen Group of America, Inc.",GOLF,"AIR BAGS,SEAT BELTS","TL*-THE CONTACT STATED THAT  THE 2001 VOLKSWAGEN GOLF HAD PROBLEMS WITH THE AIRBAG SENSOR.  ONCE SHE TURNED ON THE IGNITION AND PUT ON THE SEAT BELT THE DASHBOARD AIR BAG SENSOR LIGHT STAYED ON.  THE CONTACT CONTACTED THE DEALERSHIP, AND WAS INFORMED THAT THE VEHICLE WAS OUT OF WARRANTY, AND THAT HE WAS  RESPONSIBLE FOR THE REPAIRS OF THE SEAT BELT.  THE CONTACT STATED THAT THE SEAT BELT WAS WHAT INDICATED IF THE AIRBAG SENSOR BECAME ACTIVATED OR NOT.  THE CONTACT FELT THAT THE MANUFACTURER SHOULD MAKE BETTER PARTS FOR THEIR VEHICLES.  THE CONTACT CALLED THE MANUFACTURER OF THE VEHICLE,  AND WAS GIVEN CASE# 70098165.  THE FAILURE MILEAGE WAS 84,200 AND THE CURRENT MILEAGE WAS  85,000.  *AK  UPDATED 04/11/07. *JB",03/20/2007,03/09/2007,,False,False,0,0,9BWBT61J614
10173821,2001,"Volkswagen Group of America, Inc.",GOLF,"ENGINE AND ENGINE COOLING,POWER TRAIN,ELECTRICAL SYSTEM","MULTIPLE ISSUES REGARDING VEHICLE RELIABILITY: REPLACEMENT (TWICE) OF OIL TRANSMISSION LINES, REPAIR TO TURBO SYSTEM, AND NOW REPLACEMENT OF DIESEL ""GLOW PLUGS"", CABLING AND FAILURE OF STARTER MOTOR.  *NM",11/19/2006,11/15/2006,,False,False,0,0,9BWGP61J414
10171865,2001,"Volkswagen Group of America, Inc.",GOLF,"POWER TRAIN,EXTERIOR LIGHTING","I WAS DRIVING ON THE FREEWAY WHEN I BUMPED THE SHIFTER WHILE REACHING FOR MY SODA.  THE SHIFTER WENT INTO NEUTRAL AND WOULD NOT COME OUT UNTIL I FORCED IT BACK INTO DRIVE.  I PULLED OVER INTO A GAS STATION.  I PUT THE CAR IN PARK AND TRIED TO SHIFT BACK INTO DRIVE, BUT THE SHIFTER WOULDN'T BUDGE.  I FINALLY GOT IT TO GO INTO PARK AFTER A TOW TRUCK DRIVER SUGGESTED THAT I TURN THE IGNITION TO DIFFERENT POSITIONS WHILE PUMPING THE BREAK AND PULLING ON THE SHIFTER.  IT FINALLY RELEASED AND I DROVE IMMEDIATELY TO THE NEAREST VOLKSWAGEN DEALERSHIP.  THE MALFUNCTION WAS IN THE BRAKE LIGHT SWITCH SO I HAD  TO GET IT REPLACED.  I WAS CHARGED $40 FOR THE PART ITSELF AND $230 FOR THE WORK.  I FEEL THAT SINCE THERE IS A RECALL ON THE 1998-2002 VW BEETLE AND THE 1999-2001 VW JETTA THAT THERE SHOULD BE ONE ON THE 2001 VW GOLF AS WELL.  *NM",10/25/2006,10/20/2006,,False,False,0,0,WVWBT21J81W
10170980,2001,"Volkswagen Group of America, Inc.",GOLF,AIR BAGS,WHILE DRIVING HOME ON A MAJOR HIGHWAY THE PASSENGER SIDE AIR BAGS DEPLOYED LEAVING BRUISING AND SCRAPES ON PASSENGER.  NO OTHER VEHICLE OR OBSTRUCTION IN WAY.  *NM,10/16/2006,10/15/2006,,False,False,1,0,9BWGD61J114
10169924,2001,"Volkswagen Group of America, Inc.",GOLF,"AIR BAGS,EQUIPMENT","SECOND TIME THE FRONT DRIVER'S SIDE AIR BAG HAS MALFUNCTIONED -- WARNING LIGHT COMES ON THAT AIRBAG IS NOT PROPERLY FUNCTIONING. NOVEMBER 2005 AND SEPTEMBER 2006. DEALER WOULD NOT REPAIR THEN AS NOW. VW ORDERED REPAIRS AND REPLACED BAG AND HARNESS IN NOVEMBER 2005. ALL AIRBAGS WILL NOT FUNCTION IF A PROBLEM WITH HARNESS. THIS WILL BE THE SECOND HARNESS, IGNITER, ETC TO BE INSTALLED. PARTS WILL BE AVAILABLE UPON REPAIR THIS TIME ( A QUITE COSTLY VENTURE). VW WILL NOT ADMIT A SERIOUS PROBLEM, BUT NON-VW REPAIR CENTERS KNOW OF THIS PROBLEM.  *NM",10/04/2006,09/01/2006,,False,False,0,0,9BWGP21JX14
10168878,2001,"Volkswagen Group of America, Inc.",GOLF,LATCHES/LOCKS/LINKAGES,GOT TRANSMISSION WORK DONE ON 9/19/06. PICK CAR UP THAT EVENING AND DROVE HOME ON CITY STREETS. ON 9/20/06 GOT ON FREEWAY TO GO TO WORK AND ACCELERATED TO 55 MPH AT WHICH TIME THE HOOD SNAPPED BACK AGAINST THE WINDSHIELD. HAD CAR TOWED TO DEALERSHIP WHERE THE SERVICE WORK WAS DONE. SAID THE PROBLEM WITH THE HOOD WAS DUE TO A FAULTY/FAILED HOOD LATCH. DEALERSHIP REPLACED THE HOOD AND INSTALLED A NEW HOOD LATCH. *NM,09/21/2006,09/20/2006,,False,False,0,0,
10168618,2001,"Volkswagen Group of America, Inc.",GOLF,ENGINE AND ENGINE COOLING,"CATALYTIC CONVERTOR FAILURE AT 82,000  REPLACED CONVERTOR.  *JB",09/19/2006,09/14/2006,,False,False,0,0,3VWSG29M51M
10164416,2001,"Volkswagen Group of America, Inc.",GOLF,ELECTRICAL SYSTEM,"I OWN A 2001 VW GOLF. LAST YEAR I HAD REPLACED THE ALTERNATOR (FAILURE) AT GUNTHER VW DEALERSHIP (IN COCONUT CREEK, FL), THE DATE IS 07/21/2005. I HAVE PAID FOR THE SERVICE AND PARTS. I WANT TO MENTION THAT IN SPITE OF THE FACT I HAVE PAID FOR A NEW PART THEY INSTALLED A RE-MANUFACTURED ONE.  THIS YEAR IN JULY THE ALTERNATOR SEEMED TO GIVE ME PROBLEMS ONCE AGAIN. IT HAPPENED ON JULY 17 2006. THE NEXT DAY 7/18/2006 I CALLED GUNTHER VW TO SCHEDULE AN APPOINTMENT. I WAS ASKED WHAT IS THE PROBLEM AND I TOLD THEM IS THE ALTERNATOR (I HAVE THE EXPERTISE, HOLDING A BS AND MS IN ENGINEERING WITH AN AUTOMOTIVE MAJOR). THEY COULD NOT SCHEDULE THIS APPOINTMENT EARLIER THAN JULY 29, 2006.   ON THAT DATE (7/29/06) I TOOK THE CAR TO THE DEALERSHIP AND THEY CONFIRMED IT WAS THE ALTERNATOR, BUT THEY COULD NOT REPLACE IT UNDER WARRANTY (1 YEAR FROM 7/21/06) BECAUSE THEY CLAIMED THE WARRANTY HAD EXPIRED AND SUGGESTED TO CALL VW - THE MANUFACTURER. THEY DENIED THE WARRANTY.  THE FACT IS THAT SPECIFIC PART (THE ALTERNATOR FAILED PRIOR THAT DATE AND I CALLED THE DEALERSHIP PRIOR THE EXPIRATION DATE, BUT BECAUSE OF THE SCHEDULING AVAILABILITY THEY TOLD ME TO BRING THE CAR AFTER ALMOST 2 WEEKS).  I EXPLAINED THIS ISSUE TO VW, BUT THEY DON'T WANT TO DO ANYTHING ABOUT THIS PROBLEM AND THE DEALERSHIP HAS THE SAME POSITION (BECAUSE THEY BACK UP THE MANUFACTURER).  I CONSIDER THAT THIS TREATMENT IS ABSOLUTELY NO FAIR, AND I FEEL ROBBED (PAID OVER $700 FOR THAT SERVICE + RE-MANUFACTURED PART, THINKING IS VW DOES QUALITY), AND NOW BECAUSE THEIR OWN SYSTEM I AM TURNED DOWN, WHEN I ASK FOR THAT PART REPLACEMENT UNDER WARRANTY.    PLEASE HELP ME TO OVERCOME THIS INJUSTICE, AND HAVE  MY VEHICLE RESTORED TO A SAFE CONDITION. *JB",08/03/2006,07/18/2006,,False,False,0,0,
10161528,2001,"Volkswagen Group of America, Inc.",GOLF,"EXTERIOR LIGHTING,EQUIPMENT","I OWN A 2001 VW GOLF. SINCE I PURCHASED THIS CAR, THE BRAKE LIGHT SWITCH HAS FAILED ONCE PER YEAR. THUS, I HAVE HAD TO REPLACE THIS FAULTY BRAKE LIGHT SWITCH FOUR TIMES IN FOUR YEARS. THE FAULTY SWITCH HAS CAUSED MY EPC LIGHT TO COME ON WHILE I AM DRIVING, AND TO STALL THE VEHICLE AND PREVENT IT FROM SHIFTING GEARS. VW ISSUED A RECALL FOR FAULTY BRAKE SWITCHES IN THE 1999-2002 JETTA AND 1998-2002 BEETLES, SO I DON'T KNOW WHY A COMPARABLE FIX HAS NOT BEEN MADE AVAILABLE TO 2000-2002 GOLF OWNERS. THIS PROBLEM IS RAMPANT. A SEARCH OF ANY VW CHAT BOARD WILL REVEAL NUMEROUS OWNERS WHO HAVE EXPERIENCED THIS PROBLEM. VW SHOULD RECALL THE BRAKE LIGHT SWITCHES ON THE OLDER GOLFS AS IT HAS DONE WITH OTHER MODELS, OR IT MAY POSE A SAFETY HAZARD TO THE MANY GOLF OWNERS OUT THERE (WHO ARE NOT LIKELY TO PURCHASE ANY TYPE OF VW AGAIN).    THERE ARE NO SIGNS TO INDICATE THAT THE BRAKE LIGHT SWITCH WILL FAIL BEFORE IT FAILS. EACH TIME IT FAILS, THE CAR MUST BE BROUGHT TO A DEALER OR SERVICE SHOP FOR SWITCH REPLACEMENT. I HAVE RECORDS OF MY BRAKE LIGHT SWITCH REPLACEMENTS OVER THE PAST FOUR YEARS I HAVE OWNED MY GOLF, AND CAN SEND YOU COPIES IF YOU NEED THEM. THANK YOU.  *JB",07/05/2006,07/03/2006,,False,False,0,0,9BWBT61J814
10152627,2001,"Volkswagen Group of America, Inc.",GOLF,ELECTRICAL SYSTEM,"I JUST FOUND OUT THAT THERE IS A RECALL FOR VW GOLF FOR IGNITION COIL. I HAD PROBLEMS WITH THAT LAST YEAR AND I TOOK IT TO A DEALER BUT INSTEAD OF REPLACING THE COILS THEY REPLACED MY BATTERY AND STARTER... EXACTLY A YEAR AFTER THAT THE SAME THING HAPPEN (THIS JANUARY). I HAD TO GET MY CAR TOWED AND TOOK IT TO A GARAGE CAUSE IT WAS CLOSE TO MY HOUSE. MY IGNITION COILS HAD TO BE REPLACED. SO I WAS WONDERING IF THERE IS A WAY I CAN BE REIMBURSED FOR WHAT I PAID, AT LEAST FOR THE PARTS. THE FIRST TIME THIS HAPPENED I CAN'T BELIEVE THAT THEY DIDN'T REPLACE THE COILS AT THE DEALERSHIP CAUSE EXACTLY THE SAME THING HAPPENED, EXACTLY YEAR AFTER.  IS THERE ANYTHING I CAN DO?  THANK YOU  JANA.  *JB",03/13/2006,01/12/2006,,False,False,0,0,9BWGT21J414
10151232,2001,"Volkswagen Group of America, Inc.",GOLF,ELECTRICAL SYSTEM,I HAVE  NO HEADLIGHTS OR WIPERS ON THIS 2001 EUROVAN. IT SEEMS TO BE THE IGNITION SWITCH. I HAD NOTICED THE 1996 PASSAT WAS RECALLED FOR THIS PROBLEM. SEEM TO BE A COMMON PROBLEM WHICH IS UNSAFE SINCE YOU HAVE NO LIGHTS OR WIPERS. WHY HASN'T THIS PROBLEM BEEN RECALLED FOR ALL OF THE SAME TYPE OF IGNITION SWITCHES???? BY VW.??? PLEASE INFORM ME IF THERE ARE ANY INVESTIGATIONS ON THIS PROBLEM.  *NM,02/26/2006,02/16/2006,,False,False,0,0,
10151215,2001,"Volkswagen Group of America, Inc.",GOLF,"ENGINE AND ENGINE COOLING,ELECTRICAL SYSTEM",COMPLETE FAILURE OF ENGINE AT HIGHWAY SPEEDS.  *NM,02/25/2006,12/17/2005,,False,False,0,0,1N4EB32A9MC
10149329,2001,"Volkswagen Group of America, Inc.",GOLF,AIR BAGS,"MY 2001 VW GOLF REPEATEDLY HAS WARNING LIGHTS POPPING UP IN ERROR. THIS WEEK MY AIRBAG WARNING LIGHT CAME ON AND STAYED ON, EVEN THOUGH THIS CAR HAS NEVER BEEN IN AN ACCIDENT AND THE AIRBAGS HAVE NEVER NEEDED TO BE DEPLOYED. RESEARCHING THIS ISSUE SHOWS THAT THIS IS A COMMON PROBLEM AND ANNOYANCE AMONG VW USERS. THE ONLY REMEDY OFFERED BY TWO DEALERSHIPS I WENT TO IS TO REPLACE THE AIRBAGS AT A COST OF MORE THAN $750/$900 PER (THERE ARE 4 OF THEM). THE REPLACEMENT AIRBAGS ONLY HAVE A 6,000 MILE WARRANTY, WHICH MEANS I COULD CONCEIVABLY HAVE TO PAY $3000 EVERY 5-6 MONTHS TO HAVE NEW AIRBAGS INSTALLED, EVEN THOUGH THERE'S NOTHING WRONG WITH THEM AND THE REAL PROBLEM IS THAT THE WARNING LIGHT KEEPS GOING OFF IN ERROR. HELP! *JB",02/02/2006,02/01/2006,,False,False,0,0,9BWGD21JX14
10145760,2001,"Volkswagen Group of America, Inc.",GOLF,POWER TRAIN,DT: THE CONTACT STATES VEHICLE HAS EXPERIENCED PROBLEMS WITH THE AUTOMATIC TRANSMISSION FOR THE PAST TWO YEARS.  THE CONTACT TOOK THE VEHICLE INTO THE DEALERSHIP.  THE DEALERSHIP WAS UNABLE TO DUPLICATE THE PROBLEM.  THE MANUFACTURER WAS CONTACTED. THE VEHICLE IS NOW AT A PRIVATE MECHANIC. REPAIRS WILL BE MADE AT CONTACT'S EXPENSE. NO REPAIRS WERE MADE.  *AK,12/20/2005,12/20/2003,,False,False,0,0,9BWGT61J514
10145433,2001,"Volkswagen Group of America, Inc.",GOLF,AIR BAGS,2001 VW GOLF TDI.  MY AIRBAG WARNING LIGHT CAME ON AND CONTINUES TO REMAIN ON.   I HAVE HEARD OF SOMEONE ELSE HAVING THE SAME PROBLEM WITH THE SAME MODEL CAR.   *JB,12/16/2005,12/13/2005,,False,False,0,0,WVWBP21J91W
10126125,2001,"Volkswagen Group of America, Inc.",GOLF,AIR BAGS,"DT: THE CONTACT OWNS A 2001 VOLKSWAGEN GOLF. WHILE DRIVING DOWN THE ROAD  PASSENGER'S SIDE AIR BAG DEPLOYED FOR NO REASON. THERE WAS NO ACCIDENT. THE SPEED WAS ABOUT 45 MPH. CONTACT DID NOT LOSE CONTROL OF THE VEHICLE. THE AIR BAG LIGHT WAS NOT ON PRIOR TO THE DEPLOYMENT, BUT IT WAS ON NOW. THERE WAS SOMEONE SITTING IN THE PASSENGER SEAT AND WAS WEARING THE SEAT BELT.  CURRENTLY,  THE SEAT BELT WILL NOT RETRACT.  IT WAS STILL THE SAME WAY AS IF SOMEONE WERE SITTING IN THE SEAT.  ONE PASSENGER SUSTAINED INJURIES, HAD BURN MARKS ON HER ARMS. THE INSURANCE COMPANY HAS THIS INCIDENT  ON FILE. THE POLICE DEPARTMENT STATED THAT SINCE  CONTACT  DROVE VEHICLE  AWAY FROM THE SCENE  OF THE ACCIDENT, IT WOULD BE CONSIDERED A DO IT YOURSELF PART, AND SHE HAD NOT GOTTEN  A CHANCE TO DO SO YET.  *AK  *NM",09/29/2005,06/07/2005,,False,False,1,0,9BWGT61J514
10137818,2001,"Volkswagen Group of America, Inc.",GOLF,EXTERIOR LIGHTING,"DT:  THE CALLER SAID BRAKE LIGHT SWITCH WAS FAULTY. HE HAD NO BRAKE LIGHTS. DEALER AND MANUFACTURER HAVE NOT BEEN CONTACTED YET. THE CALLER SAID THERE WAS A RECALL ON THE SAME BRAKE LIGHT SWITCH ON THE JETTA, BUT NOT ON THE GOLF.*AK",09/27/2005,09/24/2005,,False,False,0,0,WVWBP21J91W
10137291,2001,"Volkswagen Group of America, Inc.",GOLF,EXTERIOR LIGHTING,"DT: THE CONSUMER STATED THAT THE 2001 VOLKSWAGEN WAS HAVING ELECTRICAL PROBLEMS WITH THE BRAKE SWITCH. THE BRAKES WERE NOT COMING ON WHEN THE BRAKE PEDAL WAS PUSHED. THERE WAS A LIGHT ON THE DASHBOARD THAT RED GLOWING PLUG WARNING. THIS INDICATED THAT THERE WAS A PROBLEM. THE CONSUMER CONTACTED VOLKSWAGEN,  AND THERE WAS NO RECALL ON THE  CONSUMER'S VEHICLE. THEREFORE, THEY COULD NOT HELP THE CONSUMER WITH THE PROBLEM. THIS STARTED ON  9-22-2005. THE CONSUMER  HAD NO BRAKE LIGHT OR CRUISE CONTROL. THE LOCAL DEALER WAS CONTACTED , AND THEY STATED THERE  WERE NO RECALLS ON THE VEHICLE.*AK",09/22/2005,09/22/2005,,False,False,0,0,9BWGP61J114
10136012,2001,"Volkswagen Group of America, Inc.",GOLF,VISIBILITY,"WINDOW REGULATOR MADE OF PLASTIC CLIP IS KNOWN TO BREAK AND VW EXTENDED WARRANTY TO 7 YEARS. HOWEVER, THEY ONLY SPECIFIED FOR AUTOMATIC WINDOW, WHEN BOTH USES SAME PLASTIC REGULATOR CLIP THAT IS DEFECTIVE ON BOTH AUTOMATIC AND MANUAL. WHEN I CONTACTED VW DEALER HQ, THEY BOTH DENIED ON WARRANTY. HQ STATED THAT BECAUSE THEY HAVE NOT RECEIVED ENOUGH COMPLAINTS, THEY WILL NOT COVER MANUAL WINDOW REGULATOR, EVEN THOUGH THEY USE SAME DEFECTIVE PLASTIC CLIP. *JB",09/09/2005,09/09/2005,,False,False,0,0,9BWBT61J814
10134338,2001,"Volkswagen Group of America, Inc.",GOLF,EXTERIOR LIGHTING,"I HAVE A 2001 VOLKSWAGEN GOLF TDI.  THE BRAKE LIGHT SWITCH HAS FAILED CAUSING NO BRAKE LIGHTS TO BE LIT WHILE BRAKING.  THIS IS A POTENTIALLY DANGEROUS SITUATION WHERE THE CAR COULD EASILY BE REAR-ENDED.  THE ODD THING IS THAT VW HAS RECALLED THEIR OTHER MODELS BECAUSE OF THIS DEFECT, BUT NOT THE GOLF.  MY GOLF EVEN USES THE IDENTICAL PART TO THE ONE THAT WAS RECALLED.  IF OTHER MODELS ARE RECALLED BECAUSE OF THIS PART DEFECT, WHY WASN'T THE GOLF RECALLED?*JB",08/26/2005,08/22/2005,,False,False,0,0,
10133501,2001,"Volkswagen Group of America, Inc.",GOLF,AIR BAGS,"I BOUGHT A USED 2001 VW GOLF IN APRIL. THE AIRBAG LIGHT REMAINS ON WHEN VEHICLE IS IN MOTION. I BROUGHT THE CAR TO A VW DEALER AND PAID $85 FOR THEM TO TELL ME THAT THE AIRBAG HAD HIGH RESISTANCE AND MIGHT NOT DEPLOY IN CASE OF AN ACCIDENT. THEY SAID THE HARNASS OF THE DRIVER'S SIDE AIRBAG NEED TO BE REPLACED AND IT WOULD COST ME  $700. THIS IS NOT A WEARABLE PART OF THE CAR, AND IS A DESGIN FAULT THAT MAY ENDAGER THE LIFE OF THE DRIVER. I AM WONDERING WHY I SHOULD PAY FOR THIS. SHOULDN'T IT BE THE RESPONBSIBILITY OF VW TO ENSURE THAT NON-WEARABLE PARTS REMAIN WORKING FOR QUITE A LONG TIME? ESPECIALLY IF IT IS SAFETY RELATED?",08/19/2005,04/18/2005,,False,False,0,0,WVWBT21JX1W
10125122,2001,"Volkswagen Group of America, Inc.",GOLF,AIR BAGS,"DT:  THE CONSUMER STATED THE AIR BAG LIGHT  KEPT COMING ON. CALLER HAS BEEN TO DEALER THREE TIMES, AND SOON AFTER THEY REPAIRED IT,   IT ILLUMINATED AGAIN. THE  MANUFACTURER  REIMBURSED THE CONSUMER  FOR FIXING THE PROBLEM.  *AK *JB",07/15/2005,01/26/2004,,False,False,0,0,9BWGT21J414
10127857,2001,"Volkswagen Group of America, Inc.",GOLF,VISIBILITY,"I PURCHASED THIS CAR BACK IN THE FALL OF 2001.  IT WAS A ""DEMO"" CAR AND ONLY HAD 7000 MILES ON IT.  THE NEXT SUMMER MY BACK DRIVER'S SIDE WINDOW WOULD NO LONGER WORK.  THERE WAS NO REASON FOR THIS WINDOW TO NOT WORK.  IT WAS NOT DAMAGED BY ANYONE.  MY WARRANTY HAD RUN OUT SO I DIDN'T BOTHER TO CALL THE DEALER.  I'M NOW LEARNING THAT VOLKSWAGEN IS AND HAVE BEEN HAVING SERIOUS PROBLEMS WITH THEIR WINDOWS.  THE DEALER DOESN'T WANT TO FIX IT FOR FREE AND I CALLED THE CUSTOMER SERVICE HOT-LINE FOR VOLKSWAGEN AND THEY DON'T WANT TO TAKE RESPONSIBILITY FOR THIS ISSUE EITHER.  THEY BOTH ADMITTED TO ME THAT YES THERE ARE PROBLEMS WITH THE WINDOWS ON MANY OF THEIR VEHICLES.....UPDATED 07/23/15 *BF",07/08/2005,08/20/2002,,False,False,0,0,9BWGS21JX14
10125911,2001,"Volkswagen Group of America, Inc.",GOLF,POWER TRAIN,"DT: CONSUMER STATED AT 51000 MILES TRANSMISSION  BUSTED. CONSUMER SOME TIMES  VEHICLE DID NOT WANT TO ACCELERATE AND E BACK FIRED. ALSO,  WHILE DRIVING VEHICLE SOMETIMES HESITATED OR BOGGED DOWN. VEHICLE HAS BEEN ACTING THIS WAY SINCE APRIL. CONSUMER SAYS THAT THE CHECK ENGINE LIGHT HAS BEEN ON.  VEHICLE WAS REPAIRED IN FLORENCE, KENTUCKY. . VEHICLE WAS CHECKED OUT BY DEALER, BUT TRANSMISSION  WAS REPAIRED BY ANOTHER  GARAGE. *AK",06/20/2005,04/21/2005,,False,False,0,0,3VWSG69M31M
10124093,2001,"Volkswagen Group of America, Inc.",GOLF,SUSPENSION,"MY 2001 VW GOLF HAS HYDRAULIC BUSHINGS IN THE REAR AXLE AND ONE OF THEM LEAKED FLUID.  UNFORTUNATELY, THE BUSHINGS ARE INTEGRAL TO THE AXLE AND CANT BE REPLACED WITHOUT REPLACING THE ENTIRE AXLE.  AS A MATTER OF FACT, VW HAS A TECHNICAL SERVICE BULLETIN ON IT (C 42-99-01).    I REQUESTED FROM THE DEALER THAT VW PAY FOR REPLACING THE REAR AXLE BUT VW FEELS IT IS NOT A SAFETY RELATED ISSUE.  BASED ON MY LIMITED KNOWLEDGE OF HYDRAULIC BUSHINGS, I WOULD EXPECT SOME PLAY IN THE REAR AXLE WHICH WOULD AFFECT THE HANDLING CHARACTERISTICS OF MY VEHICLE AND THUS ITS SAFETY.  YOUR COMMENTS WOULD BE APPRECIATED.",06/03/2005,05/11/2005,,False,False,0,0,9BWGD21J514
10121706,2001,"Volkswagen Group of America, Inc.",GOLF,"SERVICE BRAKES, HYDRAULIC",DT:  BRAKE PADS IN THE REAR WORE OUT. HAD CHANGED BRAKE PADS AT LEAST 3 TIMES IN 4 YEARS.  DEALER SAID THIS WAS NORMAL WEAR.  SEAMS  ON THE DISCS WORE OFF.  SINCE OCTOBER UNTIL NOW THE INSIDE OF THE DISCS WORE OUT AT LEAST 1/8 OF INCH.*AK,05/20/2005,10/13/2004,,False,False,0,0,9BWGT61J314
10121059,2001,"Volkswagen Group of America, Inc.",GOLF,"POWER TRAIN,EXTERIOR LIGHTING,VEHICLE SPEED CONTROL","VW GOLF 2001 UNABLE TO SHIFT FROM PARK OR NEUTRAL WITH IGNITION ""ON"". POTENTIALLY DANGEROUS. FORTUNATELY THIS TIME CAR WAS NOT IN A DANGEROUS LOCATION. THIS IS THE SECOND FAILURE OF THE BRAKE LIGHT SWITCH (AND AUTOMATIC SHIFT LOCK SWITCH) IN THIS CAR WITH ONLY 30588 MILES. REPLACED AT DEALER. I HAVE THE FAILED SWITCH AND (AS AN ENGINEER) CAN SEE MANY FLAWS IN THE DESIGN, LEADING TO ARCS AND CONTACT STICKING OR NON-OPERATION.  RESEARCH ON THE INTERNET SHOWS THAT MANY OTHER OWNERS HAVE HAD THIS PROBLEM, SOME OVER 6 TIMES. APPLICABLE OVER A RANGE OF VW MODELS AND YEARS. CANADA HAD A RECALL FOR SOME VW MODELS.   VW SHOULD REPLACE THE SWITCHES WITH A BETTER DESIGN UNDER A LIFETIME WARRANTY AS A DANGEROUS DEFECT. MY WIFE OR ONE OF THE MANY OTHERS COULD HAVE BEEN TRYING TO GET OFF A TRAIN TRACK WHEN THE THING LOCKED.",05/16/2005,05/13/2005,,False,False,0,0,9BWGT61J014
10119281,2001,"Volkswagen Group of America, Inc.",GOLF,ELECTRICAL SYSTEM,"2001 VOLKSWAGEN GOLF EXPERIENCING PROBLEMS WITH GLOVE COMPARTMENT LOCK, DRIVER'S SIDE WINDOW, IGNITION COILS, AND INSTRUMENT PANEL.*MR  THE GLOVE BOX LOCK AND DRIVER'S SIDE WINDOW WERE REPLACED UNDER WARRANTY.  THE INSTRUMENT CLUSTER WAS NOT REPLACED FREE OF CHARGE DUE TO THE AGE AND MILEAGE OF THE VEHICLE.  *NM",04/26/2005,03/07/2005,,False,False,0,0,9BWGD61J314
10116523,2001,"Volkswagen Group of America, Inc.",GOLF,VISIBILITY,"NICE DAY, HAD WINDOWS ROLLED DOWN.  WAS ABOUT TO GET ONTO THE HIGHWAY SO I HIT THE WINDOW UP SWITCH AND THE RIGHT FRONT PASSENGER WINDOW SLAMMED INTO THE DOOR.  OBVIOUSLY CAME OFF TRACK, TAKING TO THE DEALER TODAY TO SEE IF WINDOW SMASHED AS WELL.*AK",04/07/2005,04/05/2005,,False,False,0,0,
10117095,2001,"Volkswagen Group of America, Inc.",GOLF,EXTERIOR LIGHTING,"NHTSA RECALL CAMPAIGN 04V584000; VOLKSWAGEN ISSUED A HAZARD SWITCH RECALL. THIS VEHICLE WAS NOT INCLUDED IN THE RECALL DUE TO VIN, BUT HAS THE HAZARD SWITCH LIGHTS WORKING INTERMITTENTLY. *AK",03/30/2005,03/23/2005,,False,False,0,0,9BWGP61J414
10114559,2001,"Volkswagen Group of America, Inc.",GOLF,AIR BAGS,"VEHICLE WAS LESS THAN 3 YEARS OLD (BUT BEYOND WARRANTY MILEAGE) WHEN AIR BAG LIGHT CAME ON.  DEALER DIAGNOSTICS INDICATED RT SIDE AIR BAG SENSOR, AND AIR BAG CONTROL UNIT NEED TO BE REPLACED AT A COST OF $770.  WITHOUT REPLACEMENT, DEALER SAYS ENTIRE AIRBAG SYSTEM IS INOPERATIVE.*AK",03/23/2005,11/12/2003,,False,False,0,0,9BWGD21J914
10113655,2001,"Volkswagen Group of America, Inc.",GOLF,EXTERIOR LIGHTING,"THE HAZARD  LIGHT FLASHER MALFUNCTIONED. THE FLASHER BEGAN FLASHING RAPIDLY, THEN WOULDN'T FUNCTION AT ALL.   DEALERSHIP INDICATED THAT THE  FLASHER HAD TO BE REPLACED.  HAZARD SWITCH RECALL 04V584000 WAS ISSUED, BUT THIS VEHICLE WA SNOT INCLUDED IN THE RECALL DUE TO VIN.  *AK",03/08/2005,03/04/2005,,False,False,0,0,9BWBS61J714
10106712,2001,"Volkswagen Group of America, Inc.",GOLF,"ENGINE AND ENGINE COOLING,EXTERIOR LIGHTING",TURN SIGNALS STOPPED WORKING.  THEY DO NOT COME ON AT ALL. CONSUMER CONTACTED THE MANUFACTURER AND THERE WERE NO RECALLS.  *AK    THE CHECK LIGHT ILLUMINATED DUE TO A LEAKING RECIRCULATION VALVE.  *NM,02/11/2005,12/31/2004,,False,False,0,0,9BWGD21J914
10111314,2001,"Volkswagen Group of America, Inc.",GOLF,AIR BAGS,"THE PASSENGER'S SIDE AIR BAG DEPLOYED  WITH NO IMPACT TO THE VEHICLE. CONSUMER CONTACTED THE DEALER, AND WAS TOLD THAT SOMETHING HIT THE FLOOR OF THE TRUNK, AND THAT SET THE AIR BAG OFF. ALSO, DEALER TOLD THE CONSUMER THAT THERE WAS NOTHING THEY COULD DO.*AK",02/10/2005,02/07/2005,,False,False,0,0,9BWGD61J814
10127943,2001,"Volkswagen Group of America, Inc.",GOLF,AIR BAGS,CONTINUOUS PROBLEMS WITH THE AIR BAG SYSTEM ON THE 2001 VOLKSWAGEN GOLF.***NO ANSWER REQUIRED***. *MR    THE VEHICLE HAS BEEN SERVICED 5 TIMES YET THE AIR BAG LIGHT REMAINS ON.   *TT    *NM,02/07/2005,01/01/1901,,False,False,0,0,
10109834,2001,"Volkswagen Group of America, Inc.",GOLF,EXTERIOR LIGHTING,"THE BRAKE LIGHT SWITCH FAILED TO OPERATE ON MY CAR AND NEEDED TO BE REPLACED.  SINCE OWNING THE CAR, I NOTICED HAT THE BRAKE LIGHTS ONLY CAME ON IF THE BRAKE PEDAL WAS PUSHED ALL THE WAY TO THE FLOOR.  I WAS ABLE TO STOP THE CAR AT STOP LIGHTS (PROVIDED I SLOWED DOWN) WITHOUT EVER HAVING THE BRAKE LIGHT COME ON.  I REALIZED THIS WHEN SOMEONE ALMOST HIT ME.  A FRIEND VERIFIED THAT THE LIGHTS DIDN'T COME ON UNLESS I PUSHED THE PEDAL DOWN TO THE FLOOR.  I THOUGHT THAT MAYBE THIS WAS NORMAL FOR THIS CAR.  THE PROBLEM WAS FIXED WHEN I NOTICED A BULB BURNT OUT, BUT THE DEALER TOLD ME THEY SWITCH AT THE PEDAL NEEDED TO BE REPLACED. AS SOON AS IT WAS REPLACED (FOR 90.00), THE BRAKE LIGHTS COME ON IMMEDIATELY WHEN I PUT MY FOOT ON THE BRAKE.  I THEN REALIZED THAT THE PART WAS PROBABLY DEFECTIVE FROM DAY ONE.  I ALSO REALIZE THAT I WAS LUCKY NO ONE HIT ME BEFORE.   THE DATE I HAD IT FIXED IS BELOW - THERE WAS NO PARTICULAR ""INCIDENCE.""",02/04/2005,12/09/2004,,False,False,0,0,
10109420,2001,"Volkswagen Group of America, Inc.",GOLF,LATCHES/LOCKS/LINKAGES,POSSIBLE TO REMOVE ENTIRE DOOR LOCK CORE WITHOUT SETTING OFF THE CAR ALARM IN VW GOLF.   *BF   *SC,01/06/2005,01/01/2005,,False,False,0,0,
10102400,2001,"Volkswagen Group of America, Inc.",GOLF,ENGINE AND ENGINE COOLING,"2001 VOLKSWAGEN PASSAT WAGON. ENGINE FAILURE, VOLKSWAGEN WILL NOT REPAIR EVEN THOUGH IT IS UNDER WARRANTY. CAR HAS BEEN SERVICED 13 TIMES IN 14 MONTHS. *AK",12/08/2004,11/12/2004,,False,False,0,0,WVWHC63B01E
10100320,2001,"Volkswagen Group of America, Inc.",GOLF,VISIBILITY,"MY REAR PASSENGER WIDOW WILL NOT ROLL DOWN BECAUSE OF A FAULTY WINDOW REGULATOR.  VW KNOWS THE PROBLEM EXISTS BECAUSE THEY HAVE TO REPLACE THE FRONT WINDOW REGULATORS THAT HAVE A SIMILAR DESING USING PLASTIC WINDOW CLIPS.   *JB     I HAVE CHILDREN THAT TRAVEL IN THE CAR FREQUENTLY AND IF WE WERE IN AN ACCIDENT THEY WOULD NOT BE ABLE TO ROLL THE WINDOW DOWN AND GET OUT OF THE CAR.  I FEEL THAT THIS IS A SAFETY CONCERN.  I REALIZE THAT THE GTI VERSION OF MY CAR DOESN'T HAVE WINDOWS THAT ROLL DOWN IN THE BACK BUT I DIDN'T BUY THAT CAR BECAUSE I HAVE KIDS THAT NEED TO RIDE IN THE CAR.  THEREFORE I NEED WINDOWS THAT ROLL DOWN TOO.    I TOOK THE CAR TO A VW DEALER BECAUSE THEY TOLD ME THAT THEY WOULD FIX IT UNDER THE EXTENDED SERVICE THING THAT THE FRONT WINDOW ARE FIXXED UNDER.  AFTER THEY TOOK THE CAR, THEY CALLED ME AND TOLD ME THAT IT DOESN'T COVER THE REAR WINDOWS.  SO, I DECLINED GETTING IT FIXXED BY THEM AND WILL REPAIR IT MYSELF.  THE PART COSTS $120 FOR THE REAR WINDOWS. THE FRONT WINDOW HAVE A REPAIR KIT THAT SELLS FOR ABOUT $20 (IT JUST REPLACES THE FAULTY PART, NOT THE WHOLE UNIT AS THE REAR WINDOWS DO).  AT A MINIMUM THEY SHOULD SELL A REPAIR KIT FOR THE REAR WINDOWS.",11/22/2004,10/29/2004,,False,False,0,0,
10087831,2001,"Volkswagen Group of America, Inc.",GOLF,"ENGINE AND ENGINE COOLING,FUEL SYSTEM, GASOLINE,EXTERIOR LIGHTING","WHILE DRIVING THE BRAKE LIGHT SWITCH FAILED. AS A RESULT, VEHICLE WAS LEFT WITH NO INDICATION OF STOPPING, AND THE CRUISE CONTROL WAS DEACTIVATED. CONSUMER WAS CONCERNED THAT HE WOULD BE REAR ENDED DUE TO THE FAILURE. *AK  THE VEHICLE EPC LIGHT ILLUMINATED.  THE DEALER DETERMINED FROM THE TROUBLE CODES THAT THE BRAKE LIGHT SWITCH FAILED ALONG WITH THE FUEL PUMP RELAY, OXYGEN SENSOR, ECT AND PURGE VALVE.  *NM",08/30/2004,08/09/2004,,False,False,0,0,9BWGS61J814
10080855,2001,"Volkswagen Group of America, Inc.",GOLF,UNKNOWN OR OTHER,THE HINGE ON THE RIGHT SIDE OF THE GLOVE BOX BROKE OFF.  *LA,07/12/2004,05/01/2004,,False,False,0,0,
10080856,2001,"Volkswagen Group of America, Inc.",GOLF,LATCHES/LOCKS/LINKAGES,THE LATCH FOR THE DOOR ON THE CENTER CONSOLE BROKE OFF.   *LA,07/12/2004,07/11/2004,,False,False,0,0,
10078862,2001,"Volkswagen Group of America, Inc.",GOLF,AIR BAGS,AIR BAG WARNING LIGHT CAME ON.  I TOOK IT TO THE DEALERSHIP AND THEY SAID IT WAS THE SIDE AIRBAG IN THE PASSENGER SEAT.  I HAD IT REPLACED FOR ABOUT $327.00.   *JB,06/26/2004,06/20/2004,,False,False,0,0,
10074611,2001,"Volkswagen Group of America, Inc.",GOLF,AIR BAGS,"1. NO EVENT APPLICABLE (I.E. NO ACCIDENTS, CRASHES OR IMPACTS)  2. AIRBAG LIGHT COMES ON  3. VW CHARGED $90 TO TELL ME THAT IT WOULD TAKE $715 TO REPLACE THE PART; MY VEHICLE IS ONLY A 2001.  VW STATED IT SUFFERED MECHANICAL BREAKDOWN; THE PART IS NOT A WEARABLE PART!!!*AK",06/01/2004,05/23/2004,,False,False,0,0,
10074628,2001,"Volkswagen Group of America, Inc.",GOLF,"SERVICE BRAKES, HYDRAULIC",HAD TO REPLACE THE REAR BRAKES AROUND 38000 MILES. FRONT BRAKES WERE FINE BUT HAD TO HAVE THE REAR REBUILD. WAS TOLD THAT THE PADS WENT OUT OF ALIGNMENT AND HAD TO BE RE-SHIMMED. I DO THINK THAT THIS IS A DEFECT THAT VW SHOULD COVER.*AK,06/01/2004,04/19/2004,,False,False,0,0,9BWBS61J314
10073170,2001,"Volkswagen Group of America, Inc.",GOLF,ENGINE AND ENGINE COOLING,"UNDER NORMAL DRIVING CONDITIONS, THE VEHICLE CONSUMES ENGINE OIL AT A RATE THAT LEAVES THE RESEVOIR EMPTY BEFORE IT WOULD BE REFILLED DURING AN OIL CHANGE (ALL THE OIL IS CONSUMED WITHIN 5000 MILES, THE RECOMMENDED OIL CHANGE INTERVAL).  VOLKSWAGEN MAINTAINS A POLICY THAT USING ONE QUART OF OIL PER 1000 MILES IS NORMAL FOR A 'MODERN ENGINE,' AND REFUSES TO REPAIR VEHICLES WHO DO NOT MEET THE CONSUMPTION REQUIREMENT.  THIS ISSUE IS KNOWN BY THE COMPANY TO AFFECT A NUMBER OF THE 2.0L ENGINES ON THEIR GOLF AND JETTA MODELS, WITH THE CAUSE BEING ATTRIBUTED TO PISTON RINGS BEING INSTALLED UPSIDE DOWN.  REINSTALLATION OF THE RINGS IS THE RECOMMENDED SOLUTION TO THE PROBLEM.  HOWEVER, DEALERS ARE RELUCTANT TO EVEN PERFORM THE CONSUMPTION TESTS ON SUSPECT VEHICLES, MUCH LESS PERFORM THE REPAIRS.  FURTHERMORE, THEY FALSIFY FINDINGS WHEN REPORTING TO THE CUSTOMER, UNDERESTIMATING OIL CONSUMPTION.",05/26/2004,12/12/2003,,False,False,0,0,9BWGT21J614
10064142,2001,"Volkswagen Group of America, Inc.",GOLF,VISIBILITY,"DRIVER'S DOOR WINDOW ""EXPLODED"" WHILE PARKED - TOTALLY FRACTURED AND A SECTION ""BLOWN OUT"" WITH THE GLASS ON THE GROUND OUTSIDE THE VEHICLE.*AK",03/30/2004,03/25/2004,,False,False,0,0,9BWGP61J814
10064091,2001,"Volkswagen Group of America, Inc.",GOLF,ENGINE AND ENGINE COOLING,"VEHICLE CONSUMES OIL AT AN ALARMING RATE.  THE RECOMMENDED OIL CHANGE INTERVAL IS EVERY 3000 MILES, HOWEVER IN THAT TIME THE VEHICLE WOULD CONSUME MORE THAN ITS OIL CAPACITY, RESULTING IN THE CAR RUNNING WITHOUT OIL.  VW IS AWARE OF THE ISSUE AND PERFORMS ""OIL CONSUMPTION TESTS"" ON VEHICLES, BUT MANY DEALERSHIP SERVICE DEPARTMENTS ARE RELUCTANT TO DO SO AND ALWAYS CLAIM THAT 1 QUART OF OIL CONSUMPTION PER 1000 MILES IS ""NORMAL"" AND REFUSE TO PERFORM ANY SERVICE UNLESS THE CONSUMPTION EXCEEDS THAT AMOUNT.*AK",03/29/2004,11/16/2003,,False,False,0,0,
10065161,2001,"Volkswagen Group of America, Inc.",GOLF,SEAT BELTS,"REAR PASSENGER SEAT BELT LATCH BROKE.  THE VEHICLE WAS TAKEN TO THE DEALER  FOR INSPECTION, AND  MECHANIC  DETERMINED THAT THE LATCH NEEDED TO BE REPLACED.  *AK",03/29/2004,,,False,False,0,0,
10060254,2001,"Volkswagen Group of America, Inc.",GOLF,"POWER TRAIN,EQUIPMENT","SWITCH USED TO VERIFY BRAKE IS ENGAGED BEFORE VEHICLE IS ABLE TO GO INTO REVERSE OR DRIVE HAS FAILED TWICE. FIRST TIME 10-08-02 AT 13,691 MILES AND 03-02-04 AT 36,695 MILES. DOES NOT ALLOW VEHICLE TO BE DRIVEN, MOVED OR GO INTO OPPOSITE DIRECTION IF NEEDED WHILE DRIVING.*AK",03/03/2004,03/02/2004,,False,False,0,0,9BWGP61J514
10059993,2001,"Volkswagen Group of America, Inc.",GOLF,"SERVICE BRAKES, HYDRAULIC,ENGINE AND ENGINE COOLING,POWER TRAIN,EXTERIOR LIGHTING,LATCHES/LOCKS/LINKAGES,VEHICLE SPEED CONTROL","AUTOMATIC TRANSMISSION FAILURE, MASS AIR FLOW SENSOR FAILURE, PREMATURE REAR BRAKE PAD FAILURE, AUTOMATIC DOOR LOCK MALFUNCTION, WATER PUMP FAILURE, THIRD BRAKE LIGHT FAILURE.*AK",02/28/2004,01/02/2004,,False,False,0,0,WVWBT21J61W
10058435,2001,"Volkswagen Group of America, Inc.",GOLF,VISIBILITY,PASSENGER SIDE WINDOW FELL OFF ITS TRACK ON TWO OCCAISIONS. RENDERS WINDOW TOTALLY INOPERATIVE.  FAILURE FIRST OCCURED AROUND 40000 MILES AND THEN AT 50000. *AK,02/18/2004,02/17/2001,,False,False,0,0,
10056731,2001,"Volkswagen Group of America, Inc.",GOLF,SUSPENSION,"AT THE 30,000 MILE DEALER SERVICING, DRIVER'S SIDE FRONT WHEEL BEARING WAS FOUND TO BE DEFECTIVE CREATING A SEVERE SAFETY HAZARD.  *AK",02/07/2004,12/09/2003,,False,False,0,0,9BWGP61J714
10071388,2001,"Volkswagen Group of America, Inc.",GOLF,AIR BAGS,"THIS IS A COPY OF MY LETTER TO VOLKSWAGEN, PLS HELP ME.  HELLO VW,  TO MAY IT MAY CONCERN. RECENTLY I PURCHASED AT VOLKSWAGEN GOLF 2001 USED MODEL.  IT HAS ABOUT A YEAR WARRANRTTY LEFT WITH 25,000KM ON IT. PRACTIXCALLY BRAND NEW.  I WAS IN A MAJOR CAR ACCIDENT REAR ENDING SOMEONE HARSHLY, AND MY AIRBAG S DID NOT GO OFF,  MY GIRLFRIEND WAS INJURED FROM THIS INCIDENT.  WE WERE ABOUT 50KM PER HOUR WHEN THE ACCIDENT HAPPENED.  BUT FAILED TO PROTECT HER FACE FROPM HITTING THE DASHBARD.  PLS EXPLAIN THIS INCEDENT, TO ME.",01/15/2004,10/15/2003,,True,False,0,0,9BWBT21J614
10052479,2001,"Volkswagen Group of America, Inc.",GOLF,ENGINE AND ENGINE COOLING,SEALS TO TURBO CHARGER IN 2001 VW GOLD TDI ARE LEAKING OIL INTO AIR INTAKE AND ONTO GROUND.  *AK,01/06/2004,01/06/2004,,False,False,0,0,9BWGP61J414
10047002,2001,"Volkswagen Group of America, Inc.",GOLF,"SERVICE BRAKES, HYDRAULIC","I HAVE A 2001 VW GOLF.  I HAD TO HAVE THE REAR BRAKES REPLACED AT AROUND 36,000 MILES.  BUT THE FRONT BRAKES LOOK LIKE THEY'RE BRAND NEW.  I FEEL THAT VW HAS A SERIOUS PROBLEM WITH THESE CARS AND WON'T ADMIT IT.  I DON'T FEEL TO SAFE KNOWING THAT THE CAR IS ONLY STOPPING ON THE REAR BRAKES.   *LA",11/16/2003,06/10/2003,,False,False,0,0,9BWGD61J914
10043311,2001,"Volkswagen Group of America, Inc.",GOLF,ELECTRICAL SYSTEM,"I HAVE A 2001 VOLKSWAGEN GOLF WITH THE TDI ENGINE (ENGINE CODE ALH).  LAST NIGHT AND THIS MORNING I HAD PROBLEMS WITH THE ECU POWER RELAY (""RELAY 109"").  SYMPTOMS ARE SUDDEN STALLING OF THE ENGINE WITH THE INABILITY TO RESTART FOR 3-5 MINUTES.  THIS MORNING DURING MY MORNING COMMUTE MY ENGINE STALLED 4 TIMES, 3 OF WHICH WERE ON AN EXTREMELY BUSY FREEWAY DURING RUSH HOUR TRAFFIC.    THIS IS A KNOWN AND WELL DOCUMENTED PROBLEM WITH THE TDI ENGINE.  THERE HAVE BEEN A LARGE NUMBER OF REPORTS OF THIS PROBLEM (SEE HTTP://FORUMS.TDICLUB.COM AND SEARCH FOR ""RELAY 109"" FOR EXAMPLES).  VOLKSWAGEN HAS RELEASED AN UPDATED RELAY WHICH FIXES THIS FAILURE MODE.  LUCKILY I WAS AWARE OF THIS PROBLEM SO I WAS ABLE TO PURCHASE A REPLACEMENT AND INSTALL IT MYSELF.    VW KNOWS ABOUT THIS PROBLEM AND IT IS A SEVERE SAFETY ISSUE... THE ENGINE WILL STOP RUNNING WITHOUT WARNING AND MAY NOT BE RESTARTED FOR SEVERAL MINUTES.  LUCKILY THIS MORNING I WAS ONLY TRAVELING AT APPROXIMATELY 15 MPH WHEN THE FIRST STALL HAPPENED.  I RECOGNIZED THE PROBLEM AND AFTER I WAS ABLE TO RESTART MY ENGINE AND CONTINUE ON, I GOT INTO THE RIGHT-HAND LANE, ASSUMING THAT IT WOULD HAPPEN AGAIN.  THE NEXT TIME IT HAPPENED I WAS TRAVELING AT ABOUT 55 MPH, AND FORTUNATELY I WAS PREPARED TO STOP THE CAR SAFELY.    THIS HAPPENS TO VWS WITH TDI ENGINES UP TO AND INCLUDING THE 2001 MODEL YEAR.  THE OLD RELAY PART NUMBER IS 357906381A AND THE NEW REPLACEMENT IS 1J0906381A.  THIS SITUATION MAY NOT BE CONSIDERED SERIOUS SINCE THE REPLACEMENT PART IS ONLY ABOUT $25 AND INSTALLATION TAKES LESS THAN 10 MINUTES, BUT I FEEL THAT IT IS A SERIOUS SAFETY ISSUE.  *LA",10/21/2003,10/21/2001,,False,False,0,0,9BWGP21J714
10039238,2001,"Volkswagen Group of America, Inc.",GOLF,AIR BAGS,2001 VW GOLF 2.0L WITH 59K MILES AIRBAG LIGHT CAME ON FOR NO APPARENT REASON AT STARTUP AND WOULD NOT GO OFF.  CALLED VW OF AMERICA AND WAS GIVEN A CASE NUMBER.  TOOK VEHICLE TO DEALER AND THEY REPORTED THAT THE PASSENGER FRONT AIR BAG HARNESS NEEDED TO BE REPLACED.  WAITING FOR VW OF AMERICA RESPONSE TO DEALERSHIP FOR REPAIRS TO TAKE PLACE.  *JB,09/21/2003,09/18/2003,,False,False,0,0,
10037310,2001,"Volkswagen Group of America, Inc.",GOLF,AIR BAGS,"AIR BAGS DEPLOYED ON SIDE FOR NO APPARENT REASON.  NO DAMAGE DONE TO VEHICLE OTHER THAN SLIGHT SCRATCH ON THE UNDERCARRIAGE.  IT COULD NOT BE DETERMINED WHETHER OR NOT THE SCRATCH WAS THERE BEFORE OR AFTER THE AIRBAGS DEPLOYED.  DEALER REFUSED TO PAY FOR THE DAMAGE, AND THIS IS OBVIOUSLY A SAFETY ISSUE.*AK",09/05/2003,01/07/2002,,False,False,0,0,
10033102,2001,"Volkswagen Group of America, Inc.",GOLF,ENGINE AND ENGINE COOLING,"MY VW GOLF 2001 WITH 2.0L GASOLINE ENGINE HAS A O2 SENSOR PROBLEM. BUT DEAR COULD NOT FOUND ANY RECALL ON MY CAR. SINCE THERE IS A MASSIVE RECALL ON O2 SENSORS AND MY CAR FIT IN THE CATEGORY, AND IT BROKEN DOWN RIGHT AFTER THE WARRENTY EXPIRES, IT SHOULD BE INCLUDED IN THIS RECALL. ALSO THE MASSIVE AIR FLOW SENSOR FAILS AFTER THE WARRENTY, WHICH IT IS NOT FIXED UNTIL IT HAS BEEN IN THE DEALER FOR 3 TIMES!*AK",08/19/2003,08/15/2003,,False,False,0,0,9BWGT21J414
10027067,2001,"Volkswagen Group of America, Inc.",GOLF,ENGINE AND ENGINE COOLING,CONSUMER STATED THAT WHILE ENGINE RUNNING AND WITHOUT WARNING THE OXYGEN SENSOR WOULD LEAK  CARBON MONOXIDE THROUGH OUT THE INSIDE AND OUTSIDE OF THE VEHICLE. THE VEHICLE WAS TAKEN TO SERVICE DEALER AFTER INSPECTION AND HAD A FAULTY O2 SENSOR REPLACED.  *AK   *CB,08/01/2003,07/25/2003,,False,False,0,0,WVWBS21J81W
10030360,2001,"Volkswagen Group of America, Inc.",GOLF,ELECTRICAL SYSTEM,"THE DRIVER'S SIDE WINDOW FAILED TO RESPOND, THE HAZZARD LIGHTS WOULD FLASH WHEN THE DEFROSTER WAS TURNED ON, THE GAS TANK COVER WOULD OPEN WHEN THE CAR WAS STARTED, THE REMOTE CONTROL WOULD NOT WORK... A BUNCH OF RANDOM PROBLEMS WERE INTERMITTENT AT FIRST -THEN BECAME PERMANANT. THE SERVICE MANAGER AT BARRY VOLKSWAGON (DARTMOUTH MA)  INSISTED THAT IT WAS NOT RELATED TO AN ADVISORY REPORT ON WINDOW CLIPS BUT OFFERED TO FIX IT FOR $1000.  TRACY VOLKSWAGON (HYANNIS, MA) TOOK A LOOK AT THE SAME CAR AND FIXED THE PROBLEM UNDER WARRANTY.  IT WAS THE WINDOW CLIPS  SERVICE BULLETIN NUMBER: 640101.  *AK",07/29/2003,05/01/2003,,False,False,0,0,
10023186,2001,"Volkswagen Group of America, Inc.",GOLF,ENGINE AND ENGINE COOLING,CAR CONSUMES TOO MUCH OIL.  OIL CONSUMPTION TEST IN PROGRESS FROM MANUFACTURER.  3RD TIME WITH TEST.  I'VE TAKEN MY CAR TO THE MANUFACTURER 3 TIMES AND THEY TELL ME THAT THEY NEED TO DO THE TEST 3 TIMES IN ORDER TO GUARANTEE THERE'S SOMETHING WRONG.  THE CAR JUST EATS UP OIL LIKE CRAZY AND IT ONLY HAS 39K MILES.   *NLM,06/16/2003,11/15/2002,,False,False,0,0,9BWBT61J414
10021127,2001,"Volkswagen Group of America, Inc.",GOLF,SEAT BELTS,"SEAT BELT FAILURE.  WHEN PULLING ON FRONT DRIVER'S SIDE SEAT BELT TO BUCKLE UP, SEAT BELT ""JUST CAME OUT"" TO FULL LENGTH.  NO TENSION AT ALL, LOOSE.  DRIVER REPORTED HEARING A NOISE AS BELT WAS COMING OUT, AND IT CAME OUT TOTALLY SLACK.  WON'T GO BACK IN NOW.  *AK",06/06/2003,06/06/2003,,False,False,0,0,9BWBP61J814
10021149,2001,"Volkswagen Group of America, Inc.",GOLF,VEHICLE SPEED CONTROL,"MASS AIRFLOW SENSOR FAILURE HAS CAUSED INTERMITTENT LOSS OF ENGINE POWER WHICH MAY LEAD TO AN ACCIDENT. PROBLEM IS WIDESPREAD, AND REPEATED FAILURES ARE OCCURRING WITH MANY DIFFERENT OWNERS. CARS AFFECTED ARE DIESEL ENGINE MODELS.*AK",06/06/2003,05/02/2003,,False,False,0,0,9BWGP21J114
10022508,2001,"Volkswagen Group of America, Inc.",GOLF,"SERVICE BRAKES, HYDRAULIC",NAR 06/05/2003   *MR    THE CONSUMER HAS HAD ONGOING PROBLEMS  WITH THE REAR ROTORS AND BRAKES PADS ON FOUR SEPARATE OCCASIONS. * CB,06/05/2003,06/05/2003,,False,False,0,0,9999
10013628,2001,"Volkswagen Group of America, Inc.",GOLF,AIR BAGS,"MARCH 2, '03  WHILE TRAVELING ON A SECONDARY ROAD WITH 5 OCCUPANTS, IN A NON-ACCIDENT EVENT, THE SUBJECT VEHICLE PASSED OVER A LARGE METAL PLATE THAT IS USED TO COVER ROAD WORK FOR THE EVENING OR WEEKEND.  WITHOUT WARNING THE DEFECTIVE AIRBAG SYSTEM DEPLOYED THE PSGR SIDE AIRBAGS!   NO DAMAGE OR IMPACTS WERE NOTED ON THE PASSENGER SIDE OF THE VEHICLE BODY.  HOWEVER, A SMALL SCRATCH WAS NOTED UNDERNEATH THE VEHICLE BETWEEN THE DOORS (RIGHT SIDE) AND WHAT APPEARED TO BE A THUMB PRINT IN THE UNDERCOATING UNDER THE FRONT PASSENGER SEAT.  NEITHER OR BOTH MAY BE RELATED TO THE INCIDENT.   VW INDICATED THAT THEY BELIEVE THAT ONE OR BOTH OF THE MARKS, BEING LOCATED VERY NEAR TO THE SENSORS, CAUSED THE DEPLOYMENT.   ALTHOUGH UNKNOWN FOR CERTAIN, IT IS POSSIBLE THAT A BOLT OR SOME OTHER OBJECT MAY HAVE BEEN LYING ON THE METAL PLATE AND MAY HAVE BEEN PINCHED BY A TIRE - CAUSING IT TO STRIKE THE BOTTOM OF THE VEHICLE.  IN NO WAY AN INCIDENT THAT SHOULD HAVE DEPLOYED THE AIRBAG SYSTEM.  VW HAS ADVISED THAT ""AN OUTSIDE INFLUENCE"" CAUSED THE AIRBAG TO DEPLOY AND STATED TO THE VEHICLE OWNER THAT ""THE SENSORS CANNOT DETERMINE WHETHER A STONE IS HITTING THE VEHICLE OR IF A TRUCK IS HITTING THE VEHICLE.""  A STATEMENT THAT ALSO INDICATES A DEFECTIVE SYSTEM .  WHILE IT'S UNDERSTOOD THAT SENSORS ARE TO ""SENSE"" THAT SOMETHING HAS OCCURRED, THE ""AIRBAG CONTROL MODULE""  SHOULD INTERPRET THE INFORMATION BEING SENT BY THE SENSOR AND BE ABLE TO MAKE A MORE REASONABLE ASSESSMENT.   IN ANY EVENT, IT IS IMPORTANT TO NOTE THAT GENERALLY VEHICLES ARE NOT STRUCK BY OTHER VEHICLES FROM UNDERNEATH.  VERY IMPORTANT NOTE AS OF 3/28/'03 - VW OF AMERICA HAS REFUSED TO COVER THIS UNDER WARRANTY - A $3,775 REPAIR!!!!!    IT IS IMPERATIVE THAT THE NHTSA INVESTIGATE THIS VERY SERIOUS DEFECT AND ORDER A RECALL BEFORE SOMEONE IS INJURED SERIOUSLY OR KILLED.   *NLM",03/29/2003,03/02/2003,,False,False,0,0,9BWGT61JX14
10004667,2001,"Volkswagen Group of America, Inc.",GOLF,CHILD SEAT,CAR SEAT HANDLE UNSNAPS AND BABY FALLS FORWARD. PLEASE PROVIDE ADDITIONAL INFORMATION.  *AK,01/27/2003,01/20/2002,,False,False,0,0,PLEASE FULL
10003638,2001,"Volkswagen Group of America, Inc.",GOLF,ELECTRICAL SYSTEM,"THE IGNITION COIL FAILED, WHICH RESULTED IN VEHICLE LOOSING POWER. DEALER HAD BEEN CONTACTED AND REPLACED THE COILS.*JB",01/13/2003,,,False,False,0,0,
10000157,2001,"Volkswagen Group of America, Inc.",GOLF,ELECTRICAL SYSTEM,"2001 VOLKSWAGEN GOLF GLS 1.8T ON MONDAY, DEC 2, 2002, THE VEHICLE EXPERIENCED A FLASHING CHECK ENGINE LIGHT (INDICATING THE VEHICLE SHOULD NOT BE DRIVEN), ENGINE STUTTERING, AND LOSS OF POWER. UPON INSPECTION BY THE DEALER THE CAUSE WAS FOUND TO BE A FAULTY IGNITION COIL. A REPLACEMENT WAS ORDERED BUT DUE TO THE NATIONAL SHORTAGE OF IGNITION COILS FOR VW/AUDI 1.8TS IT WAS NOT KNOWN WHEN THE PART WOULD ARRIVE.     THE REPLACEMENT IGNITION COIL WAS RECEIVED AND INSTALLED BY THE VW DEALER ON THURSDAY, DEC 5, 2002. DUE TO THE PARTS SHORTAGE ONLY ONE OF FOUR IGNITION COILS WAS REPLACED. AFTER REPLACEMENT ALL PREVIOUS SYMPTOMS WERE GONE AND THE VEHICLE RAN NORMALLY.    ON THURSDAY, DEC 12, 2002, THE SYMPTOMS (FLASHING CHECK ENGINE LIGHT, STUTTERING ENGINE, AND LOSS OF POWER) RETURNED. AGAIN THE PROBLEM WAS DIAGNOSED AS AN IGNITION COIL FAILURE BY THE SAME VW DEALER. ONE OF THE IGNITION COILS THAT HAD NOT BEEN REPLACED AFTER THE FIRST INCIDENT WAS FAULTY.    I AM VERY PLEASED WITH THE DEALERS HANDLING OF THE SITUATION. I AM NOT PLEASED WITH VW'S USAGE OF A PART THAT HAS SHOWN TO BE AS FAILURE PRONE AS THESE IGNITION COILS. TS",12/17/2002,12/02/2002,,False,False,0,0,9BWGD61J814
770553,2001,"Volkswagen Group of America, Inc.",GOLF,ENGINE AND ENGINE COOLING,"VW SAYS WORKING ON IT, KNOWS COILPACKS ARE BAD.  WILL ONLY REPLACE BAD ONES.  ONLY A MATTER OF TIME UNTIL THE OTHER'S WILL FAIL.  VW WILL NOT REPLACE THE BADLY DESIGNED ONES THAT HAVE NOT GONE BAD YET.  RECALL SHOULD BE DONE.  SITUATION OF FAILED COIL PACKS CAN POTENTIALLY BE DANGEROUS.  DT",12/06/2002,11/03/2002,,False,False,0,0,9BWGD61J614
8018936,2001,"Volkswagen Group of America, Inc.",GOLF,SEAT BELTS,"SEAT BELT WILL NOT RELEASE FOR MORE ROOM, AND IT WILL CAUSE  SEAT BELT TO CUT  CONSUMER'S NECK, CAUSING DISCOMFORT FOR  CONSUMER WHILE DRIVING. DEALER NOTIFIED.*AK",09/18/2002,08/11/2002,,False,False,0,0,PLEASE PROV
8017919,2001,"Volkswagen Group of America, Inc.",GOLF,ENGINE AND ENGINE COOLING,"THE VEHICLE WOULD STALL WHILE DRIVING AT VARIOUS  SPEEDS,  WHILE MAKING A TURN,  SLOWING DOWN TO A STOP OR DURING ACCELERATION FROM A STOP POSITION. THE VEHICLE HAS BEEN TO THE DEALER ON EIGHT OCCASIONS AND THE PROBLEM STILL EXISTS. FEEL FREE TO PROVIDE ANY FURTHER INFORMATION.*JB",09/05/2002,12/24/2000,,False,False,0,0,9BWGP21J514
766653,2001,"Volkswagen Group of America, Inc.",GOLF,VISIBILITY,NO SUMMARY LISTED FOR ABOVE VEHICLE.  *AK,09/03/2002,09/26/2001,,False,False,0,0,9BWGS21J714
6901309,2001,"Volkswagen Group of America, Inc.",GOLF,AIR BAGS,"WHILE DRIVING, ONE OF THE SIDE AIR BAGS DEPLOYED, THERE IS NO DAMAGE WHATSOEVER TO THE BODY OF THE VEHICLE, CLAIM 55-S451-201.   *SLC",08/12/2002,02/02/2002,,False,False,0,0,9BWGT61J914
6901310,2001,"Volkswagen Group of America, Inc.",GOLF,AIR BAGS,"WHILE DRIVING, VEHICLE HIT A POTHOLE, AIR BAGS DEPLOYED AND VEHICLE COULD NOT BE DRIVEN, CLAIM 28-3091-943.   *SLC",08/12/2002,09/14/2001,,False,False,0,0,9BWGT61JX14
566663,2001,"Volkswagen Group of America, Inc.",GOLF,VEHICLE SPEED CONTROL,"ON SEVERAL OCCASIONS, VEHICLE ACCELERATED WHILE IN PARK, RESULTING IN LIMITED PROPERTY DAMAGE AND PASSENGER INJURY.    *TT",07/12/2002,01/20/2002,,False,False,1,0,9BWBS61J114
763871,2001,"Volkswagen Group of America, Inc.",GOLF,"SERVICE BRAKES, HYDRAULIC,VEHICLE SPEED CONTROL","UNINTENDED ACCELERATION WHILE IN ""PARK"" IN TWO OCCASIONS (CAR ACCELERATED AND JUMPED FORWARD WHILE BEING ON ""PARK"" AND WHILE DRIVER WAS BRAKING) . JAN 2002 LIMITED DAMAGES// JUNE 2002 SIGNIFICANT DAMAGES.*AK",07/06/2002,06/27/2002,,True,False,1,0,9BWBS61J114
762909,2001,"Volkswagen Group of America, Inc.",GOLF,AIR BAGS,"WHILE DRIVING THE PASSENGER'S SIDE AIRBAGS DEPLOYED ON 4/16/01, AND THREE DAYS LATER DRIVERS SIDE BAGS DEPLOYED ALSO WITHOUT APPARENT REASON.  *AK  *YH",06/10/2002,04/16/2002,,False,False,0,0,9BWBP61J914
762909,2001,"Volkswagen Group of America, Inc.",GOLF,AIR BAGS,"PASSENGER'S SIDE AIRBAGS DEPLOYED ON 4/16/01, AND THREE DAYS LATER DRIVERS SIDE BAGS DEPLOYED ALSO WITHOUT APPARENT REASON.  *AK",06/10/2002,04/16/2002,,False,False,0,0,9BWBP61J914
8010646,2001,"Volkswagen Group of America, Inc.",GOLF,AIR BAGS,"PASSNGER SIDE COLLISION AT 15 MPH, AIRBAG DID NOT DEPLOY. NO INJURIES, DAMAGE TO VEHICLE UNKNOWN.*AK",05/29/2002,05/24/2002,,True,False,0,0,WVWPG21J71W
761518,2001,"Volkswagen Group of America, Inc.",GOLF,"SERVICE BRAKES, HYDRAULIC,ELECTRICAL SYSTEM",NO SUMMARY LISTED FOR ABOVE VEHICLE.  *AK,05/04/2002,05/03/2002,,False,False,0,0,WVWPH63B61E
8008227,2001,"Volkswagen Group of America, Inc.",GOLF,"SERVICE BRAKES, HYDRAULIC","CONSUMER STATES THAT WHILE TRAVELING AT 40 MPH, THE VEHICLE IN FRONT SUDDENLY STOPPED AND CONSUMERS VEHICLE HIT THE OTHER VEHICLE IN THE REAR BECAUSE BRAKES FELLED TO STOP PROPERLY.  CONSUMER FEELS THIS PROBLEM IS RELATED TO THE RECALL 02 V 031 000 FOR THE ABS SYSTEM.  CONSUMERS VEHICLE ID# WAS NOT INCLUDED.PLEASE PROVIDE ANY FURTHER INFORMATION.",04/22/2002,03/27/2002,,True,False,0,0,NOT AVAILAB
8007382,2001,"Volkswagen Group of America, Inc.",GOLF,AIR BAGS,"WHILE DRIVING 55 MPH AND WITHOUT COLLISION OCCURRING PASSENGER'S SIDE AIRBAG DEPLOYED. AFTER INSPECTION OF VEHICLE, BLACK BOX INDICATED A CRASH CODE. CONSUMER WAS TOLD THE REASON FOR DEPLOYED BAGS WAS THAT THE LATERAL MOTION LIMIT WERE EXCEEDED.  *JG*AK  IE04-078*PO",04/11/2002,03/23/2002,,False,False,0,0,9BWGD61J014
760463,2001,"Volkswagen Group of America, Inc.",GOLF,"SERVICE BRAKES, HYDRAULIC","1ST INCIDENT IN 6/2001.   ABS LIGHTS ON.  SENT TO DEALERSHIP FOR SERVICING.  INDICATED THERE WAS NO INTERNAL MALFUNCTIONING.   CHECKED THE SYSTEM AND CLEARED THE FAULT.  BLED THE ABS SYSTEM.  DURING 1ST SERVICE, ALSO COMMUNICATED GRINDING NOISE WHEN TURNING STEERING WHEEL.  DEALERSHIP FOUND BAD SPIRAL SPRING.  CAR SENT BACK TO DEALERSHIP FOR 2ND TIME ON 6/15/01.  ABS LIGHTS ON AGAIN.  DEALERSHIP INDICATED NO COMMUNICATION IN DATA BUS CIRCUIT SPORADIC.  FAULT IN ENGINE.  IMMOBILIZER AND GATEWAY NO COMMUNICATION WITH ABS.  CHECKED DATA LINK RESISTER VALUE IN ENGINE ECU WITH BREAK OUT BOX.  ORDERED INSTRUMENT CLUSTER & REPLACED CLUSTER.  CLEARED FAULTS.  3RD INCIDENT ON 6/20/01.  ABS AND BRAKE LIGHTS WENT ON AND OFF.  DEALERSHIP FOUND POOR GROUND AT GROUND CONNECTION # 65.  INCIDENT # 4.  CAR BACK TO DEALERSHIP ON 10/2/01.  BRAKE LIGHT FLASHES UPON STARTUP.  RED ORDER PLACED.  ABS CONTROL UNIT ORDERED FROM GERMANY.  WITHOUT CAR FOR 2-WEEKS.  INSTALLED NEW ABS CONTROL UNIT.  BLED BRAKES, CODE ECM, CLEARED FAULTS, GOT & CODED IMMOBILIER; SET READINESS CODE.  5TH INCIDENT.   CAR BACK TO DEALERSHIP ON 4/6 AFTER ABS & BRAKE LIGHTS STAYED ON FOR 15 MINUTES DURING EMISSIONS INSPECTION.  SHUT ENGINE AND RESTARTED CAR.    ABS LIGHT ON FOR A FEW MINUTES.*AK",04/09/2002,06/01/2001,,False,False,0,0,9BWGT61J114
760466,2001,"Volkswagen Group of America, Inc.",GOLF,SUSPENSION,HAVE EXPERIENCED SQUEAKING SOUNDS IN CAR FOR MONTHS FROM THE RIGHT SIDE OF CAR WHILE GOING AROUND CORNERS.  2/26/02 WENT TO DEALERSHIP.  DEALERSHIP TEST-DROVE CAR.  APPLIED HELOCOPTER TAPE TO ALL 4 DOORS.  ADJUSTED R/F DOOR STRIKER PIN.  CAR BACK TO DEALERSHIP ON 3/22/02.  SQUEAKING AND RATTLING PERSISTED.  DEALERSHIP THOUGHT MIGHT BE DRY LATCHES.  LUBED ALL DOOR LATCHES AND DOOR SEALS.  *AKY,04/09/2002,,,False,False,0,0,9BWGT61J114
8003655,2001,"Volkswagen Group of America, Inc.",GOLF,AIR BAGS,"WHEN CONSUMER GOT INSIDE OF VEHICLE AND TURNED ON ENGINE, DRIVER'S SIDE AIR BAG DEPLOYED WITHOUT PRIOR WARNING, BRUISING CONSUMER'S ARM, DEALER AND MANUFACTURER WERE CONTACTED. *AK  *YH",02/06/2002,10/15/2001,,False,False,1,0,9VWGP21J414
8001652,2001,"Volkswagen Group of America, Inc.",GOLF,"ENGINE AND ENGINE COOLING,UNKNOWN OR OTHER","MAIN AIRFLOW SENSOR WENT OUT 4 TIMES.  ENGINE CHECK LIGHT WOULD COME ON, AND VEHICLE WOULD LOSE ALL POWER.  POWER RELAY( RELAY109) WOULD SHUT DOWN.  CONTACTED DEALER, AND INFORMED TO BRING IN VEHICLE.*AK",01/07/2002,06/27/2001,,False,False,0,0,9BWGP61J014
756489,2001,"Volkswagen Group of America, Inc.",GOLF,"SERVICE BRAKES, HYDRAULIC,ENGINE AND ENGINE COOLING","THE ENGINE DIED 3 TIMES AND IT WAS FIXED.  THEN THE CRUISE WASN'T WORKING AND IT WAS FIXED.  ALSO PERIODICALLY THE ABS LIGHT COMES ON AND BRAKE LIGHT BLINKS WHILE DRIVING, DEALER TOLD ME THERE WAS NOTHING WRONG FOUND.  ON 12/31/2001 AFTER STARTING CAR ENGINE LIGHT WAS BLINKING, TOWED TO DEALERSHIP, THEY TOLD ME THAT THERE IS NOTHING WRONG, I ASKED THEM TO RECHECK IT MAYBE THE DASHBOARD IS DEFECTIVE(SHORT CIRCUIT).",01/06/2002,11/10/2001,,False,False,0,0,9BWGT61J314
562822,2001,"Volkswagen Group of America, Inc.",GOLF,STRUCTURE,THE GLOVE BOX DOOR HANDLE BROKE OFF. *YH,08/28/2001,11/28/2000,,False,False,0,0,9BWGT21J814
562822,2001,"Volkswagen Group of America, Inc.",GOLF,VISIBILITY,"THE DRIVER SIDE MIRROR SHOWED SIGNS OF DISCOLORATION,  THE DEALER INSTALLED A NEW MIRROR, AT THAT TIME THE DEALER INSTALLED THE WRONG TYPE OF MIRROR AND THEY REPLACED IT. THE KNOB USED TO ADJUST THIS SAME MIRROR BROKE AND WAS REPLACED AS WELL, ALSO THE PASSENGER SIDE REAR WINDOW WOULD NOT GO UP OR DOWN.*YH",08/28/2001,01/22/2001,,False,False,0,0,9BWGT21J814
562822,2001,"Volkswagen Group of America, Inc.",GOLF,UNKNOWN OR OTHER,THE CENTER ARMREST WAS BROKEN. *YH,08/28/2001,07/16/2001,,False,False,0,0,9BWGT21J814
562822,2001,"Volkswagen Group of America, Inc.",GOLF,"SERVICE BRAKES, HYDRAULIC",CONSUMER STATES THE REAR BRAKES WERE NOISY.*YH,08/28/2001,07/16/2001,,False,False,0,0,9BWGT21J814
562822,2001,"Volkswagen Group of America, Inc.",GOLF,VISIBILITY,"THE DRIVER SIDE MIRROR SHOWED SIGNS OF DISCOLORATION,  THE DEALER INSTALLED A NEW MIRROR, AT THAT TIME THE DEALER INSTALLED THE WRONG TYPE OF MIRROR AND THEY REPLACED IT. THE KNOB USED TO ADJUST THIS SAME MIRROR BROKE AND WAS REPLACED AS WELL, ALSO THE PASSENGER SIDE REAR WINDOW WOULD NOT GO UP OR DOWN.*YH",08/28/2001,01/22/2001,,False,False,0,0,9BWGT21J814
562822,2001,"Volkswagen Group of America, Inc.",GOLF,"SERVICE BRAKES, HYDRAULIC",CONSUMER STATES THE REAR BRAKES WERE NOISY.*YH,08/28/2001,07/16/2001,,False,False,0,0,9BWGT21J814
749559,2001,"Volkswagen Group of America, Inc.",GOLF,ENGINE AND ENGINE COOLING,DEALER REPORTED THAT TIMING BELT EXPLODED. *AK,08/01/2001,07/31/2001,,False,False,0,0,9BWGD61J714
747936,2001,"Volkswagen Group of America, Inc.",GOLF,AIR BAGS,AIR BAG LIGHT KEEPS COMING ON.  IT HAS BEEN DOING THIS SINCE THE FIRST DAY THAT WE HAVE HAD THE CAR.  WE KEEP TAKING IT BACK TO THE DEALERSHIP TO GET IT FIX BUT IT IS STILL NOT FIXED.  THEY GIVE US BACK THE CAR AND WITH IN ONE TO TWO WEEKS THE LIGHT KEEPS COMING BACK ON.  *AK,07/05/2001,02/27/2001,,False,False,0,0,9BWGD21J214
747721,2001,"Volkswagen Group of America, Inc.",GOLF,VISIBILITY,NO SUMMARY LISTED FOR ABOVE VEHICLE.  *AK,07/03/2001,07/01/2001,,False,False,0,0,WVWDC21J51W
746885,2001,"Volkswagen Group of America, Inc.",GOLF,VISIBILITY,WIFE'S 1999 VOLKSWAGEN GETTA ALSO HAD A WINDOW REGULATOR FAIL AND THE WINDOW FELL INTO THE DOOR. *AK,06/15/2001,06/14/2001,,False,False,0,0,9BWGD21J614
745648,2001,"Volkswagen Group of America, Inc.",GOLF,ENGINE AND ENGINE COOLING,ENGINE SUDDENLY QUIT WHILE DRIVING ON HIGHWAY IN HEAVY TRAFFIC.  *AK,05/21/2001,05/20/2001,,False,False,0,0,9BWGP21J514
883885,2001,"Volkswagen Group of America, Inc.",GOLF,POWER TRAIN,"WHILE DRIVING COULD HEAR A LOUD NOISE COMING FROM  TRANSMISSION, LIKE GRINDING WHEN SHIFTING GEAR.  TOOK VEHICLE TO DEALER, AND THEY SAID THAT PROBLEM WAS  CONSTANT VELOCITY SHAFT.*AK",03/22/2001,03/17/2001,,False,False,0,0,9VWGD21J914
883035,2001,"Volkswagen Group of America, Inc.",GOLF,AIR BAGS,AIR BAG LIGHT STAYS ILLUMINATED ON  DASH PANEL AFTER VEHICLE IS STARTED AND IS MOVING. DEALR HAS BEEN CONTACTED.*AK,03/14/2001,,,False,False,0,0,
877589,2001,"Volkswagen Group of America, Inc.",GOLF,AIR BAGS,AIRBAG SENSOR LIGHT STAYS ILLUMINATED WHILE  VEHICLE IS IN MOTION.   DEALER HAS INSPECTED  VEHICLE.  *AK,01/08/2001,,,False,False,0,0,9BWG121J114
736185,2001,"Volkswagen Group of America, Inc.",GOLF,VEHICLE SPEED CONTROL,DEALER HAS UNNSUCCESSFULLY ATTEMPTED TO REMEDY THIS PROBLEM. THEY HAVE SENT THE VEHICLE TO REPAIR AND HAD IT PUT ON THE COMPUTER. INDICATIONS WERE THAT THE THROTTLE VALVE WAS DEFECTIVE. THEY SUPPOSEDLY FIXED IT. GOT THE VEHICLE BACK- DOING THE SAME THING AGAIN- 3TIMES. STILL THE LIGHT COMES ON.  I PURCHASED THIS CAR BRAND NEW - LEASE. I AM NOT ACCEPTING THIS VEHICLE AS IT IS NOT WHTA I EXPECTED IN A BRAND-NEW VEHICLE HELP!! *AK,11/12/2000,10/21/2000,,False,False,0,0,9BWGT21J214
734439,2001,"Volkswagen Group of America, Inc.",GOLF,AIR BAGS,"AIRBAG WARNING LIGHT INDICATED PROBLEM, DEALER HAS HAD CAR FOR 4 WEEKS TRYING TO REPAIR OR OBTAIN PARTS. CURRENTLY BACKORDERED, SEVERAL CARS AWAITING SAME PARTS, ACCORDING TO DEALER.",10/16/2000,09/17/2000,,False,False,0,0,WVWBP21J81W
11667457,2002,"Volkswagen Group of America, Inc.",GOLF,STRUCTURE,"Certain conditions cause the electrics door locks to not function.  When this happens, it is not possible to exit the car from the inside as the door handles are not operative creating a trapped situation potentially leading to injury or death if the case of a fire.",06/17/2025,05/28/2025,,False,False,0,0,9BWGK61J124
11000923,2002,"Volkswagen Group of America, Inc.",GOLF,AIR BAGS,"WHILE DRIVING AT ABOUT 45 MILES PER HOUR, THE SIDE CURTAIN AND SEAT BOLSTER AIRBAGS DEPLOYED ON THEIR OWN. THERE WAS NO IMPACT TO THE VEHICLE THAT PRECEDED THIS INCIDENT. THE AIRBAGS SIMPLY DEPLOYED BY THEMSELVES.     THIS SEEMS TO BE A RECURRING PROBLEM WITH THIS GENERATION OF VOLKSWAGENS:   HTTP://WWW.CARCOMPLAINTS.COM/VOLKSWAGEN/GOLF/2002/SEAT_BELTS_AIR_BAGS/AIR_BAGS-SIDE_WINDOW.SHTML",06/23/2017,03/24/2017,,False,False,0,0,9BWGP61J324
10526396,2002,"Volkswagen Group of America, Inc.",GOLF,ENGINE,"TL* THE CONTACT OWNS A 2002 VOLKSWAGEN GOLF WITH A TDI ENGINE. THE CONTACT STATED THAT THE VEHICLE SUDDENLY ACCELERATED. THE CONTACT HAD TO POP THE CLUTCH AND KILL THE IGNITION, BUT THE ENGINE CONTINUE TO OPERATE UNTIL THE VEHICLE RAN OUT OF FUEL. THE CONTACTS MECHANIC INSPECTED THE VEHICLE AND STATED THAT THE TURBO CHARGER SEALS WERE NOT LEAKING.  THE VEHICLE WAS NOT REPAIRED. THE FAILURE AND CURRENT MILEAGES WERE 53,000. *TR",07/23/2013,07/21/2013,,False,False,0,0,9BWGP61J524
10390105,2002,"Volkswagen Group of America, Inc.",GOLF,ELECTRICAL SYSTEM,"TL* THE CONTACT OWNS 2002 VOLKSWAGEN GOLF. THE CONTACT STATED THAT THE VEHICLE WOULD NOT START IN RAINY WEATHER. THE VEHICLE WAS TAKEN TO THE DEALER WHO ADVISED THAT THE IGNITION COIL WOULD NEED TO BE REPLACED. THE CONTACT LOCATED A VOLUNTARY MANUFACTURERS RECALL FOR THE FAILURE BUT WAS ADVISED BY THE MANUFACTURER THAT THE VEHICLE WAS NOT INCLUDED IN THE VOLUNTARY RECALL. THE FAILURE MILEAGE AND CURRENT MILEAGES WERE 150,000.",03/14/2011,03/08/2011,,False,False,0,0,9BWGK61JX24
10348119,2002,"Volkswagen Group of America, Inc.",GOLF,AIR BAGS,"ON SATURDAY AUG 7TH I WAS DRIVING MY 2002 VW GOLF ON THE HIGHWAY WHEN THE PASSENGER SIDE AIRBAG DEPLOYED.  THE ROAD WAS SMOOTH WITH NO BUMPS OR POTHOLES, NOTHING HIT THE CAR, IT WAS TOTALLY SPONTANEOUS.  LUCKILY THERE WERE NO PASSENGERS IN THE CAR.  I HAVE CONTACTED MY LOCAL VW SERVICE SHOP AND WILL TAKE THE CAR IN SO THEY CAN IDENTIFY THE CAUSE OF THE DEPLOYMENT. *TR",08/09/2010,08/07/2010,,False,False,0,0,9BWGK61J924
10276939,2002,"Volkswagen Group of America, Inc.",GOLF,AIR BAGS,"PASSENGER SIDE CURTAIN AIRBAG DEPLOYED WHILE TRAVELING DOWN THE HIGHWAY. NO COLLISION, CONSEQUENCES RINGING IN EARS. VOLKSWAGEN MADE REPAIR AT NO COST TO ME $3212.00. *TR",07/16/2009,06/14/2009,,False,False,0,0,9BWGP61J724
10269010,2002,"Volkswagen Group of America, Inc.",GOLF,SEAT BELTS,AIR BAG LIGHT CAME ON. WHEN TAKEN IN FOR FIX IT WAS FOUND TO BE A FAULTY SWITCH IN THE DRIVER SIDE SEAT BELT BUCKLE.  IT WAS JUST RECENTLY REPLACED AND SO FAR NO FURTHER PROBLEMS. *TR,05/18/2009,10/02/2007,,False,False,0,0,
10267719,2002,"Volkswagen Group of America, Inc.",GOLF,"VISIBILITY,STRUCTURE",WHILE DRIVING MY WIFE WAS DRIVING OUR 2002 VW GOLF  THE DRIVER SIDE WINDOW DROPPED.  TURNS OUT ALL OVER THE INTERNET THERE ARE COMPLAINTS OF THE TABS HOLDING THE WINDOWS BREAKING.  IN FACT WHEN I WAS AT THE DEALER I FELLOW OVERHEARD ME AND  SAID HE HAD THE EXACT SAME PROBLEM ON HIS 2001 VW GTI.  VW HAD A TSB AND EXTENDED THE WARRANTY BY A FEW YEARS ON THIS BUT IS SHOULD HAVE BEEN A RECALL.  A WINDOW DROPPING IS A HUGE SAFETY FACTOR FOR A NUMBER OF REASONS. THE WINDOW IS A PROTECTION DEVICE TO SHIELD YOU IN AN ACCIDENT OR FROM DEBRIS AT 65MPH AND FOR YOUR OWN PERSONAL SAFETY IF ON THE WRONG SIDE OF TOWN.    I CALLED THE VW DEALER TO SEE IF THEY WOULD FIX THIS PROBLEM THEY SAID YES THEY WOULD FIX IT FOR FREE YET UPON ARRIVING I WAS TOLD I WAS ONE MONTH OUT OF THE EXTENDED WARRANTY.    THE DROPPING OF THIS WINDOW CAUSED MY WIFE TO HAVE TO PULL OVER ON A BUSY EXPRESSWAY BECAUSE SHE COULD NOT SEE IN THE RAIN WITH IT BLOWING IN HER WINDOW.  ONCE A GAIN A FAULTY WINDOW HOLDING MECHANISM IS A SAFETY ISSUE AND SHOULD BE A RECALL ITEM.  *TR,05/04/2009,04/26/2009,,False,False,0,0,9BWGK61J324
10256593,2002,"Volkswagen Group of America, Inc.",GOLF,AIR BAGS,"TL*THE CONTACT OWNS A 2002 VOLKSWAGEN GOLF.  WHILE DRIVING 70 MPH ON THE FREEWAY, THE PASSENGER SIDE AIR BAG SPONTANEOUSLY DEPLOYED.  THERE WERE NO INJURIES, BUT THE CONTACT WAS CONCERNED ABOUT THE SUDDEN EXPLOSION.  HE STATED THAT THE DEPLOYMENT OCCURRED WHILE HE WAS USING HIS CELLULAR PHONE.  THE VEHICLE HAS NOT BEEN TAKEN TO THE DEALER AND THE MANUFACTURER WAS NOT NOTIFIED.  THE VIN WAS UNAVAILABLE.  THE CURRENT AND FAILURE MILEAGES WERE APPROXIMATELY 70,000.",01/28/2009,01/23/2009,,False,False,0,0,
10254650,2002,"Volkswagen Group of America, Inc.",GOLF,EXTERIOR LIGHTING,THERE WAS A BRAKE SWITCH SHORT THAT CAUSED THE CAR TO BE STUCK IN PARK. SO IT HAD TO BE DRAGGED OUT AND WAS SENT TO VOLKSWAGEN SERVICE. *TR,01/11/2009,12/18/2008,,False,False,0,0,
10245390,2002,"Volkswagen Group of America, Inc.",GOLF,VISIBILITY,"THE DRIVER'S SIDE WINDOW REGULATOR RECENTLY FAILED ON MY 2002 VW GOLF.  THIS PART SECURES THE WINDOW TO THE POWER WINDOW MECHANISM, AND KEEPS THE WINDOW UP.  THE FAILURE OCCURRED WHILE I WAS LEAVING A TOLL BOOTH.  I PRESSED THE BUTTON TO RAISE THE WINDOW, HEARD A CRACK, AND THEN THE ENTIRE WINDOW VIOLENTLY CRASHED DOWN INTO THE INTERIOR OF THE DOOR, AND ATTEMPTS TO RAISE THE WINDOW FAILED.  I WAS LUCKY THAT I WAS ONLY DRIVING ABOUT 20 MPH AT THE TIME, BUT UNFORTUNATELY I HAD TO DRIVE HOME FIVE HOURS WITH THE WINDOWS DOWN.  IT WAS A VERY UNPLEASANT EXPERIENCE.    WHEN I RETURNED HOME, UPON BRINGING THE CAR IN TO THE DEALERSHIP, I LEARNED THAT IT WAS THE WINDOW REGULATOR THAT HAD FAILED.  I ALSO LEARNED THAT THIS PART HAS FAILED NUMEROUS TIMES ON GOLFS OF THIS MODEL YEAR (AND OTHER YEARS), AND THAT AN EXTENDED WARRANTY OF 7 YEARS WAS PLACED ON THE PART.      I STRONGLY BELIEVE THAT A RECALL SHOULD HAVE BEEN PLACED ON THIS PART INSTEAD OF SIMPLY A WARRANTY EXTENSION.  I HAVE HEARD NUMEROUS ANECDOTES OF PEOPLE HAVING THIS SAME PROBLEM.  THE WINDOW CRASHES VIOLENTLY, AND HAD I BEEN DRIVING FAST OR IN TRAFFIC, THIS COULD HAVE CAUSED AN ACCIDENT VERY EASILY.  WHAT'S MORE, ONE CANNOT PROTECT THE CAR FROM THEFT OR WATER DAMAGE WHEN THE WINDOW WON'T CLOSE.      ACCORDING TO VW, A STURDIER REPLACEMENT PART WAS DESIGNED AROUND 2002, AND MY CAR IS NOW BEING FIXED WITH THIS PART.  *TR",10/14/2008,10/12/2008,,False,False,0,0,9BWGK61J124
10245127,2002,"Volkswagen Group of America, Inc.",GOLF,ENGINE AND ENGINE COOLING,HIGHWAY ON RAMP  ENGINE REVVED UNCONTROLLABLY UNTIL FAILURE  NEW ENGINE NEEDED. *TR,10/11/2008,10/08/2008,,False,False,0,0,
10242788,2002,"Volkswagen Group of America, Inc.",GOLF,"AIR BAGS,SEAT BELTS","AIR BAG LIGHT IS ON IN VEHICLE BECAUSE OF A POOR ELECTRICAL CONNECTION IN THE DRIVER'S SIDE SEAT BELT CLASP, WHICH WAS ALREADY REPLACED ONCE WHILE VEHICLE WAS STILL UNDER FACTORY WARRANTY, ABOUT 2YRS AND 30K MILES AGO. THE LOCKING MECHANISM OF THE SEAT BELT CLASP ITSELF STILL WORKS, HOWEVER, WHILE THE AIR BAG LIGHT IS ON BECAUSE OF THE FAILED ELECTRICAL CONNECTION IN THE CLASP, AIR BAGS WILL NOT DEPLOY, WHICH RISKS MY AND MY PASSENGERS' LIFE AND SAFETY.     TO REPLACE THE PART, I INCURRED A $75 DIAGNOSTIC FEE FROM A LOCAL MECHANIC AND PURCHASED A NEW PART FOR $161, WHICH I WILL INSTALL MYSELF TO SAVE ANOTHER $75 INSTALLATION FEE. TOTAL ECONOMIC LOSS TO ME WAS $236, BUT COULD HAVE BEEN $311 IF I DIDN'T HAVE THE TOOLS AND TIME TO DO IT MYSELF. THE OLD SEAT BELT CLASP WILL BE AVAILABLE FOR INSPECTION. *TR",09/18/2008,09/15/2008,,False,False,0,0,
10229406,2002,"Volkswagen Group of America, Inc.",GOLF,ELECTRICAL SYSTEM,"MY 2002 VW GOLF HAS A DEFECT IN THE IMMOBILIZER THAT DEALERS CAN NOT DIAGNOSE OR REPAIR.  ONCE THE KEY IS TURNED OFF, THE CAR SOMETIMES WILL NOT RESTART.  IT HAS BEEN TOWED TO THE DEALER ON MULTIPLE OCCASIONS - BUT  AFTER A VARIABLE TIME INTERVAL THE CAR STARTS AGAIN.  SINCE IT STARTS - THREE DEALERS HAVE BEEN UNABLE TO DIAGNOSE WHY IT FAILS TO RECOGNIZE THE KEY.  I AM FURIOUS THAT THE IMMOBILIZER CIRCUIT CAN NOT BE REPAIRED OR INACTIVATED.  I LIVE IN THE COUNTRY AND AM AFRAID TO TURN THE CAR OFF IN A REMOTE LOCATION FOR FEAR IT WILL NOT RESTART - AND LEAVE ME STRANDED 20 MILES FROM NOWHERE.  IT COULD STRAND MY WIFE AND INVALID DAUGHTER.  THE CAR COULD NOT BE MOVED IN AN EMERGENCY, LIKE CLEARING THE WAY FOR EMERGENCY VEHICLES, OR GETTING OFF THE SIDE OF THE ROAD IF I PULL OVER AND STOP.  VOLKSWAGEN IS UNRESPONSIVE TO THE PROBLEM - I HAVE SPOKEN TO USA HEADQUARTERS WHO HAS NOT RESPONDED.  THE CAR IS NOT SAFE TO TAKE ON THE ROAD BECAUSE IT CAN UNPREDICTABLY FAIL TO DRIVE.  THIS HAS HAPPENED 8 TIMES IN THE PAST 12 MONTHS, AND HAS BEEN TO SERVICE DEPARTMENT 3 TIMES WITH NO CURE.  *TR",05/31/2008,05/09/2008,,False,False,0,0,9BWGP61J524
10205139,2002,"Volkswagen Group of America, Inc.",GOLF,VISIBILITY,"I HAVE A 2002 GOLF TDI WITH MANUAL WINDOWS. THE WINDOW REGULATOR CLIPS BROKE AND THE WINDOW DROPPED INTO THE DOOR. THIS IS A KNOWN ISSUE WITH VW'S THAT A SERVICE BULLETIN, (0603), IS OUT ON, BUT ONLY FOR POWER WINDOWS. THE PART THAT OS DEFECTIVE IS COMMON TO BOTH TYPES BUT SINCE MY WINDOWS ARE MANUAL I HAVE TO PAY $191.00 FOR THE PART. IF VW IS REPLACING ONE TYPE FREE OF CHARGE THEY SHOULD BE REPLACING BOTH. THE PART IS DEFECTIVE - MANUAL OR POWER WINDOWS...  *TR",10/06/2007,10/02/2007,,False,False,0,0,9BWBP61J524
10201525,2002,"Volkswagen Group of America, Inc.",GOLF,"SUSPENSION,ENGINE AND ENGINE COOLING,ELECTRICAL SYSTEM,EXTERIOR LIGHTING","2002 VOLKSWAGEN GOLF HAS HAD NUMEROUS PROBLEMS.  THE MOST RECENT PROBLEM IS THAT THE COIL SPRING BROKE WHILE THE CONSUMER WAS DRIVING CAUSING DAMAGE TO THE STRUT. NOW THE CONSUMER HAS TO PAY TO GET THE VEHICLE FIXED.  *KB  THE CONSUMER STATED THE PROBLEMS STARTED AFTER THE WARRANTY ENDED. THE BATTERY DIED. 5 DAYS LATER, THE MIL APPEARED AND THE VEHICLE WAS MISFIRING. IN MARCH OF 2007 THE ENGINE LIGHT ILLUMINATED DUE TO A FAULTY COIL.  IN APRIL OF 2007 THE BATTERY LIGHT ILLUMINATED DUE TO A FAILED ALTERNATOR. *JB  THE RIGHT HEADLIGHT WAS INOPERATIVE, THE CATALYTIC CONVERTER WAS REPLACED. UPDATED 12/12/07",08/29/2007,08/11/2007,,False,False,0,0,9BWGB61J624
10200297,2002,"Volkswagen Group of America, Inc.",GOLF,EXTERIOR LIGHTING,"2002 VW GOLF WITH CRUISE CONTROL PROBLEM CUSTOMER STATES THAT THE CAR ACCELERATED INTO FIFTH GEAR WHEN SHE TOOK HER FOOT OFF THE BRAKE**CC  THE CONSUMER DETERMINED THAT STEPPING ON THE BRAKE DID NOT DISENGAGE THE CRUISE CONTROL. THE CONSUMER STATED THE FOLLOWING DAY, WHEN HE BACKED HIS VEHICLE UP TO THE GARAGE DOOR, HE NOTICED THE BRAKE LIGHT/ STOP LIGHT DID NOT ILLUMINATED WHEN HE STEPPED ON THE BRAKE. THE CONSUMER BELIEVED THE FAILURE WAS THE ROOT CAUSE FOR THE CRUISE CONTROL'S FAILURE TO DISENGAGE.  THE CONSUMER TOOK THE VEHICLE TO THE DEALER AND UPON INSPECTION IT WAS DETERMINED THAT THE REPLACEMENT BRAKE LIGHT SWITCH THAT HAD BEEN INSTALLED PREVIOUSLY UNDER RECALL WAS DEFECTIVE.  *JB",08/16/2007,07/21/2007,,False,False,0,0,
10195108,2002,"Volkswagen Group of America, Inc.",GOLF,POWER TRAIN,"I BOUGHT A 2002 IN 2005 WITH 30,000 FROM A CERTIFIED USED VOLKSWAGEN DEALERSHIP. AFTER ONLY DRIVING THE CAR SOME 29,000 MILES THE TRANSMISSION WENT OUT. FORTUNATELY I HAD 11 MILES LEFT UNDER WARRANTY SO THE NEARBY DEALERSHIP HONORED THE WARRANTY AND FIXED MY CAR. HAD IT NOT I WOULD HAVE BEEN OUT $7-9,000.  *TR",07/02/2007,02/10/2007,,False,False,0,0,WVWPD63B02P
10190977,2002,"Volkswagen Group of America, Inc.",GOLF,POWER TRAIN,"VEHICLE SLOWED DRAMATICALLY AT HIGHWAY SPEED DOWN TO 35 MPH,  I HAD TO USE  THE EMERGENCY BLINKERS TO GET TO THE SLOW LANE, A VERY DANGEROUS SITUATION ON A CONGESTED HIGHWAY.  CLUTCH AND FLYWHEEL REPLACED,  AND THE SAME FAILURE HAPPENED AGAIN WITH OEM PARTS ONLY 3 WEEKS LATER.  *AK",05/17/2007,05/16/2007,,False,False,0,0,9BWGP61J124
10190900,2002,"Volkswagen Group of America, Inc.",GOLF,POWER TRAIN,"AUTOMATIC  TRANSMISSION  FAILED TO GO INTO DRIVE AND REVERSE GEARS.  SLOW TO GO INTO GEAR.  CONTACED REPAIR SHOP,  TRANSMISSION WAS  SLIPPING NEEDED NEW ONE.  COVERED UNDER EXTENDED WARRANTY.*AK",05/16/2007,05/05/2007,,False,False,0,0,3VWCB21C02M
10180639,2002,"Volkswagen Group of America, Inc.",GOLF,"SEAT BELTS,STRUCTURE","TL* - THE CONTACT STATED THAT THERE WAS DAMAGE TO THE CEILING ON THE FRONT DRIVERS SIDE AND THE REAR LEFT PASSENGER SIDE. ALSO, THE DRIVER'S SIDE SEAT BELT DID  WORK ANYMORE. *AK",01/24/2007,01/15/2007,,False,False,0,0,9BWGK61J324
10177056,2002,"Volkswagen Group of America, Inc.",GOLF,ELECTRICAL SYSTEM,THERE IS A FAULTY BRAKE SWITCH WHICH CAUSES THE CAR TO BE LOCKED IN PARK.  IT HAD TO BE TOWED TO A DEALER FOR REPAIRS.  OTHER MODELS OF THE 2002 GOLF HAVE A RECALL FOR THE SAME PROBLEM.,12/27/2006,12/24/2006,,False,False,0,0,9BWGB61J724
10177065,2002,"Volkswagen Group of America, Inc.",GOLF,EXTERIOR LIGHTING,"TL* -  THE CONTACT'S VEHICLE  WOULD NOT GO INTO GEAR. THE CONTACT HAD THE CAR TOWED TO THE DEALER, AND THEY TOLD HIM THAT HE HAD A FAULTY BRAKE SWITCH WHICH KEPT THE CAR IN PARK. THE DEALER TOLD HIM THAT THEIR WAS  A RECALL O FOR THIS  PROBLEM, BUT THIS VEHICLE WAS  NOT INCLUDED DUE TO VIN.  *AK  UPDATED 02/16/07.*JB",12/27/2006,12/24/2006,,False,False,0,0,9BWGB61J724
10177163,2002,"Volkswagen Group of America, Inc.",GOLF,EXTERIOR LIGHTING,"BRAKE LIGHTS ON MY 2002 VOLKSWAGEN GOLF ALL FAILED TO OPERATE.  VW DEALER (CLASSIC VOLKSWAGEN IN ESCONDIDO, CA) DETERMINED THE PROBLEM WAS A DEFECTIVE BRAKE LIGHT SWITCH.  VW DEALER REPLACED THE BRAKE LIGHT SWITCH.  *JB",12/27/2006,12/19/2006,,False,False,0,0,9BWGP61J024
10176197,2002,"Volkswagen Group of America, Inc.",GOLF,POWER TRAIN,"ROLL PIN THAT RETAINS DIFFERENTIAL SPIDER GEAR PIN BACKED OUT CAUSING LARGER PIN TO CONTACT INSIDE OF CASE. THE FAILURE INCLUDED A LARGE HOLE IN TRANSMISSION/ DIFFERENTIAL CASE, GEAR AND BEARING DAMAGE.  *NM",12/14/2006,12/03/2006,,False,False,0,0,9BWGP61J224
10175459,2002,"Volkswagen Group of America, Inc.",GOLF,AIR BAGS,"THE PASSENGER SIDE AIR BAGS IN MY '02 VW GOLF DEPLOYED FOR NO REASON WHEN I WENT FROM A STOP TO A START, BARELY GOING OVER 5 MPH.  *NM",12/07/2006,11/20/2006,,False,False,1,0,9BWGK61J924
10174758,2002,"Volkswagen Group of America, Inc.",GOLF,EXTERIOR LIGHTING,"ALL BRAKE LIGHTS INOPERABLE.  BULBS ARE FINE.  THIS WILL LEAD TO AN ACCIDENT WHERE THE CAR IS REAR ENDED.  THERE IS AN EXISTING RECALL, NHTSA CAMPAIGN ID NUMBER : 04V096000   HOWEVER, IT APPLIES TO THE 1999 TO 2002 VW JETTA ONLY.  I DRIVE A GOLF, WHICH IS NOT COVERED BY THE RECALL CAMPAIGN, HOWEVER USES THE SAME PARTS. *JB",11/30/2006,11/30/2006,,False,False,1,0,9BWGP61J224
10174449,2002,"Volkswagen Group of America, Inc.",GOLF,EXTERIOR LIGHTING,VW GOLF 2002 60K TURN SINGALS KEEP ON CLICKING. POSSIBLE LINK TO USING ARMORALL POLISH?  *JB,11/27/2006,11/20/2006,,False,False,0,0,9BWBP61J024
10168439,2002,"Volkswagen Group of America, Inc.",GOLF,EXTERIOR LIGHTING,"I HAVE A 2002 VW GOLF, THE BRAKE LIGHT SWITCH ON MY CAR HAS BROKEN 4 TIMES IN THE 4 YEARS I HAVE OWNED THIS CAR. THE LAST TIME IT HS HAPPENED MY CAR WOULDN'T SHIFT OUT OF PARK AND I HAD TO GET MY CAR TOWED. EACH TIME THE BRAKE LIGHT SWITCH WAS FOUND TO BE FAULTY AND IT WAS REPLACED. THIS IS A VERY FRUSTRATING PROBLEM AND ITS VERY TIME CONSUMING. I BELIEVE THAT VOLKSWAGEN NEEDS TO DO SOMETHING TO CORRECT THIS PROBLEM.  *JB",09/16/2006,09/16/2006,,False,False,0,0,9BWGK61J624
10167116,2002,"Volkswagen Group of America, Inc.",GOLF,VISIBILITY,"FRONT PASSENGER SIDE WINDOW COMES OFF TRACK. WINDOW FALLS INTO DOOR AND WINDOW CAN NOT BE CLOSED.  THIS HAPPENED TO ME AS I WAS DRIVING WITH MY 8 WEEK OLD DAUGHTER AND 3 YEAR OLD SON.  IT IS VERY DANGEROUS BECAUSE IT HAPPENED ON HIGHWAY AND THERE WAS ALOT OF WIND COMING INTO CAR ON YOUNG CHILDREN.  THIS HAS HAPPENED TO MANY VW OWNERS, VW HAS EXTENDED WARRANTY TO 7 YEARS DUE TO THIS.  *NM",08/30/2006,08/02/2006,,False,False,0,0,
10166460,2002,"Volkswagen Group of America, Inc.",GOLF,ENGINE AND ENGINE COOLING,"TO WHOM IT MAY CONCERN,  MY WIFE AND I OWN A WHITE, 2002, VOLKSWAGEN GOLF.  MY WIFE HAS HAD THE OIL CHANGED ON THE VEHICLE AT A JIFFY LUBE IN NAPA, CA. SINCE OWNING THE VEHICLE.  RECENTLY SHE NOTICED AN OIL LEAK.  MY WIFE TOOK HER VEHICLE TO A MECHANIC IN CLEARLAKE, CA.  THE MECHANIC FOUND THE OIL FILTER WAS LOOSE AND SUBSEQUENTLY FIXED THE PROBLEM.  THE VEHICLE CONTINUED TO LEAK OIL.  I TOOK THE VEHICLE BACK TO THE MECHANIC IN CLEARLAKE.  UPON RAISING THE VEHICLE, THE MECHANIC LOCATED THE OIL DRAIN PLUG.  THE DRAIN PLUG WAS LOOSE.  THE DRAIN PLUG WAS REMOVED AND DETERMINED TO BE A CHEVY TRUCK DRAIN PLUG.  UPON FURTHER INSPECTION OF THE OIL PAIN, IT WAS DISCOVERED THAT IT HAD BEEN STRIPPED AND COULD NOT BE REPAIRED.  I HAD THE OIL PAN REPLACED AT A COST OF $401.71.  I REPORTED THE INCIDENT TO THE JIFFY LUBE IN NAPA.  BASED ON MY CONVERSATIONS WITH THE OWNER, SENIOR MANAGER AND THE MANAGER, IT IS THEIR CONTENTION THAT THEY ARE NOT AT FAULT FOR THE DAMAGE ON MY VEHICLE.  THEY EXPLAINED TO ME THAT VOLKSWAGEN HAS THE HIGHEST INCIDENT OF PAN STRIPPING COMPARED TO OTHER MANUFACTURES.  IT IS THEIR OPINION THAT THE NEW OIL PAN WILL ALSO STRIP.  JIFFY LUBE HAS AGREED TO PAY ME THE ABOVE MENTIONED COST OF REPAIRING MY VEHICLE.  AS PART OF THE REPAYMENT, THEY HAVE REQUIRED ME TO WRITE TO NTSA AND THE FEDERAL TRADE COMMISSION TO RECEIVED MY FUNDS.  PLEASE USE THIS LETTER AS PART OF ANY ON GOING INVESTIGATIONS AS TO THE FAILURE OF VOLKSWAGEN OIL PANS.    THANK YOU FOR YOUR ASSISTANCE. *JB",08/24/2006,06/09/2006,,False,False,0,0,9BWGK61J524
10161948,2002,"Volkswagen Group of America, Inc.",GOLF,EXTERIOR LIGHTING,"THE BRAKE LIGHT SWITCH ON THE GOLF IS THE SAME BRAKE LIGHT SWITCH ON THE JETTA. THEY HAVE THE SAME PART NUMBER AND EVERYTHING. THEY ALSO FAIL AT THE SAME RATE, BUT ONLY THE JETTA BRAKE LIGHT SWITCH WAS RECALLED.  WHEN IT FAILS, YOU CANNOT GET THE CAR OUT OF PARK AND YOUR BRAKE LIGHTS WORK INTERMITTENTLY, WHICH IS A SAFETY HAZARD.  *JB",07/10/2006,07/09/2002,,False,False,0,0,9BWGB61J324
10161157,2002,"Volkswagen Group of America, Inc.",GOLF,ENGINE AND ENGINE COOLING,I HAD AN OIL CHANGE DONE ON MY CAR AND THE DRAIN PLUG STRIPED OUT THE THREADS. THE OIL PAN IS MADE OF ALUMINUM AND THE PLUG IS MADE OF STEEL.  *NM,06/30/2006,01/31/2006,,False,False,0,0,9BWGP61J624
10160645,2002,"Volkswagen Group of America, Inc.",GOLF,AIR BAGS,"I WAS DRIVING DOWN THE PARKS HIGHWAY NEAR TALKEETNA, ALASKA IN MY 2002 VW GOLF AND HAD THE SIDE-CURTAIN AND PASSENGER SEAT AIRBAGS DEPLOY SUDDENLY FOR NO APPARENT REASON. 5 PERSONS WERE IN THE CAR, ALL EXPERIENCED A LOUD BANG AND A CAR FULL OF ACRID SMOKE, TWO WERE STRUCK AS THE BAG DEPLOYED. I STOPPED AT THE SIDE OF THE ROAD TO CHECK OUT THE PASSENGERS AND FIND OUT WHAT HAPPENED. NO DAMAGE WAS DONE TO THE VEHICLE TO CAUSE AIRBAG DEPLOYMENT, AND IT WAS IN NO WAY IMPACTED OR SUBJECTED TO EXTREME DRIVING FORCES. I BELIEVE MY CAR TO BE DEFECTIVE AND AM SEEKING PAYMENT FROM VOLKSWAGEN. *JB",06/24/2006,06/16/2006,,False,False,1,0,
10158622,2002,"Volkswagen Group of America, Inc.",GOLF,AIR BAGS,"SPONTANEOUS AIR BAG DEPLOYMENT ON RIGHT SIDE OF MY 2 DOOR 2002 VW GOLF TDI WHILE DRIVING ON A SMOOTH BLACKTOP ROAD. WHILE DRIVING AT APPROXIMATELY 30 MPH, THE LEFT SIDE CURTAIN AND SEAT AIR BAGS DEPLOYED BY THEM SELVES. THE VEHICLE DID NOT HIT A BUMP OR POTHOLE OR ANYTHING ELSE IN THE ROAD. THE VEHICLE WAS NOT HIT BY ANYTHING. THE VEHICLE WAS NOT INVOLVED IN AN ACCIDENT PRIOR TO OR DURING THE AIR BAG DEPLOYMENT. MY WIFE WAS IN THE PASSENGER SEAT AND WAS HIT BY THE DEPLOYED AIR BAG. SHE HAD A RED SORE ON HER RIGHT ARM AND HAD HEARING PROBLEMS IN HER RIGHT EAR FOR ONE DAY. HER HEARING RETURNED TOO NORMAL THE NEXT DAY AND ALL SORENESS IN HER RIGHT ARM WAS GONE WITHIN TWO DAYS.  *NM",05/30/2006,05/25/2006,,False,False,1,0,9BWBP61J224
10158000,2002,"Volkswagen Group of America, Inc.",GOLF,ELECTRICAL SYSTEM,"HELLO,  MY WIFE HAS A VOLKSWAGEN GOLF.  HER VOLKSWAGEN IS HAVING CERTAIN PROBLEMS WITH THE ELECTRICAL SYSTEM.  THE SUNROOF IS OPERATING WHEN THE CAR IS ON OR OFF BY ITSELF.  RAIN IS SOME HOW GETTING INTO THE CAR AND INTO THE OVERHEAD LIGHT.  HER TAIL LIGHTS HAVE A MIND OF THERE OWN.  SO DAYS THE TAILS WILL WORK AND OTHERS THEY WON'T.  I HAVE PHYSICALLY CHECKED THE BULBS AND HAVE PUT NEW ONES IN AND STILL THEY DO NOT WORK.  HER RADIO WILL NOT WORK.  AND HER TRANSMISSION HAS BEEN LOOKED AT SEVERAL OF TIMES AND STILL CONTINUES TO HAVE THE SAME PROBLEM.  IS THERE ANYWAY YOU CAN CHECK THESE PROBLEMS? *JB",05/22/2006,05/22/2006,,False,False,0,0,
10150674,2002,"Volkswagen Group of America, Inc.",GOLF,"STEERING,ELECTRICAL SYSTEM","THE CAR HAS A TILT/TELESCOPE STEERING COLUMN, AFTER ADJUSTING THE COLUMN THE TURN SIGNALS QUIT WORKING.  COULD NOT RESTART THE CAR AFTER TURNING IT OFF BECAUSE IMMOBILIZER WOULD NOT RECOGNIZE THE KEY.  MULTIPLE FUSES WERE BLOWN OUT, INCLUDING THE ONE FOR THE HAZARD FLASHER.  UPON INVESTIGATION THE FAILURE WAS FROM THE WIRING HARNESS FOR THE STEERING COLUMN, THE INSULATION ON MOST OF THE WIRES WAS CRACKED AND THE TURN SIGNAL WIRES SHORTED OUT.  THE  INSULATION FOR THE MAIN POWER WIRES RUNNING INTO THE IGNITION SWITCH ALSO WERE CRACKED, IF THESE SHORTED OUT IT COULD HAVE CAUSED A FIRE.  MOST OF THE INSULATION IN THIS AREA HAS HARDENED AND IS NOT VERY FLEXIBLE, MAKING IT PRONE TO CRACKING.  TEMPORARY REPAIR HAS BEEN TAPING UP ALL THE EXPOSED WIRES WITH ELECTRICAL TAPE.  HAVE NOT YET CHECKED INTO THE AVAILABILITY OF A REPLACEMENT WIRING HARNESS. *JB",02/20/2006,02/18/2006,,False,False,0,0,
10147645,2002,"Volkswagen Group of America, Inc.",GOLF,ENGINE AND ENGINE COOLING,"OIL LIGHT CAME ON REPEATEDLY DUE TO OIL SLUDGE PROBLEM, WHICH IS A KNOWN DEFECT.  VW DID NOT COVER, DUE TO EXPIRED WARRANTY.  *JB",01/12/2006,10/15/2005,,False,False,0,0,
10145249,2002,"Volkswagen Group of America, Inc.",GOLF,SEATS,"BURNING SMELL OCCURRED ON OFF-HIGHWAY ROAD, TRAVELING AT SPEEDS UNDER 5 MPH. HOT SENSATION ON THIGH PROMPTED QUICK ACTION TO TURN OFF VEHICLE / SEAT HEATER WHILE GETTING OUT OF THE VEHICLE A 1/4"" HOLE WAS FOUND ON THE LEFT SIDE OF THE DRIVERS SEAT. HARNESS WAS DISCONNECTED AND SERVICE WAS SCHEDULED.  *NM",12/14/2005,12/14/2005,,False,False,1,0,9BWGB61J424
10139215,2002,"Volkswagen Group of America, Inc.",GOLF,ENGINE AND ENGINE COOLING,ENGINE SLUDGE DIAGNOSED ON PASSAT.  *NM,10/10/2005,10/07/2005,,False,False,0,0,WVWPD63B42P
10138225,2002,"Volkswagen Group of America, Inc.",GOLF,"ENGINE AND ENGINE COOLING,POWER TRAIN,VISIBILITY,EQUIPMENT","1.  TRANSMISSION CONTROL MODULE FAILURE.  CAR WAS NOT ABLE TO START.  WAS TOWED FOR REPAIR.  THIS CHIP HAS BEEN REPLACED TWICE.  2.  CAR BEGAN MAKING SEVERE JERKING MOVEMENTS, RANDOMLY.  USUALLY THESE JUMPS OCCUR WITHIN THE FIRST 10 MINUTES OF DRIVING THE VEHICLE BUT CAN OCCUR LATER.  THE SEVERITY OF THE JERKS IS ALSO VARIABLE.  3.  THE CAR WAS IN THE SHOP FOR OVER A MONTH.  THE PROBLEM WAS NOT CORRECTED.  4.  THE CAR CONSUMES AN UNUSUAL HIGH AMOUNT OF MOTOR OIL (MORE THAN A QUART APPROXIMATELY EVERY 1,000 MILES).  5.  VW WAS RUNNING A OIL CONSUMPTION TEST BUT THEY INSISTED THE CONSUMPTION LEVEL WAS NORMAL FOR THIS TYPE OF ENGINE.  THE PROBLEM STILL EXISTS.  I HAVE BEEN EXPERIENCING NUMEROUS MECHANICAL PROBLEMS WITH THE VEHICLE SOON AFTER PURCHASE IN 2002.  I HAVE ALWAYS TRIED TO NEGOTIATE WITH VW.  I HAVE WRITTEN LETTERS AND THEY HAVE BEEN RELUCTANT TO SOLVE THE PROBLEM IN A SATISFACTORY WAY.  I HAVE READ ABOUT THE LEMON LAW BUT MY TIME ALLOWANCE HAS EXPIRED.  THE CAR IS STILL UNDER WARRANTY UNTIL JANUARY 2006.  IN ADDITION TO THE ENGINE/ TRANSMISSION PROBLEMS, I HAVE HAD PROBLEMS WITH ALL MY WINDOWS ROLLING DOWN AUTOMATICALLY AS I TRY TO CLOSE THEM.  THERE WAS A RECALL ON THIS.  THIS HAS BEEN EXAMINED OVER 5 TIMES.  THE PANELS WERE REPLACED.  THE PROBLEM STILL PERSISTS.      I AM NOT ABLE TO GIVE AN EXACT DATE OF AN INCIDENT BECAUSE THERE ARE MANY.  ALL OF THESE DATES HAVE BEEN DOCUMENTED.    I AM GIVING A DATE OF JANUARY 2002 AS THE INCIDENT DATE (WHEN THE CAR WAS PURCHASED).  I FEEL VW HAS EVADED RESPONSIBILITY IN CORRECTING THE PROBLEMS AND HAS CREATED AN UNSAFE VEHICLE.  THE NUMBER OF FAILURES AND THE INABILITY TO CORRECT THEM IS UNACCEPTABLE.   I FEEL MY PROBLEMS WERE NOT ADDRESSED SERIOUSLY AND WERE DISMISSED WITHOUT CONCERN FOR MY SAFETY AND PUBLIC SAFETY IN GENERAL. *JB",09/30/2005,01/10/2002,,False,False,0,0,9BWGK61J624
10134334,2002,"Volkswagen Group of America, Inc.",GOLF,"SERVICE BRAKES, HYDRAULIC","DT:  THE ROD THAT CONNECTS THE BRAKE PEDAL TO THE BRAKE BOOSTER  BROKE AT THE WELLED.  THIS PROBLEM OCCURRED UNDER NORMAL DRIVING CONDITIONS.  THERE WAS AN ACCIDENT BECAUSE OF THIS ON 8-20/21-205. THE PASSENGER SUSTAINED  FACIAL INJURIES,  AND THE DRIVER SUSTAINED  BRUISES.   THE VEHICLE WAS TOTALED.  *AK  UPDATED 11/4/2005 - WHEN THE BRAKE PEDAL AND BRAKE BOOSTER WERE REMOVED THE  CONSUMER NOTICED THAT THE ROD BETWEEN THE PEDAL AND BOOSTER WAS HOLLOW.  *NM",08/26/2005,08/20/2005,,True,False,2,0,9BWDE61J324
10121355,2002,"Volkswagen Group of America, Inc.",GOLF,AIR BAGS,PASSENGER SIDE AIR BAG INADVERTENTLY DEPLOYED WITH NO PROVOCATION.,05/18/2005,05/15/2005,,False,False,0,0,9BWGK61J624
10118541,2002,"Volkswagen Group of America, Inc.",GOLF,"ELECTRICAL SYSTEM,EXTERIOR LIGHTING","TURN SIGNAL/HAZARD RELAY ACTIVATES RANDOMLY.  WHILE DRIVING DOWN THE ROAD I CAN HEAR THE TURN SIGNAL RELAY CLICKING  AT A FASTER SPEED, LIKE WHEN YOU HAVE A BURNED OUT TURN SIGNAL BULB. BUT, WHEN YOU GO TO USE THE TURN SIGNAL/HAZARD SIGNAL, THEY STILL FUNCTION AS NORMALY.  I BELIEVE THIS ISSUE IS RELATED TO RECAL 04V584000, YET VOLKSWAGEN OF AMERICA DOES NOT RECOGNIZE MY VEHICLE AS BEING PART OF THIS RECAL. *AK",04/27/2005,01/02/2005,,False,False,0,0,9BWGP61J724
10120363,2002,"Volkswagen Group of America, Inc.",GOLF,UNKNOWN OR OTHER,CONSUMER EXPERIENCED PROBLEMS OBTAINING A VALET KEY FROM THE DEALERSHIP FOR 2002 VOLKSWAGEN GOLF.   *MR   THE CONSUMER WAS COMPLAINING OF THE SERVICE RECEIVED AT WILLIAMSON VOLKSWAGEN OF LINCOLN.   *SC *JB,04/27/2005,04/27/2005,,False,False,0,0,9BWGB61J724
10114612,2002,"Volkswagen Group of America, Inc.",GOLF,AIR BAGS,"THE SEAT-MOUNTED SIDE AIRBAGS AND SIDE-CURTAIN AIRBAGS FOR THE PASSENGER SIDE OF MY CAR DEPLOYED WITH NO SIDE-IMPACT CRASH.  I WAS IN A PARKING LOT MAKING A RIGHT TURN WHEN THE ABOVE MENTIONED AIRBAGS DEPLOYED.  LUCKILY, THERE WAS NO ONE IN THE PASSENGER SEAT, SO THERE WERE NO INJURIES AS A RESULT.  I TOOK MY CAR INTO A VW DEALERSHIP AND THEY RAN SOME DIAGNOSTICS ON IT.  THEY CLAIM THAT MY CAR'S COMPUTER REGISTERED A COLLISION AND THAT'S WHY MY AIRBAGS WENT OFF, THOUGH THEY NEVER PROVIDED ME WITH A COPY OF THE RESULTS OF THE DIAGNOSTIC.  I TOLD THEM THERE WAS NO WAY MY CAR WAS INVOLVED IN A COLLISION AT THE TIME THE AIRBAGS DEPLOYED, OR WITHIN THE PAST YEAR BEFORE THEY HAD DEPLOYED, AND THEY SAID THAT I MUST HAVE HIT A POTHOLE OR SOMETHING AND THAT I SHOULD CONTACT MY INSURANCE COMPANY.  MY INSURANCE POLICY DOES NOT COVER THE REPLACEMENT OF AIRBAGS WHEN NO COLLISION WAS INVOLVED, AND THE ADJUSTER FEELS THAT THEY MUST HAVE DEPLOYED AS A RESULT OF FAULTY WIRING.  THIS INCIDENT OCCURRED FAIRLY RECENTLY, AND I REFUSE TO PAY THE $3500 FOR THESE REPAIRS OUT OF POCKET, SO THEY HAVE NOT BEEN REPLACED YET, AND WILL NOT BE REPLACED UNTIL I SPEAK FURTHER WITH VOLKSWAGEN.",03/24/2005,03/13/2005,,False,False,0,0,
10109503,2002,"Volkswagen Group of America, Inc.",GOLF,"SERVICE BRAKES, HYDRAULIC","THE ABS LIGHT CAME ON AND A SOUND WAS HEARD.  THE BRAKES SUDDENLY WENT, AND THE CONSUMER HAD TO APPLY THE EMERGENCY  BRAKE TO CONTINUE TO THE DEALER.  THE ABS MODULE WAS REPLACED.*AK",02/01/2005,07/12/2004,,False,False,0,0,9BWGB61J224
10105561,2002,"Volkswagen Group of America, Inc.",GOLF,AIR BAGS,"RE THE WRONGFUL DEPLOYMENT OF THE DEFECTIVE PASSENGER SIDE AIRBAG AND  SIDE CURTAIN IN 2002 VW GOLF GTI.  *BF    WHILE DRIVING, THE PASSENGER SIDE CURTAIN AND SEAT AIR BAG INADVERTENTLY DEPLOYED, THE PASSENGER SUFFERED MINOR INJURIES.  *JB",12/30/2004,12/01/2004,,False,False,1,0,
10094309,2002,"Volkswagen Group of America, Inc.",GOLF,AIR BAGS,"WHILE DRIVING  VEHICLE AT A MODERATE SPEED THE AIR BAG ON PASSENGER'S SIDE  DEPLOYED INADVERTENTLY.  THE CONSUMER TOOK VEHICLE BACK TO THE DEALER, AND WAS TOLD BY THE SERVICE TECHNICIAN THAT THE VEHICLE WAS IN AN ACCIDENT.  THE CONSUMER CLAIMED THIS WAS  ABSURD SINCE THIS VEHICLE MADE NO CONTACT WITH ANY OTHER VEHICLE OR OBJECT.   *AK   THE AIR BAG DEPLOYED 1 MINUTE LATER.   *SC",11/03/2004,09/21/2004,,False,False,0,0,9BWGP61J424
10095911,2002,"Volkswagen Group of America, Inc.",GOLF,AIR BAGS,"WHILE DRIVING ON A RATHER BUMPY STREET (NO MAJOR POT HOLES), SIDE-AIRBAG AND CURTAINS ON THE DRIVER SIDE POPPED OUT. IT WAS NOT A COLLISION, AND THE BUMPER DID NOT HIT ANYTHING.   SERVICE SHOP AT DEALER FOUND A COUPLE OF DAMAGES ON OIL PAN AND CONTROL-ARM, AND THEREFORE INSISTED THE AIRBAG DEPLOYMENT WAS NOT DUE TO A MAL-FUNCTION. THE CAR IS BEING REPAIRED (INCLUDING THE RE-UPHOLSTERY AND DAMAGED SEAT BELT DUE TO THE AIRBAG ERUPTION). IT IS TREATED AS AN ACCIDENT BY MY AUTO INSURANCE.",10/17/2004,10/04/2004,,False,False,0,0,9BWBK61J124
10091365,2002,"Volkswagen Group of America, Inc.",GOLF,AIR BAGS,"DRIVING ON HIGHWAY AND HIT SMALL BUMP IN ROAD, SUCH THAT YOU WOULD HIT MANY TIMES A DAY WHILE DRIVING, AND PASSENGER SIDE AIRBAGS AND WINDOW CURTAINS DEPLOYED. VW SERVICE FOUND CRASH DATA IN COMPUTER EVENTHOUGH THERE WAS ABSOLUTELY NO VISUAL DAMAGE TO CAR. VW CUSTOMER SERVICE REFUSED TO PAY FOR REPAIR AND SUGGESTED I CONTACT MY INSURANCE COMPANY.*AK",09/20/2004,09/08/2004,,False,False,0,0,9BWGP61J724
10082456,2002,"Volkswagen Group of America, Inc.",GOLF,ENGINE AND ENGINE COOLING,"OWNER WAS DRIVING IN TRAFFIC - MERGING ONTO THE LONG ISLAND EXPRESSWAY - WHEN A DULL ""POP"" SOUND WAS HEARD.  THE ENGINE QUICKLY LOST POWER.  OWNER WAS ABLE TO STEER VEHICLE FROM RIGHT LANE TO SHOULDER AND ENGAGE HAZARD LIGHTS.  CAR WAS TOWED TO DEALER.  DEALER EXAMINED VEHICLE AND ADVISED OWNER THAT THE TIMING BELT WAS MISSING.  DEALER ADVISED THAT ENGINE HAD SEIZED AND MUST BE REPLACED.  OWNER LOST USE OF CAR FOR 5 WEEKS.  ENGINE AND TIMING BELT WERE REPLACED.   *JB",07/22/2004,06/14/2004,,False,False,0,0,9BWGP61JX24
10082453,2002,"Volkswagen Group of America, Inc.",GOLF,ENGINE AND ENGINE COOLING,"CAR WAS DRIVEN TO AND PARKED OUTSIDE A STORE 1 MILE FROM HOME. WHEN OWNER RETURNED TO CAR (LESS THAN 10 MINUTES AFTER PARKING), THE CAR WOULD NOT START.  CAR WAS TOWED TO DEALER AND OWNER WAS INFORMED THAT OIL PAN WAS CRACKED & ENGINE HAS SEIZED.  DEALER SAID THAT DAMAGE WAS NOT COVERED BY WARRANTY AND OWNER MUST CONTACT INSURANCE COMPANY TO FILE COLLISION CLAIM.  HOWEVER, NO COLLISION EVER OCCURRED.  OWNER LOST USE OF VEHICLE FOR FIVE WEEKS.  OIL PAN, SHORT BLOCK & TURBO WERE REPLACED.   *JB",07/22/2004,10/12/2003,,False,False,0,0,9BWGP61JX24
10067978,2002,"Volkswagen Group of America, Inc.",GOLF,AIR BAGS,"WHILE TRAVELING OVER A ROUGH STRETCH OF ROAD THE PASSENGER SIDE SEAT AND WINDOW AIRBAGS DEPLOYED.IT SHOULD BE NOTED THERE WAS NO SIDE COLLISION,IMPACT OR BODY DAMAGE.THE DEALER INSISTS THAT A SIDE IMPACT MUST HAVE OCCURED,AND THAT I WIL BE RESPONSIBLE FOR THE ESTIMATED $3500 IN REPAIRS.I STIL AWAIT WORD AS TO WHETHER MY INSURANCE POLICY COVERS THIS TYPE OF CLAIM.SO FAR I'VE BEN TOLD THEY MAY NOT COVER IT.",04/28/2004,04/16/2004,,False,False,0,0,9BWGK61J624
10064075,2002,"Volkswagen Group of America, Inc.",GOLF,AIR BAGS,CAR WAS REAR-ENDED AT A STOP LIGHT.  CAR CASCADED INTO THE CARS IN FRONT.  AIRBAGS DID NOT DEPLOY ON DRIVERS SIDE.  AIRBAGS (4) DEPLOYED ON PASSENGER SIDE ONLY.  THERE WAS NO PASSENGER.  SEEMS I COULD HAVE USED THE AIRBAG PROTECTION ON MY SIDE. (DRIVER).  *AK,03/29/2004,03/24/2004,,True,False,1,0,9BWGP61J824
10058443,2002,"Volkswagen Group of America, Inc.",GOLF,AIR BAGS,"I WAS DRIVING ABOUT 10-15 MILES  A HOUR AND MY RIGHT RIM MIGHT HAVE SLIGHTLY HIT THE CURB AND MY PASSENGER SIDE AIRBAG AND CURTAINS DEPLOYED.I TOOK IT RIGHT AWAY TO THE DEALER, AND THEY SAID THERE IS A CRASH CODE AND WILL NOT PAY FOR IT. I CONTACTED VW OF AMERICA MANY TIMES AND THEY SAY TO CLAIM IT THROUGH INSURANCE. THERE IS NO VISIBLE DAMAGE TO MY CAR AT ALL SO I THINK IT A  FAULTY CRASH CODE! *AK",02/18/2004,12/08/2003,,False,False,0,0,9BWGK61J324
10057793,2002,"Volkswagen Group of America, Inc.",GOLF,AIR BAGS,"WHILE DRIVING AT 10 MPH LEFT RIM  HIT THE CURB.  AS A RESULT, THE SIDE CURTAINS AND SEAT AIRBAGS DEPLOYED.*AK",02/10/2004,01/02/2004,,False,False,0,0,
10047223,2002,"Volkswagen Group of America, Inc.",GOLF,"FUEL SYSTEM, DIESEL","DIESEL FUEL LEAK- WHEN FILLING TANK TO FULL, FUEL POURS OUT SOMEWHERE AT THE TOP OF THE TANK.  *LA",11/20/2003,11/19/2003,,False,False,0,0,
10043313,2002,"Volkswagen Group of America, Inc.",GOLF,TIRES,"SIDEWALLS OF MY DAUGHTER'S VOLKSWAGEN SEPARATED. THE TIRES WERE CONTINENTAL CONTITOURING CONTRACT, 19565R15-91H CH95.  *LA",10/21/2003,06/06/2002,,False,False,0,0,9BWGB61J024
10044511,2002,"Volkswagen Group of America, Inc.",GOLF,ENGINE AND ENGINE COOLING,INTAKE MANIFOLD IS CLOGGED ON VEHICLE DUE TO CARBON BUILD UP FROM THE EXHAUST VALVE.*MR    CONSUMER WAS ADVISED BY LOCAL DEALER THAT THE VEHICLE WOULDN'T PASS FEDERAL EMISSION REQUIREMENTS. THE DEALERSHIP REFUSED TO REPAIR UNDER WARRANTY AND WAS WILLING TO CHARGE  $380.00 FOR THE TASK. CONSUMER DECLINED DUE TO THE HIGH PRICE BUT WAS CONCERNED ABOUT THE ENVIRONMENT. CONSUMER RESEARCHED THE PROBLEM ONLINE AND FOUND OTHER CONSUMERS WITH THE SAME DEFECT.   *PH,10/20/2003,,,False,False,0,0,
10031011,2002,"Volkswagen Group of America, Inc.",GOLF,EXTERIOR LIGHTING,BRAKE LIGHT AND AUTOMATIC TRANSMISSION SAFETY INTERLOCK SWITCH FAILED AND LEFT THE CAR STRANDED.    *PH,08/07/2003,07/20/2003,,False,False,0,0,
10026474,2002,"Volkswagen Group of America, Inc.",GOLF,"ENGINE AND ENGINE COOLING,FUEL SYSTEM, GASOLINE,ELECTRICAL SYSTEM,LATCHES/LOCKS/LINKAGES","MULTIPLE PROBLEMS INCLUDED:  MALFUNCTION INDICATOR LAMP ON, VEHICLE CUT OFF, TRUNK SWITCH FELL OUT,  DRIVER DOOR LOCK INOPERATIVE, FUEL GAUGE INOPERATIVE, ENGINE RATTLE.  MULTIPLE REPLACEMENTS - CAMSHAFT SENSOR, TRUNK SWITCH, POWER DOOR LOCKS, FUEL LINES INSTALLED, FUEL SENDER UNIT, TIMING BELT AND TENSIONER.    *TT   *JB",06/18/2003,03/25/2003,,False,False,0,0,9BWGB61J224
10020835,2002,"Volkswagen Group of America, Inc.",GOLF,"ENGINE AND ENGINE COOLING,EQUIPMENT",THE VEHICLE HAD A DAMAGED MOTOR.  *TT  *SCC   *JB,06/17/2003,03/14/2003,,False,False,0,0,9BWGB61J224
10018393,2002,"Volkswagen Group of America, Inc.",GOLF,POWER TRAIN,CONSTANT KNOCKING SOUND COMING FROM THE PASSENGER SIDE FRONT END OF VEHICLE.         *JB,05/07/2003,08/25/2002,,False,False,0,0,
10018392,2002,"Volkswagen Group of America, Inc.",GOLF,STEERING,CONSTANT NOISE FROM THE STEERING COLUMN. AIR BAG SPRING CHANGED TWICE. STEERING COLUMN STILL MAKING NOISE.      *JB,05/07/2003,03/04/2003,,False,False,0,0,
10016150,2002,"Volkswagen Group of America, Inc.",GOLF,"SERVICE BRAKES, HYDRAULIC",BRAKE WARNING SYSTEM WILL ACTIVATE FOR NO KNOW REASON AT RANDOM TIMES WHILE DRIVING THE CAR.  *NLM,04/18/2003,05/23/2002,,False,False,0,0,9BWGP61J124
10014188,2002,"Volkswagen Group of America, Inc.",GOLF,AIR BAGS,"PASSENGER SIDE AIR BAGS DEPLOYED DESPITE VEHICLE BEING IN COLLISION OR IMPACT.  VEHICLE WAS ON FREEWAY WHEN ALL OF A SUDDEN AIR BAGS DEPLOYED.  DEALER CLAIMS SENSOR INDICATES IMPACT, BUT THERE WAS NO IMPACT. *JB",04/09/2003,03/05/2003,,False,False,1,0,9BWBK61J054
10012216,2002,"Volkswagen Group of America, Inc.",GOLF,"ENGINE AND ENGINE COOLING,ELECTRICAL SYSTEM,VISIBILITY",THE COIL PACK WAS DAMAGED.  *MR  THE COIL PACK WAS REPLACED.  THEN THE COIL PACK IN THE CYLINDER FAILED.  THE CONSUMER REQUESTED FOR VW TO COMPENSATE HER FOR LOST TIME.  THE ENGINE LIGHT HAD COME ON DUE TO THE EVAPORATIVE EMISSION SYSTEM EXPERIENCED AN INCORRECT PURGE FLOW.  THE WINDSHIELD WASHER RESERVOIR LEAKED COOLANT.  THE EXPANSION TANK WAS REPLACED.  SCC   *JB,04/01/2003,11/07/2002,,False,False,0,0,9BWDE61J924
10009868,2002,"Volkswagen Group of America, Inc.",GOLF,ELECTRICAL SYSTEM,"THERE WAS A WIDESPREAD SAFETY ISSUE OF THE PASSAT AND AUDI.  THE VOLKSWAGEN  DEALER MANUFACTURER ADMITTED THAT ALL 4 IGNITION COILS IN THESE VEHICLE'S WERE SUSCEPTIBLE TO FAILURE AND ARE LIKELY TO FAIL UNLESS THE PART IS REPLACED WITH NON DEFECTIVE COILS.  DESPITE THIS ADMISSION, NEITHER VOLKSWAGEN OR THE CONSUMER'S DEALER WILL TAKE THE STEPS TO REMEDY, UNLESS FAILURE OCCURS.  AT WHICH TIME, ONLY THE FAILED COIL WILL BE REPLACED, LEAVING THE VEHICLE SUSCEPTIBLE TO FAILURE THREE OR MORE TIMES.   SCC   *JB",03/24/2003,,,False,False,0,0,
10009215,2002,"Volkswagen Group of America, Inc.",GOLF,SEAT BELTS,VOLKSWAGEN WEEKENDER VAN 2002. THE REAR LAP BELTS FAILED TO LATCH.*JB,02/24/2003,,,False,False,0,0,
10005632,2002,"Volkswagen Group of America, Inc.",GOLF,ENGINE AND ENGINE COOLING,"OIL PAN CRACKING/ENGINE SEIZING- BECAUSE THE OIL PAN IS MADE OF ALUMINUM WITHOUT ANY SORT OF SKID PLATE PROTECTING IT, THE COLD TEMPERATURES OF WINTER MAKE IT BRITTLE AND IF ANY SORT OF NATURAL OCCURING HAZARD, SUCH AS ICE OR ROCKS, OR MAN MADE HAZARD, SUCH AS ROAD DEBRIS HITS THIS OIL PAN THE CHANCE OF ENGINE FAILURE/SEIZING IS GREATLY INCREASED.",02/10/2003,02/10/2003,,False,False,0,0,
10005917,2002,"Volkswagen Group of America, Inc.",GOLF,ENGINE AND ENGINE COOLING,VEHICLE JERKS HEAVILY AND THE ENGINE LIGHT WOULD COME ON AND REMAIN ON. DEALER HAS BEEN NOTIFIED.   PH,01/29/2003,11/15/2202,,False,False,0,0,FULL FILL
10003372,2002,"Volkswagen Group of America, Inc.",GOLF,AIR BAGS,THE PASSENGER SIDE AND SIDE CURTAIN  AIRBAGS DEPLOYED WHILE DRIVING DOWN THE HIGHWAY FOR NO REASON,01/25/2003,01/21/2003,,False,False,0,0,9BWGP61J224
10004216,2002,"Volkswagen Group of America, Inc.",GOLF,ELECTRICAL SYSTEM,INTERMITTENTLY VEHICLE WILL LOSE ALL POWER WITHOUT WARNING WHEN DRIVING.  DEALERSHIP INDICATED  THAT IT IS A RESULT OF A PROBLEM WITH IGNITION COIL.TS.*AK,01/21/2003,06/02/2002,,False,False,0,0,WVWSB61J62W
10002487,2002,"Volkswagen Group of America, Inc.",GOLF,AIR BAGS,"CONSUMER STATED WHEN THE VEHICLE HIT A BUMP IN THE ROAD, THE SIDE AIR BAG INADVERTENLY DEPLOYED.*JB",01/10/2003,01/02/2003,,False,False,0,0,PLEASE PROV
10001870,2002,"Volkswagen Group of America, Inc.",GOLF,"FUEL SYSTEM, GASOLINE",CONSUMER STATED THAT THE FUEL TANK IS PUMPING THREW THE CATALYTIC CONVERTER CAUSING AND DISTRACTION TO THE CONSUMER. DEALER NOTIFIED. TS,01/02/2003,12/28/2002,,False,False,0,0,9BWDE61J524
770721,2002,"Volkswagen Group of America, Inc.",GOLF,AIR BAGS,"PASSENGER SIDE SEAT AND CURTAIN AIR BAGS DEPLOYED DESPITE VEHICLE BEING IN NO INCIDENT OR COLLISION. VEHICLE TOWED TO DEALER AND PROBLEM ADVISED. NEITHER DEALER OR VW PREPARED TO CONSIDER OR DISCUSS POSSIBILITY OF SUCH POSSIBILITY OCCURANING. BOTH DEALER AND VW THE MANUFACTURERS INSIST THAT VEHICLE WAS INVOLVED IN MAJOR IMPACT OF 2G OR ABOVE AND THAT THIS SHOULD BE HANDLED BY INSURANCE COMPANY DESPITE THERE BEING NO EVIDENCE OF IMPACT OR COLLISION.  DESPITE PLEAS TO VW , THEY WOULD NOT INVESTIGATE POSSIBILITY OF AIR BAG DEPLOYMENT WITHOUT IMPACT.  VEHICLE STILL IMMOBILE AND UNREPAIRED AFTER ALMOST 3 MONTHS. VEHICLE SINCE MOVED TO ANOTHER VW DEALER .  DT",12/11/2002,09/24/2002,,False,False,0,0,9BWBB61J324
767296,2002,"Volkswagen Group of America, Inc.",GOLF,VISIBILITY,I FOUND THAT IS IS A VERY COMMON PROBLEM IN THIS MODEL AFTER TALKING TO MANY PEOPLE WITH SAME PROBLEM.NO SAFETY DEFECT LISTED.  *AK,09/17/2002,09/16/2002,,False,False,0,0,9BWPH61J624
758865,2002,"Volkswagen Group of America, Inc.",GOLF,"STEERING,ELECTRICAL SYSTEM","1) WHILE DRIVING, DOOR AJAR LIGHT SUDDENLY CAME ON FOR NO REASON.  NO DOORS WERE AJAR.  AFTER PARKING, THE FACTORY INSTALLED ALARM SYSTEM CAME ON SEVERAL TIMES FOR NO APPARENT REASON.  2) THE INSTRUMENT PANEL DEFECT RELATES TO A PERSISTENT BUZZING NOISE FROM THE INSTRUMENT CLUSTER.",03/02/2002,03/02/2002,,False,False,0,0,9BWGP61J124
758707,2002,"Volkswagen Group of America, Inc.",GOLF,POWER TRAIN,"I HAD JUST GOT MY CAR BACK FROM THE SHOP AROUND 4P.M.  I HAD PARKED MY CAR IN THE DRIVEWAY , WELL ABOUT FIFTEEN MINUTES LATER MY FRIEND WAS LEAVEING AND SHE NOTICED THAT MY CAR WAS DOWN THE STREET IN MY NEIGHBORS YARD AND THAT THE POLICE AND FIRE DEPARTMENT WERE LOOKING FOR WHO OWNED THE CAR. I GO RUNNING OUT AS THE FIRE DEPARTMENT AND POLICE WERE COMMING UP THE STREET AND I TOLD THE THAT IT WAS MY CAR. ANYWAY THE CAR WAS IN GEAR AND THE EMERGENCY BRAKE WAS ON THE POLICE OFFICER TOOK PICTURES OF THE CAR AND TOOK PICTURES OF THE CAR BEING IN GEAR AND THAT THE EMERGENCY BRAKE BEING ON HE ASKED ME TO FILL OUT A REPORT SO I DID. I DO NOT KNOW WHAT I CAN DO ABOUT THIS I FEEL THAT THEY SHOULD REPLACE THE CAR, AND SEND IT BACK TO THE MANUFACTURER. PLEASE CONTACT ME TO LET ME KNOW WHAT I MIGHT BE ABLE TO DO ABOUT THIS SITUATION. THANK YOU STEVE NYE. *AK",02/27/2002,02/16/2002,,True,False,0,0,3VWSK69M32M
11491001,2003,"Volkswagen Group of America, Inc.",GOLF,UNKNOWN OR OTHER,The car just started on fire while I was driving and nearly killed me and my boyfriend lucky someone was honking and flagging down and when we tried stopping the car wouldn't brake and we had to jump out when it was still rolling. We were bout to get on the high way lucky someone stopped us be we did so.,10/26/2022,10/25/2022,,False,True,0,0,9bwbk61j234
10950400,2003,"Volkswagen Group of America, Inc.",GOLF,"AIR BAGS,UNKNOWN OR OTHER","THE AIRBAG CONTROL MODULE HAS FAILED AND NEEDS TO BE REPLACED.  WITHOUT IT, THERE IS NO GUARANTEE THAT THE AIRBAGS WILL FUNCTION PROPERLY, IF AT ALL, IN THE EVENT OF AN ACCIDENT.  VOLKSWAGEN REFUSES TO EVEN HELP WITH THE OVER $1,000.00 REPAIR COST.  (THE AIRBAG WARNING LIGHT CAME ON, SO THE VEHICLE WAS TAKEN IN FOR DIAGNOSTICS.)",02/08/2017,02/02/2017,,False,False,0,0,9BWDE61J434
10720952,2003,"Volkswagen Group of America, Inc.",GOLF,"POWER TRAIN,ELECTRICAL SYSTEM",I HAD THE HATCH OPEN ON MY GOLF AND STARTED TO SMELL AN ELECTRICAL FIRE. I SEEN SMOKE COMING FROM THE CARGO LIGHT AND WHEN I OPENED THE TAILLIGHT ACCESS PANEL THERE WAS A SMALL FIRE THAT I IMMEDIATLEY PUT OUT. THANKFULLY I CAUGHT IT IN TIME AND DIDN'T CLOSE THE HATCH AND WALK AWAY. IT COULD HAVE BEEN MUCH WORSE. I HAVE PICTURES I CAN SEND UPON REQUEST.,05/22/2015,05/22/2015,,False,True,0,0,9BWGP61J034
10720998,2003,"Volkswagen Group of America, Inc.",GOLF,AIR BAGS,"MY SON WAS PARKING HIS CAR AT A STATE PARK AND DRIVING LESS THAN 2 MILES A HOUR WHEN THE PASSENGER AIRBAGS DEPLOYED. SEVERAL PEOPLE HEARD THE LOUD SOUND AND RAN OVER TO SEE IF ANYONE WAS HURT. HIS GIRLFRIEND'S ARM BECAME RED, WITH A RASH AND SWOLLEN. THE SEAT AND HEADLINER ARE NOW DAMAGED, AND IT WOULD COST MORE TO REPLACE THE AIRBAGS, SEAT AND HEADLINER THAN THE CAR IS WORTH.  THE INSURANCE CO WILL NOT COVER THE COST BECAUSE THERE WAS NO ACCIDENT.  NOW, HE WILL NEED TO PURCHASE ANOTHER VEHICLE. THERE HAVE BEEN AT LEAST 107 REPORTED COMPLAINTS REGARDING AIRBAGS FOR 2001-2003 VW GOLF AND JETTA. IF MY SON HAD BEEN DRIVING ON A MAIN ROAD OR HIGHWAY, THIS INCIDENT COULD HAVE CAUSED AN ACCIDENT.  THERE SHOULD BE A RECALL ON THE AIRBAGS BEFORE SOMEONE GETS SERIOUSLY HURT, IF THAT HASN'T ALREADY OCCURRED.",05/22/2015,05/10/2015,,False,False,1,0,9BWFK61J534
10641837,2003,"Volkswagen Group of America, Inc.",GOLF,"AIR BAGS,SEAT BELTS","DITTO ON THE ""NHTSA ID NUMBER: 10252376"".  MY 2003 BASE MODEL GOLF'S AIRBAGS WERE TURNED OFF (AIRBAG LIGHT ON), AND THE ISSUE WAS ONE OF THE 3 SENSORS IN THE DRIVER'S SEATBELT LATCH STOPPED WORKING.    IT'S BEEN MANY YEARS AGO (I BOUGHT IT NEW), AND I DON'T REMEMBER WHAT YEAR THAT WAS, BUT I DID CONTACT VW ON THIS, AND BELIEVE I ALSO SENT AN E-MAIL TO BOTH NHTSA & IIHS ON THIS.    THIS IS AN INEXCUSABLE DESIGN (GM IS HAVING A SIMILAR ISSUE WITH ITS IGNITION SWITCH & AIRBAGS BEING TURNED OFF).    THE SEATBELT LATCH WAS REPLACED, AND HAS BEEN WORKING FINE FOR YEARS NOW.  IT CURRENTLY HAS 167,000+ MILES ON IT.    IT DOES HAVE SOME POSITIVES. THE FRONT BRAKES HAVE NEVER BEEN REPLACED, AND DIDN'T HAVE TO REPLACE THE REAR BRAKES UNTIL 90,000.  THE CLUTCH HAS NEVER BEEN REPLACED, AND STILL WORKS GOOD (EVEN WITH A TON OF STOP-N-GO TRAFFIC).    THERE SHOULD BE A LEGAL REQUIREMENT THAT ALL OF THE AIRBAGS ARE ALWAYS ON, NO MATTER WHAT, WHEN THE VEHICLE IS MOVING, WHETHER OR NOT THE IGNITION IS ON, THE SEATBELTS ARE LATCH, ETC.    ALSO, THERE SHOULD BE A LEGAL REQUIREMENT THAT ALL REAR TURN SIGNAL LIGHTS MUST BE BRIGHT ORANGE, NOT RED.  THIS IS A SAFETY ISSUE. A BRIGHT ORANGE LIGHT STANDS OUT AS A TURN SIGNAL, WHEREAS A BLINKING RED LIGHT COULD BE THE DRIVER TAPPING ON THE BRAKES. NOT EASY TO TELL WHEN YOU CAN ONLY SEE ONE CORNER OF A VEHICLE.  *TR",10/06/2014,01/01/2007,,False,False,0,0,
10563596,2003,"Volkswagen Group of America, Inc.",GOLF,"SUSPENSION,AIR BAGS,WHEELS","DRIVING LATE AT NIGHT, HIT POTHOLE THAT BADLY DENTED RIGHT FRONT RIM, CAUSED PASSENGER SIDE CURTAIN AIRBAGS TO DEPLOY, FILLING CAR WITH SMOKE AND CUTTING OFF IGNITION. CONTACTED VW OF AMERICA TO ADVISE THEM OF INCIDENT. WILL CONTACT INSURANCE, LOCAL VW DEALER AND COLLISION SHOP FOR ANALYSIS THIS WEEK.   *TR",02/09/2014,02/07/2014,,False,False,0,0,9BWFP61J234
10421190,2003,"Volkswagen Group of America, Inc.",GOLF,ELECTRICAL SYSTEM,"TL* THE CONTACT OWNS A 2003 VOLKSWAGEN GOLF. WHILE DRIVING APPROXIMATELY 35 MPH, THE CONTACT NOTICED THAT THE AIR CONDITIONER, WINDSHIELD WIPERS AND HEADLIGHTS BECAME INOPERABLE, AS WELL AS THE TURN SIGNALS. THE CONTACT PERFORMED REPAIRS TO THE VEHICLE  HIMSELF AND REPLACED THE IGNITION SWITCH. THE CONTACT DETECTED THE IGNITION CONNECTOR HOUSING HAD OVERHEATED WHICH CAUSED THE PLASTIC TO MELT. THE MANUFACTURER WAS MADE AWARE OF THE PROBLEM. THE APPROXIMATE FAILURE MILEAGE WAS 88,000.  UPDATED 09/27/11*LJ    UPDATED 2/23/12 *CN",08/23/2011,08/20/2011,,False,True,0,0,9BWKE61J734
10279464,2003,"Volkswagen Group of America, Inc.",GOLF,AIR BAGS,"TL*THE CONTACT OWNS A 2003 VOLKSWAGEN GOLF.  WHILE ATTEMPTING TO PARK, THE CONTACT NOTICED THAT THE PASSENGER SIDE AIR BAG SUDDENLY DEPLOYED.  THE VEHICLE WAS TAKEN TO THE DEALER AND THEY STATED THAT THE AIR BAG NEEDED TO BE REPLACED.  THE CURRENT AND FAILURE MILEAGES WERE 22,400.",08/05/2009,07/17/2009,,False,False,0,0,9BWFK61JX34
10277587,2003,"Volkswagen Group of America, Inc.",GOLF,ENGINE AND ENGINE COOLING,"ENGINE OVERHEATED DUE TO WATER PUMP FAILURE, REQUIRING WATER PUMP REPLACEMENT.  PLASTIC IMPELLER DEGRADED AND FAILED.  USE OF PLASTIC FOR IMPELLER IS A DESIGN FLAW IN THE WATER PUMP OTHERWISE MADE OF ALUMINUM, AND SHOULD BE RECALLED AND REPLACED BY VW UNDER WARRANTY. *TR",07/21/2009,06/28/2009,,False,False,0,0,9BWBK61J634
10252376,2003,"Volkswagen Group of America, Inc.",GOLF,AIR BAGS,"2003 VW GOLF GL-I BOUGHT NEW & AM THE ONLY DRIVER OF IT.  AND JUST OVER 80,000 MILES, THE AIRBAG WARNING LIGHT CAME ON.    I HAD TO DRIVE IT AROUND FOR OVER A COUPLE OF WEEKS BEFORE ANY OF THE VW DEALERSHIPS WOULD SCHEDULE ME AN APPOINTMENT TO SPEND A COUPLE OF MINUTES TO CONNECT THEIR HAND-HELD DIAGNOSTIC TOOL TO FIND OUT WHAT THE EXACT CAUSE OF TURNING ON THIS LIGHT WAS. (I WENT TO 3 SEPARATE DEALERSHIPS IN 3 DIFFERENT CITIES.)    IT TURNED OUT TO BE A DEFECTIVE SEATBELT LATCH SENSOR.    EVEN THOUGH THE SEATBELT LIGHT TURNED OFF INDICATING IT WAS LATCHED, THE SAME LATCH ALSO DETERMINES INDEPENDENTLY ON WHETHER OR NOT TO ENABLE THE AIRBAGS.    I JUST HAD THIS PART REPLACED TODAY-12/20/08-AT A COST OF OVER $430.    I FOUND OUT THAT WHEN THE LATCH ""THINKS"" THE SEATBELT IS NOT CONNECTED, THAT IT DISABLES ALL OF THE 6 AIRBAGS, MAKING THE CAR THAT I THOUGHT I HAD AT LEAST MOST OF THE AIRBAGS STILL FUNCTIONING, COMPLETELY AIRBAG-LESS.    THIS IS A SEVERE SAFETY ISSUE, BY VW'S MANUFACTURE DESIGN TO TURN OFF ALL AIRBAGS BASED ON A SEATBELT LATCH, NOT A MALFUNCTIONING AIRBAG.    IF THE LATCH IS GIVING VALID FEED BACK TO TURN OFF THE SEATBELT LIGHT, THEN THERE IS NO REASON TO HAVE A SEPARATE CONTACT IN THIS LATCH FOR THE AIRBAGS THAT DISABLES ALL OF THE AIRBAGS.    SAFETY PARTS LIKE AIRBAGS SHOULD ALSO BE REQUIRED TO HAVE THE EXTENDED MANUFACTURER'S WARRANTY LIKE THE SEATBELTS THEMSELVES & THE EMISSION EQUIPMENT LIKE THE CATALYTIC CONVERTER, WHICH IS AROUND 150000 MILES, ISN'T IT?    THIS IS AN EXTREMELY POOR & DANGEROUS DESIGN, TO TURN OFF ALL AIRBAGS EVEN THOUGH THERE IS NOTHING WRONG WITH THEM.    BY THE TIME THE AIRBAG LIGHT COMES ON TO WHEN OWNERS CAN GET IT SERVICED, THE OWNERS UNKNOWINGLY ARE DRIVING IN AN UNSAFE VEHICLE THAT HAD ITS WORKING AIRBAGS COMPLETELY TURNED OFF BECAUSE OF A SEATBELT LATCH SWITCH THAT WAS WORKING WELL ENOUGH TO TELL THE SEATBELT LIGHT ON THE DASHBOARD TO TURN OFF.    THIS ALONE SHOULD BE ENOUGH TO KEEP ALL OF THE WORKING AIRBAGS FUNCTIONING. *TR",12/21/2008,12/20/2008,,False,False,0,0,9BWBK61J034
10250626,2003,"Volkswagen Group of America, Inc.",GOLF,ELECTRICAL SYSTEM,"TL*THE CONTACT OWNS A 2003 VOLKSWAGEN GOLF.  WHILE DRIVING APPROXIMATELY 70 MPH ON NORMAL ROAD CONDITIONS, THE BRAKE LIGHTS FAILED.  THE GLOW PLUG WARNING INDICATOR ILLUMINATED INTERMITTENTLY ON THE INSTRUMENT PANEL.  THE VEHICLE WAS TAKEN TO AN AUTHORIZED DEALER FOR DIAGNOSTIC TESTING.  THE FAILURE WAS RELATED TO THE WIRING CIRCUIT IN THE BRAKE SYSTEM.  THE TECHNICIAN ORDERED THE PARTS  FOR THE REPAIR.  THE VEHICLE HAS NOT YET BEEN REPAIRED.  THE FAILURE AND CURRENT MILEAGES WERE 118,000.  UPDATED 1/6/09 *CN  THE CONSUMER STATED THERE WERE WIRING BUNDLES THAT PASS FROM THE BODY INTO THE REAR HATCH FOR THE CENTER BRAKE LIGHT, WINDSHIELD WIPER AND ELECTRICAL LOCKS. THE WIRES BEND WHENEVER THE HATCH IS OPENED OR CLOSED. THE OPENING AND CLOSING OF THE HATCH, CAUSED THE WIRING TO CRACK AND EVENTUALLY LED TO A SHORT OF A FUSE. UPDATED 01/14/09.*JB",12/03/2008,12/01/2008,,False,False,0,0,9BWFP61J834
10250340,2003,"Volkswagen Group of America, Inc.",GOLF,SEATS,"1) I TURNED ON MY HEATED SEATS FOR THE FIRST TIME SINCE LAST SPRING.    2) ONCE THE SEAT WAS ON FOR LESS THAN 30 SECONDS I FELT A SHARP PAIN IN MY BUTTOCKS AND FELT THE SEAT.  THE SEAT WAS VERY HOT AND I TURNED OFF THE HEATED SEAT.  THE HEATED SEAT GOT SO HOT IT MELTED A PIECE IN THE SEAT.  THE CAR SMELLED LIKE THERE WAS A FIRE IN IT, LIKE WIRES BURNING.  I PULLED OVER TO MAKE SURE THE CAR WASN'T ON FIRE.  3) THE HEATED SEAT HAD BEEN RECALLED BY VW AND WAS FIXED IN 2005.  THIS WAS THE ""FIXED"" PART THAT BURNT.  I TOOK THE CAR TO THE DEALERSHIP WHERE THE CAR WAS PURCHASED AND THE RECALL WAS FIXED BEFORE.  AFTER TAKING MY CAR TO THE SHOP THEY SAID THAT THE SEAT LITERALLY FLAMED UP AND NEEDED TO BE REPLACED AS IT WASN'T SAFE.  THEY STATED THAT I STILL NEEDED TO PAY 25% OF THE LABOR AND PARTS BECAUSE THE RECALL HAD EXPIRED AND THE ""FIXED"" PART WAS NO LONGER UNDER WARRANTY.  VW PAID FOR 65% AND THE DEALERSHIP PAID 10%. *TR",12/01/2008,11/10/2008,,False,True,0,0,
10214474,2003,"Volkswagen Group of America, Inc.",GOLF,"FUEL SYSTEM, OTHER","MY 2003 VOLKSWAGEN GOLF TDI WAS TAKEN TO APLLEWAY VOLKSWAGEN IN SPOKANE, WASHINGTON FOR A 40K SERVICE AND A CHECK FOR LOSS OF POWER.  THE LOSS OF POWER WAS TRACED TO A PLUGGED INTAKE SYSTEM, CAUSED BY THE EGR VALVE SENDING EXHAUST BACK THOUGH THE INTAKE.  THE CAR'S WARRANTY WAS STILL VALID AND THE DEALERSHIP REFUSED TO HONOR THE WARRANTY.  *TR",01/11/2008,12/21/2007,,False,False,0,0,9BWBP61J434
10182419,2003,"Volkswagen Group of America, Inc.",GOLF,ELECTRICAL SYSTEM,"VEHICLES CAR ALARM CONTINUES TO GO OFF ONCE THE ALARM HAS BEEN SET. TRIED TO DEACTIVATE THE HORN, ALARM SYSTEM, AND LEAVE THE VEHICLE UNLOCKED, BUT IT CONTINUES TO GO OFF FOR NO REASON. *JB",02/12/2007,02/12/2007,,False,False,0,0,
10172673,2003,"Volkswagen Group of America, Inc.",GOLF,EXTERIOR LIGHTING,"RECENTLY I HAD THE SAME PROBLEM REGARDING THE BRAKE LIGHTS SAYING ON AFTER I TURNED OFF MY 2003 VOLKSWAGEN GOLF AND THEY CONTINUED TO STAY ON. I FIRST EXPERIENCED THE RIGHT FRONT HEADLIGHT GOING OUT, THEN THE LEFT FRONT LIGHT WENT OUT AND I HAD TO DRIVE HOME WITH THE HIGH BEAMS ON. WE REPLACED THE HEADLIGHTS BUT THE RIGHT FRONT STILL WOULD NOT WORK. I THEN HAD THE PROBLEM OF THE BRAKE LIGHTS. I HAD TO DISCONNECT THE BATTERY FOR FEAR OF DRAINING THE BATTERY OR HAVING AN ELECTRICAL FIRE. I HAD THE CAR REPAIRED. I CONTINUE TO HAVE ELECTRICAL PROBLEMS. I DO NOT KNOW IF THE CAR HAD SIMILAR PROBLEMS BECAUSE I BOUGHT THE CAR USED.  *JB",11/06/2006,09/28/2006,,False,False,0,0,9BWGK61J734
10150013,2003,"Volkswagen Group of America, Inc.",GOLF,SEATS,"I HAVE A 2003 VOLKSWAGEN PASSAT WAGON WITH LEATHER, HEATED SEATS.  I JUST NOTICED A HOLE IN THE SEAT THAT IS CLEARLY BURNT THROUGH FROM UNDERNEATH.  I CALLED MY VW SERVICE DEPARTMENT AND WAS INFORMED THAT THERE WAS NO RECALL ON THIS PART.  *JB    I AM UNABLE TO TELL WHAT LED TO THE FAILURE OF THIS PART ASIDE FROM USING THE SEAT HEATERS ON COLD MORNINGS.  THE HOLE BURNED IN THE SEAT IS ROUGHLY THE SIZE OF A QUARTER.  FORTUNATELY, I WAS NOT BURNED WHEN THIS OCCURRED.  I BELIEVE THIS POSES A TREMENDOUS SAFETY RISK. VOLKSWAGEN HAS DONE NOTHING TO CORRECT THIS AS OF YET. *JB",02/11/2006,02/03/2006,,False,False,0,0,WVWVD63B43E
10148450,2003,"Volkswagen Group of America, Inc.",GOLF,ENGINE AND ENGINE COOLING,"ENGINE FROZE  1 MILE AFTER THE OIL LIGHT CAME ON.  NO SMELLS, WARNING LIGHTS, NOISES BEFORE THE OIL LIGHT CAME ON.  THE OIL LIGHT CAME ON FOR THE FIRST TIME EVER THEN I DROVE  TO THE NEAREST GAS STATION.  CHECKED THE OIL,  AND IT WAS DRY.   PUT IN A QUART OF OIL AND DROVE IT TO SEE IF LIGHT WOULD GO OFF - IT LOCKED  A COUPLE BLOCKS AFTER THAT.  WHY DIDN'T THE OIL LIGHT COME ON SOONER?  THE OIL LEVEL WAS  VERY LOW , ENOUGH TO MAKE THE ENGINE FREEZE.  WHY DIDN'T THE OIL LIGHT COME ON SOONER?  *AK",01/24/2006,11/26/2005,,False,False,0,0,3VWCK21Y33M
10143841,2003,"Volkswagen Group of America, Inc.",GOLF,ENGINE AND ENGINE COOLING,"ON SEPT. 22ND, 2005, OUR 2003 VW EUROVAN BROKE DOWN ON THE SIDE OF THE ROAD.  WE HAD IT TOWED TO OUR LOCAL DEALERSHIP, ROGER JOBS VW IN BELLINGHAM, WA.  A FEW DAYS LATER, I WAS INFORMED BY THE SERVICE DEPARTMENT, THAT THE CAUSE OF THE BREAKDOWN WAS THAT THE OIL FILTER CAP HAD SPLIT, CAUSING ALL THE OIL TO DRAIN OUT, RUINING THE ENTIRE ENGINE WITHIN MOMENTS.  FIVE VW EXPERTS EMPLOYED WITH OR ASSOCIATED WITH ROGER JOBS VW (ANGELA MATTIX THE SERVICE ADVISER, PETER DRAKE THE SERVICE MANAGER, DISTRICT REPRESENTATIVE JUAN GARCIA, AND TWO TECHNICIANS, BOB GORSUCH AND PAUL TIEGROB), UNANIMOUSLY AGREE AND ARE UNEQUIVOCALLY CERTAIN, THAT BASED ON THEIR EXPERIENCE AND WISDOM, THE OIL FILTER CAP SPLITTING WAS DUE TO AN OVER TIGHTENING OF THE CAP BY THE SELLING DEALERSHIP (PACIFIC VW), AND, WAS NOT THE RESULT OF, AS CLAIMED BY PACIFIC VW AND SUPPORTED BY VW OF AMERICA, A STONE FLYING UP UNDERNEATH THE CAR, WHICH WOULD CLASSIFY IT AS DAMAGE DUE TO ENVIRONMENTAL CAUSES, THEREBY EXCLUDING IT FROM COVERAGE UNDER THE LIMITED NEW VEHICLE WARRANTY.  AS POINTED OUT BY THE FIVE VW EMPLOYEES LISTED ABOVE, THE UNDERSIDE OF THE VEHICLE IS STRONGLY PROTECTED AGAINST SUCH OCCURRENCES WITH MULTIPLE LAYERS OF HARD PLASTIC SHIELDS, ALL OF WHICH SHOW NO SIGN WHATSOEVER OF ANY KIND OF ENVIRONMENTAL DAMAGE.  THEY ALSO CONFIRMED THAT THE OIL FILTER IN THE CAR WAS A FACTORY VW OIL FILTER.  WE BOUGHT THE CAR (ALONG WITH A FULL WARRANTY) DIRECTLY FROM PACIFIC VW IN SOUTHERN CALIFORNIA IN THE SPRING OF 2004.  ACCORDING TO THE EXPERT OPINION OF FIVE VW EMPLOYEES, IT''S CLEAR, THAT THE FAILURE OF THE OIL FILTER CAP WAS DUE TO FAULTY SERVICE ON THE PART OF PACIFIC VW, AND WAS NOT DAMAGE DUE TO ENVIRONMENTAL CAUSES.  *NM",11/28/2005,09/22/2005,,False,False,0,0,WV2MB47073H
10141740,2003,"Volkswagen Group of America, Inc.",GOLF,AIR BAGS,DT:  THE CONTACT STATED WHILE DRIVING  AT 40 MPH THE DRIVER'S SIDE CURTAIN AND SEAT AIRBAG DEPLOYED WITH NO COLLISION.  THIS HAPPENED WHERE A SIDE STREET MEETS A MAIN STREET.  HE WENT TO THE EMERGENCY ROOM AND WAS SUFFERING FROM FREQUENT HEADACHES AND HEARING LOSS IN  LEFT EAR.  HE HAS TO SEE A SPECIALIST FOR THE HEARING LOSS.  THE REAR PASSENGER'S HAND WAS PINCHED BETWEEN THE WINDOW AND AIRBAG. THIS CAUSED SWELLING IN HIS HAND.  THE  INSURANCE COMPANY STATED IT WAS A MANUFACTURING DEFECT.  NO CORRECTIONS HAVE BEEN MADE AT THIS TIME.  *AK,11/04/2005,10/28/2005,,False,False,2,0,9BWGK61J334
10110951,2003,"Volkswagen Group of America, Inc.",GOLF,AIR BAGS,CONSUMER STATED WHEN TOUCHING THE CURB WITH THE TIRES  DRIVER'S SIDE  AIRBAG DEPLOYED INADVERTENTLY.*AK  PE04081.*PO...AK,02/07/2005,02/04/2005,,False,False,0,0,9VWBK61J534
10108240,2003,"Volkswagen Group of America, Inc.",GOLF,SEATS,"DRIVERS SEAT HEATER SHORTED OUT, BURNING A HOE IN SEAT AND DRIVERS TROUSERS.*AK",01/30/2005,01/23/2005,,False,True,0,0,9BWGP61J734
10103090,2003,"Volkswagen Group of America, Inc.",GOLF,SEATS,DRIVER'S SIDE SEAT HEATER CAUGHT ON FIRE BURNING CONSUMER'S LEG. MANUFACTURER WAS NOTIFIED.*AK,12/03/2004,12/02/2004,,False,True,1,0,9BWGP61J634
10067472,2003,"Volkswagen Group of America, Inc.",GOLF,SEATS,"WHILE DRIVING AT 5 MPH CONSUMER SMELLED SMOKE.   DRIVER'S SEAT OVERHEATED.  CONSUMER PARKED THE VEHICLE AND EXITED BEFORE THE SEAT BURST INTO FLAMES.  THE FIRE WAS EXTINGUISHED,  AND NO INJURIES WERE SUSTAINED.*AK  CONSUMER ALMOST HAD AN ACCIDENT WHILE TRYING TO STEER THE VEHICLE TO SAFETY.   *TC",09/28/2004,04/17/2004,,False,True,0,0,9BWGP21J834
10089260,2003,"Volkswagen Group of America, Inc.",GOLF,"ENGINE AND ENGINE COOLING,POWER TRAIN","VARIOUS PROBLEMS WITH 2003 GLX.   *MR   THE CONSUMER EXPERIENCED PROBLEMS WITH THE TRANSMISSION.  THE MECHANICS SUGGESTED THAT NOTHING WAS WRONG WITH THE VEHICLE.  THERE WAS AN INCIDENT WHERE THE ENGINE LIGHT HAD COME ON, THE VEHICLE STARTED SPUTTERING AND THE  TRANSMISSION STARTING SHIRTING ERRATICALLY.  AFTER THREE ATTEMPTS TO FIX THE PROBLEM, THE VEHICLE STILL DID NOT WORK PROPERLY.  THE TRANSMISSION WOULD ERRATICALLY MIS-SHIFT AND OR BUCK.  (MODEL/GLX)   *SC",08/09/2004,08/01/2004,,False,False,0,0,
10065373,2003,"Volkswagen Group of America, Inc.",GOLF,SUSPENSION,"CONSUMER NOTICED THAT  PASSENGER'S REAR TIRE WAS BENT.  VEHICLE WAS TAKEN TO THE DEALER FOR INSPECTION, AND  MECHANIC  DETERMINED THAT THE REAR AXLE NEEDED TO BE REPLACED. *AK    *LA",04/29/2004,,,False,False,0,0,9BWBK61J834
10051903,2003,"Volkswagen Group of America, Inc.",GOLF,POWER TRAIN,CLUTCH PEDAL STICKS. AS A RESULT THE VEHICLE WON'T SHIFT GEARS.  *AK,12/22/2003,12/21/2003,,False,False,0,0,
10044640,2003,"Volkswagen Group of America, Inc.",GOLF,AIR BAGS,"WHILE PROCEEDING FROM A LIGHT AND MAKING A RIGHT HAND TURN AT ABOUT 25 MPH CONSUMER HIT A BUMP, AND  AIR BAGS DEPLOYED.*AK",10/23/2003,10/23/2003,,False,False,0,0,NOT AVAILAB
10031306,2003,"Volkswagen Group of America, Inc.",GOLF,SUSPENSION,WHILE TRAVELING ON THE HIGHWAY AND WITHOUT PRIOR WARNING VEHICLE WILL VEER OFF TO THE LEFT OR RIGHT. *AK,07/28/2003,07/28/2003,,False,False,0,0,9BWBK61J934
10021192,2003,"Volkswagen Group of America, Inc.",GOLF,AIR BAGS,I HIT A MEDIUM SIZE POTHOLE IN THE ROAD AND MY PASSENGER SIDE AIRBAGS INFLATED.  DEALER SAYS THE MODULE SAYS THE CAR WAS IN DANGER OF TIPPING OVER AND THERE WAS NO MALFUNCTION.  MY REAR TIRE WAS DAMAGED AS THERE IS A BUBBLE IN THE SIDEWALL BUT THERE WAS NO UNDERCARRIAGE DAMAGE AND THERE WAS NO IMPACT.  *JB,06/07/2003,06/05/2003,,False,False,0,0,9BWGP61J934
10012031,2003,"Volkswagen Group of America, Inc.",GOLF,AIR BAGS,WHILE DRIVING ABOUT 65 MPH AND WITHOUT PRIOR WARNING THE CONSUMER SWERVED TO AVOID ANOTHER CAR.  AS A RESULT THE DRIVER VEERED OF THE ROAD INTO AN EMBANKMENT YET THE DUAL AIRBAGS DID NOT DEPLOY.  *NLM,03/18/2003,03/18/2003,,False,False,0,0,PLEASE FILL
10003338,2003,"Volkswagen Group of America, Inc.",GOLF,"ELECTRICAL SYSTEM,EQUIPMENT","COILPACK FAILURES ARE A SAFETY ISSUE.  IS VOLKSWAGON WAITING FOR SOMEONE TO DIE UNTIL THEY RECALL THIS?  WHILE YOUR AT IT, FIX MY WINDOWS THAT ARE GOING TO BREAK SOON TOO.",01/24/2003,01/23/2003,,False,False,0,0,9BWDE61J924
11255490,2004,"Volkswagen Group of America, Inc.",GOLF,FUEL/PROPULSION SYSTEM,CAR WILL SHUT OFF WHILE DRIVING AROUND TOWN OR CRUISING ON THE HIGHWAY (VERY DANGEROUS) ONCE FUEL TANK DROPS TO 1/4 TANK. I BELIEVE IT TO BE FAULTY FUEL PUMP DESIGN.,09/14/2019,08/21/2019,,False,False,0,0,9BWDH61J644
11114213,2004,"Volkswagen Group of America, Inc.",GOLF,FUEL/PROPULSION SYSTEM,"I STARTED SMELLING FUEL INSIDE MY CAR, AND I REPLACED THE GAS CAP. THE SMELL KEPT GETTING STRONGER AND IT GAVE ME HEADACHES WHILE DRIVING. TODAY I OPENED UP THE BACK SEAT TO EXPOSE THE FUEL PUMP AND THE PUMP LEAKS AND FROM THE TOP OF THE FUEL PUMP WHERE THE CONNECTORS AND IT FILLS UP WITH LIQUID GASOLINE. THIS IS A MAJOR FUEL SAFETY THAT CAN CAUSE MY VEHICLE TO RAPIDLY BE ENGULFED BY FIRE.",07/27/2018,07/25/2018,,False,False,0,0,9BWFL61J644
10482803,2004,"Volkswagen Group of America, Inc.",GOLF,FUEL/PROPULSION SYSTEM,"TL* THE CONTACT OWNS A 2004 VOLKSWAGEN GOLF. THE CONTACT STATED THAT GASOLINE FUEL FUMES WERE EMITTED INTO THE VEHICLE. THE CONTACT STATED THAT AFTER INSPECTING THE VEHICLE, HE NOTICED THAT THERE WAS A FUEL LEAK. THE VEHICLE WAS NOT TAKEN TO THE DEALER. THE MANUFACTURER WAS MADE AWARE OF THE FAILURE WHO DID NOT OFFER ANY ASSISTANCE SINCE THE VEHICLE WAS NOT INCLUDED IN ANY RECALLS. THE VEHICLE WAS NOT REPAIRED. THE FAILURE AND CURRENT MILEAGE WAS 88,811.",10/31/2012,10/08/2012,,False,False,0,0,9BWGL61J944
10469107,2004,"Volkswagen Group of America, Inc.",GOLF,ELECTRICAL SYSTEM,"TL*  THE CONTACT OWNS A 2004 VOLKSWAGEN GOLF. THE CONTACT WAS TRAVELING 50 MPH WHEN UNKNOWN WARNING LIGHTS ILLUMINATED AND THE VEHICLE DECELERATED INDEPENDENTLY.  THE VEHICLE WAS TOWED TO THE DEALER WHO CONFIRMED THAT THE WIRING FOR THE FUSE BOX NEEDED TO BE REPLACED. THE MANUFACTURER WAS CONTACTED. THE VEHICLE WAS REPAIRED. THE FAILURE MILEAGE WAS 65,000 AND THE CURRENT MILEAGE WAS 70,000.   UPDATED 8/31/12 *CN    UPDATED 09/11/2012 *JS",08/03/2012,04/23/2012,,False,False,0,0,9BWBL61J944
10428077,2004,"Volkswagen Group of America, Inc.",GOLF,"FUEL SYSTEM, GASOLINE","I NOTICED A STRONG SMELL OF DIESEL FUEL WHILE DRIVING MY CAR.  NEXT I NOTICED SMOKE COMING OUT FROM UNDER THE HOOD.  I TOOK MY CAR TO AUTOHAUS IN ROYAL OAK, MI WHERE THEY DIAGNOSED THE PROBLEM AS A LEAK IN THE RETURN FUEL LINE.  *TR",09/30/2011,09/29/2011,,False,False,0,0,9BWGR61J744
10323626,2004,"Volkswagen Group of America, Inc.",GOLF,UNKNOWN OR OTHER,MY 2004 VW GOLF WAS RUNNING ROUGH.  THE RPM'S WERE VERY HIGH BUT THE CAR WAS GOING VERY SLOW.  I HAD NEW SPARK PLUGS AND IGNITION WIRES PUT IN.  AFTER A HEAVY RAIN A FEW WEEKS LATER I HAD THE SAME PROBLEM.  THIS TIME I HAD A NEW IGNITION COIL PUT IN.  IN TOTAL I SPENT $699.24 HAVING THE CAR REPAIRED.  VW IS CURRENTLY RUNNING AN IGNITION COIL INSPECTION AND REPLACEMENT PROGRAM BUT MY VEHICLE IS NOT COVERED.  I CALLED TO COMPLAIN BUT VW TOLD ME THERE WAS NOTHING I COULD DO BUT COMPLAIN TO THE NHTSA.,04/03/2010,03/01/2010,,False,False,0,0,9BWFL61JX44
10285482,2004,"Volkswagen Group of America, Inc.",GOLF,"FUEL SYSTEM, DIESEL","TL*THE CONTACT OWNS A 2004 VOLKSWAGEN GOLF. THE CONTACT SMELLED A FUEL ODOR EMANATING FROM HIS VEHICLE. UPON FURTHER INSPECTION HE NOTICED A FUEL LEAK.  FUEL LEAKAGE IN THE PRESENCE OF AN IGNITION SOURCE MAY LEAD TO A FIRE. HIS VEHICLE IDENTIFICATION NUMBER WAS EXCLUDED FROM RECALL# 04V586000 (FUEL SYSTEM, DIESEL); THEREFORE, HE WAS INELIGIBLE FOR A FREE REMEDY. NO REPAIRS WERE MADE.  THE FAILURE MILEAGE WAS 94,000 AND THE CURRENT MILEAGE WAS 99,000.",09/28/2009,07/09/2009,,False,False,0,0,9BWGR61J244
10277227,2004,"Volkswagen Group of America, Inc.",GOLF,STRUCTURE,"SUN ROOF LEAKS. NOTICED A MUSTY SMELL, WINDOWS FOGGING OVER EASILY, DRIVER SIDE SEAT BELT THAT WAS WET, WET RUG IN THE REAR BAGGAGE COMPARTMENT AND FINALLY WET HEAD LINER AND SIDE PANELS IN REAR OF CAR ALSO ON THE DRIVER SIDE. CHECKED THE SUN ROOF DRAINS AND THEY WERE CLEAR AND THE SUN ROOF TRAY HAD NO STANDING WATER. HOWEVER, FOUND ABOUT 2 INCHES OF STANDING WATER IN A WELL JUST BELOW REAR TAILLIGHT ASSEMBLY AND A DRIPPING WET BLACK BOX MOUNTED ON THE BACK SIDE OF THE REAR WHEEL HOUSING, WHICH I ASSUME IS THE COMPUTER CONTROL MODULE FOR THE CAR. POURED WATER INTO SUN ROOF TRAY AND WATER WOULD JUST POUR DOWN INTO AND UPON THE AFOREMENTIONED AREAS. GOOGLED VW SUN ROOF LEAKS AND IMMEDIATELY FOUND VW OWNER WEB SITES COMPLAINING OF THIS SAME SITUATION AND THE REPAIRS THEY HAVE MADE. ALMOST EVERY SITUATION OF SUN ROOF LEAK WAS DUE TO FAILED BOND IN AN ADAPTER AND TUBE ASSEMBLY. SUN ROOF TRAY HAS FOUR BALL END NIPPLES, ONE IN EACH CORNER, ON WHICH AN PLASTIC ADAPTER SLIPS OVER AND THEN A DRAIN TUBE END SLIPS INTO AND IS SUPPOSED TO BE BONDED TO THIS ADAPTER.  I PULLED THE HEAD LINER DOWN TO OBSERVE THE JOINT AND POURED WATER INTO THE TRAY AND WATER IMMEDIATELY STARTED TO RUN FROM THIS BONDED JOINT. ON CLOSER EXAMINATION THERE WAS A GAP AND BY JUST SQUEEZING THE JOINT WITH MY FINGERS THE REST OF THE BOND FAILED AND THE JOINT CAME APART. AS SUGGESTED ON THESE WEB SITES, I BOUGHT 3/4 INCH CLEAR PLASTIC TUBING WHICH I HOSE CLAMPED TO THE NIPPLE ON THE TRAY AND SNAKED THE NEW TUBING IN PLACE OF THE OLD WITH NO NIPPLE ADAPTER. TESTED THE REPAIR BY REPEATEDLY POURING WATER INTO THE TRAY. THE JOINT THAT FAILED ON MY VEHICLE IS THE EASIEST TO ACCESS AND REPAIR. I PRAY I DON'T HAVE THE SAME PROBLEM ON THE FRONT DRAINS AS SOME OTHER UNFORTUNATES HAD HAPPEN TO THEM AS THIS INVOLVES SERIOUS DIS-ASSEMBLY OF THE DASH,  DIS-ARMING AIRBAGS, ETC. *TR",07/17/2009,11/16/2008,,False,False,0,0,9BWGR61J544
10257149,2004,"Volkswagen Group of America, Inc.",GOLF,"FUEL SYSTEM, OTHER","TL*THE CONTACT OWNS A 2004 VOLKSWAGEN GOLF.  WHILE THE VEHICLE WAS AT A LOCAL REPAIR SHOP RECEIVING AN OIL CHANGE, THE MECHANIC NOTICED FUEL LEAKING FROM THE VEHICLE.  THE MECHANIC DETERMINED THAT THE TANDEM FUEL PUMP FAILED AND WAS LEAKING FUEL FROM THE OUTSIDE OF THE ENGINE.  THE VEHICLE WAS REPAIRED AT THE COST OF $550.  THE CONTACT CALLED THE MANUFACTURER AND WAS INFORMED THAT THERE WAS A RECALL ON THE FUEL PUMP; HOWEVER, HIS VIN WAS NOT INCLUDED IN THE RECALL.  NO COMPENSATION WOULD BE PROVIDED.  THE FAILURE MILEAGE WAS 68,621 AND CURRENT MILEAGE WAS 68,650.",02/02/2009,01/31/2009,,False,False,0,0,9BWFR61J144
10228726,2004,"Volkswagen Group of America, Inc.",GOLF,"FUEL SYSTEM, DIESEL",TANK MOUNTED FUEL PUMP FAILED RESULTING IN LOSS OF POWER DIFFICULTY IN STARTING AND RUNNING.  CAR DRIVEN HOME BUT NOT REALLY OPERABLE.  *TR,05/23/2008,05/17/2008,,False,False,0,0,9BWFR61J644
10221656,2004,"Volkswagen Group of America, Inc.",GOLF,VISIBILITY,THE LOWER 1/4 OF THE REAR WINDOW DEFROST DOES NOT WORK. THE TOP 3/4 OF THE REAR WINDOW CLEAR WHEN I USE THE DEFROST FEATURE; THE LOWER 1/4 DOES NOT.  *TR,03/19/2008,03/18/2008,,False,False,0,0,9BWBL61J044
10214198,2004,"Volkswagen Group of America, Inc.",GOLF,AIR BAGS,DRIVING A 2004 VW GOLF GL AT ABOUT 30 MPH AND REAR-ENDED AN SUV.  THE FRONT END OF THE GOLF WAS SMASHED IN ALL THE WAY TO THE RADIATOR.  THE AIR BAGS DID NOT  RELEASE AT EITHER THE DRIVERS NOR THE PASSENGER SIDE.  *TR,01/08/2008,08/14/2007,,True,False,0,0,9BWFL61J344
10212018,2004,"Volkswagen Group of America, Inc.",GOLF,LATCHES/LOCKS/LINKAGES,"WHILE I WAS DRIVING ON I-35 IN KANSAS AT ABOUT 60 MPH ON DECEMBER 13, 3007 AT APPROXIMATELY 10:30 PM, THE LATCH TO MY VEHICLE RELEASED WITHOUT WARNING AND CAUSED THE HOOD OF MY VEHICLE TO FLY UP IMPAIRING MY VIEW. I WAS ABLE TO PULL OVER TO THE SHOULDER OF THE HIGHWAY AND CALLED THE KANSAS HIGHWAY PATROL. THE HIGHWAY PATROL OFFICER PUSHED DOWN ON THE HOOD BUT WAS UNABLE GET THE HOOD TO LATCH. DUE TO THE FAILURE OF THE HOOD LATCH MY HOOD HAS BEEN DAMAGED. I CHECKED YOUR WEBSITE FOR COMPLAINTS FOR THE SAME YEAR, MAKE, AND MODEL AND DISCOVERED THIS DEFECT HAD HAPPENED PREVIOUSLY TO THE SAME VEHICLE.  *TR",12/16/2007,12/15/2007,,False,False,0,0,9BWGL61J344
10209791,2004,"Volkswagen Group of America, Inc.",GOLF,POWER TRAIN,"MY WIFE WAS TAKING A SHORT TRIP TO PICK ME UP FROM WORK IN OUR 2004 VW GOLF, WHEN THE CLUTCH FAILED SUDDENLY AT A TRAFFIC LIGHT.  SHE WAS ABLE TO CONTINUE, BUT THE CLUTCH WAS FAILING TO FULLY DISENGAGE.  FORTUNATELY, SHE WAS ON SURFACE STREETS AND DID NOT HAVE TO DRIVE AT HIGHWAY SPEEDS.  WE LIMPED HOME AND REQUESTED TO HAVE THE VEHICLE TOWED TO A VW SERVICE CENTER.  THE SERVICE CENTER INDICATED THAT THE CLUTCH FAILURE WAS DUE TO WEAR AND WAS NOT A WARRANTY ITEM.  WE HAD NO INDICATIONS OF IMPENDING FAILURE (SLIPPAGE, DIFFICULTY PUTTING IN GEAR, VIBRATIONS, STRANGE NOISES, ETC.) AND MY WIFE AND I ARE BOTH EXPERIENCED USERS OF MANUAL TRANSMISSIONS.  THE SERVICE CENTER MADE THE REPAIRS (TOTAL COST OVER $1900) AND WE HAVE RESUMED USING THE VEHICLE.  *TR",11/24/2007,11/08/2007,,False,False,0,0,9BWFL61J744
10199793,2004,"Volkswagen Group of America, Inc.",GOLF,POWER TRAIN,THE DUAL-MASS FLYWHEEL CAME APART IN MY VOLKSWAGEN GOLF TDI (2004) CAUSING DIFFICULTY IN SHIFTING AND NEED FOR PREMATURE CLUTCH REPLACEMENT. THE PROBLEM STARTED NEARLY A MONTH BEFORE I HAD IT DIAGNOSED AT THE DEALER AS A BAD CLUTCH.  *JB,08/16/2007,07/05/2007,,False,False,0,0,9BWFR61J844
10186773,2004,"Volkswagen Group of America, Inc.",GOLF,AIR BAGS,DEFECTIVE SIDE AIRBAG. THEY SAID IT IS TEARING OUT AND THE WANT $600.00 TO FIX SOMETHING 3-4 YEARS OLD. *JB,04/02/2007,03/30/2007,,False,False,0,0,
10162465,2004,"Volkswagen Group of America, Inc.",GOLF,LATCHES/LOCKS/LINKAGES,THE HOOD LATCH FAILED RESULTING IN THE HOOD FLIPPING UP AND SHATTERING THE WINDSHIELD AND DAMAGING THE FRONT FENDERS AND HOOD.   *JB,07/15/2006,05/08/2006,,False,False,0,0,9BWGR61J744
10162464,2004,"Volkswagen Group of America, Inc.",GOLF,"ELECTRICAL SYSTEM,EXTERIOR LIGHTING","GLOW PLUG LIGHT BEGAN TO FLASH WHILE DRIVING, RESEARCHED THIS PROBLEM ON THE INTERNET AND FOUND THAT THERE HAVE BEEN RECALLS FOR PREVIOUS MODEL YEARS AND CHECKED MY VEHICLE. THOUGH MY VEHICLE DOES NOT FALL INTO THE RECALL YEARS AND I HAVE NOT RECEIVED AN NOTIFICATION ABOUT A RECALL THE BRAKE LIGHT SWITCH HAS FAILED ON MY VEHICLE RESULTING IN MY BRAKE LIGHTS NOT LIGHTING WHEN I BRAKE. THIS IS A HAZARD TO ME AND OTHER DRIVERS ON THE ROAD.  *JB",07/15/2006,07/14/2006,,False,False,0,0,9BWGR61J744
10162059,2004,"Volkswagen Group of America, Inc.",GOLF,ENGINE AND ENGINE COOLING,"2004 VOLKSWAGEN GOLF TDI 1.9  I NOTICED THE FUEL MILEAGE STARTED TO DECREASE AND THE VEHICLE STARTED TO PRODUCE EXCESS SMOKE.  THE PROBLEM CONTINUED TO GET WORSE OVER THE COURSE OF THE NEXT 2 MONTHS.  THE OIL CHANGES WERE CONDUCTED WITH 0W40 SYNTHETIC OIL RECOMMENDED BY THE MANUFACTURE.  THE FUEL FILTER WAS CHANGED AT 20K, 42K, 50K AND 70K TO HELP REDUCE THE SLUGGISHNESS OF THE ENGINE.  NOTHING APPEARED TO CORRECT THE PROBLEM.  AT 73500 MILE THE ENGINE BEGAN TO LOSE POWER DURING ACCELERATION AND UNDER A LOAD.  THE ENGINE ALSO DEVELOPED A SKIP RESULTING IN THE ENGINE LIGHT INDICATOR TURNING ON.  I DROVE THE VEHICLE TO THE VOLKSWAGEN DEALER AND INDICATED ALL OF THE ABOVE PROBLEMS TO THE SERVICE REPRESENTATIVE.  THE SERVICE SECTION CHECKED AND REPLACED THE MASS AIR FLOW SENSOR AND OXYGEN SENSOR.  INFORMED ME THE PROBLEM WAS CORRECTED.  I PICKED UP MY VEHICLE AND DROVE LESS THAN ONE BLOCK AND COULD NOT STAY IN THE FLOW OF TRAFFIC BECAUSE OF THE LACK OF POWER.  I RETURNED TO THE SERVICE SECTION AND DROPPED THE VEHICLE FILLING OUT THE PAPERWORK REINFORCING THE SAME PROBLEMS AS ABOVE.  THE VEHICLE HAD EXTREME HESITATION, LACK OF POWER AND EXCESSIVE SMOKE UNDER ACCELERATION AND LOAD.  THE SERVICE TECH CHECK THE ENGINE AND FOUND THAT THE CAMSHAFT HAD NO LOBES ON THE 1 AND 2 CYLINDER AND THE NUMBER 3 CYLINDER WAS BEGINNING TO LOSE THE LOBE OR ROUNDED.  THE LACK OF THE LOBE PREVENTED THE INTAKE AND EXHAUST VALVES TO PROPERLY OPEN AND CLOSE TO ALLOW FUEL MIXTURE INTO THE CYLINDER AND THE EXHAUST TO BE REMOVED FROM THE CYLINDER.  THIS PROBLEM COULD ONLY BE CORRECTED BY REPLACING THE ENTIRE HEAD.  THE WEAR ON THE CAMSHAFT IS VERY NOTICEABLE AND ABOVE THE NUMBER 1 CYLINDER THE CAMSHAFT HAS A DEEP SCRATCH OR GOUGE IN THE MIDDLE OF THE LOBE.  THE SERVICE TECHNICIAN HAD NO EXPLANATION FOR THE ROUNDING OF THE LOBES OR THE SCRATCH OR GOUGE IN THE LOBE.  *NM",07/10/2006,04/18/2006,,False,False,0,0,9BWGR61J944
10135910,2004,"Volkswagen Group of America, Inc.",GOLF,"SERVICE BRAKES, HYDRAULIC","THE ENGINE MADE A SOUND AS IF AIR UNDER PRESSURE WAS BEING RELEASED, ALONG WITH A QUITE NOTICEABLE VIBRATION WHEN TURNING IT OFF ON THE EVENING OF 30 AUG 2005.  ENROUTE TO THE DEALER TO BE CHECKED ON 31 AUG 2005, WHEN ATTEMPTING TO STOP, I PUSHED THE BRAKE PEDAL TO THE FLOOR, TWICE, WITH NO RESPONSE FROM THE BRAKE SYSTEM.  AS A RESULT, I HIT THE TRAILER HITCH OF A STOPPED SUV.  MINIMAL DAMAGE TO THE SUV; HOWEVER, CONSIDERABLE DAMAGE TO THE GOLF.  NO REPAIR WORK DONE YET; THE BRAKE PEDAL HAS SLIGHT RESISTANCE NOW.  THE DEALER PROMISED TO CHECK THE OBDII FOR FAULT CODES, BUT HAS NOT DONE SO YET.  *NM",09/08/2005,08/31/2005,,True,False,0,0,
10130682,2004,"Volkswagen Group of America, Inc.",GOLF,ENGINE AND ENGINE COOLING,"TURBO FAILED ON MY 2004 GOLF TDI (100HP) TWO MONTHS AFTER I BOUGHT THE CAR. THE DEALER TOLD ME THIS WAS UNUSUAL, BUT HAD TO SEND TO GERMANY FOR A REPLACEMENT TURBO UNIT. THE CAR DOES NOT SEEM TO HAVE THE SAME PEP SINCE THE NEW TURBO UNIT WAS INSTALLED. I HAVE HEARD OF ONE OTHER CASE WHERE THE TURBO FAILED AS WELL.  I SUSPECT MY TURBO UNIT HAS BEEN REPLACED BY THE DEALER WITH THE ONE FOR THE 90HP GOLF TDI. HOW CAN I FIND OUT IF I HAVE THE CORRECT PART INSTALLED?   *JB",07/31/2005,02/10/2005,,False,False,0,0,9BWGR21J744
10127884,2004,"Volkswagen Group of America, Inc.",GOLF,ELECTRICAL SYSTEM,"DT: THE CONSUMER STATES THAT ON JUNE 30, 2005, HIS VEHICLE BURNED TO THE GROUND, VW 2004 TURBO DIESEL GOLF. THE CONSUMER WAS DRIVING ON THE FREEWAY, THE CONSUMER STARTED SMELLING SMOKE. A FEW MINUTES LATER THE VEHICLE WAS FILLED WITH SMOKE AND THE CONSUMER COULD NOT SEE. THE CONSUMER STOPPED THE CAR IN THE MIDDLE OF THE ROAD AND JUMPED OUT OF THE CAR. AFTER THE CONSUMER RAN AWAY FROM THE VEHICLE, HE TURNED AROUND TO SEE THE VEHICLE ENGULFED IN FLAMES  FROM THE BACK SEATS. THERE WAS ALSO A CASE OF OIL BEHIND THE BACK SEAT, WHICH THE CONSUMER STATES THAT MAY HAVE SPREAD THE FIRE. THERE WERE NO PROBLEMS WITH THE CAR PRIOR TO THIS INCIDENT. THE CONSUMER HAD ONLY OWED THE VEHICLE A FEW MONTHS. ALL OF THE OWNERS PAPERWORK FROM THE CAR WAS IN THE VEHICLE WHEN IT BURNED. THE CONSUMER HAS SPOKEN TO THE DEALER BRIEFLY, BUT THEY DID NOT KNOW ANYTHING ABOUT THE PROBLEM, OR HAD NOT HEARD OF THAT HAPPENING BEFORE. THE CAR IS A COMPLETE AND TOTAL LOSS NOW. THE CAR WAS COMPLETELY ENGULFED WITHIN A MINUTE OR TWO AFTER THE OWNER ESCAPED. *JB",07/08/2005,06/30/2005,,False,True,0,0,9BWGR61J844
10113394,2004,"Volkswagen Group of America, Inc.",GOLF,VEHICLE SPEED CONTROL,"OWNER WAS DRIVING IN THE CRUISE CONTROL MODE AND THE CRUISE CONTROL STAYED ENGAGED AT 55 MPH AND  VEHICLE WENT OFF THE ROAD  INTO A DITCH. VEHICLE WENT THROUGH ALL KINDS OF DEBRIS, AND HIT A TREE STUMP. THEN,  WENT AIRBORNE INTO A TREE. THE DRIVER WAS KILLED INSTANTLY.*AK",03/03/2005,07/04/2004,,True,False,0,1,
10101523,2004,"Volkswagen Group of America, Inc.",GOLF,TIRES,"WHILE DRIVING 65 MPH, THE VEHICLE SWERVED TO THE RIGHT WITHOUT WARNING.   THE CONSUMER WAS ABLE TO MAINTAIN CONTROL OF THE VEHICLE AND PULLED OVER.   THE CONSUMER NOTICED THAT THE TREAD WAS SEPARATING FROM THE FRONT PASSENGER TIRE.  PLEASE PROVIDE FURTHER DETAILS.  *JB  THE CONSUMER REPLACED BOTH FRONT TIRES AND HAD THE REPAIRS MADE.  WHEN THE VEHICLE WAS SERVICED THE CONSUMER WAS TOLD THAT THE REAR TIRES (BOTH ORIGNAL TIRES) WERE LOW ON AIR.  *TC",01/05/2005,11/17/2004,,False,False,0,0,9BWDE61J744
10094614,2004,"Volkswagen Group of America, Inc.",GOLF,POWER TRAIN,"CONSUMER TOOK VEHICLE TO DEALER FOR REPAIRS DUE TO TRANSMISSION SLIPPING.  LESS THAN 2,000 MILES THE SAME ISSUE OCCURRED AGAIN,  TRANSMISSION SLIPPED AFTER BEING DRIVEN FOR WHILE.*AK",09/29/2004,09/24/2004,,False,False,0,0,9BWDE61J744
10081089,2004,"Volkswagen Group of America, Inc.",GOLF,ENGINE AND ENGINE COOLING,"FAILURE TO WARN.FOR SAFETY REASONS, 2004 VOLKSWAGEN VEHICLES EQUIPPED WITH A 100-HP TDI DIESEL ENGINE OPTION REQUIRE USE OF A SPECIAL ENGINE OIL FOR ALL OIL CHANGES AND TOPPING OFF OF THE OIL LEVEL.*AK    VOLKSWAGEN HAS STATED THAT FOR THESE ENGINES,  ""FAILURE TO USE ENGINE OIL FOR YOUR ENGINE THAT EXPRESSLY CONFORMS TO VOLKSWAGEN OIL STANDARD 505.01 CAN CAUSE ENGINE FAILURE ON THE HIGHWAY THAT CAN CAUSE A CRASH AND SERIOUS PERSONAL INJURY""    HOWEVER, THIS INFORMATION WAS NOT CONVEYED TO ME BY VOLKSWAGEN. THE OWNER'S MANUAL SUPPLIED WITH THE CAR ACUTALLY  REQUIRES USE OF A  NON-CONFORMING OIL SPECIFICATION, AND CONTAINS NO SAFETY WARNING.    OTHER OWNERS HAVE RECEIVED THE CORRECT INFORMATION EITHER IN THEIR OWNER'S MANUALS, OR BY MEANS OF AN ADHESIVE YELLOW AND RED WARNING LABEL AFFIXED IN THE ENGINE COMPARTMENT.  MY VEHICLE ALSO LACKS THE WARNING LABEL.    VOLKSWAGEN HAS ISSUED A SERVICE BULLETIN 17-03-01 DATED SEPT 17, 2003 WHICH DISCUSSES THE REQUIREMENT FOR THE SPECIAL OIL, BUT ONLY IN THE CONTEXT OF WARRANTY COVERAGE AND NOT SAFETY.    TO ATTEMPT TO OBTAIN SAFETY WARNING LABELS FOR MY VEHICLE,  I HAVE MADE SEVERAL CONTACTS WITH BOTH THE DEALER AND VOLKSWAGEN CUSTOMER CARE.  AT THIS TIME THE DEALER IS ATTEMPTING TO OBTAIN THE STICKERS FOR ME.  THE LABEL IS IDENTIFIED BY VOLKSWAGEN AS:  241.OILSTICKER.DIESEL.PDENGINE.21 (COPYRIGHT) 2003 VOLKSWAGEN OF AMERICA, INC    HOWEVER,  WHILE RESEARCHING THE OIL INFORMATION IT BECAME APPARENT TO ME THAT THERE ARE OTHER VOLKSWAGEN  OWNERS WITH THE SAME ENGINE SERIES  WHO ARE ALSO UNAWARE OF THE SAFETY WARNING, AND WILL BE UNTIL VOLKSWAGEN TAKES THE INITIATIVE TO PROVIDE THE INFORMATION.",07/14/2004,07/13/2004,,False,False,0,0,9BWFR61J644
10067448,2004,"Volkswagen Group of America, Inc.",GOLF,"ENGINE AND ENGINE COOLING,ELECTRICAL SYSTEM,VEHICLE SPEED CONTROL","THE EPC LIGHT ILLUMINATED THEN THE ENGINE CUT COMPLETELY OFF.  *PH     VEHICLE'S EPC LIGHT ILLUMINATED ON 3 SEPARATE OCCASIONS AT 798, 1,029 AND 1,110 MILES RESPECTIVELY.  ON THE FIRST TWO REPAIRS, THEY FOUND PROBLEMS WITH THE THROTTLE.   *LA   (THROTTLE VALVE CONTROL SYSTEM MALFUNCTION, IDLE AIR CONTROL SYSTEM RPM WAS HIGHER THAN EXPECTED, AND THE THROTTLE VALVE DRIVE-G186 EXPERIENCED AN ELECTRICAL FAULT IN THE CIRCUIT-PER SELF DIAGNOSIS LOG)  THE ENGINE WOULD SUDDENLY DIE OUT, IDLED ROUGHLY, WHISTLING SOUNDS WERE HEARD, THE EPC LIGHT WOULD COME AT INTERMITTENT TIMES, THE VEHICLE WOULD BECOME UNABLE TO BE DRIVEN OVER 15MPH, AND AT TIMES, WHEN THE EPC LIGHT WOULD COME ON THE ENGINE WOULD DIE SIMULTANEOUSLY.   *SC",04/20/2004,02/26/2004,,False,False,0,0,9BWBC61J944
10064502,2004,"Volkswagen Group of America, Inc.",GOLF,"AIR BAGS,SEAT BELTS,EQUIPMENT","I BOUGHT A NEW VW GOLF IN FEBRUARY 2004.  AT ABOUT 6:30 P.M. ON 4/1, I DROVE OVER A POTHOLE (OR SOME BUMP IN THE ROAD) WHILE DRIVING ON STORROW DRIVE IN BOSTON AND SUDDENLY TWO AIRBAGS DEPLOYED ON THE DRIVER SIDE OF MY CAR AND MY SEAT BELT APPEARED TO RECOIL.  THE TWO AIRBAGS THAT DEPLOYED WERE THE SIDE AIRBAG AND THE CURTAIN AIRBAG.  I BROUGHT MY CAR INTO A BOSTON DEALER/SERVICE DEPARTMENT THE FOLLOWING MORNING.  AFTER INSPECTING THE CAR, THE SERVICE DEPARTMENT SAID THERE WAS NO PHYSICAL DAMAGE TO THE CAR (EXCEPT OF COURSE THE DEPLOYED AIRBAGS AND BROKEN SEAT BELT), BUT THAT THERE WAS ""CRASH DATA"" ON THE CAR'S COMPUTER.  THE SERVICE DEPARTMENT WENT ON TO SAY THAT THIS IS NOT A WARRANTY SITUATION BECAUSE THE CAR DETECTED A CRASH (DESPITE THE FACT THAT THERE WAS ADMITTEDLY NO DAMAGE TO THE CAR), CAUSING THE AIRBAGS TO DEPLOY.     *NM",04/04/2004,04/01/2004,,False,False,0,0,9BWGL61J244
11422241,2005,"Volkswagen Group of America, Inc.",GOLF,SERVICE BRAKES,Brake Booster Vacuum Line Fell off making me run a red light I could not stop the car in time. After getting the car stopped about 100 feet past the light I found that the Brake Booster Vacuum Line fell off its made of hard plastic that has become brittle it cracked at both ends. There was no warning lights even after it fell off. The part number of the hose is 130-612-041   I just wanted to let someone know before people start getting hurt...,06/25/2021,06/24/2021,,False,False,0,0,9bwgr61j154
11315583,2005,"Volkswagen Group of America, Inc.",GOLF,SEAT BELTS,"I GOT IN THE CAR THIS MORNING TO HEAD TO WORK, I REACHED BACK TO PULL THE SEAT BELT FORWARD AND AROUND MY LAP. NEXT THING I KNEW THE BELT WAS FULLY EXTENDED AND WOULD NOT RETRACT AT ALL. I HAD NO TENSION LEFT IN THE SEAT BELT AND IT HUNG OVER ME COMPLETELY EXTENDED. NOW I AM DRIVING WITH THIS COMPLETELY LOOSE SEAT BELT AROUND ME, AND NO PROTECTION IF I AM IN AN ACCIDENT.",03/02/2020,03/02/2020,,False,False,0,0,9BWGL61J854
11229158,2005,"Volkswagen Group of America, Inc.",GOLF,"UNKNOWN OR OTHER,ENGINE,FUEL/PROPULSION SYSTEM","WHEN DRIVING THE CAR IT WAS RUNNING FINE AND THEN ALL OF A SUDDEN DIED ON ME AND WOULD RESTART THEN DIED AGAIN BEFORE I COULD MOVE IT OUT OF THE WAY. NOW WHEN I START IT, IT DIES IMMEDIATELY.",07/03/2019,04/15/2019,,False,False,0,0,9BWGL61J254
10957137,2005,"Volkswagen Group of America, Inc.",GOLF,AIR BAGS,"I MOVE MY PASSENGER SEAT BACK AND FOR NO REASON THE AIRBAG CAME ON, IT WOULD NOT RESET.",02/26/2017,02/18/2017,,False,False,0,0,9BWGL61J054
10871100,2005,"Volkswagen Group of America, Inc.",GOLF,AIR BAGS,TAKATA RECALL -  I WAS IN ACCIDENT ON 5/24/16 AND THE FRONT OF MY CAR WAS ALL DAMAGED BUT THE AIRBAG DID NOT INFLATE CAUSING ME TO HIT THE STEERING WHEEL,05/26/2016,05/24/2016,,True,False,0,0,9BWGL61J554
10434032,2005,"Volkswagen Group of America, Inc.",GOLF,"FUEL SYSTEM, GASOLINE","WHEN EXITING THE FREEWAY, THE FUEL LIFT PUMP DIED AND THE CAR STALLED ON THE EXIT RAMP AT 55 MPH.  I LOST CONTROL OF POWER BRAKES AND POWER STEERING BUT WAS ABLE TO COAST OFF THE RAMP TO THE STOP LIGHT AT THE END OF THE RAMP.  *TR",11/02/2011,11/02/2011,,False,False,0,0,
10384354,2005,"Volkswagen Group of America, Inc.",GOLF,AIR BAGS,"MULTIPLE AIRBAG FAILURES    01218 - SIDE AIRBAG IGNITER; PASSENGER SIDE (N200)   001 - UPPER LIMIT EXCEEDED - INTERMITTENT - MIL ON      01217 - SIDE AIRBAG IGNITER; DRIVER SIDE (N199)   001 - UPPER LIMIT EXCEEDED - INTERMITTENT - MIL ON    THE DTC'S SEEM TO BE GENERATED DURING COLD WEATHER PERIODS WHEN THE SEATS ARE MOVED.  THIS HAPPENS AT LEAST 1 - 2 TIMES PER YEAR. VEHICLE HAS NEVER BEEN MOVING WHEN THESE CODES WERE GENERATED.    DEALER HAS COMPLETED THE TSB FOR THE DRIVERS SIDE AIRBAG WIRING, BUT THE PROBLEM IS STILL OCCURRING.  PASSENGER SEAT DOES NOT HAVE A TSB FOR THE AIRBAG WIRING.  DEALER REQUIRES THAT THE CODE BE CLEARED AT THE DEALERSHIP FOR $100 PER INCIDENT.  PROBLEMATIC AIRBAGS ARE DISABLED UNTIL THE FAULT CODE IS CLEARED FROM THE SYSTEM.  BOTH CODES HAVE APPEARED MULTIPLE TIMES, AT LEAST 4, ON THIS SAME VEHICLE AND THIS PROBLEM IS ALSO FOUND ON MULTIPLE VW MODELS.  *TR",02/24/2011,01/13/2011,,False,False,0,0,9BWGR61J554
10334170,2005,"Volkswagen Group of America, Inc.",GOLF,"ELECTRICAL SYSTEM,EXTERIOR LIGHTING",THE TURN SIGNAL CLICKER CONTINUES CLICKING AFTER THE SIGNAL HAS BEEN DE-ACTIVATED.  THIS DEFECT LEADS TO PEOPLE NOT USING THE SIGNAL AS THEY DO NOT WANT TO RISK LISTENING TO THE ANNOYING CLICKING THAT SOMETIMES GOES ON FOR HOURS.  *TR,06/01/2010,05/20/2010,,False,False,0,0,9BWGR61JX54
10331180,2005,"Volkswagen Group of America, Inc.",GOLF,"FUEL SYSTEM, DIESEL","THE VEHICLE IS MAINTAINED ACCORDING TO MANUFACTURER GUIDELINES AND BY CERTIFIED MECHANICS AT VOLKSWAGEN DEALER SERVICE CENTER.   LESS THAN A WEEK AFTER THE LAST MAINTENANCE, FUEL TANK EXPLODED WHILE DRIVING. BOTTOM OF THE CAR IS DAMAGED RIGHT UNDER REAR PASSENGER SEATS.  BASED ON INITIAL REPORT FROM DEALER SERVICE DEPARTMENT, DUE TO INTERNAL PRESSURE BUILD-UP  THERE WAS NO FIRE (THE CAR IS DIESEL).  UPDATED 06/23/10.*JB  *TR",05/19/2010,05/12/2010,,False,False,0,0,9BWGR61J354
10295427,2005,"Volkswagen Group of America, Inc.",GOLF,"EXTERIOR LIGHTING,INTERIOR LIGHTING","VOLKSWAGEN 2005 GOLF:  BOTH FRONT EXTERIOR LIGHTS, DAY TIME AND NIGHT TIME WENT OUT. THE FUSE WAS GOOD AND THE LIGHT BULBS WERE OUT. APPARENTLY, THE WIRING HAD A MALFUNCTION WHICH ALSO CAUSED THE INTERIOR LIGHT ON THE CLIMATE CONTROLS TO GO OFF. THE FUSE WAS GOOD AS WELL. ANOTHER MALFUNCTION FROM THEVW  COMPANY.  LASTLY, DRIVER SIDE FRONT WINDOW WENT DOWN WHILE DRIVING TO WORK 25 MPH. I DID NOT TOUCH THE WINDOW NOR TRIED TO OPEN OR CLOSE IT, IT WENT DONE COMPLETELY AND IT IS INSIDE THE DOOR...IT WON'T GO UP NOR DOWN. IT IS NOT BROKEN EITHER. IT IS VERY DANGEROUS TO DRIVE WITH NO WINDOW IN THE WINTER. SNOW, HAIL. RAIN CAN HAPPEN WHILE THE WINDOW WENT DOWN WHILE DRIVING. IT'S VERY UNPLEASANT TO HAVE WIND AND COLD OF 3 DEGREES BELOW ZERO HIT YOUR FACE AND GO IN THE CAR TO THE OTHER PASSENGERS. THE HAIL, RAIN OR SNOW CAN THAT CAN GET IN THE CAR CAN CAUSE FURTHER DAMAGE INSIDE THE CAR. *TR",12/12/2009,04/23/2009,,False,False,0,0,9BWGL61J154
10286759,2005,"Volkswagen Group of America, Inc.",GOLF,SUSPENSION,"CAR WAS DRIVEN ON A HIGHWAY, APPROX 60 MPH WHEN A CLUNK WAS HEARD FROM THE FRONT SUSPENSION AND SOUND OF METAL FALLING ON THE ROAD. CAR IMMEDIATELY STARTED SHAKING AND PULLING STRONGLY TO THE RIGHT. WHEN THE VEHICLE WAS RAISED UP AND EXAMINED IT WAS FOUND THAT THE RIGHT FRONT SUSPENSION SPRING HAS BROKEN AND COUPLE OF COILS HAVE FALLEN OFF. CAR IN QUESTION IS 2005 VW GOLF, 55000 MILES. VW OF AMERICA WAS CONTACTED AND THEY HAVE DENIED ANY HELP CLAIMING VEHICLE IS OUT OF WARRANTY. IS NOT THIS A SAFETY ISSUE? *TR",10/08/2009,09/28/2009,,False,False,0,0,9BWFL61J354
10281644,2005,"Volkswagen Group of America, Inc.",GOLF,POWER TRAIN,"MY VEHICLE HAS 55,000 MILES AND THE DUAL MASS FLYWHEEL IS FAILING AND IS COVERED UNDER WARRANTY BUT OTHER VEHICLES OUT OF WARRANTY MAY NOT BE COVERED.  IF THIS WERE TO COMPLETELY FAIL THE CLUTCH COULD LOCK UP AT ANY TIME. AND CAUSE AN ACCIDENT. *TR",08/25/2009,08/24/2009,,False,False,0,0,9BWGR61J554
10280491,2005,"Volkswagen Group of America, Inc.",GOLF,AIR BAGS,"THE AIRBAG LIGHT HAS TURNED ON FOR THE SECOND TIME, REDERING THE AIRBAGS USELESS.  I HAVE HAD THE AIRBAGS REPLACED ONCE WITHIN THE LAST YEAR AND A HALF BECAUSE OF THE SAME ISSUE.  I WAS NEVER IN AN ACCIDENT AND I NEVER HIT ANYTHING TO CAUSE THE SENSOR TO TRIGGER. THIS SEEMS TO BE A FAULTY PART THAT HAS PROBLEMS WITH RELIABILITY NOW AND THE BAGS DO NOT DEPLOY WHEN THEY ARE NEEDED.  THE FIRST TIME THIS HAPPENED,  THE CAR WAS STILL UNDER WARRANTY.  THE CAR IS NOW 3 MONTHS OR 4,000 MILES OUT OF WARRANTY.  I AM  TO GET INTO AN ACCIDENT THE BAGS WILL NOT DEPLOY NOW.  I HAVE DONE NOTHING OUTSIDE THE REALM OF NORMAL DRIVING.  WHEN THE PARTS WERE REPLACED THE FIRST TIME, THE DEALERSHIP KEPT THE OLD PARTS.  I HAVE NOT TAKEN THIS ONE IN YET AS I CANNOT AFFORD TO PAY FOR THE COST OF THIS VERY EXPENSIVE REPAIR AT THIS TIME. *TR",08/15/2009,08/14/2009,,False,False,0,0,9BWGR61J554
10263137,2005,"Volkswagen Group of America, Inc.",GOLF,AIR BAGS,"2005 VW GOLF GLS. 77,661 MILES. WARRANTY ONLY COVERS 50,000. COULD NOT AFFORD $3,300 FOR EXTENDED WARRANTY. NO REPAIRS UNTIL NOW. PASSENGER SEAT INFREQUENTLY USED.  ""CHECK ENGINE"" LIGHT CAME ON. A FEW MINUTES LATER ""CHECK ENGINE"" LIGHT WENT OUT AND THE ""AIRBAG INDICATOR"" LIGHT CAME ON. DEALERSHIP CHARGED ME $99.50 FOR DIAGNOSTIC TEST. RESULT:WIRING CHASSIS TO PASSENGER SIDE HAD VERY HIGH RESISTANCE READING AND REPLACEMENT WAS REQUIRED FOR THE CHASSIS AND AIRBAG (650.00). NEEDED CAR INSPECTION THIS MONTH. DEALERSHIP STATED THAT THE ERROR MAY BE UNTRUE. THEY ERASED THE ERROR AND STATED THAT IF THE INDICATOR DID NOT REAPPEAR, THEN THERE WAS NOT A PROBLEM. IF IT DID, THEN THE REPAIR WAS MANDATORY TO PASS STATE INSPECTION AND PROVIDE ACCEPTABLE SAFETY FOR PASSENGER.  DRIVING HOME FROM DEALERSHIP LIGHT DID NOT APPEAR SO I HAD STATE INSPECTION. PASSED STATE INSPECTION. CALLED DEALERSHIP AND VW AND ASKED FOR REIMBURSEMENT SINCE THIS WAS A FAULTY ERROR. DEALERSHIP AND VW CUSTOMER CARE WOULD NOT REFUND THE DIAGNOSTIC COST OR ACKNOWLEDGE THAT THERE MAY BE AN ISSUE WITH THE AIRBAG SYSTEM. NOW I AM WONDERING IF THE ERROR IS LEGITIMATE AND ALSO IF MY AIRBAG SYSTEM HAS AN ERROR.  IF I AM IN AN ACCIDENT, WILL I HAVE A PROBLEM WITH MY AIRBAGS DEPLOYING PROPERLY OR AT ALL?  *TR",03/26/2009,03/25/2009,,False,False,0,0,9BWGL61J654
10207450,2005,"Volkswagen Group of America, Inc.",GOLF,"ELECTRICAL SYSTEM,AIR BAGS,STRUCTURE","SUNROOF DRAINS CLOG CAUSING BACKUP OF WATER TO SETTLE ON FLOORS RUINING CARPET, CAUSING MOLD. WATER GETS INTO DOOR FRAMES CAUSING BUCKLING OF DOORS DURING WINTER MONTHS. WATER DAMAGE ALSO CAUSED AN ELECTRICAL WIRING SHORT WHICH CAUSED AN AIRBAG FAILURE AS WELL AS RUINED TWO BATTERIES. I HAVE NOT USED OR OPENED THE SUNROOF SINCE FOR FEAR OF MORE PROBLEMS. I WAS INFORMED THAT THE COST TO REPLACE THE CARPETING AGAIN WOULD BE CHARGED TO ME IF THE CAR HAD ANOTHER WATER PROBLEM AGAIN DUE TO THE CLOGGED DRAINS. *TR",10/30/2007,04/01/2005,,False,False,0,0,9BWGR61J254
10206287,2005,"Volkswagen Group of America, Inc.",GOLF,ENGINE AND ENGINE COOLING,"TURBOCHARGER ON 2005 VW GOLF FAILED TWICE (5000 MI AND 95000 MI).  FIRST BLADE FAILED (COVERED BY WARRANTY), SECOND SHAFT BROKE IN HALF ($1,800 OUT OF POCKET).  I BOUGHT CAR BECAUSE IT WAS SUPPOSED TO BE RELAAIBLE AND SUPPOSED REPUTATION OF THE DIESEL ENGINE.  I DON'T THINK TWO FAILURES OF $1,800ITEM IN 2.5 YRS IS ACCEPTABLE.",10/19/2007,10/13/2007,,False,False,0,0,9BWGR61J654
10147717,2005,"Volkswagen Group of America, Inc.",GOLF,"FUEL SYSTEM, OTHER",DT*: THE CONTACT STATED THE FUEL GAUGE INDICATOR ON THE DASHBOARD BROKE AND WAS REPAIRED BY THE DEALERSHIP. THE MALFUNCTION INDICATOR LAMP ILLUMINATED TWICE. THE DEALERSHIP RESET THE LAMP THE FIRST TIME; HOWEVER THE VEHICLE HAS NOT BEEN TAKEN IN FOR SERVICE THIS TIME.   *NM,01/13/2006,01/09/2006,,False,False,0,0,9BW6R615454
10132001,2005,"Volkswagen Group of America, Inc.",GOLF,"ENGINE AND ENGINE COOLING,FUEL SYSTEM, OTHER","DT:  CONSUMER OWNED  A 2005 VOLKSWAGEN GOLF WITH TURBO DIESEL INJECTION. SHE BOUGHT VEHICLE WITH 75 MILES ON IT. WHILE DRIVING ON AND PASSING A BIG TRUCK WHICH WAS  MERGING INTO  CONSUMER'S VEHICLE  LANE SHE  TRIED TO ACCELERATE BUT VEHICLE LOST  POWER AND FELL BACK.  TRUCK VEERED INTO THE LANE AND CONSUMERS VEHICLE  WAS FORCED INTO THE MEDIAN UNTIL TRUCK NOTICED CONSUMER'S VEHICLE,  GOT OVER, AND LET HER BACK IN THE LANE. THE ENGINE LIGHT CAME ON, CONSUMER CALLED DEALER THE NEXT MORNING AND DEALER CAME AND PICKED UP VEHICLE.  DEALER NOTIFIED CONSUMER THAT  VEHICLE WAS FIXED. CONSUMER PICKED UP VEHICLE. WHEN SHE GOT INTO VEHICLE AND TURNED KEY ON SHE SAW THAT ENGINE LIGHT WAS STILL ON. WHEN  GETTING  BACK ON HIGHWAY CONSUMER  TRIED TO ACCELERATE AND  VEHICLE HAD NO POWER. WHEN CONSUMER ARRIVED AT HUSBAND'S   JOB TO PICK HIM UP SHE RECEIVED  A MESSAGE FROM THE DEALER TELLING HER THAT THE TURBO  WAS OUT, AND VEHICLE WAS NOT DRIVABLE . TURBO PART  WOULD BE IN ON FRIDAY. SHE RETURNED VEHICLE TO DEALER, AND THEY GAVE HER A LOANER VEHICLE.  DEALER REPLACED TURBO. SINCE THEN THE VEHICLE HAD BEEN BACK TO THE DEALER 4 TIMES FOR DIFFERENT FUEL RELATED PROBLEMS.*AK",08/08/2005,05/01/2005,,False,False,0,0,9BWGR61JX54
10120956,2005,"Volkswagen Group of America, Inc.",GOLF,POWER TRAIN,VEHICLE IS EXHIBITING SIGNS OF PREMATURE CLUTCH FAILURE.  DUAL MASS FLYWHEEL (DMF) CLUTCH WILL NEED REPLACEMENT WITHIN ONE MONTH.,05/15/2005,05/14/2005,,False,False,0,0,9BWGR61J454
11242479,2006,"Volkswagen Group of America, Inc.",GOLF,AIR BAGS,"TL* THE CONTACT OWNS A 2006 VOLKSWAGEN GOLF. THE CONTACT STATED THAT THE AIR BAG CLOCKSPRING FAILED. AS A RESULT, THE DRIVER'S AIR BAG WOULD NOT TO DEPLOY IN THE EVENT OF A CRASH DUE TO LACK OF ELECTRICITY. THE VEHICLE WAS TAKEN TO SCHUMACHER VOLKSWAGEN (3001 OKEECHOBEE BOULEVARD, WEST PALM BEACH, FL 33409) WHERE IT WAS DIAGNOSED THAT THE CLOCKSPRING FAILED. THE MANUFACTURER STATED THAT THE VEHICLE WAS NOT INCLUDED IN THE MANUFACTURER WARRANTED CLOCKSPRING REPAIR. THE MANUFACTURER ALSO ADVISED THAT THE REPAIR WAS COVERED FOR A THREE YEAR WARRANTY AND 36,000 MILES. THE VEHICLE WAS NOT REPAIRED. THE FAILURE MILEAGE WAS 119,390.",08/08/2019,08/07/2019,,False,False,0,0,WVWEV71K66W
11150775,2006,"Volkswagen Group of America, Inc.",GOLF,"ELECTRICAL SYSTEM,UNKNOWN OR OTHER",ELECTRICAL SYSTEM FOR HATCH DOOR STOPS WORKING. HATCH WILL NOT CLOSE. IS A COMMON ISSUE AND NEEDS TO BE FIXED AT THE MANUFACTURER'S EXPENSE.,11/11/2018,10/25/2018,,False,False,0,0,9BWFL61J464
11015599,2006,"Volkswagen Group of America, Inc.",GOLF,STRUCTURE,THE FRONT HOOD LATCH AND LOCKING MECHANISM HAS A DESIGN ERROR THAT MAKES IT DIFFICULT TO CLOSE AND LOCK THE HOOD. THE HOOD LATCH AND LOCKING MECHANICAL PARTS IN MY OPINOIN NEEDS TO BE MODIFIED TO WORK CORRECTLY. CAR HOODS NEED TO BE SECURED AND LOCK PROPERLY FOR THE SAFE OPERATION OF A VEHICLES. I AM UNABLE TO DRIVER THE VEHICLE BECAUSE THE HOOD WILL NOT CLOSE.,08/15/2017,08/15/2017,,False,False,0,0,9BWGL61J664
10825561,2006,"Volkswagen Group of America, Inc.",GOLF,LATCHES/LOCKS/LINKAGES,"TL* THE CONTACT OWNS A 2006 VOLKSWAGEN GOLF. WHILE DRIVING APPROXIMATELY 55 MPH, THE HOOD OF THE VEHICLE UNLATCHED WITHOUT WARNING AND SHATTERED THE WINDSHIELD. THE CONTACT TOOK THE VEHICLE TO THE DEALER WHERE IT WAS DIAGNOSED THAT THE WINDSHIELD, HOOD, AND OTHER UNKNOWN COMPONENTS NEEDED TO BE REPLACED. THE VEHICLE WAS NOT REPAIRED. THE MANUFACTURER WAS MADE AWARE OF THE FAILURE AND STATED THAT THEY WERE UNWILLING TO PAY FOR THE REPAIR. THE APPROXIMATE FAILURE MILEAGE WAS 130,000.",02/11/2016,12/29/2015,,False,False,0,0,9BWGL61J664
10415402,2006,"Volkswagen Group of America, Inc.",GOLF,SEAT BELTS,"TL* THE CONTACT OWNS A 2006 VOLKSWAGEN GOLF.  THE CONTACT STATED THAT THE REAR PASSENGER SEAT BELT STITCHING BEGAN TO UNRAVEL.  THE DEALER AND MANUFACTURER WERE NOTIFIED BUT DENIED ANY ASSISTANCE.  THE VEHICLE WAS NOT REPAIRED.  THE FAILURE MILEAGE WAS 107,000 AND CURRENT MILEAGE WAS 112,000.   UPDATED 08/15/11  *BF  UPDATED 08/24/11",07/27/2011,05/16/2011,,False,False,0,0,9BWGL61J364
10403938,2006,"Volkswagen Group of America, Inc.",GOLF,SUSPENSION,"2006 VW GOLF TDI 70K MILES OF NORMAL DRIVING CONDITIONS IN ILLINOIS.    FAILURE OF BOTH DRIVER AND PASSENGER SIDE COIL SPRINGS WITHIN 6 WEEKS OF EACH OTHER.      IN EACH CASE THE COIL SPRING BROKE TOWARDS THE END.  AT THE TOP ON ONE SIDE, ON THE BOTTOM ON THE OTHER SIDE.    COIL SPRINGS ARE GENERALLY FAIRLY STURDY UNDER NORMAL DRIVING CONDITIONS.  COULD THERE HAVE BEEN A MANUFACTURE DEFECT?  (THE FAILED SPRINGS TO NOT APPEAR TO BE CORRODED AT THE FAILURE POINT, LOOKS MORE LIKE CLEAN SNAP.)  *TR",05/31/2011,05/31/2011,,False,False,0,0,
10195995,2006,"Volkswagen Group of America, Inc.",GOLF,"FUEL SYSTEM, OTHER,VEHICLE SPEED CONTROL","TL*THE CONTACT OWNS A 2006 VOLKSWAGEN GOLF.  THE CONTACT STATED THAT THE VEHICLE IDLES WHEN THE ACCELERATOR PEDAL IS DEPRESSED TO THE FLOOR.  THE FAILURE CAUSES THE VEHICLE TO STALL WHILE THE ENGINE IS STILL RUNNING.  HE ALSO STATED THAT THE VEHICLE DOES NOT RESPOND TO THE FUEL INJECTION.  THE DEALER HAS NOT OFFERED MUCH ASSISTANCE.  THE VIN AND FAILURE MILEAGE WERE UNKNOWN.  THE CURRENT MILEAGE IS 21,000.",07/10/2007,07/01/2007,,False,False,0,0,
10184753,2006,"Volkswagen Group of America, Inc.",GOLF,"AIR BAGS,SEATS,EQUIPMENT","I WAS REAR ENDED WHILE MY CAR WAS AT A DEAD STOP.  THE PICK UP TRUCK BEHIND ME HIT ME GOING AT AN ESTIMATED SPEED OF 50 MPH CAUSING ME TO HIT THE CAR IN FRONT OF ME.  BOTH MY FRONT AND REAR END OF MY CAR SUFFERED SEVERE DAMAGES, BUT MY AIR BAG DID NOT DEPLOY AND MY SEAT CAME UNLOCKED AND CAUSED ME TO SMASH INTO MY STEERING WHEEL AND DASHBOARD.  *JB",03/11/2007,03/08/2007,,True,False,1,0,9BWGL61J364
10178324,2006,"Volkswagen Group of America, Inc.",GOLF,ENGINE AND ENGINE COOLING,"(1) INTERCOOLER LEAKING OIL @ 16K MILES ON A 2006 VW GOLF TDI.  FAILURE IS DUE TO CHAFFING OF THE ALUMINUM INTERCOOLER PIPES BY THE PERPENDICULAR PIECE OF PLASTIC THAT EXTENDS TO IT FROM THE FRONT PASSENGER SIDE GRILL AND TOUCHES THE INTERCOOLER.  DURING NORMAL DRIVING, OVER TIME, THE PLASTIC MOVES AND RUBS AGAINST THE INTERCOOLER AND EVENTUALLY CREATES HOLES WHERE OIL LEAKS OUT AND PUDDLES ON THE FRONT SIDE OF THE PASSENGER WHEEL WELL.  (2)AS SOON AS I SAW THE OIL PUDDLING IN SMALL 3-5"" CIRCLES, I BROUGHT THE CAR TO THE DEALER WHERE THEY VERIFIED MY CONCERN.  IF LEFT UNCHECKED, THIS WOULD LEAD TO CONTINUED LOSS OF OIL, LOSS OF BOOST AND EVENTUALLY FAILURE OF THE TURBO.  (3)DEALER IS FIXING UNDER WARRANTY, BUT TOLD ME THEY WILL ONLY REPLACE THE INTERCOOLER AND WILL DO NOTHING TO RESOLVE THE ROOT CAUSE OF THE PROBLEM, WHICH IS THAT THE HARD PLASTIC RUBS AGAINST THE SOFT ALUMINUM METAL OF THE INTERCOOLER PIPES AND CAUSES A HOLE.  DEALER CLAIMS THERE IS NO TSB FROM VW WHICH IS ABSURD.  NUMEROUS INTERNET SEARCHES AND LOOKING ON WWW.TDICLUB.COM SHOW MANY OCCURRENCES OF THIS PROBLEM. IT IS SPECIFIC TO THE TDI VERSION OF THE GOLF SINCE IT HAS A TURBO.  AT A MINIMUM, THE PLASTIC NEEDS TO BE TRIMMED AND A PIECE OF FOAM OR SOMETHING SOFT NEEDS TO BE INSERTED SO NOTHING HARD CAN RUB AGAINST THE ALUMINUM INTERCOOLER PIPES.  IF THE ROOT CAUSE IS NOT ADDRESSED THEN THIS WILL CONTINUE TO FAIL.  IT IS A RELIABILITY CONCERN, A SAFETY CONCERN (LOSS OF BOOST, TURBO FAILURE), AN ENVIRONMENTAL CONCERN (LEAKING OIL) AND A COST CONCERN SINCE EVENTUALLY THE CAR WILL BE OUT OF WARRANTY.*JB",01/10/2007,01/05/2007,,False,False,0,0,9BWGR61J864
10178209,2006,"Volkswagen Group of America, Inc.",GOLF,VEHICLE SPEED CONTROL,"TL*-  THE CONTACT  OWNS  A 2006 VW GOLF 16000 AND  STOPPING  AND PRESSING  ON THE ACCELERATOR THE VEHICLE REVVED UP, BUT DID NOT MOVE. THE CONTACT SAID THAT IT DIDN'T HAPPEN ALL OF THE TIME, AND THE WEATHER CONDITIONS HAVE NOT BEEN A FACTOR. THE CONTACT  TOOK THE CAR TO THE DEALER THEY MADE AN ADJUSTMENT, BUT THE CONTACT FELT THAT ITWAS WORSE NOW. *AK",01/09/2007,01/03/2007,,False,False,0,0,
10168303,2006,"Volkswagen Group of America, Inc.",GOLF,ENGINE AND ENGINE COOLING,"WHILE DRIVING VEHICLE (ONLY 14,500 MILES) ALL OF A SUDDEN, THERE WAS A LOSS IN POWER AND A WHINING SOUND. THE WHINING SOUND INCREASED SPEED AND PITCH WHEN STEPPING ON THE ACCELERATOR PEDAL. THEN SOON AFTER, SMOKE CAME FROM THE TAIL PIPE. PARKED CAR AND HAD IT TOWED TO THE DEALER OF PURCHASE.  DEALER WILL NOT INSPECT CAR FREE UNDER WARRANTY UNLESS I CAN PROVE THAT I USED THE VW APPROVED MOTOR OIL. CALLED DEALER SERVICE MANAGER AND GOT SAME REPLY. CALLED VW CUSTOMER CARE NUMBER AND GOT THE SAME REPLY. BY THIS TIME, CAR WAS NOT OPERABLE FOR ALMOST 3 WEEKS JUST SITTING IN THE DEALER SERVICE LOT. DEALER SERVICE AND VW OF AMERICA REFUSE TO TAKE RESPONSIBILITY FOR THE REPAIR. DEALER SAID THEY WOULD INSPECT THE CAR FOR $625.00. IF FOUND TO BE A MANUFACTURER'S DEFECT, I WOULD NOT HAVE TO PAY THE $625.00   NOW I AM WAITING FOR THE DEALER SERVICE TO TELL ME THAT IT WAS NOT A DEFECT AND THAT SOMEHOW THE ENGINE FAILURE WAS MY FAULT.   *JB",09/14/2006,08/26/2006,,False,False,0,0,9BWGR61J864
10168121,2006,"Volkswagen Group of America, Inc.",GOLF,VEHICLE SPEED CONTROL,"SPEEDOMETER PROVIDES AN INCORRECT READING BY GERMAN LAW. THIS READING IS OFF BY 1-10 MPH, AND IS A SAFETY HAZARD. IT IS ALSO EASILY FIXED.   *JB",09/13/2006,02/18/2006,,False,False,0,0,
11315593,2007,"Volkswagen Group of America, Inc.",GOLF,POWER TRAIN,THE VEHICLE IS HAVING PROBLEMS WITH THE DSG TRANSMISSION ITS JERKING TOO MUCH OUT OF NOWHERE MY CAR GOT STUCK ON ONE GEAR AND THE PRND LIGHTS KEEP FLASHING NOTHINGS FIXING THE PROBLEM I REALLY LOVE THIS CAR SUCKS IT HAS TO BE PUT DOWN AT 160K,03/02/2020,01/10/2020,,False,False,0,0,WVWSV71K37W
10201946,2007,"Volkswagen Group of America, Inc.",GOLF,ENGINE AND ENGINE COOLING,CAR OVERHEATED ABOVE 40 MPH.  RADIATOR INSPECTED AND FLUSHED.  PROBLEM PERSISTED.  WATER PUMP REMOVED AND FOUND TO BE DEFECTIVE.  PLASTIC IMPELLER WAS LOOSE ON SHAFT AND NOT MOVING COOLANT.  REPLACEMENT IMPELLER WAS METALLIC.,09/05/2007,08/16/2007,,False,False,0,0,9BWGL61J544
10929995,2008,"Volkswagen Group of America, Inc.",GOLF,FUEL/PROPULSION SYSTEM,"DURING A DE-CARBON SERVICE ON THE VALVES IT WAS FOUND THAT THE CAMSHAFT IS GROUND AND SCORED, FUEL PUMP SHAFT IS GROUND DOWN, CAM FOLLOWER HAS A HOLE BORED THROUGH.  PER THE TECHNICIAN THE FUEL SYSTEM WOULD HAVE FAILED AT ANY MOMENT. OBD DID NOT RECORD ANY FAULTS. VEHICLE WAS STATIONARY WHEN THE ISSUE WAS DISCOVERED. CAMSHAFT, FOLLOWER AND FUEL PUMP HAVE TO REPLACED.",12/05/2016,11/30/2016,,False,False,0,0,WVWEV71K78W
11115555,2009,"Volkswagen Group of America, Inc.",GOLF,"ELECTRICAL SYSTEM,ENGINE","TL* THE CONTACT OWNS A 2009 VOLKSWAGEN GOLF. WHILE DRIVING AT AN UNKNOWN SPEED, THE SPEEDOMETER FAILED AND THE CHECK ENGINE INDICATOR ILLUMINATED. THE CONTACT STATED THAT THE VEHICLE EXHIBITED THE SAME SYMPTOMS AS LISTED IN NHTSA CAMPAIGN NUMBER: 16V913000 (SERVICE BRAKES, HYDRAULIC, ELECTRONIC STABILITY CONTROL). THE VEHICLE WAS TAKEN TO STONE MOUNTAIN VOLKSWAGEN (3500 STONE MOUNTAIN HWY, SNELLVILLE, GA 30078, 678-367-4286) WHERE IT WAS DIAGNOSED THAT THE VEHICLE NEEDED A NEW CONTROL MODULE. THE VEHICLE WAS NOT REPAIRED. THE MANUFACTURER WAS NOT NOTIFIED OF THE FAILURE. THE FAILURE MILEAGE WAS APPROXIMATELY 116,000.",08/03/2018,07/01/2018,,False,False,0,0,WVWHV71K29W
10983768,2009,"Volkswagen Group of America, Inc.",GOLF,SERVICE BRAKES,"I WAS DRIVING MY VW GTI MK5, AND FROM ONE MOMENT TO ANOTHER I TURNED ON 3 LIGHTS ON THE INSTRUMENT PANEL OF MY CAR, A BRAKE LIGHT, TRACTION CONTROL AND ABS, THE CAR BEGAN TO SOUND A WARNING AND TURN IT OFF IMMEDIATELY",05/05/2017,04/24/2017,,False,False,0,0,WVWEV71K89W
10882059,2009,"Volkswagen Group of America, Inc.",GOLF,"ELECTRONIC STABILITY CONTROL (ESC),SERVICE BRAKES","ELECTRONIC STABILITY CONTROL , SERVICE BRAKES",07/01/2016,06/27/2016,,False,False,0,0,WVWHV71K19W
11603240,2010,"Volkswagen Group of America, Inc.",GOLF,"SERVICE BRAKES, HYDRAULIC,ELECTRONIC STABILITY CONTROL (ESC)","The contact owns a 2010 Volkswagen Golf. The contact stated while driving at an undisclosed speed, the ABS and traction control warning lights illuminated. The vehicle was taken to an independent mechanic, who diagnosed a failure with the ABS control module. The vehicle was not repaired. After investigating the failure, the contact related the failure to NHTSA Campaign Number: 16V913000 (Service Brakes, Hydraulic, Electronic Stability Control (ESC)); however, the VIN was not included. The manufacturer was notified of the failure but provided no assistance. The failure mileage was 107,000.",07/18/2024,07/18/2024,,False,False,0,0,WVWDM7AJ8AW
11595139,2010,"Volkswagen Group of America, Inc.",GOLF,"SERVICE BRAKES, HYDRAULIC,ELECTRONIC STABILITY CONTROL (ESC)","The contact owns a 2010 Volkswagen Golf. The contact received notification of NHTSA Campaign Number: 16V913000 (Service Brakes, Hydraulic, Electronic Stability Control (ESC) however, the dealer declined to repair the vehicle due to the ABS and ESC warning lights being illuminated. The contact stated that the dealer had exceeded a reasonable amount of time for the recall repair. The manufacturer was made aware of the issue. The contact had experienced a failure with the ESC and ABS warning lights being illuminated. The failure mileage was approximately 133,000. Parts distribution disconnect.",06/18/2024,06/12/2024,,False,False,0,0,WVWAA7AJ0AW
11473147,2010,"Volkswagen Group of America, Inc.",GOLF,"AIR BAGS,SEAT BELTS,SEATS","Shortly after acquiring this car, an airbag light appeared on the dashboard after my sister adjusted the passenger side seat. The airbag indicator showed that it was off afterward, despite my sister being adequate weight to require the airbag. Continued problems ensued when the seat would show that it was occupied (airbag on and seatbelt chime when unbuckled, even though there was no one in the seat). Now this happens sporadically, and it is unknown whether the airbag will be operational or not whenever I start the car. Often, turning the car off then back on will allow for the airbag to show it is on for a passenger. I have seen in other locations online that this is an issue that has affected other people online with this model of car.",07/09/2022,07/09/2022,,False,False,0,0,Wvwdb7aj9aw
11432070,2010,"Volkswagen Group of America, Inc.",GOLF,POWER TRAIN,"I call my call Inspector Gadget because it shifts on it's own.  I could be braking and it leaps forward as if I put it in 4th or 5th gear.  I heard of gears ""slipping"" but it is the reverse - it's rev's on it's own and speed increases.  I was told it might be the manifold but I can't get that confirmed from auto mechanic and it won't pass smog now.",09/07/2021,07/01/2021,,True,False,0,0,wvwdb7aj1aw
11364700,2010,"Volkswagen Group of America, Inc.",GOLF,ELECTRONIC STABILITY CONTROL (ESC),"ABS WARNING LIGHTS INTERMITTENTLY FOR MANY MONTHS- GO ON AND OFF ALONG WITH AIRBAG WARNING FREQUENTLY- SEVERAL MECHANICS COULD NOT DIAGNOSE. RECENTLY BRAKE WARNING LIGHTS CAME ON AT SAME TIME AS ABS AND AIRBAG WARNINGS. BRAKE SYSTEM CHECKED OUT FINE. ON REPLACEMENT OF WHEEL SPEED ABS SENSOR, DISCOVERED CENTRAL ABS CONTROL MODULE ERROR (DTC 01130).  VW HAD ALREADY ISSUED A SAFETY RECALL ( 45F2) FOR THE ABS SENSOR IN SEVERAL 2009 AND 2010  JETTA/GOLF, BUT IN A LIMITED VIN RANGE.  THEY REFUSE TO ACKNOWLEDGE THE PROBLEM IN THIS 2010 GOLD IS THE FAULT OF THE FAULTY  ABS CONTROL MODULE FOUND IN OTHER 2010 GOLF CARS AND REFUSE TO HONOR RECALL OR TO LOG PROBLEM.",10/16/2020,10/10/2020,,False,False,0,0,WVWBA7AJ6AW
11338426,2010,"Volkswagen Group of America, Inc.",GOLF,"AIR BAGS,ELECTRONIC STABILITY CONTROL (ESC),SERVICE BRAKES","ABS CONTROL MODULE FAILURE. LOST OF ABS SYSTEM, STABILITY CONTROL SYSTEM AND AIR BAG SYSTEM. THIS HAPPENS AT 4 YEARS OF OWNERSHIP.",07/09/2020,05/17/2014,,False,False,0,0,WVWDA7AJ6AW
11098770,2010,"Volkswagen Group of America, Inc.",GOLF,AIR BAGS,"TL* THE CONTACT OWNS A 2010 VOLKSWAGEN GOLF. THE CONTACT STATED THAT THE AIR BAG WARNING INDICATOR ILLUMINATED, WHICH WAS A SAFETY CONCERN. THE VEHICLE WAS TAKEN TO AN INDEPENDENT MECHANIC, BUT THE CAUSE OF THE FAILURE COULD NOT BE DETERMINED. THE VEHICLE WAS THEN TAKEN TO HERITAGE VOLKSWAGEN CATONSVILLE (6624 BALTIMORE NATIONAL PIKE, BALTIMORE, MD 21228), BUT WAS NOT DIAGNOSED OR REPAIRED. THE DEALER STATED THAT THE VIN WAS NOT INCLUDED IN A RECALL. THE MANUFACTURER WAS NOT CONTACTED. THE FAILURE MILEAGE WAS 95,000.  *TT  *TR",05/30/2018,02/03/2018,,False,False,0,0,WVWBA7AJ2AW
11089488,2010,"Volkswagen Group of America, Inc.",GOLF,SEAT BELTS,2010 VOLKSWAGEN GOLF. CONSUMER WRITES IN REGARDS TO SEATBELT DEFECT WITH NO WARRANTY SUPPORT. *LD    THE CONSUMER STATED THE SEAT BELT WOULD NOT RETRACT.  *JS,04/26/2018,04/26/2018,,False,False,0,0,
11081882,2010,"Volkswagen Group of America, Inc.",GOLF,"AIR BAGS,FUEL/PROPULSION SYSTEM","I FILED A VEHICLE BUYBACK WITH VOLKSWAGENS VEHICLE BUYBACK PROGRAM IN FEBRUARY OF 2016. I WAITED AND CALLED BACK AND FORTH TRYING TO FIND OUT ABOUT MY VEHICLE AND IF IT WAS GOING TO GET BOUGHT BACK. VOLKSWAGEN KEPT TELLING ME MY DOCUMENTS WERE INVALID AND I HAD TO RE-DO THEM EACH TIME AND SEND THEM BACK AND WAIT LONGER FOR A RESPONSE. ON 08/23/2017, THEY MADE ME RESET MY CLAIM BECAUSE THEY SUPPOSEDLY ""FILED ME IN THE WRONG CATEGORY"". AFTER THAT, ALL MY DOCUMENTS FINALLY GOT ACCEPTED, AND HAVE BEEN ""UNDER REVIEW"" FOR THE PAST 9 MONTHS. THEY HAVE BEEN REVIEWING MY DOCUMENTS AND HAVEN'T BEEN MOVING FORWARD WITH MY CASE FOR ALMOST 2 YEARS AND MY CAR HAS BEEN SITTING IN MY DRIVEWAY WAITING TO BE TURNED IN. I AM AFRAID TO DRIVE IT BECAUSE OF THE POSSIBLE HEALTH EFFECTS IT MIGHT HAVE ON ME AND MY SURROUNDINGS BUT VOLKSWAGEN IS BEING NEGLIGENT AND IGNORING MY CLAIM, EVEN THOUGH IT IS 100% VALID BECAUSE I HAVE OWNED MY CAR SINCE 2014. PLEASE LOOK INTO THIS CLAIM WITH CARE AND HELP ME FIGURE THIS OUT. IT HAS BEEN A VERY HARD STRUGGLE FOR ME AND I AM JUST DREADING TO GET THIS OVER WITH.",03/28/2018,10/15/2016,,False,False,0,0,WVWNM7AJ8AW
11010598,2010,"Volkswagen Group of America, Inc.",GOLF,"ELECTRICAL SYSTEM,ENGINE,FUEL/PROPULSION SYSTEM",HAD TO REPLACE THE MAP SENSOR 3 TIMES IN 2 YEARS. MANIFOLD PROBLEM. THERE ARE NO RECALLS FOR THIS VEHICLE BUT THE PROBLEM PERSISTS. HAD TO PAY $700 EACH TIME TO FIX.,07/25/2017,07/24/2017,,False,False,0,0,WVWBB7AJ6AW
10968639,2010,"Volkswagen Group of America, Inc.",GOLF,AIR BAGS,TAKATA RECALL. THE DEALER DOES NOT HAVE THE PARTS. IT HAS BEEN MORE THAN A YEAR NOW. I NEED TO BE ABLE TO DRIVE THAT CAR WITHOUT RISKING MY LIFE EVERY DAY.,03/27/2017,02/09/2016,,False,False,0,0,WVWDM7AJ2AW
10946727,2010,"Volkswagen Group of America, Inc.",GOLF,AIR BAGS,"TAKATA RECALL - OFFICIAL RECALL IS DATED FEBRUARY 9, 2016. WE STILL HAVE NOT RECEIVED ANY INFORMATION ABOUT THIS, INCLUDING A WAY TO REMEDY THIS POTENTIALLY LIFE-THREATENING ISSUE.",01/20/2017,02/09/2016,,False,False,0,0,WVWNM7AJ1AW
10937277,2010,"Volkswagen Group of America, Inc.",GOLF,AIR BAGS,TAMARA RECALL.  THE MANUFACTURER HAS FAILED TO REPLACE THE AIRBAG EVEN THOUGH IT PRESENTS A POTENTIAL SERIOUS SAFETY HAZARD.  I WOULD LIKE AN UPDATE FROM THE MANUFACTURER REGARDING THE REPAIR AND DATE I CAN TAKE MY VEHICLE TO THE DEALER.  IT IS HAS BEEN TOO LONG WITH NO FIX IDENTIFIED.  THIS IS UNACCEPTABLE.,12/23/2016,12/23/2016,,False,False,0,0,WVWNM9AJ9AW
10934182,2010,"Volkswagen Group of America, Inc.",GOLF,AIR BAGS,"TAKATA RECALL... I'M IN ZONE A, TEXAS, AND MY CAR HAS STILL NOT BEEN FIXED! WHEN AND HOW WILL I BE CALLED UP TO GET THESE FIXED? I'M KEEPING THE CAR UNTIL MID-2018.",12/09/2016,02/01/2016,,False,False,0,0,WVWDM7AJ0AW
10923809,2010,"Volkswagen Group of America, Inc.",GOLF,AIR BAGS,"""TAKATA RECALL"".  SEVERAL MONTHS AGO, I RECEIVED A RECALL NOTIFICATION FOR A TAKATA AIRBAG IN MY VEHICLE.  SINCE THEN, I HAVE BEEN UNABLE TO DETERMINE A SCHEDULE FOR AIRBAG REPLACEMENT.  THE NHTSA WEBSITE REFERENCES A ""SCHEDULE"" & ""PRIORITY"" FOR REPLACEMENT OF TAKATA AIRBAGS, BUT MY VEHICLE IS NOT LISTED.  THE ONLY SCHEDULE INFORMATION I HAVE FOUND ON THE NHTSA WEBSITE INDICATES THAT OLDER VEHICLES IN HOT & HUMID CONDITIONS ARE AT HIGHER RISK.  PRIORITY 1 VEHICLES ON THE NHTSA LIST INDICATE THAT FAILURE IS MORE LIKELY IN PRIORITY 1 LOCATIONS AFTER 6-9 YEARS.  MY VEHICLE IS MORE THAN 6 YEARS OLD & HAS SPENT MOST OF IT'S LIFE WHERE IT WAS PURCHASED, IN VIRGINIA BEACH, VIRGINIA WITHIN A FEW MILES OF CORROSIVE SALT WATER IN THE ATLANTIC OCEAN.  SEVERAL FRIENDS, CLIENTS & FAMILY HAVE REFUSED TO RIDE IN MY VEHICLE DUE TO ITS' AIRBAG RECALL & PROXIMITY TO HIGH HEAT & HUMIDITY.  I AM ALSO CONCERNED ABOUT MY PERSONAL SAFETY.  WHEN IS MY VEHICLE ELIGIBLE FOR AIRBAG REPAIR?",11/02/2016,11/02/2016,,False,False,0,0,WVWMM7AJ4AW
10893291,2010,"Volkswagen Group of America, Inc.",GOLF,ENGINE,"THE MAIN (REAR) ENGINE OIL SEAL IS LEAKING WITH ONLY 51,000 MILES ON THE ODOMETER.  I BELIEVE THIS IS A DEFECT OF THE ENGINE OIL SEAL OR IMPROPERLY MOUNTED FROM THE VW FACTORY.  THERE HAS BEEN NUMEROUS COMPLAINTS OF THIS PROBLEM WITH VW OWNERS. THE COST OF THIS REPAIR SHOULD BE FULLY COVERED BY VOLKSWAGEN OF AMERICA.",08/04/2016,08/01/2016,,False,False,0,0,WVWDB9AJ4AW
10864712,2010,"Volkswagen Group of America, Inc.",GOLF,AIR BAGS,"VW SHOULD PUT CUSTOMERS IN LOANERS UNTIL THE AIRBAGS ARE SAFELY REPLACED.  IT'S NOT RIGHT TO SEND SOMEONE A NOTICE, STATING THEIR AIRBAG MAY MALFUNCTION AND KILL YOU WITHOUT OFFERING A SAFE MEANS OF TRANSPORTATION.      WE ALSO HAVE A HONDA CRV AND THEY HAVE PROVIDED A LOANER UNTIL THE AIRBAG IS REPLACED.",05/13/2016,05/12/2016,,False,False,0,0,WVWBM7AJ9AW
10811970,2010,"Volkswagen Group of America, Inc.",GOLF,FUEL/PROPULSION SYSTEM,ENGINE FAILURE ON ROAD.  SERVICE IS CLAIMING IT IS A FUEL PUMP ISSUE.... HIGH PRESSURE FUEL PUMP.,12/23/2015,12/20/2015,,False,False,0,0,WVWBM7AJXAW
10671435,2010,"Volkswagen Group of America, Inc.",GOLF,"ELECTRICAL SYSTEM,ENGINE,FUEL/PROPULSION SYSTEM","WHILE DRIVING THE VEHICLE SIMPLY SHUT OFF. I TURNED ON HAZZARDS, PUT CAR INTO PARK, RESTARTED, PUT CAR BACK INTO DRIVE AND DROVE AWAY. THIS WAS ON THE I-35 FRONTAGE ROAD AND I COULD HAVE EASILY BEEN REARENDED / KILLED. HAPPENED ONE OTHER TIME ON THE BQE IN NEW YORK SEVERAL MONTHS PRIOR. AFTER THE FIRST INCIDENT I WAS TOLD BY THE AUTHORIZED SERVICE DEPT. ""PROBABLY A GLITCH, WON'T HAPPEN AGAIN."" WAITING FOR A THIRD INCIDENT WHERE I'M NOT SO LUCKY.",01/09/2015,12/24/2014,,False,False,0,0,WVWDB7AJXAW
10638450,2010,"Volkswagen Group of America, Inc.",GOLF,FUEL/PROPULSION SYSTEM,"I WAS STOPPED AT A RED LIGHT PREPARING TO MAKE A LEFT HAND TURN WHEN I NOTICED THAT THE ENGINE STARTED MAKING A RATTLING NOISE.  AFTER THE LIGHT TURNED GREEN, I PROCEEDED TO MAKE MY TURN AND AFTER EXITING THE INTERSECTION THE VEHICLE STARTED TO HESITATE AND EVENTUALLY STALLED.  I PULLED TO THE SIDE OF THE ROAD SAFELY AND TRIED TO RESTART THE VEHICLE BUT IT WOULD NOT START.  I CALLED AAA AND MY LOCAL VW DEALER AND HAD THE CAR TOWED THERE FOR REPAIR.      I WAS TOLD THAT THE HIGH PRESSURE DIESEL FUEL PUMP FAILED AND THAT IT WOULD BE REPLACED AS A ""GOODWILL"" BY VW SINCE MY CAR WAS JUST OUT OF THE 5 YEAR 60K WARRANTY.  TO MY KNOWLEDGE, THE ENTIRE FUEL SYSTEM WAS REPLACED WITH THE EXCEPTION OF THE FUEL TANK ITSELF WHICH WAS CLEANED.  EVERYTHING WAS TAKEN CARE OF BY VW WITH NO CHARGE TO ME, AND A LOANER CAR WAS PROVIDED.  *TR",09/23/2014,07/22/2014,,False,False,0,0,WVWSK61J22W
10618555,2010,"Volkswagen Group of America, Inc.",GOLF,"FUEL SYSTEM, DIESEL,EQUIPMENT","2010 VOLKSWAGEN GOLF.  CONSUMER WRITES IN REGARDS TO FUEL SYSTEM MALFUNCTION.  *SMD  THE CONSUMER STATED IN JULY 2013, THE VEHICLE UNEXPECTEDLY STALLED ON THE HIGHWAY. WHEN SHE TOOK THE VEHICLE TO DEALER, FOR A DIAGNOSES, THEY INFORMED HER, THE FUEL SYSTEM HAD COMPLETELY MALFUNCTIONED AND SENT METAL SHARDS THROUGHOUT THE ENTIRE FUEL SYSTEM. A COUPLE OF MONTHS LATER, THE AC WASN'T FUNCTIONING PROPERLY. IT WAS TAKING 10-15 MINUTES TO GET COLD. IT WAS DETERMINED THE AIR COMPRESSOR WAS FAILING AND NEEDED TO BE REPLACED ALONG WITH THE RECEIVER AND EXPANSION VALVE. *JB",08/04/2014,07/01/2013,,False,False,0,0,
10597866,2010,"Volkswagen Group of America, Inc.",GOLF,STRUCTURE,"THE HEAD LINER IN MY VW GOLF IS FALLING APART AROUND THE REAR DOME LIGHT.  THE MATERIAL HAS SEPARATED FROM THE ROOF AND IS BLOCKING MY REAR VIEW. THIS IS A FOUR YEAR OLD CAR WITH UNDER 70,000 MILES ON IT.  VW HAS REFUSED TO COVER IT UNDER MY WARRANTY.   *TR",06/12/2014,06/12/2014,,False,False,0,0,WVWDM7AJ8AW
10595916,2010,"Volkswagen Group of America, Inc.",GOLF,"SEAT BELTS,SEATS",I DRIVE A 2010 VW GOLF TDI.  IT HAS BEEN USED AS A WORK VEHICLE JUST TO DRIVE BACK AND FORTH FOR ALL OF ITS LIFE EXCEPT RECENTLY AND KEPT EXTREMELY CLEAN ON THE INSIDE.  THE REAR SEAT BELTS HAVE ONLY BEEN USED FOR THE LAST 3 MONTHS WHEN MY DAUGHTER MOVED INTO A TODDLER SEAT.  THE REAR PASSENGER SEAT BELT IS DEFECTIVE AND WILL NOT WIND BACK UP NOW BEING UNUSABLE.  *TR,06/03/2014,05/30/2014,,False,False,0,0,WVWDM7AJ1AW
10583653,2010,"Volkswagen Group of America, Inc.",GOLF,"FUEL SYSTEM, DIESEL,VEHICLE SPEED CONTROL,ENGINE","HAD JUST REFUELED VEHICLE A DAY PRIOR WHEN ON LUNCH BREAK VEHICLE LOST POWER WHILE DRIVING. UPON ENTERING A HEAVILY CONGESTED INTERSECTION THE VEHICLE LOST POWER AND STALLED CAUSING STEERING, BRAKING AND CONTROL TO BE COMPROMISED. STARTED VEHICLE TO MOVE OUT OF HEAVY TRAFFIC AND DROVE DIRECTLY TO AN AUTOMOTIVE REPAIR SHOP. UPON INSPECTION THE REPAIR FACILITY DISCOVERED METAL PARTICLES THROUGHOUT FUEL SYSTEM CAUSING UNSAFE DRIVING CONDITIONS LISTED ABOVE INCLUDING STALLING AND LOSS OF CONTROL.   *TR",04/19/2014,04/18/2014,,False,False,0,0,WVWBM7AJ4AW
10559285,2010,"Volkswagen Group of America, Inc.",GOLF,"FUEL SYSTEM, DIESEL","THERE WERE THREE SEPARATE STALLING INCIDENTS WITHIN 1 YEAR (9/2012-6/2013).  AFTER EACH INCIDENT, THE VEHICLE WAS TAKEN TO A VOLKSWAGEN DEALERSHIP FOR EVALUATION.  THE VEHICLE WAS WITHIN THE 36,000 MILE WARRANTY DURING THIS TIME, AND NO PROBLEMS WERE DIAGNOSED OR REPAIRED BY THE TECHNICIANS.  FINALLY, ON 1/7/2014, THERE WAS A COMPLETE FAILURE OF THE HIGH PRESSURE FUEL PUMP.  *TR",01/09/2014,01/07/2014,,False,False,0,0,WVWDM7AJ8AW
10557979,2010,"Volkswagen Group of America, Inc.",GOLF,"ELECTRICAL SYSTEM,EXTERIOR LIGHTING","FIRST SYMPTON WAS A FAULTY WARNING LIGHT STATING, INCORRECTLY, THAT A BULB WAS DEAD.  REPLACED HEADLIGHTS UNDER ADVICE FROM DEALER THAT THE ERROR WAS DUE TO FAULTY VOLTAGE FROM A DYING BULB.  CONDITION WORSENED.  INFORMATION CENTER BEGAN STATING THAT ALL BULBS WERE OUT EACH TIME YOU STARTED THE CAR AND THEN FINALLY, LIGHTS BEGAN TO FAIL.  THE CAR LOST ALL EXTERIOR PASSENGER SIDE LIGHTS AND HAD ONLY INTERMITTENT USE OF REAR DRIVER SIDE LIGHTING.  DEALER THEN DIAGNOSED PROBLEM AS A MELTED FUSE BOX BUT COULD NOT GIVE REASON FOR MELTING.  NO MODIFICATIONS HAVE EVER BEEN MADE TO THE CAR.  A QUICK INTERENET SEARCH REVEALED MANY PEOPLE WITH THE SAME PROBLEM ACROSS MANY VOLKSWAGEN MODELS AND THAT THE DEALER'S FIX OF JUST REPLACING THE FUSEBOX MAY NOT ADDRESS THE UNDERLYING PROBLEM WHICH MAY BE DUE TO A WIRE TO THE FUSE BOX.  OVER $700 SPENT TO DATE ON REPAIRS WITH NO UNDERSTANDING OF WHY VW FUSE BOXES ARE MELTING AND WONDERING HOW LONG TILL MY NEW BOX MELTS TOO.  *TR",12/31/2013,11/07/2013,,False,False,0,0,WVWDM7AJ5AW
10507329,2010,"Volkswagen Group of America, Inc.",GOLF,POWER TRAIN,"THE GOLF IS THE TDI DIESEL VERSION. IS EQUIPPED WITH A DSG STYLE AUTO TRANSMISSION. THE SHIFTING BETWEEN GEARS BECAME VERY ROUGH AND AND VEHICLE SPEED SURGED UP AND DOWN WHILE IN GEAR. CLUNKING NOISES FROM ENGINE/TRANNY COMPARTMENT. SPEED HARD TO MAINTAIN. HAS BEEN IN VW DEALER SHOP TWICE NOW FOR ATTEMPTED REPAIRS. FIRST REPAIRS ENTAILED REPLACEMENT OF ""MECHATRONIC"" UNIT. WAS REASONABLY SUCCESSFUL FOR ABOUT 500 MILES AND THEN FAILED IN SAME FASHION AGAIN.  *TR",04/06/2013,02/15/2013,,False,False,0,0,WVWDM7AJ4AW
10485995,2010,"Volkswagen Group of America, Inc.",GOLF,"FUEL SYSTEM, DIESEL,POWER TRAIN,ENGINE,FUEL/PROPULSION SYSTEM","I HAVE A 2010 VW GOLF TDI.  I WAS DRIVING ALONG AT 25 MPH WHEN MY GLOW PLUG & CHECK ENGINE LIGHTS STARTED FLASHING, AND MY TACHOMETER DROPPED TO ZERO, INDICATING A STALL.  THE POWER STEERING ALSO STARTED TO CUT OUT, BUT I WAS ABLE TO SAFELY PULL OVER.  TRIED STARTING THE CAR AGAIN AND GOT NOTHING.  THE CAR WAS TOWED TO A VW DEALERSHIP DOWN THE STREET, AND ON MONDAY 11/19 THEY INFORMED ME THAT MY HIGH-PRESSURE FUEL PUMP FAILED AND SENT METAL FRAGMENTS THROUGH THE ENTIRE FUEL SYSTEM.  THE CAR IS CURRENTLY BEING REPAIRED UNDER WARRANTY, BUT I WAS TOLD THAT THE BILL WOULD BE AT LEAST $5,000 FOR THIS KIND OF FIX.  OH YEAH, THIS ALSO COMPLETELY RUINED MY TRAVEL PLANS FOR THANKSGIVING, AS VW REFUSED TO GIVE ME A LOANER CAR WHILE THIS DOCUMENTED WARRANTY ISSUE WAS BEING DEALT WITH.     AFTER DOING SOME RESEARCH, I FOUND THAT THERE ARE SEVERAL CASES OF 2009-10 TDI FUEL PUMP FAILURES WITH THE SAME SYMPTOMS.  APPARENTLY, THERE HAVE BEEN THREE REVISIONS OF THIS PUMP SINCE THEN, AND I AM DUE TO GET THE NEWEST ONE.  BUT, THERE IS ALSO TALK THAT ULTRA-LOW-SULFUR DIESEL FUEL IN THE US IS NOT PROVIDING THE PROPER LUBRICITY, AND THUS CAUSING THE PUMPS TO FAIL (THIS IS NOT AN ISSUE IN EUROPE).  NONETHELESS, FURTHER INVESTIGATION BY THE NHTSA SHOULD RESULT IN VW DOING A PROPER RECALL AND REDESIGN, RATHER THAN QUIETLY FIXING AN INHERENT FLAW ON A CASE-BY-CASE BASIS.  EVEN WITH MY CAR FIXED, I'LL STILL BE WONDERING WHEN THIS WILL HAPPEN AGAIN.  WHICH ALSO MAKES ME WONDER IF I SHOULD JUST SELL IT AND BE DONE WITH VW.  VERY FRUSTRATING. *TR",11/26/2012,11/17/2012,,False,False,0,0,WVWDM7AJ1AW
10485506,2010,"Volkswagen Group of America, Inc.",GOLF,TIRES,"2010 VOLKSWAGEN GOLF. CONSUMER WRITES IN REGARDS TO MALFUNCTION OF TIRE PRESSURE MONITORING SYSTEM. *SMD  THE CONSUMER STATED SINCE THE PURCHASE OF THE VEHICLE, THERE HAVE BEEN FIVE FALSE LOW TIRE PRESSURE WARNING LIGHT INDICATIONS FROM THE TIRE PRESSURE MONITORING SYSTEM (TPMS). THE SERVICE TECHNICIAN FOUND NO INDICATION OF LOW PRESSURE IN ANY TIRE. THEY RESET THE TPMS VIA A PROGRAM SOFTWARE UPDATE. *JB",11/19/2012,11/01/2012,,False,False,0,0,WVWDA7AJ0AW
10482481,2010,"Volkswagen Group of America, Inc.",GOLF,"FUEL SYSTEM, DIESEL,FUEL/PROPULSION SYSTEM","CHECK ENGINE LIGHT WENT ON A FEW SECONDS AFTER I HAD MERGED A FEW LANES OVER ON THE FREEWAY (101S @HOLLY DURING RUSH HOUR). GLOW PLUG LIGHT FLASHED ONCE OR TWICE. WITHIN 60 SECONDS, THE CAR HAD DIED WHILE TRAFFIC WAS SPEEDING UP ON BOTH SIDES OF ME. PUT ON EMERGENCY FLASHERS. I COULD NOT GET THE CAR STARTED AGAIN, NOR DID I HAVE ENOUGH TIME TO MERGE TO THE SIDE OF THE ROAD (I HAD 2 LANES ON MY RIGHT, 2 ON MY LEFT). AFTER TRYING TO START IT FOR A MINUTE OR SO, CALLED 911. AFTER 10 - 15 MINUTES, CHP CAME AND STOPPED ALL TRAFFIC, PUSHED ME TO THE SIDE OF THE ROAD WITH HIS CAR. CAR STILL WOULD NOT START. TOW TRUCK CAME A WHILE LATER, TOWED ME TO VW DEALER (BOARDWALK) WHICH WAS NEARBY.   DEALER: BOARDWALK VOLKSWAGEN, REDWOOD CITY, CA  STATUS: FIXED UNDER WARRANTY. PROVIDED ME RENTAL CAR. TOOK 1 WEEK. ALL IN ALL, GAVE ME GOOD SERVICE. THEY REPLACED THE ENTIRE FUEL SYSTEM. HERE IS WHAT THEY DID UNDER WARRANTY (PER THE RECEIPT):  * REPLACED HIGH PRESSURE FUEL PUMP  * REPLACED AUXILIARY FUEL PUMP  * REPLACED FUEL FILTER HOUSING AND FILTER  * REPLACED ALL INJECTOR LINES  * REPLACED 4 INJECTORS  * REPLACED FUEL RAIL  * REMOVED AND REINSTALLED FUEL PUMP INSIDE GAS TANK  * DRAIN AND REFILL DIESEL  * ROAD TESTED RECHECK OK  * VENDOR CODE (BOSCH) AND (CBF)    NOT A VERY OPPORTUNE TIME FOR A CATASTROPHIC FAILURE, WHILE CRUISING ON THE BUSY RUSH-HOUR HIGHWAY, AND IT HAPPENED VERY FAST. NEVERTHELESS, NO ONE WAS INJURED, AND THE CAR IS NOW BACK ON THE ROAD. I KNOW SEVERAL PEOPLE WITH THESE CARS OF THIS VINTAGE, AND I WILL ENCOURAGE THEM TO CONTACT VW TO TRY AND REPLACE THE PUMP BEFORE IT FAILS.    ON THE TRICLUB FORUM, THERE ARE EXAMPLES OF THIS SAME THING HAPPENING 100S OF TIMES TO THESE CARS.  HERE IS MY ENTRY:    HTTP://FORUMS.TDICLUB.COM/SHOWTHREAD.PHP?P=3978779    SOMEONE ON THE FORUM ENCOURAGED ME TO FILE AN INCIDENT WITH NHTSA, SO I AM DOING THAT HERE.  *TR",10/28/2012,10/18/2012,,False,False,0,0,WVWNM7AJ5AW
10479279,2010,"Volkswagen Group of America, Inc.",GOLF,"FUEL SYSTEM, DIESEL,FUEL/PROPULSION SYSTEM","ENTERING THE FREEWAY AND A HIGH SPEED, ENGINE LIGHT AND IGNITION COIL LIGHT APPEARED WHEN I REACHED THE END OF THE ON-RAMP.  LOST ALL PROPULSION 30 SECONDS LATER; THE VEHICLE WOULD NOT ACCELERATE.  VEHICLE COASTED TO A STOP ON THE SHOULDER, BUT BARELY MADE IT SINCE I HAD TO MOVE SEVERAL LANES OVER AND AVOID TRAFFIC GOING AROUND ME.  IF I WAS MOVING SLOWER, I WOULD HAVE BEEN STRANDED ON ONE OF THE LANES.  THERE HAVE BEEN MANY OTHER CASES OF THE HIGH PRESSURE FUEL PUMP FAILURE FOR THE TURBO DIESEL ENGINE, MY VEHICLE IS JUST ANOTHER ONE.  *TR",10/08/2012,10/06/2012,,False,False,0,0,WVWMM7AJ9AW
10476937,2010,"Volkswagen Group of America, Inc.",GOLF,ENGINE,"I HAVE A 2010 GOLF TDI MANUAL TRANSMISSION CAR. THE CAR WAS STALLED DURING DRIVING, AFTER JUST DOWN SHIFTED FROM 2ND GEAR TO FIRST GEAR. AFTER TURNING OFF THE ENGINE COMPLETELY, I STILL COULDN'T RESTART THE CAR RIGHT AWAY. I HAD TO WAIT FOR SEVERAL MINUTES, AND TRIED AGAIN. THE CAR STARTED ON THE NEXT ATTEMPT. I EXPERIENCE THE SIMILAR TYPE OF STALLING SOON AFTER I PURCHASE THE VEHICLE, AND IT PERSISTS AND RECURS QUITE OFTEN. OTHER TIMES, ALSO DURING DRIVING, MOSTLY NOTICEABLE IN 4TH GEAR SPEED, THE CAR COULD ALL OF A SUDDEN LOST POWER, FOR ABOUT 2 SECONDS, ALTHOUGH THE ENGINE WAS NOT STALLED OR STOPPED. I ALSO NOTICED AFTER A DIFFICULT START, THE DRIVING IS LESS SMOOTH. AND WHEN THE CAR IS STOPPED AND COMPLETELY TURNED OFF, THE ENGINE/FAN WOULD KEEP ON RUNNING IDLE FOR SEVERAL MINUTES. AND DURING THAT IDLE TIME, A LARGE AMOUNT OF HEAT IS DISPENSED OUT FROM UNDERNEATH THE FRONT HOOD.  *TR",09/24/2012,09/17/2012,,False,False,0,0,WVWMM7AJ2AW
10468962,2010,"Volkswagen Group of America, Inc.",GOLF,"FUEL SYSTEM, DIESEL,ENGINE","I GOT INTO MY CAR AS NORMAL, AND BEGAN TO DRIVE. AFTER ABOUT 5 MINUTES OF DRIVING, I CAME TO A RED LIGHT ON A BUSY STREET. MY CHECK ENGINE LIGHT CAME ON AND THE GLOW PLUG LIGHT BEGAN TO FLASH, THE CAR IMMEDIATELY DIED AND WOULD NOT RESTART. I WAS TOLD THE HIGH PRESSURE FUEL PUMP FAILED, AND THE ENTIRE FUEL SYSTEM HAS TO BE REPLACED... AFTER I GOT HOME, I QUICKLY GOOGLE SEARCHED THE ISSUE AND APPEARS TO BE A COMMON PROBLEM ON A BAD DESIGN BY VOLKSWAGEN AND BOSCH...  *TR",08/02/2012,08/01/2012,,False,False,0,0,WVWDM7AJ8AW
10462683,2010,"Volkswagen Group of America, Inc.",GOLF,FUEL/PROPULSION SYSTEM,FOUND METAL SHAVINGS IN FUEL FILTER HOUSING WHICH WILL LEAD TO THE EVENTUAL FAILURE OF THE HPFP AND COULD BECOME A POTENTIAL HAZARD ON THE ROAD.  THERE WAS NO FAILURE YET BUT I JUST WANTED THIS TO BE RECORDED AS THERE ARE NUMEROUS OTHER FAILURES OF THIS SORT WHICH COULD LEAD TO MORE SEVERE ACCIDENTS.  *TT,06/22/2012,06/21/2012,,False,False,0,0,WVWMM7AJ2AW
10460945,2010,"Volkswagen Group of America, Inc.",GOLF,FUEL/PROPULSION SYSTEM,"UPON CHANGING MY FUEL FILTER, A LARGE AMOUNT OF METAL FLAKES WERE DISCOVERED IN THE FUEL HOUSING.  THEY SEEMED TO BE LINKED TO THE HIGH PRESSURE FUEL PUMP.  VW HAD TO REPLACE DUE TO A FAILURE STARTING IN THE HIGH PRESSURE PUMP.    *JS",06/07/2012,01/07/2012,,False,False,0,0,WVWMM7AJ0AW
10451342,2010,"Volkswagen Group of America, Inc.",GOLF,"FUEL SYSTEM, DIESEL","**************NOTE:  THIS IS A DIESEL ISSUE.********************  DIESEL HIGH PRESSURE PUMP FAILED (HPFS) AT 39,793 MILES.  THE CAR STALLED ON THE HIGHWAY AND WOULD NOT RESTART.    DEALER FOUND METAL SHAVINGS INSIDE FUEL FILTER.  ENTIRE FUEL SYSTEM HAD TO BE REPLACED.  REPLACED THE HIGH PRESSURE FUEL PUMP (HPFS), 4 FUEL INJECTORS, AUX FUEL PUMP, TANK PUMP, ALL RUBBER/PLASTIC LINES IN FUEL SYSTEM, ALL METAL LINES IN FUEL SYSTEM AND FUEL TANK.  DESPITE BEING OUT OF WARRANTY, VW PAID FOR THE REPAIR (OVER $6000 DOLLARS IN PARTS NOT INCLUDING LABOR.)   WAS TOLD THAT, IF THE PROBLEM RECURS THE CAR IS COVERED FOR 12 MONTHS / 12000 MILES.  AFTER THAT, I AM ON MY OWN.   *TR    **************NOTE:  THIS IS A DIESEL ISSUE.********************",03/13/2012,02/18/2012,,False,False,0,0,WVWDM7AJ2AW
10450585,2010,"Volkswagen Group of America, Inc.",GOLF,ENGINE AND ENGINE COOLING,"TL* THE CONTACT OWNS A 2010 VOLKSWAGEN GOLF TDI. THE CONTACT STATED THAT WHILE DRIVING AT ANY SPEED, THE VEHICLE WOULD LOSE POWER. THE FAILURE RECURRED INTERMITTENTLY. THE VEHICLE WAS TAKEN TO THE DEALER AND A DIAGNOSTIC WAS PERFORMED BUT THE DIAGNOSTIC WAS UNABLE TO LOCATE A FAILURE CODE. THE VEHICLE WAS ALSO TEST DRIVEN, BUT THE FAILURE COULD NOT BE DUPLICATED. THE MANUFACTURE WAS MADE AWARE OF THE FAILURE. THE VEHICLE WAS NOT REPAIRED. THE FAILURE MILEAGE WAS 19,000 AND THE CURRENT MILEAGE WAS 20,000.",03/07/2012,01/01/2012,,False,False,0,0,WVWNM7AJ3AW
10449335,2010,"Volkswagen Group of America, Inc.",GOLF,"FUEL SYSTEM, DIESEL","IMMEDIATELY AFTER THE 40K SERVICE ON MY 2010 VW GOLF TDI WITH 39,300 MILES, THE DIESEL GLOW PLUG WARNING LIGHT CAME ON AND THE ENGINE  STARTED RUNNING ROUGHLY.  APPROXIMATELY 10 SECONDS LATER, THE ENGINE STALLED.  THE CAR WOULD NOT RESTART AND HAD TO BE TOWED TO THE DEALERSHIP.  THE DEALERSHIP FOUND FRAGMENTS OF METAL IN THE FUEL SYSTEM AND REPLACED THE ENTIRE FUEL SYSTEM (APPROXIMATELY $5000 IN PARTS NOT INCLUDING LABOR).  VW AGREED TO PAY FOR THE REPAIR BUT THERE IS NO GUARANTEE THEY WILL PAY FOR THIS REPAIR IF IT HAPPENS AGAIN.  ALSO, VW WAS UNABLE TO TELL ME IF THE REPLACEMENT HIGH PRESSURE FUEL PUMP IS THE SAME DESIGN AS THE ORIGINAL ONE THAT FAILED.  I AM CONCERNED THE FUEL PUMP COULD FAIL AGAIN AND THIS TIME CAUSE AN ACCIDENT IT THE CAR WERE TO STALL ON THE INTERSTATE.  I AM ALSO CONCERNED THAT, SHOULD THE HIGH PRESSURE FUEL PUMP FAIL AGAIN, IT COULD COST BETWEEN $8000 AND $10,000 TO REPAIR.  IT APPEARS THAT VW IS REPAIRING CARS, WITH A FIX THAT OFFES NO ASSURANCE THAT THE PROBLEM WONT RECUR AND, THE NHTSA MAY GETTING AN ACCURATE REPORT ON THE ACTUAL NUMBER OF HIGH PRESSURE FUEL PUMP FAILURES.  *TR",02/25/2012,02/18/2012,,False,False,0,0,WVWDM7AJ2AW
10448033,2010,"Volkswagen Group of America, Inc.",GOLF,"ENGINE AND ENGINE COOLING,FUEL SYSTEM, DIESEL,POWER TRAIN","UPON MAKING A LANE CHANGE TO MERGE INTO A FASTER MOVING TRAFFIC LANE, THE VEHICLE ACCELERATED NORMALLY FOR ONE SECOND THEN LOST ALL ENGINE POWER LEAVING ME IN A DANGEROUS POSITION. UPON DEPRESSING THE CLUTCH, THE ENGINE STALLED. I WAS ABLE TO RESTART THE ENGINE AFTER WHICH IT WORKED NORMALLY. THIS HAS HAPPENED APPROXIMATELY 20 TIMES SINCE. IT USUALLY CREATES A DANGEROUS SITUATION SUCH AS LEAVING THE CAR WITHOUT POWER IN AN ONCOMING TRAFFIC LANE DURING A LEFT TURN OR MOVING TOO SLOWLY IN A MERGING MANEUVER. SOMETIMES THE CHECK ENGINE LIGHT WILL ALSO COME ON AND THE GLOW PLUG WARNING LIGHT STARTS FLASHING. CLOUDS OF WHITE SMOKE ALWAYS APPEAR AT THE TAIL PIPE DURING THE POWER LOSS. THE DEALER HAS REPLACED A SENSOR 4 TIMES WHICH MAKES THE WARNING LIGHTS GO OUT, BUT THE ENGINE CUTTING OUT PROBLEM IS NEVER ADDRESSED. VW SIMPLY STATE ""CANNOT REPRODUCE PROBLEM"" AND RETURN THE VEHICLE. THE BEHAVIOR IS VERY DANGEROUS.  *TR",02/15/2012,09/28/2010,,False,False,0,0,WVWMM7AJXAW
10445811,2010,"Volkswagen Group of America, Inc.",GOLF,"ENGINE AND ENGINE COOLING,UNKNOWN OR OTHER","I DEC 19TH 2011 I EXPERIENCED WHAT I BELIEVE WAS A HARD START.  WEATHER IN THE MORNING WAS IN THE TEENS, AFTERNOON IN THE LOW 40S. LEAVE WORK, GET IN CAR, PUT KEY IN IGNITION & TURN TO ON POSITION, PUT SEAT BELT ON, AND START. CAR STARTS RIGHT AWAY BUT IS IDLING ROUGH, SHAKING VIOLENTLY LIKE A WASHING MACHINE OFF BALANCE. I DROP INTO NEUTRAL AND REV IT UP TO 2K, STILL IDLES ROUGH FOR ABOUT A MINUTE MORE BUT DOES NOT STALL. I EXPERIENCED SOMETHING LIKE THIS ONCE WHEN MY SUBARU LEGACY'S #2 INJECTOR QUIT, A MISFIRING BOXER ENGINE DOES NOT IDLE SMOOTH. THE RIDE HOME WAS UNEVENTFUL, STOPPED AT THE BANK AND RESTARTED FINE. EVERYTHING WAS NORMAL THIS MORNING, TEMPS IN THE LOW 40S.  WHAT I BELIEVE HAPPENED TO MY CAR WAS MOISTURE ACCUMULATED IN THE INNER COOLER AND WAS INGESTED INTO THE INTAKE TRACT CAUSING A ""HAMMERING EFFECT"" AS THE ENGINE TRIED TO COMPRESS THIS MOISTURE.  VW HAS ISSUED A TSB #21 11 06/2025464 BUT NO RECALL AS YET.  WHEN I BROUGHT MY VEHICLE IN FOR SERVICE THEY FOUND NO MOISTURE SO NOTHING WAS DONE.  I BELIEVE THIS TO BE A SAFETY ISSUE BECAUSE THE VEHICLE COULD INGEST THIS MOISTURE AT ANY TIME WITHOUT WARNING CAUSING THE CAR TO STOP AND STRAND IN AN UNSAFE LOCATION.  A RECALL AND FIX SHOULD BE ISSUED.   *TT",01/30/2012,01/19/2011,,False,False,0,0,WVWDM9AJ0AW
10445783,2010,"Volkswagen Group of America, Inc.",GOLF,ENGINE AND ENGINE COOLING,"INTER-COOLER DESIGN IS DEFECTIVE IN THAT IT ALLOWS CONDENSATION AND SLUDGE TO BUILD WITHIN THE CHARGE AIR INTAKE SYSTEM WHICH SUBSEQUENTLY FREEZES AND THAWS WITH LOW AMBIENT TEMPERATURE AND IT MOVES FURTHER AND FURTHER WITHIN THE INTAKE SYSTEM UNTIL THE CONDENSATE AND SLUDGE BECOME DRAWN INTO THE AIR INTAKE MANIFOLD AND BECOMES DISCHARGED INTO THE CYLINDERS CAUSING THE ENGINE TO HYDRO-LOCK AND FAIL.  CAUSING POTENTIAL FOR PERMANENT AND CATASTROPHIC DAMAGE UPON RESTART.  CURRENTLY FOR THIS MODEL, THE REPAIR IS COVERED UNDER THE MANUFACTURER'S WARRANTY ALONG WITH REPLACEMENT OF THE CHARGE AIR INTER-COOLER SYSTEM WITH A REDESIGN.  IT REMAINS TO BE SEEN WHETHER THIS REDESIGNED SYSTEM INDEED SOLVES THE ROOT CAUSE OF THIS PROBLEM.  HOWEVER, IF THE CAR IS BEYOND THE YEARS/MILES OF THE ORIGINAL MANUFACTURER'S OR EXTENDED WARRANTY, VW WILL NOT SUBSIDIZE THE REPAIRS TO THE ENGINE, NOR THE REPLACEMENT OF THE CHARGE AIR SYSTEM...EVEN THOUGH THE PROBLEM WAS DIRECTLY CAUSED BY THEIR DESIGN.  THE OWNER WILL BE RESPONSIBLE FOR THE LARGE EXPENSE OF GETTING THE CAR RUNNING AGAIN.  *TT",01/29/2012,01/17/2012,,False,False,0,0,WVWNM7AJ9AW
10440237,2010,"Volkswagen Group of America, Inc.",GOLF,AIR BAGS,"AIR BAG FAILED TO DEPLOY WHEN CAR REAR ENDED A TOWED VEHICLE. THE TOWED VEHICLE SPEED WAS APPROXIMATELY 40-45 MPH AND THE VW GOLF SPEED WAS 70-75 MPH. THE GOLF'S FRONT-END WAS DESTROYED (ALONG WITH IT'S ELECTRICAL SYSTEM), AND WAS IMMOBILIZED. BUT, NONE OF THE AIRBAGS DEPLOYED. THE TOW TRUCK DRIVER AND THE BODY SHOP OWNER QUESTIONED WHY THE AIR BAGS FAILED WITH THE AMOUNT OF DAMAGE INCURRED. WHEN CONTACTED, THE VW REPRESENTATIVE WAS MORE INTERESTED IN MY HOSPITAL EXPENSES THAN THE FACT THE AIR BAGS DIDN'T DEPLOY. THE HIGHWAY PATROLMAN WHO WORKED THE ACCIDENT, SAID HE WAS ALREADY INVOLVED IN A LAWSUIT WHERE THE AIR BAGS DID NOT DEPLOY AND A FATALITY OCCURRED. HE SAID THE CAR IN THAT ACCIDENT WAS NOT A VW.   ALSO, AFTER I HAD LEFT FOR THE HOSPITAL, A FIREMAN TOLD MY WIFE HE HAD NOTICED SMOKE COMING FROM THE ENGINE COMPARTMENT DUE TO SOMETHING ELECTRICAL SMOLDERING. HE DIDN'T ELABORATE.  *TR",12/17/2011,12/15/2011,,True,False,0,0,WVWDM7AJ3AW
10430594,2010,"Volkswagen Group of America, Inc.",GOLF,"FUEL SYSTEM, GASOLINE","I'M A VW GOLF TDI CANADIAN CUSTOMER WHO SUFFERED A HPFP FAILURE IN THE US ON SEPT 22ND, 2011. THE CAR STALLED AT 35MPH, WAS TOWED TO A DEALERSHIP IN TEWKSBURY, MA WHO CLAIMED I HAD CONTAMINATED DIESEL FUEL IN MY CAR AND THAT WAS THE CAUSE OF THE PUMP FAILURE. THE CAR WAS TOWED TO MONTREAL, CANADA AT THE LOCAL DEALERSHIP AND ARRIVED ON SEPT 30TH. FUEL LAB TEST RESULTS DID NOT CONFIRM ANY TYPE OF FUEL CONTAMINATION, VW CANADA MIGHT COVER THE REPAIRS UNDER WARRANTY BUT WOULD LIKE TO KNOW WHY THE PUMP FAILED IF THE FUEL WAS OKAY AS I CONSIDER THIS A HUGE SAFETY ISSUE. I'D LIKE TO MENTIONED I ONLY FUELED FROM SHELL WHILE TRAVELING IN THE US. IT LOOKS LIKE THERE WERE OVER 170 OTHER COMPLAINTS INCLUDING SOME MISFUELING EVENTS AND IT SEEMS THAT THE US QUALITY OF DIESEL AND/OR POOR PUMP DESIGN (BY BOSCH) MIGHT BE THE CAUSE.  *TR",10/18/2011,09/22/2011,,False,False,0,0,WVWNM9AJ1AW
10421170,2010,"Volkswagen Group of America, Inc.",GOLF,"FUEL SYSTEM, DIESEL","SINCE I FIRST BOUGHT THE TDI GOLF IT HAS BEEN EASY TO STALL, SOMETIMES STALLING WHILE STILL IN MOTION GOING DOWN THE ROAD. AT APPROXIMATELY 20K MILES STALLING BECAME SOMETIMES UNAVOIDABLE NO MATTER HOW MUCH GAS YOU GAVE IT FROM A STOP. THIS CAUSED THE CAR TO PULL OUT INTO TRAFFIC AND STALL, LEAVING ME DEAD IN THE WATER IN DANGEROUS TRAFFIC!! NO MATTER HOW MUCH GAS I GAVE THE CAR OR HOW MUCH I SLIPPED THE CLUTCH IT WOULD STILL SOMETIMES STALL AFTER PROPELLING ME INTO ONCOMING TRAFFIC. I HAVE DRIVEN A MANUAL TRANSMISSION MY ENTIRE LIFE AND I KNOW HOW TO WORK A CLUTCH... THIS PROBLEM IS NOT NORMAL AND MANY FRIENDS WHO I HAVE HAD DRIVE THE CAR AGREE WITH ME. AT APPROXIMATELY 19,000 MILES THE GLOW PLUG LIGHT ILLUMINATED AND BLINKED AFTER STARTING THE ENGINE. THE CAR WOULDN'T GO ABOVE 20MPH. I TURNED OFF THE IGNITION AND RESTARTED WITH NO FURTHER PROBLEM. AT APPROX. 23,000 MILES THE CAR STALLED 4 TIMES IN A ROW AFTER CRANKING THE ENGINE AND ATTEMPTING TO PULL STRAIGHT FORWARD OUT OF A PARKING LOT. AT THIS POINT THE CHECK ENGINE LIGHT CAME ON AND THE GLOW PLUG LIGHT ALSO CAME BACK ON AND BLINKED. THE CAR PERFORMANCE NOW IS TERRIBLE AND IT IS GOING INTO THE DEALERSHIP FOR REPAIR. I AM CONCERNED ABOUT SAFETY AND THE POSSIBILITY OF CONTINUING EXPENSIVE ISSUES I MAY HAVE THAT EXCEED THE WARRANTY PERIOD WITH THIS CAR. PLEASE HELP!!!  *TR",08/23/2011,08/20/2011,,False,False,0,0,WVWNM7AJ8AW
10418105,2010,"Volkswagen Group of America, Inc.",GOLF,"FUEL SYSTEM, DIESEL","2010 VOLKSWAGEN GOLF TDI; ON MULTIPLE OCCASIONS VERY NOTICEABLE LOSS OF POWER LASTING 2-5 SECONDS USUALLY WHILE ACCELERATING; NO STALL NOTED BUT VERY DISCONCERTING.  HAS OCCURRED MORE THAN 20 TIMES.  ALSO, HAS VERY SENSITIVE CLUTCH WITH EASY STALLS FROM START IN 1ST GEAR, HAVE DRIVEN MANUAL-TRANSMISSION CARS FOR 20+ YEARS AND HAVE NEVER STALLED A CAR WITH SUCH EASE AS THE TDI GOLF.  HAS CREATED MULTIPLE DANGEROUS SITUATIONS BUT NO ACCIDENTS.  CAR HAS 8K MILES ON IT SO FAR.  *TR",08/09/2011,08/06/2011,,False,False,0,0,
10410209,2010,"Volkswagen Group of America, Inc.",GOLF,"FUEL SYSTEM, DIESEL","VW GOLF TDI, 2010. I HAVE 12,000 MILES IN IT. MANUAL TRANSMISSION.    STALLING PROBLEM AND OCCASIONAL DECREASE OF POWER FOR SECONDS. NEVER PUT A DROP OF GASOLINE INSTEAD OF DIESEL FUEL.  STALLING ONLY OCCURS UPON SHIFTS FROM 1ST INTO 2ND GEAR AT SLOW SPEEDS AND ONLY OCCASIONALLY, I HAVE TO BE UNUSUALLY CAREFUL WHEN DOING IT. I HAVE BEEN DRIVING ONLY MANUAL TRANSMISSION CARS THE PAST 20 YEARS, THIS IS NOT A DRIVER MISTAKE OR INEXPERIENCE WITH MANUAL TRANS. NO OTHER CAR GAVE ME PROBLEM LIKE THIS. TEST-DRIVING THE 2010 JETTA GAVE ME THE SAME TROUBLE. *TR",07/01/2011,06/12/2011,,False,False,0,0,
10408900,2010,"Volkswagen Group of America, Inc.",GOLF,"FUEL SYSTEM, DIESEL","I WAS ON A 350 MILE TRIP, AND I STOPPED AND FILLED UP WITH DIESEL AT A CHEVRON STATION ABOUT 60 MILES INTO THE TRIP.  I HAVE THE RECEIPT THAT SAYS ""DIESEL"" ON IT.  THE CAR STARTED FINE AND DROVE FINE UNTIL I STOPPED ABOUT 200 MILES LATER.  THEN THE CAR WOULD NOT RESTART RIGHT AWAY.  AFTER TRYING IT A FEW TIMES IT STARTED.  I FINISHED DRIVING THE LAST 90 MILES WITHOUT PROBLEMS AND STOPPED THE CAR AND SHUT IT OFF.  THEN THE CAR WOULD NOT RESTART AT ALL.  THE NEXT MORNING THE CAR STARTED AND RAN ROUGHLY FOR 30 SECONDS, THEN SMOOTHED OUT AND RAN FINE.  I DROVE TO THE DEALER.  I HAD READ ABOUT HIGH PRESSURE FUEL PUMP (HPFP) PROBLEMS WITH THESE CARS AND TOLD THEM TO CHECK IT OUT.  THEY CALLED THE NEXT DAY AND SAID THE PUMP WAS FINE BUT THAT THEY WERE STILL INVESTIGATING.  TWO MORE DAYS LATER THEY SAID THE HPFP WAS BAD DUE TO CONTAMINATED FUEL AND IT NEEDED $8,000 IN REPAIRS.  THEY SAID THEY TRIED TO BURN A SAMPLE OF THE FUEL AND IT BURNED, AND THEY SAID THAT DIESEL WON'T BURN, SO THEREFORE THEY SAID THERE WAS GAS IN THE TANK.  THEY TOLD ME TO CALL MY INSURANCE SINCE IT WASN'T COVERED UNDER WARRANTY.  I CALLED THE CHEVRON STATION WHERE I BOUGHT THE FUEL, AND TO MY AMAZEMENT THEY TALKED TO THEIR DISTRIBUTOR WHO AGREED TO PAY THE CHARGES.  I FEEL VERY LUCKY.  I THINK THIS IS VOLKSWAGEN'S PROBLEM WITH THESE PUMPS, GIVEN ALL THE OTHER COMPLAINTS AND NO COMPLAINTS FROM CHEVY AND FORD DIESEL PICKUP TRUCK DRIVERS ABOUT ""CONTAMINATED FUEL"" SINCE WE ALL BUY FUEL AT THE SAME PLACES.  NOW I'M SCARED THAT I'LL BE PAYING THE BILL THE NEXT TIME THIS HAPPENS.  THE CAR IS A 2010 VW GOLF WITH ONLY 19,000 MILES.  THE DEALER TOOK 3 WEEKS TO FIX THE CAR.  *TR",06/25/2011,06/05/2011,,False,False,0,0,WVWNM9AJ9AW
10407044,2010,"Volkswagen Group of America, Inc.",GOLF,"FUEL SYSTEM, DIESEL",THE HIGH PRESSURE FUEL PUMP FAILED ON MY 2010 VW GOLF TDI WHILE DRIVING. IT CAUSED THE CAR TO SHUT OFF IN AN INTERSECTION.  THE CAR THEN HAD TO BE PUSHED OUT OF THE INTERSECTION AND TOWED TO THE DEALERSHIP.  THE FUEL PUMP DAMAGED THE ENTIRE FUEL SYSTEM ONCE IT FAILED. THE ENTIRE FUEL SYSTEM HAD TO BE REPLACED. THE DEALERSHIP WAS KIND ENOUGH TO DO IT UNDER WARRANTY.  *TR,06/15/2011,06/08/2011,,False,False,0,0,
10404539,2010,"Volkswagen Group of America, Inc.",GOLF,ENGINE AND ENGINE COOLING,"2010 VW GOLF TDI - ENGINE DIED AFTER ACCELERATING WHILE ENTERING A HIGHWAY FROM A PARKING LOT. I HAD TO COAST BACK INTO THE PARKING LOT AT A DANGEROUSLY SLOW SPEED. IF THERE HAD BEEN ONCOMING TRAFFIC IT COULD LIKELY HAVE LED TO AN ACCIDENT. THE CAR DID RESTART AFTER PARKING AND TURNING THE IGNITION OFF AND BACK ON. I DID NOT LOSE POWER TO ANY OF THE ELECTRONICS, ONLY TO THE ENGINE. THE TACHOMETER WENT TO ZERO AND THE ACCELERATOR WAS UNRESPONSIVE.  THE CAR CURRENTLY HAS APPROX. 34K MILES ON IT.  *TR",06/05/2011,06/05/2011,,False,False,0,0,WVWDM7AJ6AW
10398313,2010,"Volkswagen Group of America, Inc.",GOLF,"FUEL SYSTEM, DIESEL","2010 VW GOLF TDI LOSS OF POWER AND SUBSEQUENT ENGINE STALL WHILE DRIVING ON A HIGHWAY. THIS HAPPENED ON TWO SEPARATE OCCASIONS AT 17500 MILES AND THEN AGAIN AT 18,800 MILES. THE VW DEALERSHIP REPLACED THE FUEL PUMP UNDER WARRANTY AFTER THE SECOND INCIDENT. I UNDERSTAND VW IS HAVING 2009-2010 HPFP PROBLEMS AND IS CLAIMING THAT 90% OF THE FAILURES ARE DUE TO FUEL CONTAMINATION. I HAVE BEEN DRIVING DIESEL CARS FOR 10 YEARS NOW AND I'M THE SOLE DRIVER OF THIS CAR. THERE WAS NO FUEL CONTAMINATION IN THIS CASE.  *TR",04/29/2011,01/25/2011,,False,False,0,0,WVWMM7AJ4AW
10395774,2010,"Volkswagen Group of America, Inc.",GOLF,ENGINE AND ENGINE COOLING,"WHILE DRIVING MY 2010 VW GOLF TDI WILL STALL/HESITATE FOR A SECOND OR TWO.  I EXPERIENCE THIS ISSUE ABOUT ONCE EVERY COUPLE WEEKS.  I REPORTED THE ISSUE TO THE DEALER, BUT THEY REPORTED THAT COULD NOT FIND ANY ISSUES WITH THE CAR.  *TR",04/13/2011,01/11/2011,,False,False,0,0,WVWMM7AJ6AW
10392424,2010,"Volkswagen Group of America, Inc.",GOLF,ELECTRICAL SYSTEM,"VEHICLE HORN DOES NOT RESPOND PROMPTLY TO ACTUATION, TYPICALLY HAS ABOUT A 1 SECOND DELAY, WHICH MAKES IT UNSUITABLE FOR SOUNDING A WARNING IN ABRUPT LANE CHANGE SITUATIONS.  DEALER STATES THIS IS NORMAL, AND I HAVE VERIFIED THAT OTHER VW GOLF/JETTAS OF THE 2010 AND 2011 MODEL YEARS RESPOND THE SAME. THIS IS A TOTALLY REPEATABLE ISSUE.  *TR",03/21/2011,02/15/2011,,False,False,0,0,WVWMM7AJ4AW
10383408,2010,"Volkswagen Group of America, Inc.",GOLF,"SERVICE BRAKES, AIR","STOPPED  AT  STOP LIGHT , MY FOOT/SHOE GETS STUCK UNDER THE BRAKE PEDAL BY THE TIME I REALIZED WHAT HAPPEN , THE CAR GOES FORWARD AND REAR ENDS THE VAN IN FRONT. THE WAY THE DRIVER IS SECURED IN THE SEAT AND THE FACT THAT  THE BRAKE PEDAL IS HIGHER THAN THE GAS PEDDLE, WHEN YOU SLIDE YOUR FOOT OVER TO THE BRAKE YOU CAN GET YOUR SHOE/FOOT STUCK UNDER BRAKE PEDAL, YOU HAVE TO LIFT YOUR ENTIRE LEG IN ORDER TO BRAKE..  THIS IS POTENTIALLY DANGEROUS AND WILL CAUSE ACCIDENTS.  THIS IS HAPPENED SEVERAL TIMES. AND I HAVE BEEN IN 2 MINOR ACCIDENTS ONCE WHILE STOPPED AT A LIGHT AND ONCE WHEN PARKED IN FRONT OF MY HOUSE    [XXX]    PARTS OF THIS DOCUMENT HAVE BEEN REDACTED TO PROTECT PERSONALLY IDENTIFIABLE INFORMATION PURSUANT TO THE FREEDOM OF INFORMATION ACT (FOIA), 5 U.S.C. 552(B)(6). *TR",02/20/2011,01/28/2011,,True,False,0,0,WVWDM7AJ4AW
10383359,2010,"Volkswagen Group of America, Inc.",GOLF,UNKNOWN OR OTHER,"IN OCT. 2009, I PURCHASED A 2010 VOLKSWAGEN GOLF.  WITHIN FOUR MONTHS, IT BEGAN HAVING PROBLEMS.  EVERY FEW MONTHS SINCE, IT HAS COME TO A HALT WHILE I AM DRIVING.  THE RADIO AND DASHBOARD LIGHTS ALL OPERATE, BUT THE CAR NO LONGER MOVES.  YOU MUST TURN IT OFF THEN BACK ON AT LEAST ONCE.  I HAVE NARROWLY AVOIDED ACCIDENTS WITH MULTIPLE CARS AND AN 18-WHEELER ON I-95 AND US1 IN MIAMI.  THE CAR HAS EVEN COME TO A HALT WHILE DRIVING AT 55 MPH.  IT HAS ALSO STOPPED AFTER TRYING TO ACCELERATE WHEN A TRAFFIC LIGHT TURNED FROM RED TO GREEN, AND WHEN SWITCHING LANES.      I HAVE BROUGHT THE CAR TO MULTIPLE VW DEALERSHIPS, BUT THEY CANNOT REPLICATE THE PROBLEM, AND IT DOES NOT LOG ON THE CAR'S COMPUTER.  SOME OF THE MECHANICS HAVE NOTED THAT OTHER CARS HAVE COME IN WITH SIMILAR ISSUES, ESPECIALLY GOLFS, AND 2.5L JETTAS.  THE CAR HAS DONE THIS FIVE TIMES AND HAS BEEN IN THE SHOP FOR AT LEAST 30 CUMULATIVE DAYS.  I AM WORKING TO TRY TO GET VW TO REFUND ME UNDER THE FLORIDA LEMON LAW.  AT ONE DEALERSHIP, I WAS TOLD THE PROBLEM WOULD HAVE TO GET WORSE BEFORE THEY COULD DO ANYTHING.  THE SERVICE MANAGER AT ANOTHER DEALERSHIP PROMISED TO CONTACT VW CORPORATE AND SUGGESTED I CALL HIM TO FOLLOW UP; HOWEVER, HE DID NOT RETURN MY CALL.  AFTER I CONTACTED VW CORPORATE, THEY SENT SOMEONE TO MEET ME AT A LOCAL DEALERSHIP, AND HE WAS 30 MINUTES LATE FOR OUR APPOINTMENT.  WHEN I CALLED THE PERSON WHO HAD ARRANGED THIS MEETING TO DETERMINE IF THE REPRESENTATIVE WAS STILL COMING, MY CALL WAS NOT RETURNED.       I HAVE MISSED WORK, SPENT HOURS RESEARCHING THIS MATTER AND FOLLOWING THE PROTOCOL ASSOCIATED WITH THE LEMON LAW, AND SPENT MONEY ON TOLLS ON THE WAY TO THE DEALERSHIP AND EXPENSES RELATED TO ALTERNATIVE DRIVING ARRANGEMENTS.  I ABSOLUTELY DO NOT FEEL SAFE IN THIS CAR, AND AVOID DRIVING IT WHENEVER POSSIBLE.    FINALLY, I HAVE READ ABOUT YOUR INVESTIGATION INTO VW CARS STALLING AND WOULD LIKE TO POINT OUT THAT THIS PROBLEM IS NOT LIMITED TO DIESEL CARS, AS MY CAR RUNS ON REGULAR UNLEADED.  *TR",02/19/2011,11/30/2010,,False,False,0,0,WVWDA7AJ3AW
10383163,2010,"Volkswagen Group of America, Inc.",GOLF,"FUEL SYSTEM, GASOLINE","TL*THE CONTACT OWNS A 2010 VOLKSWAGEN GOLF. THE CONTACT STATED THAT WHILE DRIVING 55 MPH, THE VEHICLE BEGAN TO STALL AND THEN STOPPED. THE CONTACT WAS ABLE TO RESTART THE VEHICLE BUT IT CONTINUED TO STALL. THE VEHICLE WAS TAKEN TO AN AUTHORIZED DEALER WHO REPLACED THE FUEL PUMP. THE FAILURE CONTINUED. THE FAILURE MILEAGE WAS 10,000.",02/17/2011,01/11/2011,,False,False,0,0,WVWMM7AJ0AW
10381719,2010,"Volkswagen Group of America, Inc.",GOLF,POWER TRAIN,"2010 VOLKSWAGEN GOLF TDI 6 SPEED MANUAL STALLS EXTREMELY OFTEN.   I HAVE PREVIOUSLY OWNED A 2006 VOLKSWAGEN GTI WITH MANUAL TRANSMISSION AND NEVER HAD AN ISSUE WITH THE CLUTCH ENGAGEMENT.   2010 GOLF HAS CURRENTLY 12.000 MILES ON IT AND THE PROBLEM DOESN'T GO AWAY.   THIS HAS HAPPENED IN THE MIDDLE OF AN INTERSECTION WHEN YOU ARE ABOUT TO TAKE OFF AND CLEAR THE INTERSECTION.   THEREFORE I THINK THIS IS A SAFETY ISSUE AND NEEDS TO BE INVESTIGATED.   AS PREVIOUS COMPLAINTS STATE, APPARENTLY THE CARS IMMEDIATELY STALLS AS SOON AS YOU FALL BELOW 750RPM.  THE DEALERSHIP TOLD ME THAT EVERYTHING IS NORMAL AND THERE ARE NO PROBLEMS WITH MY CAR.   I DO NOT BELIEVE IT!  I HAVE TO ENTER AN APPROXIMATE INCIDENT DATE BUT IT HAPPENS ALL THE TIME. THEREFORE THE DATE IS SOMEWHAT USELESS. *TR",02/12/2011,07/04/2010,,False,False,0,0,WVWMM7AJ4AW
10377222,2010,"Volkswagen Group of America, Inc.",GOLF,ELECTRICAL SYSTEM,"2010 VOLKSWAGEN GOLF. WITHIN FOUR MONTHS OF OWNING THE VEHICLE, IT CAME TO STOP ON ITS OWN WHILE THE CONSUMER WAS DRIVING AND HAS CONTINUED TO DO SO PERIODICALLY FOR A TOTAL OF FOUR TIMES *TGW  THE CONSUMER STATED THE PROBLEM WOULD OCCUR, AS SHE RELEASED THE BRAKE TO ACCELERATE, RELEASED THE GAS PEDAL, ACCELERATED OR ATTEMPTED TO STOP THE VEHICLE. THE ISSUE OFTEN DID NOT REPLICATE FOR MONTHS. *JB",01/19/2011,01/03/2011,,False,False,0,0,
10371818,2010,"Volkswagen Group of America, Inc.",GOLF,POWER TRAIN,"2010 VOLKSWAGEN GOLF TDI 6 SPEED MANUAL:  CLUTCH AND IGNITION SWITCH ISSUE.  VEHICLE IS CLEARLY ONE OF THE EASIEST CARS TO STALL.  OWNER HAS BEEN DRIVING FOR 27 YEARS, PROFESSIONALLY TRAINED DRIVER AS A LAW ENFORCEMENT OFFICER AND DRIVEN NUMEROUS MANUAL TRANSMISSION VEHICLES IN DEMANDING SITUATIONS.  THIS VEHICLE HAS VERY LONG CLUTCH TRAVEL BUT AN EXTREMELY SHORT ENGAGEMENT.  CAR NOTORIOUSLY STALLS VERY EASILY BECAUSE OF THIS.   VEHICLE IS DESIGNED WITH AN APPARENT BUILT IN 750 RPM STALL METER...IE CAR WILL NOT REMAIN RUNNING IF IN GEAR AND AT OR BELOW 750 RPM'S.  SECONDLY, DUE TO THE STALLING OF THE ENGINE, THE NEXT INFERIOR DESIGN ISSUE IS THAT VW IGNITIONS REQUIRE YOU TO COMPLETELY MANUALLY CYCLE OFF THE IGNITION SWITCH (AS WHEN THE CAR IS STALLED) THEN RECYCLE THE IGNITION SWITCH TO RESTART THE MOTOR.  THEREFORE, WHEN YOU STALL THE CAR, AS EASILY AS IT HAPPENS, SUCH AS MOVING OUT INTO AN INTERSECTION FROM A STOP SIGN, YOU MUST RAPIDLY TURN IGNITION SWITCH COUNTER CLOCKWISE, FOLLOWED IMMEDIATELY CLOCKWISE TO RESTART THE ENGINE.  THIS IS A SAFETY ISSUE AS IT IS LEAVING YOU DISABLED WHERE ANOTHER VEHICLE COULD EASILY COLLIDE WITH YOU.  VW APPARENTLY FEELS THIS TYPE OF IGNITION ""SAFETY"" IS NECESSARY TO REDUCE THE CHANCE OF DAMAGING AN IGNITION IF ONE WERE TO ATTEMPT TO TURN OVER AN ALREADY RUNNING ENGINE, WHEN ONE FORGOT IT WAS RUNNING.   IF THIS IS SUCH A GREAT DESIGN WHY DON'T OTHER CAR MANUFACTURES ALSO USE THIS FEATURE?  AND I HAVE NEVER HEARD OF ANYONE SEVERELY DAMAGING AN IGNITION BY TURNING OVER AN IGNITION ON AN ALREADY RUNNING ENGINE. *TR",12/20/2010,12/20/2010,,False,False,0,0,WVWMM7AJ7AW
10371203,2010,"Volkswagen Group of America, Inc.",GOLF,"FUEL SYSTEM, DIESEL","2010 VW GOLF TDI 2DR, 6 SPEED MANUAL:  LOSS OF POWER OCCURS ON OCCASION, TYPICALLY UNDER HARD ACCELERATION AFTER SHIFTING FROM 1ST INTO 2ND AND PUSHING DOWN ACCELERATOR, CAR WILL LOSE ALL POWER, BUT NOT STALL, FOR 2-5 SECONDS FOLLOWED BY REGAINING POWER.  WHEN IT REGAINS POWER THERE IS A HUGE PLUME OF WHITE SMOKE OUT THE TAIL PIPE THAT QUICKLY DISSIPATES, LEADING ME TO BELIEVE FUEL OR WATER.  CAR ALSO DONE EXACTLY SAME EVEN WHILE ATTEMPTING TO PASS A CAR: DOWNSHIFTING FROM 5TH TO 3RD GEAR, HITTING THE ACCELERATOR AND EXACT SAME LAG/LOSS OF POWER.  CAR NOW HAS 15K MILES AND I HAVE EXPERIENCED THIS ABOUT 6-10 TIMES OVER THE PAST 6 MONTHS.  DEALERSHIP MECHANICS CLAIM THEY CAN NOT REPLICATE OR FIND ANY ERROR CODES PLUS CLAIMING THEY'VE NEVER HEARD OF THIS TYPE OF COMPLAINT, ALSO THEY CLAIM/SUGGEST THIS COULD BE A POOR FUEL ISSUE, SUGGESTING GOING TO ANOTHER GAS STATION.  SALESPERSON WHO SOLD ME CAR INFORMED ME, OFF THE RECORD, THIS IS A COMMON COMPLAINT AND THEIR IS SAFETY CAMPAIGN CURRENTLY GOING ON WITH THE 2009 JETTA TDI, BUT CLEARLY THIS IS THE SAME ENGINE AS THE '09.  THIS TYPE OF COMPLAINT IS ALSO ALL OVER THE INTERNET AND FOUND IN NUMEROUS COMPLAINTS ON THE 2009 JETTA TDI ON THIS SAME WEBSITE, THEREFORE IT SURE SOUNDS LIKE A COVER-UP WHEN THE MECHANICS TELL ME THEY'VE NEVER HEARD OF ANY COMPLAINTS LIKE THIS???  AS A VETERAN LAW ENFORCEMENT OFFICER AND ACCIDENT INVESTIGATOR FOR THE PAST 20 YEARS, THIS IS A VERY MAJOR SAFETY CONCERN.  *TR",12/19/2010,12/19/2010,,False,False,0,0,WVWMM7AJ7AW
10362907,2010,"Volkswagen Group of America, Inc.",GOLF,"FUEL SYSTEM, DIESEL","TL*THE CONTACT OWNS A 2010 VOLKSWAGEN GULF TDI. THE CONTACT STATED THAT WHILE DRIVING 45 MPH, THE VEHICLE SUDDENLY STALLED. THERE WAS NO POWER STEERING WHEN THE FAILURE OCCURRED SO THE CONTACT COASTED THE VEHICLE TO THE SIDE OF THE ROAD AND RESTARTED IT. THE FAILURE OCCURRED TWO ADDITIONAL TIMES AND WAS TOWED TO AN AUTHORIZED DEALER. THE DEALER STATED THAT THE FUEL PUMP NEEDED TO BE REPLACED. THE VEHICLE HAD NOT BEEN REPAIRED. THE FAILURE MILEAGE WAS APPROXIMATELY 2,000 AND THE CURRENT MILEAGE WAS APPROXIMATELY 6,700.  UPDATED 01/06/11*LJ  UPDATED 04/07/11",10/29/2010,07/28/2010,,False,False,0,0,WVWBM7AJ7AW
10361255,2010,"Volkswagen Group of America, Inc.",GOLF,"FUEL SYSTEM, DIESEL",NEW VEHICLE TDI FUEL PUMP AND FULL FUEL SYSTEM NEEDS TO BE REPLACED!!! *TR,10/19/2010,10/08/2010,,False,False,0,0,
10357849,2010,"Volkswagen Group of America, Inc.",GOLF,SEATS,"FRONT SEAT HEAD RESTRAINTS (HEADRESTS) ARE TILTED FORWARD SO AGGRESSIVELY THAT DRIVING ABILITY IS IMPAIRED, AND SIGNIFICANT ERGONOMIC DISCOMFORT RESULTS FROM VW'S INTERPRETATION OF THIS NHTSA REQUIREMENT. PLEASE ADJUST YOUR REQUIREMENTS TO REFLECT A BETTER BALANCE BETWEEN SAFETY AND DRIVABILTY. THANK YOU. *TR",09/27/2010,09/27/2010,,False,False,0,0,
10353458,2010,"Volkswagen Group of America, Inc.",GOLF,"FUEL SYSTEM, DIESEL",WAS DRIVING AT APPROXIMATELY 65 MPH ON AN ILLINOIS HIGHWAY WHEN I SUDDENLY LOST POWER AND  HEARD A TAPPING COMING FROM THE ENGINE AREA. THIS WAS VERY DANGEROUS BECAUSE I WAS ALMOST REAR ENDED AFTER LOSING POWER.  THEN DIESEL FUEL STARTED SPRAYING ALL OVER THE CAR AND THE HIGHWAY.  PULLED OVER AND FIRE DEPARTMENT CAME TO CLEAN UP AS MUCH FUEL AS THEY COULD. CAR WAS TOWED TO LOCAL VW DEALER.  IT TURNED OUT THAT THE FUEL LINE TO INJECTOR FOR CYLINDER #2 WAS LEAKING.  THEY REMOVED AND REPLACED THIS PART.  03L-130-301-R LINE WAS REPLACED. *TR,09/02/2010,07/03/2010,,False,False,0,0,WVWDM7AJ6AW
10352948,2010,"Volkswagen Group of America, Inc.",GOLF,"FUEL SYSTEM, DIESEL","TL* THE CONTACT OWNS 2010 VOLKSWAGEN GOLF.  THE CONTACT STATED THAT WHEN BRAKING TO A COMPLETE STOP, THE VEHICLE WOULD STALL WITHOUT WARNING.  THE CONTACT EXPERIENCED THE FAILURE TWICE. THE VEHICLE WAS NOT REPAIRED.  THERE IS AN ACTIVE INVESTIGATION INTO THE FUEL SYSTEM, WHICH DEALS THE THIS STALLING ISSUE WITH THE DIESEL ON THE 2009 JETTA, AND THAT THE 2010 MODEL YEAR HAS THE SAME ENGINE. THE DEFECT CAMPAIGN NUMBER IS PE10034. THE FAILURE MILEAGE WAS 13,000 AND THE CURRENT MILEAGE WAS 18,800.",08/31/2010,05/22/2010,,False,False,0,0,WVWDM7AJXAW
10352983,2010,"Volkswagen Group of America, Inc.",GOLF,"ENGINE AND ENGINE COOLING,FUEL SYSTEM, DIESEL","ENGINE STALLS, ON STARTING FROM STOP, SOMETIMES WHEN GOING DOWN HILL, OR OVER A BUMP IN THE ROAD.  SEEMS TO STALL WHEN RPM GOES BELOW 750.  COMMONLY STALLS IN INTERSECTION, RESULTING IN DANGEROUS SITUATION WHILE ONE RESTARTS CAR.  COMPLAINED TO DEALER, BUT THEY WERE UNABLE TO FIX PROBLEM.  THIS IS A RECURRING PROBLEM WITH STALLS DAILY TO ONCE EVERY SEVERAL DAYS.  HAS BEEN DOING IT SINCE I PURCHASED THE CAR. *TR",08/31/2010,08/28/2010,,False,False,0,0,WVWMM7AJ7AW
10348655,2010,"Volkswagen Group of America, Inc.",GOLF,ENGINE AND ENGINE COOLING,TL*THE CONTACT OWNS 2010 VOLKSWAGEN GOLF. THE CONTACT STATED THAT THE ENGINE LIGHT CAME ON AND OFF AND THE TIRE PRESSURE LIGHT STAYED ON. THE CONTACT STATED THAT ALL 20 ROLLER LIFTERS HAD TO BE REPLACED BECAUSE OF A TICKING NOISE COMING FROM THE ENGINE. THE CONTACT STATED THAT THE FAILURE HAD BEEN ON GOING AND THAT VOLKSWAGEN HAD REFUSED TO WORK ON THE VEHICLE. THE CONTACT WAS CONCERNED BECAUSE THE VEHICLE STALLED WITHOUT WARNING. THE CONTACT STATED THAT THERE WAS ALSO A HIGH PITCH SOUND COMING FROM THE VEHICLE. THE FAILURE MILEAGE WAS 400 AND THE CURRENT MILEAGE WAS 1600.,08/11/2010,07/16/2010,,False,False,0,0,WVWBB7AJ8AW
10340206,2010,"Volkswagen Group of America, Inc.",GOLF,"ENGINE AND ENGINE COOLING,FUEL SYSTEM, GASOLINE","AFTER LEASING A BRAND NEW CAR FOR 2 DAYS (WITH ONLY 221 MILES ON THE ODOMETER) THE CAR ENGINE SUDDENLY DIED IN THE MIDDLE OF THE ROAD AND WOULD NOT START, LEADING TO VERY DANGEROUS FOR LIFE AND STRESSFUL(I HAD TWO FINAL EXAMS COMING UP WITHIN 2 DAYS COMING GOT)SITUATION. AFTER THE CAR GOT TOWED TO THE OFFICIAL VW DEALERSHIP AT FLADEBOE ON JUNE 3RD, IT TOOK THEM 5 DAYS TO DIAGNOSE AND REPAIR THE CAR. THERE WAS NO INJECTOR PULSE AND ENGINE CONTROL MODULE WAS REPLACED. ALSO, THE CAR GOT SCRATCHED WHILE IN REPAIR.I WAS GIVEN A RENTAL CAR, AND ALTHOUGH I WAS TOLD BY THE VW STUFF THAT THE COVER ALL THE COSTS, I ENDED UP PAYING $63 FOR RENTING OUT A TOYOTA FROM ""ENTERPRISE RENT-A-CAR"".  FEW DAYS AGO, I FOUND OUT THAT THE CRUISE CONTROL SYSTEM DOES NOT WORK AT ALL IN THE CAR, THE REAR VIEW MIRROR CANNOT NOT ADJUST COMPLETELY AND THE GLOVE COMPARTMENT DOOR JAMS WHENEVER THE CAR MANUAL IS PLACED INSIDE. I AM ABSOLUTELY SURE THAT THE CRUISE CONTROL SYSTEM WORKED BEFORE THE REPAIR AT FLADEBOE. *TR",06/26/2010,06/03/2010,,False,False,0,0,WVWBB7AJ0AW
10335710,2010,"Volkswagen Group of America, Inc.",GOLF,POWER TRAIN,"ON A HIGHWAY THE ENGINE SUDDENLY STOPPED RUNNING WHILE I WAS IN CRUISE CONTROL. AFTER A FEW SECONDS, THE ENGINE CAME TO LIFE. I BROUGHT THE CAR TO MY DEALER WHO SAID THAT THERE WAS NO PROBLEM THAT THEY COULD FIND. THE CAR IS A 2 MONTH OLD VW GOLF TDI. *TR",06/10/2010,06/03/2010,,False,False,0,0,WVWBM7AJ1AW
10308217,2010,"Volkswagen Group of America, Inc.",GOLF,VISIBILITY,2010 VW GOLF TDI  285 MILES SUNROOF EXPLODED. NO OTHER CARS ON THE ROAD AT THE TIME. IN DOING RESEARCH ON EDMONDS.COM  I FOUND TWO OTHER 2010 VW JETTA WITH SAME ISSUE. VW SAYS CAUSED BY EXTERNAL INFLUENCES AND DOES NOT WANT TO COVER IT YET THE DEALER DID UNDER GOOD WILL. THE EVENT WAS VERY TRAUMATIC AND VERY EASILY COULD HAVE CAUSED INJURIES AS WELL AS A ACCIDENT. *TR,02/09/2010,01/22/2010,,False,False,0,0,
11546719,2011,"Volkswagen Group of America, Inc.",GOLF,FUEL/PROPULSION SYSTEM,"The High-pressure Fuel pump failed during a routine drive at approximately 1500 RPMs. This caused an immediate loss of power while in traffic. Manage to limp the car to the nearest gas station in which the car finally died and would not start. Had to call for a tow truck. This immediate loss of power could have cause myself and my daughter to get into an accident. Luckily, we were not on a major highway doing 65+ MPH, which could have been a lot worse.  The vehicle flashed a MIL light or flashing glow plug light at the time of the incident. The car did not show any signs of possible failure beforehand. This same issue has been recalled by Fiat-Chrysler on their Heavy-Duty Ram pickup trucks with 6.7L Cummins due to catastrophic failure of the CP4 fuel pump.",09/26/2023,08/21/2023,,False,False,0,0,WVWDM7AJ1BW
11496080,2011,"Volkswagen Group of America, Inc.",GOLF,ELECTRICAL SYSTEM,"Fuse F16 (30A) in the engine fuse plate, melted instead of breaking - causing half of the cars lights to stop functioning including turn signals and brake lights. Cannot be fixed with replacing the fuse as it was never tripped but instead the whole fuse plate needs to be replaced. No warning lights preceded the event, all lights went out while driving. VW dealership requires a new plate to be put in with no explanation of what caused the melt and no guarantee that it won’t happen again. Multiple online forums suggest a similar finding, and even other models have tickets for recalls (same problem, same part) but not the 2011 Golf TDI.",12/05/2022,11/18/2022,,False,False,0,0,WVWNM7AJ6BW
11466179,2011,"Volkswagen Group of America, Inc.",GOLF,"ELECTRICAL SYSTEM,EXTERIOR LIGHTING",The wire from the alternator to the underhood fuse block is not thick enough to handle the current from the stock alternator.  This causes the wire to get too hot melting the fuse block at the 30 amp fuse causing headlight issues.,05/26/2022,01/15/2022,,False,False,0,0,WVWDM7AJ4BW
11464271,2011,"Volkswagen Group of America, Inc.",GOLF,"ELECTRICAL SYSTEM,ENGINE","Electrical Short caused catastrophic fire in engine compartment, suspected issue is a water leak due to faulty manufacturing.  Leak was noted by Volkswagen repair facility and was to be inspected and repaired within 30 days",05/11/2022,05/01/2022,,False,True,0,0,WVWDB7AJ9BW
11445727,2011,"Volkswagen Group of America, Inc.",GOLF,"ENGINE,FUEL/PROPULSION SYSTEM","Driving on interstate at 70 mph with cruise control on when car suddenly slowed and warning lights began flashing.  I slowed to 60 mph and within a minute the engine shut off and was almost rear ended by a semi truck before I could get to the shoulder of the highway. Engine would not restart and I was stranded on the highway.  Had to have the vehicle towed by AAA back to my home.  Used my Ross-Tech VCDS scanning tool to troubleshoot and found codes: P0087 (fuel rail system pressure too low), P020 (cylinders 1-4 injection timing), P1004-P1007 (torque difference cylinders 1-4).  Examined fuel filter and fuel metering valve and found metal chips and particles in both places.  Based on this evidence, the high pressure fuel pump has likely failed.  My safety was put at risk when the failure occurred due to the sudden loss of power and subsequent near collision with a truck.  Additionally I was in danger of being hit by other vehicles as I sat on the shoulder of the highway waiting for a tow truck.  My vehicle is available for inspection by the local VW dealership, but will have to be towed at my expense to be examined.",12/31/2021,12/23/2021,,False,False,0,0,WVWNM7AJ1BW
11361687,2011,"Volkswagen Group of America, Inc.",GOLF,ELECTRICAL SYSTEM,"LOST ALL LIGHTS, F16 AND F17 FUSES AND THE ENTIRE FUSE BOX WAS MELTED. FUSES WERE ARCING AND SHORTING INTERNALLY, BUT DIDN'T FAIL. THIS IS A VERY COMMON ISSUE IT SEEMS FROM RESEARCHING ONLINE, BUT THE DEALER REFUSES TO COVER THIS MANUFACTURING DEFECT AND MAJOR FIRE SAFETY ISSUE. THIS HAPPENED WHILE THE CAR WAS PARKED.",09/29/2020,08/19/2020,,False,False,0,0,WVWNM7AJ8BW
11327322,2011,"Volkswagen Group of America, Inc.",GOLF,ELECTRICAL SYSTEM,"I WAS RIDING AS THE PASSENGER IN MY VEHICLE. MY FOOT WAS BURNT BY AN ELECTRICAL COMPONENT THAT WAS DANGLING DOWN UNDERNEATH THE GLOVE BOX. IT WAS THE BLOWER RESISTOR. THE BLOWER RESISTOR MELTED THROUGH PLASTIC, THEN THE BLOWER RESISTOR WAS HANGING BY WIRES WHEN IT BURNT MY FOOT. *CC *TR",06/04/2020,06/04/2020,,False,False,1,0,WVWDA7AJ2BW
11325657,2011,"Volkswagen Group of America, Inc.",GOLF,"FUEL SYSTEM, DIESEL",2011 GOLF TDI 2DOOR. STARTED THROWING AND ERROR CODE OF P2BA6. TOOK IT FOR DIAGNOSTICS AND THEY STATED THAT ISSUE WAS A PREVIOUS RECALL AND WAS FIXED ALREADY. I CONTACTED VW DIRECTLY TO SEE HOW TO GO ABOUT THE SITUATION AND THEY STATED THE CAR WAS FIXED IN 2011 AND EVEN THOUGH I ONLY HAVE 44K MILES ON THE CAR THEY WILL STILL NOT FIX THE ISSUE BECAUSE IT IS OUT OF WARRANTY. IN CONCLUSION THE PART THAT HAD ALREADY GONE BAD AND RECALLED HAS BEEN FIXED ONCE THEY ARE REFUSING TO REPLACE THE NEW PART SINCE IT HAS BEEN REPLACED. CLEARLY SHOWS THAT THE RECALLED PART HAS NOT FIXED THE ISSUE WITH IT.  *TR,05/23/2020,05/23/2020,,False,False,0,0,WVWMM7AJ9BW
11217698,2011,"Volkswagen Group of America, Inc.",GOLF,"UNKNOWN OR OTHER,FUEL/PROPULSION SYSTEM",TAKATA RECALL MY CAR HAS HAD A WEIRD SHUTTERING IN ANY GEAR WHEN COASTING AT A REGULAR SPEED. I TOOK IT TO ONE DEALER AND THEY SAID NOTHING IS WRONG WITH IT YOU BASICALLY JUST DON'T KNOW HOW TO SHIFT. TWO WEEKS LATER I NOTICED A SOFT MUFFLED HUSH SOUND THAT REMINDED ME OF A ROCK IN A TIRE. WHEN LOOKING UNDERNEATH THE CAR WE NOTICED DARK LIQUID COATING THE BOTTOM COVER. WE TOOK IT TO A DIFFERENT DEALER AND AFTER HOISTING IT UP THEY CALLED US AND SAID THAT THE FLYWHEEL HAD SPRUNG LOOSE DUE TO FAULTY TORQUE AND A SPRING SPRUNG INTO THE TRANSMISSION CAUSING A HOLE AND RUPTURING IT. THEY ALSO MENTIONED THAT THIS SAME PART HAD BEEN REPLACED BACK IN 2014 BUT WE WERE UNAWARE . OUR THOUGHT IS THIS HAS BEEN AN ONGOING ISSUE AND WHOMEVER REPLACED IT THE FIRST TIME DID NOT DO IT PROPERLY BECAUSE NO ONE AND NOTHING SHOULD BE ABLE TO UNDERSTAND TORQUE THE BOLTS AT THE PROPER PRESSURE. HOWEVER I BELIEVE IT HAS SOMETHING TO DO WITH THE OVERALL MECHANICS OF THE FLYWHEEL AND TRANSMISSION AND CLUTCH COMBINATION. THERE IS SOMETHING FAULTY AND HAS CAUSED THIS TO HAPPEN. THIS CAR WAS BOUGHT LESS THAN A YEAR AGO.,06/04/2019,06/03/2019,,False,False,0,0,WVWNM7AJ9BW
11173312,2011,"Volkswagen Group of America, Inc.",GOLF,ENGINE,"TL* THE CONTACT OWNS A 2011 VOLKSWAGEN GOLF. WHILE DRIVING 45 MPH, THE CONTACT NOTICED BLACK SMOKE UNDERNEATH THE HOOD. THE CONTACT PULLED OVER AND OBSERVED FLAMES. THERE WERE NO WARNING INDICATORS ILLUMINATED. THE CONTACT WAS ABLE TO EXTINGUISH THE FIRE. THE VEHICLE WAS TOWED TO AN INDEPENDENT MECHANIC WHO REPAIRED THE COIL PACK, HARNESS WIRING, AND ELECTRONIC CONTROL MODULE. THE VEHICLE CAUGHT FIRE TWICE AFTER THE REPAIR. THE DEALER AND MANUFACTURER WERE NOT NOTIFIED. THE FAILURE MILEAGE WAS 50,000. THE VIN WAS UNKNOWN.",01/31/2019,07/01/2017,,False,True,0,0,
11140999,2011,"Volkswagen Group of America, Inc.",GOLF,"AIR BAGS,ELECTRICAL SYSTEM","TL* THE CONTACT OWNS A 2011 VOLKSWAGEN GOLF. WITHIN LESS THAN TWO MONTHS OF OWNING THE VEHICLE, THE HORN FAILED TO WORK. THE DEALER (ANTHONY CARVONI VOLKSWAGEN, 12 MERIDEN PL, MELVILLEE, NY, 516-848-7315) DIAGNOSED THAT THE HORN NEEDED TO BE REPLACED AND STATED THAT IT WAS NOT RELATED TO THE AIR BAG BEING ELECTRICALLY CONNECTED TO THE HORN. AN INDEPENDENT MECHANIC DIAGNOSED THAT THE HORN AND THE DRIVER'S SIDE AIR BAG NEEDED TO BE REPLACED. THE CONTACT WAS UNCERTAIN OF WHAT AIR BAG RECALL REPAIRS WERE COMPLETED BEFORE THE VEHICLE WAS SOLD. THE VEHICLE WAS NOT REPAIRED. THE MANUFACTURER WAS NOTIFIED. THE FAILURE MILEAGE WAS NOT AVAILABLE.",10/17/2018,08/27/2018,,False,False,0,0,WVWFD7AJ9BW
11081082,2011,"Volkswagen Group of America, Inc.",GOLF,AIR BAGS,I WAS IN A CAR ACCIDENT AND THE AIRBAG DIDN'T GO OFF.,03/23/2018,03/06/2018,,True,False,0,0,
11048012,2011,"Volkswagen Group of America, Inc.",GOLF,AIR BAGS,"TAKATA RECALL YEAR MAKE AND MODEL RECALLED, BUT VIN DOESN'T MATCH. SUSPECT CLERICAL ERROR WITH VIN PLEASE RECALL THIS VEHICLE TO CHECK AND/OR REPLACE DEFECTIVE AIRBAG INFLATOR. DEALER AND VW REFUSE TO EXAMINE AIRBAG INFLATORS. THEY SUGGEST CONTACTING YOU.",11/22/2017,11/21/2017,,False,False,0,0,WVWBB7AJ2BW
11022637,2011,"Volkswagen Group of America, Inc.",GOLF,"ELECTRICAL SYSTEM,ELECTRONIC STABILITY CONTROL (ESC)",LIGHTING CHECK ENGINE . I COULDN'T PASS INSPECTION ON MY VW DUE TO: CODE P0106.      MANIFOLD  ABSOLUTE/BAROMETRIC.  PRESSURE CTRL.  RANGE/PERFORMANCE,09/11/2017,08/25/2017,,False,False,0,0,WVWDB7AJ2BW
10959486,2011,"Volkswagen Group of America, Inc.",GOLF,ENGINE,"INTERCOOLER EXPERIENCED CONDENSATION CAUSING THE ENGINE TO ""HYDROLOCK"" RESULTING IN DESTRUCTION OF THE ENGINE. THIS IS A CONDITION THAT VW IS AWARE OF BUT FAILED TO NOTIFY IT'S CUSTOMERS OF.",03/08/2017,01/11/2017,,False,False,0,0,WVWMM7AJ7BW
10946705,2011,"Volkswagen Group of America, Inc.",GOLF,AIR BAGS,"MY CAR HAS BEEN LISTED AS HAVING DEFECTED AIRBAGS ON THE DRIVER SIDE.  THE GOLF TDI, WHICH I HAVE, IS ALSO RECALLED FOR THE EMISSIONS SCANDAL.  I PLAN ON DRIVING IT UNTIL 2018, WHEN I HAVE TO TURN IT IN.  I AM GUESSING VW WILL TRY TO IGNORE THIS RECALL.  *TR",01/20/2017,01/20/2017,,False,False,0,0,WVWNM7AJ9BW
10919683,2011,"Volkswagen Group of America, Inc.",GOLF,AIR BAGS,"TL* TAKATA RECALL. THE CONTACT OWNS A 2011 VOLKSWAGEN GOLF. THE CONTACT STATED THAT THE RECALL NOTICE FOR NHTSA CAMPAIGN NUMBER: 16V078000 (AIR BAGS) WAS RECEIVED IN APRIL. AFTER CONTACTING THE DEALER AND THE MANUFACTURER ON MULTIPLE OCCASIONS, THE CONTACT WAS INFORMED THAT THE PARTS NEEDED FOR THE RECALL REMEDY WERE STILL NOT AVAILABLE AND NO ESTIMATED TIME FOR RECEIVING THE PARTS COULD BE PROVIDED. THE CONTACT HAD NOT EXPERIENCED A FAILURE. VIN TOOL CONFIRMS PARTS NOT AVAILABLE.",10/27/2016,10/24/2016,,False,False,0,0,WVWDM7AJ1BW
10919134,2011,"Volkswagen Group of America, Inc.",GOLF,AIR BAGS,"TAKATA RECALL    THE RECALL NOTICE WENT OUT FEBRUARY 9, 2016. STILL NO FIX AVAILABLE AND MANUFACTURER REFUSES TO PROVIDE SAFE ALTERNATIVE TRANSPORTATION. MANUFACTURER SAYS TO KEEP DRIVING RECALLED VEHICLE WITHOUT ANY FIXES.  *TR",10/26/2016,10/26/2016,,False,False,0,0,WVWDM7AJ1BW
10917954,2011,"Volkswagen Group of America, Inc.",GOLF,AIR BAGS,TL* TAKATA RECALL. THE CONTACT OWNS A 2011 VOLKSWAGEN GOLF. THE CONTACT RECEIVED A RECALL NOTICE FOR NHTSA CAMPAIGN NUMBER: 16V078000 (AIR BAGS). THE CONTACT STATED THAT THE PARTS NEEDED FOR THE RECALL REMEDY WERE STILL NOT AVAILABLE AND THAT THE MANUFACTURER EXCEEDED A REASONABLE AMOUNT OF TIME FOR THE RECALL REPAIR. THE CONTACT HAD NOT EXPERIENCED A FAILURE. VIN TOOL CONFIRMS PARTS NOT AVAILABLE. ..UPDATED 11/21/16 *BF,10/21/2016,10/21/2016,,False,False,0,0,WVWDM7AJ9BW
10907394,2011,"Volkswagen Group of America, Inc.",GOLF,POWER TRAIN,"WHILE IN MOTION AND UNDER POWER, CAR SUDDENLY LOSES DRIVE; ACTS AS IF SHIFTED INTO NEUTRAL.  SOMETIMES A FLASHING WRENCH INDICATOR IS SEEN IN PLACE OF THE GEAR NUMBER IN THE INSTRUMENT DISPLAY.  THIS IS HAPPENING INCREASINGLY OFTEN.  AT LEAST ONCE PER DAY.",09/17/2016,09/17/2016,,False,False,0,0,WVWDM7AJ8BW
10905899,2011,"Volkswagen Group of America, Inc.",GOLF,AIR BAGS,"TL* THE CONTACT OWNS A 2011 VOLKSWAGEN GOLF. THE CONTACT RECEIVED NOTIFICATION OF NHTSA CAMPAIGN NUMBER: 16V078000 (AIR BAGS); HOWEVER, THE PART TO DO THE REPAIR WAS NOT AVAILABLE. THE CONTACT STATED THAT THE MANUFACTURER WAS UNABLE TO PROVIDE A LOANER VEHICLE OR REPAIR THE VEHICLE IN A REASONABLE AMOUNT OF TIME. THE MANUFACTURER WAS NOTIFIED OF THE ISSUE. THE CONTACT HAD NOT EXPERIENCED A FAILURE. VIN TOOL CONFIRMS PARTS NOT AVAILABLE.",09/12/2016,09/10/2016,,False,False,0,0,WVWDM7AJ1BW
10899215,2011,"Volkswagen Group of America, Inc.",GOLF,AIR BAGS,"TL* TAKATA RECALL. THE CONTACT OWNS A 2011 VOLKSWAGEN GOLF. THE CONTACT RECEIVED NOTIFICATION OF NHTSA CAMPAIGN NUMBER: 16V078000 (AIR BAGS); HOWEVER, THE PARTS TO DO THE REPAIR WERE UNAVAILABLE. THE CONTACT STATED THAT THE MANUFACTURER EXCEEDED A REASONABLE AMOUNT OF TIME FOR THE RECALL REPAIR. THE MANUFACTURER WAS NOTIFIED OF THE ISSUE. THE CONTACT HAD NOT EXPERIENCED A FAILURE. VIN TOOL CONFIRMS PARTS NOT AVAILABLE. UPDATED 10/07/16*LJ  *TR",08/29/2016,02/29/2016,,False,False,0,0,WVWDM7AJ9BW
10889280,2011,"Volkswagen Group of America, Inc.",GOLF,EXTERIOR LIGHTING,LOW BEAM HEADLIGHT ELECTRICAL PROBLEM    ONE SIDE OF VEHICLE LOW BEAM HEADLIGHT DOES NOT WORK. I NOTICED PASSATS AND JETTAS HAVE HAD THIS RECALLED AND IT IS DUE TO AN ELECTRICAL WIRING ISSUE. THIS IS NOT A BULB REPLACEMENT SINCE BULB HAS BEEN REPLACED SEVERAL TIMES AND STILL NOT WORKING. IT IS AN ISSUE WITH THE HOOD WHEN IT CLOSES KNOCKING THE ELECTRICAL CONNECTION OUT. SAME ISSUE AS THE PASSATS AND JETTAS. WHY WAS THIS NOT RECALLED FOR THE GOLF AS WELL?,07/28/2016,01/01/2015,,False,False,0,0,WVWDA7AJ2BW
10873212,2011,"Volkswagen Group of America, Inc.",GOLF,AIR BAGS,"TAKATA RECALL    HELLO NHTSA,     I AM WRITING TO EXPRESS A CONCERN THAT I HAVE REGARDING MY 2011 VW GOLF TDI.  MY CONCERN IS THAT VEHICLES AFFECTED BY BOTH THE TAKATA RECALL AND THE VW ""CLEAN DIESEL"" TDI EMISSIONS SCANDAL WILL NOT BE GIVEN EQUAL PRIORITY BY VW THROUGHOUT THE AIRBAG RECALL AND REPLACEMENT PROCESS.  SPECIFICALLY, I WORRY THAT THE IMPENDING BUY-BACK OF OLDER TDI DIESEL MODELS LIKE MINE WILL CAUSE VW TO GIVE THOSE AIRBAG REPLACEMENTS A MUCH LOWER PRIORITY IN COMPARISON TO OTHER VEHICLES THAT REQUIRE A REPLACEMENT.      FOR EXAMPLE, STRICTLY FROM A FINANCIAL STANDPOINT FOR VW, IT IS IN THEIR BEST INTEREST TO WAIT AS LONG AS POSSIBLE BEFORE COMMISSIONING THE AIRBAG REPLACEMENT OF MY VEHICLE.  I BELIEVE THIS TO BE TRUE BECAUSE THE TDI BUY-BACK WOULD NEGATE THE AIRBAG REPLACEMENT ENTIRELY, AS THE VEHICLE WOULD NO LONGER BE LEGAL TO OPERATE IN THE US.  FURTHERMORE, IF THE TDI BUY-BACK VEHICLES ARE RESOLD IN OTHER COUNTRIES WITH LESSER SAFETY STANDARDS, VW MAY CONCLUDE THAT IT IS MORE BENEFICIAL FOR THEM FINANCIALLY TO LEAVE THE DEFECTIVE AIRBAGS IN PLACE, SINCE NO LEGISLATION WOULD BE PREVENTING IT.    I HAVE EXPRESSED MY CONCERNS DIRECTLY WITH VW, BUT THEY ARE UNWILLING TO SHARE ANY INFORMATION REGARDING THE TIMING OF REPLACEMENT PARTS OR TO WHICH ORDER OF MODELS THE REPLACEMENTS WOULD BE DISTRIBUTED.  UNFORTUNATELY, THEY ARE ALSO UNWILLING TO PRESENT ANY OTHER POSSIBLE SOLUTIONS FOR ME.    I DO REALIZE THAT SOME OF MY CONCERNS ARE SPECULATIVE IN NATURE.  HOWEVER, GIVEN VW'S UNTRUSTWORTHINESS ACTIONS OF LATE, AND THAT THIS DIRECTLY IMPACTS MY FAMILY'S SAFETY, I FEEL THAT I AM JUSTIFIED IN EXPRESSING THESE CONCERNS TO A SAFETY-ORIENTED AGENCY SUCH AS THE NHTSA.    I THANK YOU IN ADVANCE FOR ANY ASSISTANCE YOU CAN PROVIDE -- NOT ONLY FOR MYSELF, BUT FOR THE OTHER NEARLY 500,000 VEHICLES/FAMILIES AFFECTED BY THE COMBINATION OF THESE TWO ISSUES.    BEST REGARDS,  [XXX]    INFORMATION REDACTED PURSUANT TO THE FREEDOM OF INFORMATION ACT (FOIA), 5 U.S.C. 552(B)(6).  *TR",06/08/2016,06/08/2016,,False,False,0,0,WVWMM7AJ8BW
10863571,2011,"Volkswagen Group of America, Inc.",GOLF,AIR BAGS,"YESTERDAY I RECEIVED A LETTER FROM VW SAYING MY CAR WAS SUBJECT TO A RECALL FOR A TAKATA AIRBAG ISSUE.  THE LETTER SAID PARTS ARE NOT YET AVAILABLE TO MAKE REPAIRS AND TO DO NOTHING AT THIS TIME.  MY NEIGHBOR HAS A HONDA CRV THAT WAS ALSO AFFECTED BY THE RECALL.  THEY WERE PROVIDED WITH A RENTAL CAR AND TOLD NOT TO MOVE THE HONDA UNTIL NOTIFIED TO DO SO.  AS I UNDERSTAND THIS IS A POTENTIALLY DEADLY PROBLEM, WHY AM I BEING INSTRUCTED TO CONTINUE DRIVING MY CAR WHEN MY NEIGHBOR WAS TOLD NOT TO MOVE THEIRS UNDER ANY CIRCUMSTANCE?  THE LETTER LISTS ""NHTSA 16V078"".",05/06/2016,05/05/2016,,False,False,0,0,WVWMM7AJ1BW
10849614,2011,"Volkswagen Group of America, Inc.",GOLF,ENGINE,"CHECK ENGINE AND GLOW PLUG LIGHT CAME ON, THE CAR EVENTUALLY WOULD ONLY RUN AT AROUND 50% POWER.  AFTER DRIVING FOR ANOTHER 20 MILES IT EVENTUALLY SHUT DOWN.  VW CONDUCTED A DIAGNOSTIC AND TOLD ME THE HPFP WAS DAMAGED AND THAT DEBRIS MADE ITS WAY INTO THE ENGINE.  ALSO THE PARTICULATE FILTER AND CATALYTIC CONVERTER NEEDED REPLACEMENT.  THE CAR HAS 130K AND HAS NEVER HAD A GASOLINE INCIDENT.  I EXPECTED THE TDI TO MAKE IT A LOT LONGER THAN THIS.",03/14/2016,03/10/2016,,False,False,0,0,
10819020,2011,"Volkswagen Group of America, Inc.",GOLF,FUEL/PROPULSION SYSTEM,"THE VEHICLE WAS IN MOTION ON A CITY STREET, AND THE ENGINE STOPPED WORKING.  THIS RESULTED IN A TOTAL LOSS OF POWER DURING DRIVING.  ATTEMPTS TO RE-START THE CAR WERE NOT SUCCESSFUL.  NOTE:  NO FAULT LIGHTS CAME ON.    A NEAR MISS COLLISION OCCURRED, BUT LUCKILY NO ACCIDENT.  CAR WAS PUSHED TO SIDE OF ROAD AND LEFT FOR A FEW HOURS.  AFTER A FEW HOURS, THE CAR DID RE-START WITH GREAT DIFFICULTY.  ON RE-STARTING, A PLUME OF GREY SMOKED CAME FROM THE TAIL PIPE    THIS FAULT IS THE SECOND TIME OF OCCURRENCE AFTER THE MANUFACTURER (VW) SUPPOSEDLY CORRECTED A FAULT 202 ERROR THE LAST TIME A SIMILAR SITUATION OCCURRED.      I FEEL THE CAR'S FUEL SYSTEM IS A NON-SAFE DESIGN AS A SERIOUS COLLISION NEARLY OCCURRED.",01/08/2016,12/07/2015,,False,False,0,0,WVWNM7AJ4BW
10790432,2011,"Volkswagen Group of America, Inc.",GOLF,"STEERING,UNKNOWN OR OTHER,FUEL/PROPULSION SYSTEM",THE 2011 VW GOLF TDI SHUT OFF WHILE BEING DRIVEN. THE STEERING WHEEL LOCKED.,11/14/2015,11/12/2015,,False,False,0,0,WVWDM7AJXBW
10781439,2011,"Volkswagen Group of America, Inc.",GOLF,"ENGINE,FUEL/PROPULSION SYSTEM","MY GOLF TDI SUFFERED A CATASTROPHIC FAILURE OF THE HIGH PRESSURE FUEL PUMP (HPFP)  CAUSING MY VEHICLE TO STALL IN THE MIDDLE OF TRAFFIC.  LUCKILY EVERY WARNING LIGHT ON MY DASH LIT UP ABOUT 30 SECONDS PRIOR TO COMPLETE FAILURE ALLOWING ME TO BEGIN TO MERGE FROM THE LEFT HAND LANE AND COAST WITH MY HAZARDS ON TO THE RIGHT LANE. FROM INITIAL SYMPTOM TO COMPLETE VEHICLE FAILURE WAS LESS THAN 1 MINUTE.  SEARCHING ONLINE THIS IS A COMMON FAILURE, ONE THAT RESULTS IN UPWARDS OF AN $8000 REPAIR.",10/12/2015,10/09/2015,,False,False,0,0,WVWDM7AJ1BW
10779518,2011,"Volkswagen Group of America, Inc.",GOLF,SUSPENSION,"THERE IS A VERY AUDIBLE ""CLUNKING"" SOUND THAT COMES FROM THE FRONT UNDERBODY OF THE VEHICLE. IT MOSTLY OCCURS WHEN MAKING LEFT HAND TURNS AT LOWER SPEEDS (1-25MPH) OR WHEN THERE IS A CHANGE IN ELEVATION (A BUMP).",10/03/2015,01/15/2015,,False,False,0,0,WVWBM7AJ5BW
10760164,2011,"Volkswagen Group of America, Inc.",GOLF,ELECTRICAL SYSTEM,"DASHBOARD LAMP OUT INDICATOR AND DASH READ OUT INDICATES MULTIPLE LAMPS OUT (HEADLIGHTS, FOG, BACK UP, BRAKES ETC) AND SOMETIMES THEY ARE OUT BUT COME BACK ON LATER.  VW CURRENTLY HAS A SERVICE BULLETIN OUT (SA-97-AM) ON JETTAS AND GTI'S OF EARLIER VINTAGE THAN MY 2011.  THIS BULLETIN IS FOR MELTED FUSE PLATES, MY FUSE PLATE SHOWS THE SAME MELTING AND DAMAGED FUSE.  VW NEEDS TO ADDRESS THIS DEFECT.  THANK YOU.",08/29/2015,08/13/2015,,False,False,0,0,WVWNM7AJ6BW
10750213,2011,"Volkswagen Group of America, Inc.",GOLF,"POWER TRAIN,ENGINE,FUEL/PROPULSION SYSTEM",WHILE EXITING THE OFF RAMP OF THE HIGHWAY AT 1100 AT NIGHT THE CAR DIED AND I WAS LUCKY ENOUGH TO MAKE IT TO THE SIDE OF THE ROAD AS TRAFFIC BEHIND ME WAS LOCKING UP THEIR BRAKES AND SWERVING TO AVOID A COLLISION. AFTER AN EXPENSIVE TOW AND FINALLY GETTING THE VEHICLE TO THE DEALER I WAS TOLD THE HIGH PRESSURE FUEL PUMP HAD EXPLODED IN THE TANK SENDING METAL INTO THE WHOLE FUEL SYSTEM. I AM TOLD THE REPAIR BILL WILL COST AROUND $6500 TO FIX. THIS CAR HAS 54000 MILES AND I HAD RECEIVED A LETTER FROM VW STATING MY HIGH PRESSURE FUEL PUMP HAD AN EXTENDED WARRANTY A MONTH PRIOR HOWEVER VW WILL NOT PAY FOR THE REPAIR COSTS. THE VW DEALER TOLD ME THEY DID A FUEL SAMPLE TEST AND THE FUEL DID NOT HAVE ENOUGH LUBRICATION IN IT WHICH CAUSED THE FUEL PUMP TO FAIL. AS I HAVE RESEARCHED VW HAS HAD MORE THAN 3500 REPORTED CASES OF THESE FUEL PUMP FAILURES AND REFUSES TO STAND BEHIND THE BOSCH PRODUCTS THEY USE. I ALSO TALKED WITH THE SERVICE STATION WHERE I PURCHASED THE FUEL TO LET THEM KNOW THE PUMP FAILURE IS BEING BLAMED ON LACK OF LUBRICATION IN THEIR FUEL AND THEY HAVE NOT HAD ONE OTHER COMPLAINT OF FUEL ISSUES REPORTED. ON A SIDE NOT I FILLED MY DODGE DIESEL TRUCK WITH THE SAME PUMP AND FUEL AND HAVE HAD NO PROBLEMS. TO ME THIS IS A SERIOUS PROBLEM THAT VW IS NOT TAKING RESPONSIBILITY FOR AND IF THERE IS NOT A RECALL ON THESE FUEL PUMPS IT IS ONLY A MATTER OF TIME BEFORE SOMEONE GETS KILLED BECAUSE A KNOWN BAD PART THAT IS NOT GETTING REPLACED.,08/21/2015,08/01/2015,,False,False,0,0,WVWNM7AJ1BW
10734069,2011,"Volkswagen Group of America, Inc.",GOLF,FUEL/PROPULSION SYSTEM,"HIGH PRESSURE FUEL PUMP WENT OUT ON MY 2011 GOLF TDI.  MY FAMILY AND WERE DRIVING DOWN THE ROAD WHEN IT COMPLETELY SHUT DOWN ALMOST CAUSING AN ACCIDENT.  VW COVERS UP TO 120,000 MILES, MY VEHICLE HAS 122K MILES.  THIS CAR IS MY DAILY DRIVER AND ALMOST LOST MY JOB DUE TO THIS PROBLEM.  HPFP IS A FAULTY PUMP AND VW DENIES TO COVER THIS EXPENSE.  I DO NOT HAVE $8000 TO COVER THIS EXPENSE, AND I WILL KEEP ON CONTACTING VW TO FIX IT.  OTHER CARS WITH HIGHER MILEAGE HAVE BEEN COVERED, BUT NOT MINE.  I AM ON OF THOUSANDS WITH THIS TDI HPFP PROBLEM.  I ALWAYS USE CHEVRON DIESEL, SO THERE IS NO WAY IT CAN BE ""CONTAMINATED""  IT IS VW FAULTY PIECE.  I HOPE SOMEONE READS THIS AND HELPS ME OUT, THANKS.",07/14/2015,06/11/2015,,False,False,0,0,WVWNM7AJ0BW
10723924,2011,"Volkswagen Group of America, Inc.",GOLF,ENGINE,"TL* THE CONTACT OWNS A 2011 VOLKSWAGEN GOLF. MOMENTS AFTER PARKING THE VEHICLE, IT CAUGHT FIRE. THE FIRE DEPARTMENT EXTINGUISHED THE FIRE. THE CONTACT INDICATED THAT THE FIRE ORIGINATED IN THE ENGINE COMPARTMENT; HOWEVER, THE CAUSE OF THE FIRE WAS NOT DETERMINED. THE MANUFACTURER WAS NOTIFIED OF THE FAILURE. THE FAILURE MILEAGE WAS 44,000.",06/08/2015,06/07/2015,,False,True,0,0,WVWDM7AJ4BW
10724128,2011,"Volkswagen Group of America, Inc.",GOLF,STRUCTURE,"I HAD PULLED INTO A PARKING SPACE READY TO SHIFT THE CAR INTO PARK POSITION WHEN IT LUNGED FORWARD AND HIT THE CAR PARKED IN FRONT OF MINE.  WHEN PULLING INTO A PARKING SPACE, ONES FOOT IS ONE THE BRAKES, THEREFORE I BELIEVE THAT THIS MAY HAVE BEEN A CASE OF SPONTANEOUS ACCELERATION. THE OTHER CAR, NATURALLY, SUSTAINED DAMAGES, AS WELL",06/08/2015,06/06/2015,,True,False,0,0,WVWDB7AJ8BW
10691939,2011,"Volkswagen Group of America, Inc.",GOLF,FUEL/PROPULSION SYSTEM,"TL*THE CONTACT OWNS A 2011 VOLKSWAGEN GOLF. THE CONTACT STATED THAT WHILE DRIVING AT 35 MPH, THE VEHICLE STALLED WITHOUT WARNING. THE VEHICLE WAS TAKEN TO AN INDEPENDENT MECHANIC WHERE IT WAS DIAGNOSED THAT THE FUEL PUMP NEEDED TO BE REPLACED. THE VEHICLE WAS NOT REPAIRED. THE MANUFACTURER WAS MADE AWARE OF THE FAILURE. THE FAILURE MILEAGE WAS UNKNOWN.",03/03/2015,03/03/2015,,False,False,0,0,WVWDM7AJ3BW
10682871,2011,"Volkswagen Group of America, Inc.",GOLF,"POWER TRAIN,ENGINE","2011 VW GOLF TDI (DIESEL ENGINE).  AFTER DRIVING FROM RAINY WEATHER INTO FREEZING AND SNOW CONDITIONS, THE CAR WAS PARKED FOR SEVERAL HOURS IN A 50 DEG. GARAGE.  WHEN THE CAR WAS NEXT STARTED, IT WOULD STRUGGLE TO START AND STALL OUT.  I HAVE READ OF SEVERAL ISSUES WITH THE VOLKSWAGEN GOLF TDI ENGINES AND KNOW ABOUT CONDENSATION IN THE INTERCOOLER FREEZING, THEN THAWING, CAUSING WATER TO BUILD UP IN THE INTERCOOLER PIPING. I REMOVED THE INTERCOOLER TO ENGINE INTAKE PIPE AND DRAINED ABOUT A CUP OF WATER AND INTERCOOLER.  IF THIS WATER WAS DRAWN INTO THE ENGINE, IT COULD HAVE DESTROYED THE ENGINE.  THIS IS A WELL DOCUMENTED ISSUE ON SEVERAL VOLKSWAGEN FORUMS. MY VEHICLE IS NOT UNDER FACTORY WARRANTY AND DOES NOT QUALIFY FOR ANY VOLKSWAGEN FACTORY UPDATES WITHOUT SIGNIFICANT COST TO ME.  *TR",02/12/2015,01/27/2015,,False,False,0,0,
10672579,2011,"Volkswagen Group of America, Inc.",GOLF,"POWER TRAIN,ELECTRICAL SYSTEM","VEHICLE WAS BEING  DRIVEN AT 15 MPH AROUND A PARKING LOT AT A BODY SHOP.   NO INDICATOR LIGHTS OR COMPUTER WARNING SYSTEM IDENTIFIED ANY PROBLEM.  THE VEHICLE CONTROL SYSTEM FAILED COMPLETELY, TURNING OFF POWER STEERING, ABS BRAKES, SHIFTING TRANSMISSION TO NEUTRAL, AND PREVENTING WINDOWS FROM OPENING.  STRUGGLED TO BRING CAR TO A STOP WHILE TURNING.  CAR ENGINE REMAINED RUNNING DURING THE ENTIRE EVENT.  TURNED OFF IGNITION.    RESTARTED CAR, NO PROBLEM INDICATORS OR WARNINGS SHOWN.   CAR WAS DRIVEN TO DEALER WHO COULD NOT IDENTIFY PROBLEM.  SECOND DEALER STATED ALTERNATOR PROBLEM, BUT CAR NEVER WARNED OF ANY ELECTRICAL OR ALTERNATOR PROBLEM.   AFRAID TO DRIVE CAR AS FAILURE OF VEHICLE CONTROL SYSTEM WOULD LIKELY LEAD TO DEATH IF DRIVING ON FREEWAY.    VW DEALERSHIPS WERE USELESS AND CONTRADICTORY AND VW OF AMERICA NOT HELPFUL IN EVEN ACKNOWLEDGING THE SERIOUSNESS OF THE PROBLEM.  CAR IS INHERENTLY UNSAFE TO OPERATE, THE VEHICLE'S COMPUTER SYSTEM WILL NOT WARN OF DANGEROUS CONDITIONS WHEN THE CAR IS STARTED, AND CATASTROPHIC FAILURE OF THE ENTIRE VEHICLE CONTROL SYSTEM MAY OCCUR AT ANY TIME WITHOUT ANY TYPE OF WARNING WHATSOEVER.  *TR",01/14/2015,12/22/2014,,False,False,0,0,WVWDM7AJXBW
10672117,2011,"Volkswagen Group of America, Inc.",GOLF,ENGINE AND ENGINE COOLING,"TL* THE CONTACT OWNS A 2011 VOLKSWAGEN GOLF. THE CONTACT STATED THAT WHILE DRIVING AT APPROXIMATELY 20 MPH, THE VEHICLE STALLED AND THE CHECK ENGINE AND THE SERVICE ENGINE SOON WARNING LIGHTS ILLUMINATED. THE VEHICLE WAS TOWED TO A DEALER WHO DIAGNOSED THAT THE INTER-COOLER HAD ICE INSIDE THE HOSES. THE DEALER REPAIRED THE INTER-COOLER WITH A NEW KIT; HOWEVER, THE FAILURE PERSISTED. THE MANUFACTURER WAS MADE AWARE OF THE FAILURE. THE APPROXIMATE FAILURE MILEAGE WAS 12,000.",01/13/2015,01/02/2012,,False,False,0,0,WVWMM7AJ2BW
10660976,2011,"Volkswagen Group of America, Inc.",GOLF,"ELECTRICAL SYSTEM,FUEL/PROPULSION SYSTEM","MY 2011 GOLF DIESEL WITH 31,000 MILES DIED IN RUSH HOUR ON A MAJOR STREET.  HAD IT TOWED TO THE DEALER.  A WEEK LATER, I GOT THE CAR BACK.  THEY FOUND METALLIC DEBRIS IN THE HIGH PRESSURE PUMP BORE AND WERE ADVISED TO REPLACE THE ENTIRE FUEL SYSTEM, A MASSIVE AMOUNT OF PARTS. THEY TESTED THE DIESEL, WHICH WAS NOT THE PROBLEM. THE WARRANTY COVERED THIS APPROXIMATE $8000 COST.  NOW, I HAVE A MAJOR DECISION ON KEEPING THE CAR OR BUYING ANOTHER ONE.  MY SERVICE REP SAID THAT MY WARRANTY WAS FOR 1 YEAR FROM THE DATE I RECEIVED THE CAR BACK.  THIS DOES NOT SEEM FAIR, IT SHOULD BE FOR ANOTHER 5 YEARS, FALLING UNDER THE POWER TRAIN WARRANTY, THESE ARE ALL NEW PARTS.  WILL THIS HAPPEN AGAIN?  I BOUGHT THIS CAR BECAUSE VW WAS SUPPOSE TO BE SUCH A RELIABLE CAR AND WOULD HATE TO GET RID OF IT, CAUSE IT IS AN EXCELLENT CAR BUT I AM NOT SURE IF IT WORTH THE RISK OF THIS MAYBE HAPPENING AGAIN AND HAVING TO DISH OUT $8000.  *TR",11/25/2014,11/04/2014,,False,False,0,0,WVWMM7AJ5BW
10655149,2011,"Volkswagen Group of America, Inc.",GOLF,ENGINE,"AFTER DRIVING MY 2011 GOLF TDI FOR A COUPLE OF MINUTES IN THE MORNING, I WAS TRAVELING AROUND 25 MPH AND MY ENGINE SUDDENLY STUTTERED AND THEN DIED. I IMMEDIATELY PULLED AS FAR OVER AS I COULD TO LET TRAFFIC GO BY. I TRIED TO RESTART THE ENGINE SEVERAL TIMES, BUT TO NO AVAIL. AFTER ABOUT 5 MINUTES OF SITTING IN TRAFFIC, I DECIDED TO JUST HOLD THE KEY IN THE STARTER POSITION UNTIL, AFTER ABOUT 20 SECONDS, THE ENGINE WAS STARTING TO CATCH AND THEN IT STARTED AGAIN. THE SAME DAY, IN THE EVENING, AS I WAS DRIVING HOME, I CAME ACROSS THE SAME STUTTERING ISSUE BUT I PUSHED THE CLUTCH IN AND JUST GAVE IT MORE GAS TO KEEP THE IDLE UP; THE STUTTERING THEN WENT AWAY. I TOOK IT TO THE VOLKSWAGEN DEALER 4 DAYS LATER AND EXPLAIN THE SITUATION, BUT THEY WERE UNABLE TO FIND ANY REASON IT COULD HAVE HAPPENED.  *TR",11/15/2014,11/03/2014,,False,False,0,0,WVWNM7AJ5BW
10653889,2011,"Volkswagen Group of America, Inc.",GOLF,ENGINE,"WHEN DRIVING THE CAR AND ACCELERATING, THE ENGINE STOPPED.  THERE WAS A LOSS OF ENGINE POWER; HOWEVER, AFTER ENGINE LOST POWER, THE DASH-BOARD LIGHTS WERE ON.  THE CAR WOULD NOT RE-START IMMEDIATELY AFTER THE ENGINE STOPPING.  THIS SCENARIO OCCURRED THREE TIMES.    IN TWO OF THE THREE SITUATIONS, THE CAR DID RE-START LATER IN THE DAY (APPROXIMATELY 3 HOURS AFTER THE INITIAL FAILURE).  IN ONE OF THE THREE SITUATIONS, THE CAR COULD NOT BE RE-STARTED AND REQUIRED TOWING TO THE CAR DEALER.    IN ONE OF THE THREE SITUATIONS, A NEAR MISS ACCIDENT OCCURRED.  A SECOND CAR NEARLY REAR ENDED MY CAR AFTER THE ENGINE STOPPED WORKING.  NO ACCIDENT OCCURRED, BUT IT WAS A CLOSE CALL.  THE SECOND CAR SKIDDED AND SWERVED AROUND MY CAR.  *TR",11/10/2014,11/01/2014,,False,False,0,0,5FNRL38635B
10653927,2011,"Volkswagen Group of America, Inc.",GOLF,"ELECTRICAL SYSTEM,ENGINE,FUEL/PROPULSION SYSTEM","WHEN DRIVING CAR AND ACCELERATING, THE ENGINE SIMPLY STOPPED.  THE DASH-BOARD LIGHTS WERE ON, BUT THE ENGINE LOST POWER.  ATTEMPTS TO RE-START THE CAR WERE NOT IMMEDIATELY SUCCESSFUL.      IN TWO OF THE THREE CASES, THE ENGINE DID RE-START.  HOWEVER, THE E-STARTS OCCURRED OVER 4 HOURS AFTER THE INITIAL LOSS OF ENGINE POWER.  IN ONE OF THE THREE CASES, THE CAR COULD NOT BE RE-STARTED.  IN THIS LAST CASE, THE CAR WAS TOWED TO THE DEALER AND AS OF TODAY (10 NOVEMBER), THE DEALER HAS NOT DETERMINED THE CAUSE OF FAILURE.    A NEAR MISS ACCIDENT OCCURRED IN ONE OF THE CASES.  AFTER THE ENGINE STOPPED, ANOTHER CAR NEARLY REAR-ENDED MY DISABLED CAR.  THE OTHER CAR SKIDDED AND SERVED OUT OF THE WAY OF MY DISABLED CAR.  *TR",11/10/2014,08/07/2014,,False,False,0,0,WVWNM7AJ4BW
10650724,2011,"Volkswagen Group of America, Inc.",GOLF,FUEL/PROPULSION SYSTEM,"CHECK ENGINE LIGHT CAME ON. TOOK VEHICLE TO AN INDEPENDENT REPAIR SHOP AND AFTER IT WAS CHECKED OUT MECHANIC STATED THE FUEL PUMP AND FUEL SYSTEM WERE CONTAMINATED WITH METAL SHAVINGS. MECHANIC ADVISED THAT THE ENGINE COULD STALL AND NOT RESTART AT ANY TIME IF REPAIRS WERE NOT MADE. TOOK THE VEHICLE TO THE LOCAL VOLKSWAGEN DEALERSHIP AND RECEIVED THE SAME DIAGNOSIS. DEALERSHIP SERVICE MANAGER STATED THAT THE REPAIRS WERE NOT COVERED UNDER WARRANTY BUT NONETHELESS THAT VOLKSWAGEN WOULD REPAIR THE FUEL SYSTEM AT NO COST. VW DEALERSHIP SUGGESTED THAT THE VEHICLE HAD BEEN MISFUELED, LEADING TO THE FUEL PUMP FAILURE. THAT WAS NOT THE CASE. THE VEHICLE HAS NEVER BEEN FUELED WITH ANYTHING BUT DIESEL FUEL.  *TR",10/28/2014,10/14/2014,,False,False,0,0,WVWNM7AJ4BW
10644531,2011,"Volkswagen Group of America, Inc.",GOLF,FUEL/PROPULSION SYSTEM,"WHILE DRIVING AT HIGHWAY SPEED GLOW PLUG LIGHT BEGAN BLINKING AND CAR LOST POWER AND WENT INTO ""LIMP"" MODE.     HAD CAR TOWED TO DEALER WHERE IT WAS DETERMINED THAT THE IN-TANK FUEL PUMP AND DIESEL HIGH PRESSURE FUEL PUMP HAD BOTH DONE BAD, POSSIBLY A CASCADING FAILURE. REPAIR WAS PERFORMED AT NO CHARGE DESPITE BEING OUTSIDE OF WARRANTY.     EIGHT MONTHS LATER AND 18,000 MILES LATER AT APPROX 79,000 MILES, SIMILAR SYMPTOMS AND FAILURE AS DETERMINED BY THE SAME DEALER. THIS WAS AGAIN REPAIRED  BY VW UNDER ""GOODWILL WARRANTY"" . THERE MUST BE SOME SORT SYSTEMIC OR DESIGN FAILURE WITH THE FUEL PUMPS ON THESE CARS. THERE ARE PAGES OF COMPLAINTS HERE AND ON VARIOUS TDI WEB FORUMS DOCUMENTING  INSTANCES OF FUEL PUMP FAILURES.  *TR",10/14/2014,01/29/2014,,False,False,0,0,WVWMM7AJ5BW
10632101,2011,"Volkswagen Group of America, Inc.",GOLF,FUEL/PROPULSION SYSTEM,"HELLO-FIRSTLY I AM CANADIAN WITH A VEHICLE PURCHASED ""BRAND NEW"" FROM ERIE PA. ON THURS SEPT 4/14 AT 6:30PM TRAVELING HOME FROM WORK MY VEHICLE LOST MAJORITY OF POWER (DROPPED TO BARELY MOVING) AND THEN COMPLETE POWER APPROXIMATELY 1 MILE FROM WHEN THE PROBLEM HAPPENED-THE CHECK ENGINE LIGHT WAS BLINKING RAPIDLY-THE CAR WAS STRUGGLING-BUCKLING-KICKING BACK AT THE ATTEMPTS TO MOVE. I CAME TO A COMPLETE STOP IN A BUSY STRETCH OF HIGHWAY AND WAS NARROWLY MISSED BY SEVERAL CARS AND A TRANSPORT TRUCK. I WAS DEAD IN THE WATER AND COULD NOT EXIT MY VEHICLE. I DID NOT KNOW WHAT HAD HAPPENED TO MY VEHICLE AS THERE WAS NO ISSUE WITH MY CAR AND I HAVE MAINTAINED MY VEHICLE TO STANDARDS OUTLINED BY VW. MY VEHICLE WAS TOWED TO A LOCAL VW DEALERSHIP AND I DID NOT RECEIVE A FULL QUOTE FOR THE SCOPE OF WORK NEEDING TO BE DONE FOR TWO BUSINESS DAYS. I WAS TOLD THERE ARE METAL SHARDS IN MY HPFP. I WAS TOLD THAT THE ENTIRE FUEL SYSTEM - INJECTORS - PUMP AND ALL THE PARTS FROM FRONT TO BACK NEEDS TO BE REPLACED. THE COST IS $7500+TAX (CND). I HAVE NOW BEEN IN A RENTAL VEHICLE FOR 7 DAYS AND THE PARTS ARE EXPECTED TODAY (SEPT 10/14)? I'VE BEEN TOLD IT WILL TAKE 22 HRS. I HAVE ASKED FOR ALL THE PARTS BACK. AFTER READING MANY BLOG POSTS ABOUT HPFP FAILURES ON LINE IN BOTH THE US AND CND I AM PERPLEXED WHY A TOTAL RECALL HAS NOT BEEN PLACED ON VW.  I AM OUT OF WARRANTY BUT THIS ISSUE HAS BEEN ACKNOWLEDGED AND APPARENT TO VW FOR YEARS. I CALLED VWOA BUT THEY DO NOT RECOGNIZE ""THE CAR"" AND NEITHER DOES VW CND.  I HAVE DRIVEN VW TDI'S SINCE '01 AND KNOW DIESEL FUEL-THIS WAS NOT MISFUELED. VW KNOWS THERE IS A PROBLEM. I AM DEVASTATED AS I CAN NOT AFFORD THIS REPAIR-I CAN NOT AFFORD TO BUY ANOTHER CAR-I CAN NOT SELL THIS CAR WITHOUT REPAIRING IT. I FEEL VWOA AND CANADA AND GERMANY ARE ALL LIABLE FOR NEGLIGENCE REGARDING SAFETY.  I COULD HAVE BEEN KILLED ON THURS SEPT 4/14.   *TR",09/10/2014,09/04/2014,,False,False,0,0,WVWMM7AJ1BW
10632105,2011,"Volkswagen Group of America, Inc.",GOLF,FUEL/PROPULSION SYSTEM,AS AN ADDENDUM TO MY PREVIOUS EMAIL COMPLAINT #.  THE MILEAGE OF THE VEHICLE IS 62000 NOT 101000 (KM)  ALSO I WAS DRIVING AT 110KM WHICH I BELIEVE IS 68 MILES PER HOUR.  I WAS CONFUSED GIVING YOU 65 MILES BUT TOTAL VEHICLE MILEAGE IN KM.  I HOPE THIS IS CLEAR AND MANY THANKS.  *TR,09/10/2014,09/04/2014,,False,False,0,0,WVWMM7AJ1BW
10630265,2011,"Volkswagen Group of America, Inc.",GOLF,"ENGINE,FUEL/PROPULSION SYSTEM","ON THE NIGHT OF AUGUST 5 ABOUT 8:30PM, WHILE DRIVING AT 45MPH, MY CAR LOST POWER WHILE DRIVING.  I WAS ABLE TO GET OUT OF THE TRAFFIC FLOW AND COAST UNTIL I COULD GET TO A SIDE ROAD AND THEN PUSHED IT INTO A PARKING LOT.  I LOOKED AT THE ENGINE AND SAW THE SERPENTINE BELT WAS DAMAGED.  I ALSO NOTICED FUEL SITTING ON TOP OF SURFACES IN THE ENGINE COMPARTMENT.  I ASKED MY SON TO VERIFY IF HE SMELLED FUEL WHICH HE DID AS I HAVE LITTLE SENSE OF SMELL. AFTER SEEING THE DAMAGED SERPENTINE BELT, I DID NOT ATTEMPT TO RESTART THE ENGINE.  I HAD THE VEHICLE TOWED.  AT THE DEALER, THE SERVICE REPRESENTATIVE ATTEMPTED TO TRY TO START THE VEHICLE AND MOVE IT AND SAID IT WOULDN'T START, POSSIBLY CAUSING ADDITIONAL DAMAGE SINCE THE SERPENTINE BELT WAS SHREDDED.  AFTER SOME INVESTIGATION THE DEALER'S SERVICE MANAGER EXPLAINED THAT THEIR LEADING THEORY IS THAT DIESEL FUEL LEAKED FROM FUEL FILTER GASKET ONTO THE SERPENTINE BELT.  THEN THE SHREDDED SERPENTINE BELT TOOK OUT THE TIMING BELT AND CAUSED THE ENGINE TO ROTATE OUT OF TIME CAUSING INTERNAL DAMAGE.  CAR HAD BEEN MAINTAINED PER MANUFACTURER SCHEDULE BY THIS DEALER, AND THIS FAILURE OCCURRED 6K MILES AFTER MOST RECENT SERVICE.  DEALER WAS UNSURE WHY THE DIESEL FUEL LEAKED, BUT THE HIGH PRESSURE FUEL PUMP AND FUEL FILTER SEEMED VIABLE PROBLEM POINTS.  AFTER GETTING ENGINE PARTS REPLACED AT GREAT EXPENSE AND GETTING THE ENGINE RUNNING ON AUG 30, 2014, DEALER INDICATED THAT THEY COULDN'T DETECT A FUEL LEAK AND SAID SERPENTINE BELT CONDITION SHOWED NO CONDITION TO INDICATE FAILURE BUT FAILED ANYWAY CAUSING THE CAVALCADE OF ENGINE DAMAGE. MANY PARTS WERE REPLACED OR REMOVED AND REINSTALLED DURING THE REPAIR, SO IT IS QUESTIONABLE THAT THERE WAS NO FUEL LEAK.    *TR",09/02/2014,08/05/2014,,False,False,0,0,WVWMM7AJ4BW
10619140,2011,"Volkswagen Group of America, Inc.",GOLF,"STEERING,FUEL SYSTEM, DIESEL,SERVICE BRAKES","WHILE DRIVING AT APPROX 75 MPH IN THE FAST LANE OF AN INTERSTATE FREEWAY MY 2011 VW GOLF TDI SHUT OFF.  WITHOUT WARNING, THE GLOW PLUG LAMP BEGAN FLASHING AND CHECK ENGINE NOTE CAME ON THE DASH.  AT THE SAME TIME THE CAR LOST ALL POWER AND BEGAN RUNNING VERY ROUGH.  WHILE NEGOTIATING TRAFFIC IN AN ATTEMPT TO PULL OVER (QUITE DANGEROUS WITHOUT POWER AND TRACTOR TRAILERS NOW PASSING MY SLOWING CAR) THE CAR SHUT OFF TAKING THE POWER BRAKES AND POWER STEERING WITH IT.  I WAS ABLE TO SAFELY GET OFF THE HIGHWAY DUE TO THE WIDE SHOULDER IN THAT AREA BUT THIS WOULD HAVE BEEN ANOTHER STORY HAD THIS HAPPENED IN AN AREA WITH NO SHOULDER OR SAFE PULL OFF.    MY CAR HAS BEEN PROPERLY MAINTAINED AT SERVICE INTERVALS AND FUELED FROM NAME BRAND, HIGH VOLUME FILLING STATIONS.  VWS OWN TESTS OF MY CAR INDICATED NO FAULT OF MY OWN AND NOTHING AMISS IN THE FUEL BUT RATHER CATASTROPHIC FAILURE OF A HIGH PRESSURE PUMP WHICH DISPLACED METAL INTO THE FUEL SYSTEM.  THIS SORT OF FAILURE IS COMMON ENOUGH (NOTED IN A SIMPLE INTERNET SEARCH) AND FLAT OUT DANGEROUS WHEN IT OCCURS AT SPEED SINCE THE CAR GAVE NO INDICATIONS THAT IT WAS GOING TO SHUT OFF AT SPEED (AND FAIL TO RESTART WITHOUT BEING TOWED TO THE DEALER).    WORSE YET, VW IS AWARE OF THIS ISSUE WITH THE TDI DIESELS BUT HAS STOPPED SHORT OF ISSUING A RECALL TO INSTALL NEW PARTS THAT WILL NOT FAIL SO SOON AND WITHOUT WARNING.  THE CAR WAS FIXED UNDER WARRANTY (CAR HAS ONLY 38,000 MILES) HOWEVER THEY REPLACED THE PARTS WITH THE SAME FAILURE PRONE PARTS.   WEB ANECDOTES FROM OTHERS WITH SIMILAR FAILURES HAVE NOTED THAT IT HAPPENS IN HOTTER AREAS (90-100 DEGREE TEMPS).  THIS WAS MY EXPERIENCE AS WELL AS I WAS IN THE MIDDLE OF A LONG DRIVE IN 100 DEGREE TEMPS.   *TR",08/05/2014,07/20/2014,,False,False,0,0,WVWDM9AJ0BW
10607975,2011,"Volkswagen Group of America, Inc.",GOLF,FUEL/PROPULSION SYSTEM,"2011 VOLKSWAGEN GOLF TDI, STARTED SHAKING WHILE DRIVING. I JUST MADE IT TO THE RIGHT LANE WHEN THE ENGINE STOPPED COMPLETELY, LEAVING ME STRANDED ON THE SIDE OF THE ROAD. CAR WAS TOWED TO THE DEALERSHIP WHERE THEY DIAGNOSED A FAULTY FUEL PUMP, LEAVING RESIDUES OF METAL IN THE ENGINE. CAR IS LITTLE OVER 40,000MILES, 5,000 MILES OUT OF WARRANTY. VW HOWEVER AGREED TO FIX THE ISSUE FOR FREE. IT WOULD HAVE BEEN A $10,000 REPAIR. ACCORDING TO THE SERVICE PEOPLE, THEY HAVE SEEN SEVERAL ISSUES LIKE THIS, RELATED TO DIESEL GOLF. LUCKILY I WAS DRIVING ON A CITY STREET, BUT THE ENGINE SHUTTING ON A HIGHWAY WOULD HAVE BEEN EXTREMELY DANGEROUS. IT SEEMS TO BE A PRETTY COMMON ISSUE, SUCH THAT VW WILL FIX IT FOR FREE INSTEAD OF CHARGING CUSTOMERS. I AM NOW WORRIED THIS WILL HAPPEN AGAIN IN ANOTHER 40,000 MILES. I AM PURCHASING EXTENDED WARRANTY, BUT VW SHOULD RECALL AND REPLACE ALL FAULTY PUMPS.  *TR",07/03/2014,07/02/2014,,False,False,0,0,
10597995,2011,"Volkswagen Group of America, Inc.",GOLF,"FUEL SYSTEM, DIESEL","STALLED WHILE TRAVELING FULL SPEED ON THE FREEWAY IN THE DESERT, GLOW PLUG LIGHT AND CHECK ENGINE LIGHT CAME ON, WAS ALMOST HIT BY SEVERAL TRUCKS WHILE ATTEMPTING TO COAST TO THE NEAREST OFF RAMP 1/4 MI AWAY, AT THE END OF THE OFF RAMP VEHICLE STALLED, AGAIN ALMOST HIT BY SEVERAL MORE VEHICLES.  WE WERE ABLE TO PUSH THE CAR OFF MIDDLE OF THE OFFRAMP TO THE SIDE OF THE ROAD.  DEALER STATES HIGH PRESSURE FUEL PUMP FAILURE, KNOWN ISSUE WITH MY MAKE/MODEL/YEAR OF VEHICLE.  STALLING ON FREEWAY IS A VERY DANGEROUS ISSUE.  MANY OWNERS HAVE HAD MULTIPLE FAILURES OF THIS PART AS IT WASN'T DESIGNED PROPERLY FOR US DIESEL SPECS (WAS DESIGNED FOR EUROPE.)  VW NEEDS TO ADDRESS THIS ISSUE.  THIS WAS NOT AN ISSUE OF MISFUELING, I HAVE ONLY USED DIESEL FROM BRAND NAME STATIONS, YOUR CURRENT INVESTIGATION BLAMING THIS ON MISFUELING IS INCORRECT, IT IS CLEARLY A PART DEFECT.  THE LATEST REDESIGNED PART FOR THE 2013 MODEL YEAR HAS HAD FAILURES AS WELL (THIRD REDESIGN OF PART.)  *TR",06/12/2014,06/07/2014,,False,False,0,0,WVWDM7AJ6BW
10586064,2011,"Volkswagen Group of America, Inc.",GOLF,ELECTRICAL SYSTEM,ACCORDING TO MY VW HONOLULU SERVICE PROVIDER MY 2011 VW GOLF'S STARTER CONNECTION WIRES WERE MELTED AND EXPOSED. MY  GOLF WAS PURCHASED NEW JULY 2011 ALL MAINTENANCE WAS DONE AT MY VW DEALERSHIP AND THE MILEAGE IS 40020.  MY SERVICE PROVIDER CLAIMS THIS AN UNIQUE PROBLEM BUT A POTENTIAL FATAL ONE.  *TR,05/01/2014,04/29/2014,,False,False,0,0,WVWDB7AJ0BW
10577802,2011,"Volkswagen Group of America, Inc.",GOLF,"FUEL SYSTEM, DIESEL","LAST WEEK, THE ENGINE LIGHT CAME ON AGAIN IN MY GOLF TDI THE WAY IT HAD A YEAR AGO WHEN THE FUEL PUMP FAILED. I TOOK IT IN AGAIN AND WAS TOLD THE POSSIBILITY IT WAS A FUEL PUMP ISSUE AGAIN AFTER THEY REPLACED THE ENTIRE THING BRAND NEW LAST SUMMER WAS CLOSE TO ZERO. HOWEVER, I RECEIVED A CALL THAT AFTERNOON SAYING ONCE AGAIN THE FUEL PUMP WAS HAVING PROBLEMS DUE TO ""DIRTY DIESEL."" LAST SUMMER AFTER THE CAR WAS REPAIRED I WAS TOLD ONLY TO GO TO SHELL AND CHEVRON. I HAVE ONLY GONE TO THE SAME CHEVRON STATION THIS ENTIRE TIME AND THE PROBLEM OCCURRED AGAIN.  I WAS TOLD BY THE DEALER MECHANIC THAT DIRTY DIESEL IS A RAMPANT PROBLEM IN THE PACIFIC NW AND THAT IT WAS NOT A GOOD IDEA THAT I ONLY WENT TO ONE GAS STATION AND THAT I SHOULD TRY OTHERS.  I WAS ALSO TOLD, I ""BARELY"" DROVE THE THING AS IT ONLY HAD 5000 MILES ADDED ON IT SINCE LAST SUMMER. HE SAID DIESEL CAN GROW BACTERIA AND THAT HE WOULD PUT ADDITIVES IN MY CURRENT TANK AND THEN MY NEXT TANK I SHOULD ADD ANOTHER BOTTLE OF ADDITIVES. HOW THIS SOLVES THE PROBLEM LONG TERM I HAVE NO IDEA.    SO APPARENTLY I WAS SOLD A VEHICLE WITH A FUEL PUMP THAT A) CAN NOT HANDLE THE DIESEL QUALITY IN THE ENTIRE PACIFIC NW REGION I LIVE IN AND B) MUST DRIVE AT A CERTAIN PACE/RATE TO KEEP THE FUEL PUMP CLEAN.    I AM GOING TO TRY AND SELL THE VEHICLE AS SOON AS I CAN FIND A REPLACEMENT AS THIS SEEMS LIKE AN INHERENT FLAW IN THE CAR THAT WILL NEVER GO AWAY SINCE THEY CONTINUE TO REPLACE IT WITH THE SAME FAULTY FUEL PUMP.  *TR",04/06/2014,03/29/2014,,False,False,0,0,WVWDM7AJ1BW
10549440,2011,"Volkswagen Group of America, Inc.",GOLF,"ELECTRICAL SYSTEM,FUEL/PROPULSION SYSTEM","HIGH PRESSURE FUEL LINES WERE LEAKING LARGE AMOUNTS OF FUEL. FUEL LEAKED ON TO ALTERNATOR, CAR STALLED ON HIGHWAY AND REQUIRED TOWING.  *TR",10/24/2013,10/12/2012,,False,False,0,0,WVWBM7AJ9BW
10543609,2011,"Volkswagen Group of America, Inc.",GOLF,"VEHICLE SPEED CONTROL,ELECTRONIC STABILITY CONTROL (ESC),ENGINE","I WAS ENTERING AN INTERSECTION AT 10MPH AND HALFWAY INTO THE INTERSECTION, MY CAR STALLED AND STOPPED.  IT SLOWLY BUMPED THE CAR IN MY REAR.  NO INJURY OR DAMAGE NOTED.  I PUT THE CAR IN PARK, TURNED OFF THE CAR AND RESTARTED IT AND DROP IT TO THE NEAREST PARKING LOT. THIS IS A VW GOLF TDI 2011!  *TR",09/14/2013,09/13/2013,,True,False,0,0,
10526247,2011,"Volkswagen Group of America, Inc.",GOLF,"FUEL SYSTEM, DIESEL","MY VEHICLE IS A TDI DIESEL VERSION OF THE VW 2011 GOLF.  DURING MY COMMUTE HOME I WAS TRAVELING AT HIGHWAY SPEED IN THE LEFT LANE OF SOUTHBOUND HIGHWAY 101 IN CA WHEN A WARNING LIGHT ILLUMINATED (GLOW PLUG) AND I LOST SIGNIFICANT SPEED AND POWER.  I MADE MY WAY TO THE RIGHT SHOULDER AND WAS ABLE TO TRAVEL IN ""LIMP MODE"" FOR ANOTHER MILE OR SO BEFORE THE CAR DIED.  I CALLED THE NEAREST VW DEALER AND HAD MY CAR TOWED TO THAT DEALER.  INITIAL FEEDBACK FROM THE DEALER IS THAT IT IS A HIGH PRESSURE FUEL PUMP (HPFP) FAILURE.  ROOT CAUSE AND  REPAIR HAVE NOT BEEN COMPLETED AS OF TODAY, MONDAY JULY 22, 2013.  *TR",07/22/2013,07/19/2013,,False,False,0,0,WVWBM7AJXBW
10521142,2011,"Volkswagen Group of America, Inc.",GOLF,"FUEL SYSTEM, DIESEL,VEHICLE SPEED CONTROL","ENGINE LIGHT COMING AND GOING, LURCHING INTERMITTENTLY UPON ACCELERATION. TOOK IT INTO THE DEALER 3 TIMES SINCE MARCH 2013 AFTER IT STARTED HAPPENING IN FEB 2013. TODAY RECEIVED A CALL FROM THE SERVICE DEPT AT THE DEALER CLAIMING THERE IS SEDIMENT THROUGHOUT THE FUEL SYSTEM DUE TO DIRTY DIESEL WHICH THE FILTERS CAN NOT CATCH. HE STATED THE ENTIRE FUEL SYSTEM WILL NEED TO BE REPLACED. TOLD ME TO CALL MY INSURANCE AGENT TO GET HIM INVOLVED DESPITE THE FACT THAT THE CAR IS UNDER A 7 YEAR WARRANTY AND THIS APPARENTLY HAS HAPPENED TO MANY OTHER TDI HPFPS AND IS NOT DUE TO THE ISSUE OF THE QUALITY OF DIESEL FUEL.  *TR",06/21/2013,02/13/2013,,False,False,0,0,WVWDM7AJ1BW
10512456,2011,"Volkswagen Group of America, Inc.",GOLF,FUEL/PROPULSION SYSTEM,"ENGINE WARNING LIGHT, LOSS OF POWER, ENGINE STALL.  DEALER SAID FUEL PUMP FAILED, CONTAMINATED COMPLETE FUEL SYSTEM.  ENTIRE FUEL SYSTEM MUST BE REPLACED.  *TR  ## VIN FAILED ##",05/16/2013,05/16/2013,,False,False,0,0,
10501037,2011,"Volkswagen Group of America, Inc.",GOLF,"FUEL SYSTEM, DIESEL","I WAS ON A ROAD TRIP FOR VACATION WHEN MY CAR DIED. I WAS DRIVING ABOUT 35 MPH ONE EVENING WHEN I HEARD A LIGHT METALLIC PING AND, A FEW SECONDS LATER, THE ENGINE SHUT OFF AND MANY LIGHTS IN THE DASH CLUSTER CAME ON. THE CAR COASTED TO A STOP. I HAD IT TOWED TO THE NEAREST MECHANIC THE NEXT DAY AND, AFTER THEY WEREN'T ABLE TO FIND THE ROOT CAUSE, I HAD IT TOWED TO THE NEAREST VW DEALERSHIP. THE NEXT DAY THEY INFORMED ME THAT THE SUSPECTED PROBLEM WAS FUEL CONTAMINATION (GAS IN A DIESEL TANK), WHICH CAUSED THE FUEL PUMP TO FAIL AND METAL PARTICLES WERE FOUND IN THE FUEL PUMP/LINES. THIS CHARGE OF FUEL CONTAMINATION CAME AS QUITE A BIT OF A SURPRISE, SINCE THE  LAST FUEL I?D PURCHASED WAS AT A FUEL STATION NEAR MY HOME TOWN (AND A RECEIPT CONFIRMS THAT THIS WAS A DIESEL PUMP, IN CASE THERE IS ANY DOUBT). I HAD TRAVELED OVER 600 MILES ON A SINGLE TANK.    THE LIST OF PARTS REPLACED WAS NEARLY 20 PARTS LONG AND INCLUDED A DIESEL INJECTION PUMP, 4 DIESEL INJECTION LINES, FUEL RAIL, ETC. FORTUNATELY, VW COVERED THE REPAIRS UNDER WARRANTY (THOUGH OTHERS WITH THIS PROBLEM HAVEN'T BEEN SO LUCKY). AFTER THE REPAIRS WERE COMPLETED AND I TRAVELED BACK TO RETRIEVE MY CAR, I BEGAN SEARCHING ONLINE AND FOUND THAT THERE WERE QUITE A FEW OTHER VW TDI OWNERS FROM 2009 ONWARD, THAT EXPERIENCED THE SAME TYPE OF ISSUE. ALL APPEARED TO BE RELATED TO FAILURE OF THE HIGH PRESSURE FUEL PUMP (HPFP), ALL WERE VERY EXPENSIVE REPAIRS, ONLY SOME WERE COVERED UNDER VW WARRANTY AND MANY WERE BLAMED ON FUEL CONTAMINATION.  *TR",03/02/2013,10/01/2012,,False,False,0,0,WVWMM7AJ0BW
10493786,2011,"Volkswagen Group of America, Inc.",GOLF,"FUEL SYSTEM, DIESEL,FUEL/PROPULSION SYSTEM","I WAS DRIVING ON I15 SOUTHBOUND, THE ENGINE MALFUNCTION SYMBOL APPEARED ON MY DASH BOARD AND ALL OF A SUDDEN THE CAR LOST POWER AND STALLED. AFTER PAYING OVER $800.00 IN TOWING FEES TO THE NEAREST VW DEALER IN ONTARIO CALIFORNIA. THE DEALER IS ASKING IF GASOLINE WAS PUT IN THE TANK. THEY ARE SAYING THAT METAL SHARDS WERE FOUND AND  GASOLINE IS THE ONLY CAUSE OF THAT MALFUNCTION. I AM THE ONLY DRIVER OF THE CAR AND I HAVE NEVER PUT GASOLINE. I ALWAYS FILL UP AT THE SAME GAS STATION DUE TO THE FACT THAT NOT ALL GAS STATION HAVE DIESEL.  *TR",01/22/2013,01/22/2013,,False,False,0,0,WVWDM7AJ6BW
10493135,2011,"Volkswagen Group of America, Inc.",GOLF,"FUEL SYSTEM, DIESEL,FUEL/PROPULSION SYSTEM","WE FILLED UP THE TANK WITH DIESEL AT  GAS STATION ON THE ROAD AND THE CAR STARTED STALLING 3 DAYS LATER.  IT WOULD ONLY START AFTER AN HOUR OF ""REST"".  AFTER 3 OF THESE INCIDENTS, WE TOOK IT TO THE DEALER TO FIND OUT THAT THE CAR HAD GASOLINE MIXED WITH DIESEL, OR ""CONTAMINATED FUEL"".  THEY FLUSHED THE CAR AND CHANGED THE FILTERS AT A COST OF $1275, BUT WARN THAT IT MAY REQUIRE A FULL OVERHAUL!  (COST ESTIMATED AT $8K).    SO I ASKED, HOW I AM SUPPOSE TO KNOW WHAT'S GOOD DIESEL OR NOT? IS THERE A TEST?   SOME WAY OF KNOWING?     THE DEALER HAD NO SUGGESTIONS NOR GUIDANCE ON THIS REGARD.    NOW WE FIND ON THE WEB FORUMS, THAT THIS IS NOT AN ISOLATED CASE AND THAT THERE ARE MANY CASES (IN FACT THE DEALER MENTIONED A FEW WERE IN THE SHOP FOR THE SAME ISSUE) ESCALATING THIS ISSUE FROM THE RANDOM MISUSE OF GAS OR CONTAMINATED GAS.    NET, THERE'S AN ISSUE WHEN YOU HAVE A CAR  YOU CAN'T RELY ON BECAUSE OF THE DIESEL SUPPLIES.  I AM VERY DISAPPOINTED AND CONCERNED THAT THIS NEW CAR WILL STALL AGAIN AND LEAVE US STRANDED.  *TR",01/16/2013,01/02/2013,,False,False,0,0,WVWDM7AJ1BW
10486058,2011,"Volkswagen Group of America, Inc.",GOLF,"FUEL SYSTEM, DIESEL,FUEL/PROPULSION SYSTEM","VEHICLE ENGINE STOPPED WHILE VEHICLE WAS STOPPED. WOULD NOT RESTART. TOWED TO DEALER. DEALER SERVICE REPORTED RUST IN FUEL CANISTER. CLAIMS CAUSE OF FAILURE WAS BAD FUELED. $7200 IN PARTS AND LABOR.  BASED ON SEVERAL BLOGS, I SUSPECT HPFP FAILURE WAS PART MALFUNCTION BUT VW DOES NOT ADMIT TO THIS.  *TR",11/26/2012,10/25/2012,,False,False,0,0,WVWBM7AJ7BW
10486143,2011,"Volkswagen Group of America, Inc.",GOLF,"FUEL SYSTEM, DIESEL,FUEL/PROPULSION SYSTEM","AS I WAS ENTERING THE ON RAMP TO GET ON THE HIGHWAY, UNDER NORMAL ACCELERATION, THERE WAS A HISSING SOUND AND THE CAR STALLED IN THE MIDDLE OF THE HIGHWAY LANE WHERE MULTIPLE CARS WERE GETTING ON AND OFF THE HIGHWAY. I WAS FORCED TO PULL TO THE SIDE OF THE EXIT RAMP WHERE I WAITED 45 MIN FOR A TOW TRUCK TO GET US WHILE CARS FLEW PAST MY FIANCEE AND I, PUTTING OUR LIVES IN DANGER. I HAD THE CAR TOWED TO THE DEALER WHERE I PURCHASED THE CAR. TODAY, 11/26/2012, I WAS TOLD THAT THE HPFP(HIGH PRESSURE FUEL PUMP) HAD FAILED AND WOULD BE REPLACED UNDER THE WARRANTY. I AM WAITING FOR FURTHER INFORMATION AS TO WHETHER THERE ARE ANY MORE MALFUNCTIONS OR NOT. THIS SEEMS TO BE A COMMON PROBLEM THAT VWOA HAS FAILED TO ACKNOWLEDGE AND IS PUTTING PEOPLES LIVES IN DANGER. *TR",11/26/2012,11/23/2012,,False,False,0,0,WVWNM7AJ5BW
10483260,2011,"Volkswagen Group of America, Inc.",GOLF,"STEERING,VEHICLE SPEED CONTROL,FUEL/PROPULSION SYSTEM",HAD BEEN DRIVING FOR ABOUT 70 MILES STOPPED FOR ABOUT 20 MINUTES.  RESTARTED CAR DROVE 1/2 MILE TO THE FREEWAY MADE THE TURN ON TO THE FREEWAY AND THE CAR WOULD NOT ACCELERATE AND CAME TO A STOP.  I WAS LUCKY ENOUGH TO GET IT OFF THE HIGHWAY AND ON TO THE SHOULDER.  DEALER SAYS IT IS CONTAMINATED FUEL AND THE FUEL PUMP FAILED.  *TR,11/03/2012,11/02/2012,,False,False,0,0,WVWDM7AJ6BW
10479855,2011,"Volkswagen Group of America, Inc.",GOLF,FUEL/PROPULSION SYSTEM,"I WAS DRIVING MY VW GOLF TDI ABOUT 15 MPH DUE TO HEAVY TRAFFIC WHEN COIL SIGN BEGAN FLASHING AND THE SERVICE ENGINE SOON ALERT APPEARED. AFTER APPROXIMATELY 200 YARDS THE VEHICLE STOPPED AND WOULD NOT START AGAIN. THERE WAS NO ACCIDENT BECAUSE TRAFFIC LIGHTS TURNED RED.  THE VEHICLE WAS PUSHED FROM THE INTERSECTION TO THE CURB AND TOWED TO A VW DEALERSHIP. FUEL PUMP, FUEL FILTER HOUSING, ALL FUEL INJECTORS, FUEL LINES, AND HIGH PRESSURE FUEL PUMP WERE REMOVED AND REPLACED WITH NEW PARTS.  THE VEHICLE IS NOW OPERATING.  *TR",10/12/2012,09/16/2012,,False,False,0,0,
10479817,2011,"Volkswagen Group of America, Inc.",GOLF,"FUEL SYSTEM, DIESEL,FUEL/PROPULSION SYSTEM",HIGH PRESSURE FUEL INJECTION PUMP FAILED.  *TR,10/11/2012,10/02/2012,,False,False,0,0,WVWDM7AJ8BW
10479393,2011,"Volkswagen Group of America, Inc.",GOLF,FUEL/PROPULSION SYSTEM,"I WAS DRIVING MY VEHICLE AT APPROXIMATELY 35MPH, AFTER JUST HAVING LEFT A STORE.  ALL OF A SUDDEN THE ENGINE STARTED MAKING A ""CLUNKY"" SOUND AND THE HUD DISPLAYED ""SERVICE ENGINE"".  I PULLED TO THE SIDE OF THE ROAD AND SHUT OFF THE ENGINE.  I TRIED TO REFIRE THE ENGINE THINKING PERHAPS THERE WAS A HICCUP IN THE FUEL LINES.  THE VEHICLE RESTARTED WITH THE SAME CLUNKY SOUND, AND ABRUPTLY STALLED WITHIN 5 SECONDS.  *TR",10/09/2012,10/06/2012,,False,False,0,0,WVWDM7AJ3BW
10474188,2011,"Volkswagen Group of America, Inc.",GOLF,AIR BAGS,"TL* THE CONTACT OWNS A 2011 VOLKSWAGEN GOLF. WHILE DRIVING APPROXIMATELY 5 MPH , ANOTHER VEHICLE CRASHED INTO THE FRONT PASSENGER SIDE OF THE CONTACT'S VEHICLE. THE AIR BAGS DEPLOYED SEVERAL MINUTES AFTER THE ACTUAL IMPACT AND NOT DURING. THE CONTACT SUSTAINED A CHEST CONTUSION, MULTIPLE BRUISES TO HER BODY AND FACE, A SPRAINED LEFT FOOT AND BURNS TO THE CHEST AND RIGHT HAND FROM THE AIR BAG DEPLOYMENT. THE POLICE REPORTED TO THE SCENE AND A REPORT WAS FILED. THE VEHICLE WAS TOWED TO AN AUTO BODY SHOP AND WAS NOT REPAIRED. THE APPROXIMATE FAILURE MILEAGE WAS 9,000.  UPDATED 11/07/12*LJ",09/07/2012,08/31/2012,,True,False,1,0,WVWDA7AJ8BW
10473998,2011,"Volkswagen Group of America, Inc.",GOLF,"ENGINE,FUEL/PROPULSION SYSTEM","HAD DRIVEN CAR 20 MILES THAT DAY. WENT INSIDE FOR 15 MINUTES, CAME BACK. UNABLE TO START CAR. UNABLE TO ENGAGE ENGINE. LIGHTS AND SHIFTERS ALL WORKING. 5 ATTEMPTS BY 3 DIFFERENT PEOPLE OVER NEXT HOUR AND UNABLE TO START CAR. VW TOW TRUCK DRIVER UNABLE TO START CAR. NEXT MORNING VW ABLE TO START CAR. VW DEALER ATTRIBUTES PROBLEM TO WATER/ALGAE IN FUEL. LINE CLEANED AND FUEL REPLACED BY DEALER.  CAR PICKED UP. CAR DRIVEN 15 MILES TOTAL AFTER PICK-UP. LEFT CAR FOR 5 MINUTES, RETURNED TO CAR BUT UNABLE TO RESTART CAR. MULTIPLE ATTEMPTS FAILED. TOW TRUCK DRIVER ABLE TO START CAR AFTER 5 MINUTES OF CONSTANTLY ENGAGING ENGINE. BEING INVESTIGATED BY VW DEALER NOW.  *TR",09/05/2012,08/20/2012,,False,False,0,0,
10467980,2011,"Volkswagen Group of America, Inc.",GOLF,FUEL/PROPULSION SYSTEM,"WHEN ACCELERATING ONTO THE HIGHWAY, THE CHECK ENGINE LIGHT FLASHED ""SERVICE ENGINE IMMEDIATELY"" AND THE GLOW PLUG LIGHT FLASHED. VW SERVICE WAS CALLED, THEY INDICATED THAT THE CAR SHOULD NOT BE DRIVEN. IT WAS TOWED TO THE NEAREST DEALERSHIP WHERE THEY INDICATED THAT THE FUEL PRESSURE WAS TOO LOW. THEY REPLACED THE FUEL PRESSURE REGULATOR WITH NO IMPROVEMENT. THEY THEN INDICATED THAT THE HIGH PRESSURE FUEL PUMP WAS FAULTY AND REPLACE THE PUMP (PART NUMBER 03L130755A), THE PIPE (03L130235S), SEAL (N  90451902), VALVE (057130764H).   *TR",07/27/2012,07/17/2012,,False,False,0,0,WVWMM7AJ8BW
10467147,2011,"Volkswagen Group of America, Inc.",GOLF,"FUEL SYSTEM, DIESEL","MY HIGH PRESSURE FUEL PUMP (HPFP) FAILED WHILE DRIVING ON THE HIGHWAY.  I WAS ABLE SAFELY GET OFF THE HIGHWAY, BUT BARELY AND WAS LEFT STRANDED IN AN INTERSECTION.  I HAD TO PUSH THE CAR OUT OF THE INTERSECTION.  I READ ONLINE THAT MANY VOLKSWAGEN TDI OWNERS EXPERIENCE THE SAME THING.  PLEASE FORCE VW TO ADDRESS THIS ISSUE.  I DID NOT PUMP GASOLINE INTO MY TANK.  THAT IS LUDICROUS.  *TR",07/23/2012,07/23/2012,,False,False,0,0,WVWDM7AJ1BW
10460725,2011,"Volkswagen Group of America, Inc.",GOLF,FUEL/PROPULSION SYSTEM,"CAR STALLED ON FREEWAY OFF RAMP IN TRAFFIC, AND WOULD NOT RESTART. THE CAR WAS BLOCKING TRAFFIC, AND NEEDED TO BE TOWED TO DEALERSHIP TO BE REPAIRED. THE DEALER STATED THAT THE HIGH PRESSURE FUEL PUMP (HPFP) HAD FAILED.  *TR",06/05/2012,06/01/2012,,False,False,0,0,WVWMM7AJXBW
10454601,2011,"Volkswagen Group of America, Inc.",GOLF,POWER TRAIN,"TL* THE CONTACT OWNS A 2011 VOLKSWAGEN GOLF. THE CONTACT STATED THAT THE ACCELERATOR PEDAL WAS DEPRESSED BUT THE VEHICLE FAILED TO ACCELERATE. THE VEHICLE WAS NOT TAKEN TO THE DEALER AND THE MANUFACTURER WAS NOT CONTACTED. THE VEHICLE WAS NOT REPAIRED. THE FAILURE AND THE CURRENT MILEAGES WERE 8,500.",04/09/2012,04/09/2012,,False,False,0,0,WVWDM9AJ4BW
10454615,2011,"Volkswagen Group of America, Inc.",GOLF,POWER TRAIN,"I WAS DRIVING THE CAR (GOLF TDI) EQUIPPED WITH DSG TRANSMISSION IN MANUAL MODE IN 4TH GEAR AT ABOUT 35MPH AND I HAD TO SLOW DOWN FOR A CAR TO TURN RIGHT IN FRONT OF ME. AFTER THE CAR TURNED RIGHT I CHANGED THE GEARBOX IN 2RD GEAR AND PUSHED THE ACCELERATOR PEDAL AND THE CAR DIDN'T ACCELERATE (MOVE), ONLY THE ENGINE REVVED AT ABOUT 3500-4000 RPM (LIKE BEING IN NEUTRAL MODE, BASICALLY THE TRANSMISSION NOT ENGAGING THE ENGINE). I HAD TO MOVE THE GEARSHIFT SELECTOR IN DRIVE MODE (AUTOMATIC) AND THE CAR AFTER A FEW SECONDS BEGAN TO ACCELERATE. THIS IS A VERY DANGEROUS SITUATION IF HAPPENS CROSSING FROM ONE SIDE TO THE OTHER SIDE OF THE ROAD OR IN HEAVY TRAFFIC.  *TR",04/09/2012,04/09/2012,,False,False,0,0,WVWDM9AJ4BW
10453398,2011,"Volkswagen Group of America, Inc.",GOLF,"ENGINE AND ENGINE COOLING,FUEL SYSTEM, GASOLINE","DURING REGULAR SLOW TRAFFIC DRIVING CONDITIONS MY 2011 VOLKSWAGEN GOLF TDI DISPLAYED THE ""ENGINE CONTROL MALFUNCTION"" LIGHT ON MY INSTRUMENT PANEL.  I QUICKLY PULLED OVER AND TURNED OFF THE ENGINE.  AFTER WAITING SEVERAL MINUTES I STARTED THE VEHICLE AGAIN AND THE LIGHT TURNED OFF.  AFTER ABOUT 10 MINUTES OF DRIVING, THE LIGHT CAME ON AGAIN AND I NOTICED AN EXTREME LOSS OF POWER.  I PULLED OVER AGAIN WITHIN A FEW MINUTES AND TURNED OFF THE ENGINE.  THIS TIME I WAITED ALMOST 15 MINUTES BEFORE TRYING TO START THE VEHICLE AGAIN AND IT WOULD NOT START.  I THOUGHT I WAS OUT OF DIESEL AS THE LOW FUEL LIGHT HAD ALSO JUST COME ON SO I CALLED SOMEONE TO BRING ME 5 GALLONS OF DIESEL THINKING MAYBE I WAS OUT.  AFTER REFUELING, THE VEHICLE STILL WOULDN'T START SO I HAD IT TOWED TO THE CLOSEST VW DEALER.  THE DEALER SAID IT WAS THE FUEL PUMP AND I AM CURRENTLY WAITING FOR IT TO BE REPAIRED.  THIS HAPPEND ON A SATURDAY AND IT IS NOW 4 DAYS LATER.  *TR",03/28/2012,03/24/2012,,False,False,0,0,WVWDM7AJ4BW
10451977,2011,"Volkswagen Group of America, Inc.",GOLF,"ENGINE AND ENGINE COOLING,FUEL SYSTEM, DIESEL","2011 VW GOLF TDI 6-SPEED MANUAL.    MY CAR WAS AT THE VW DEALERSHIP TO HAVE AN INTERCOOLER KIT INSTALLED (TSB 2025464). ON DEALER'S TEST DRIVE, CAR ABRUPTLY STALLED AND WOULD NOT RESTART. ALL POWER LOST, CAR HAD TO BE TOWED OFF OF ROADWAY. FINALLY DIAGNOSED AS A MALFUNCTIONING HIGH PRESSURE FUEL PUMP. 03L-130-851-AX WAS THE REPLACEMENT PART NUMBER. REPAIR DESCRIPTION STATED THAT THE COMMON RAIL FUEL PRESSURE WAS TOO LOW, SO THE CAR'S ECM WOULD NOT ALLOW INJECTION - EVEN IN A LIMP-HOME MODE. THIS LEFT THE ONE-YEAR-OLD CAR WITH UNDER 14,000 MILES DEAD ON THE ROADWAY.  *TR",03/16/2012,03/06/2012,,False,False,0,0,WVWMM7AJ8BW
10448769,2011,"Volkswagen Group of America, Inc.",GOLF,"FUEL SYSTEM, DIESEL",WARNING BELL CHIMED; GLOW PLUG LIGHTS FLASHED AND CAR LOST POWER BUT KEPT DRIVING.  TOOK INTO DEALER NEXT DAY.  TOLD ON PHONE THERE WAS MOISTURE ON GLOW PLUGS BUT STATEMENT SAID LOW FUEL PRESSURE CODE P0087.  STATEMENT SAID FUEL LOOKED OK AND CAR DROVE FINE - SENT HOME WITH NO REPAIR.   TWO DAYS LATER SAME THING OCCURRED EXCEPT CAR WENT INTO LIMP MODE AND HAD TO BE TOWED TO SHOP.  IN SHOP FOR 6 DAYS - REPLACED AUX FUEL PUMP.  NINE DAYS LATER EXACT SAME OCCURRENCE - LIMP MODE AND TOWED TO  SHOP AGAIN.  CAR CURRENTLY IN DEALER SHOP FOR THE LAST 10 DAYS.  LAST WORD FROM DEALER IS DROPPING FUEL TANK TO CHECK FOR DEBRIS.,02/20/2012,01/23/2011,,False,False,0,0,WVWNM7AJ5BW
10445533,2011,"Volkswagen Group of America, Inc.",GOLF,"FUEL SYSTEM, DIESEL,ELECTRICAL SYSTEM","GOLF STALLED WHILE DRIVING ONLY FILLED WITH CORRECT FUEL DIESEL ONLY SHELL, ARCO, CHEVRON HAVE GAS RECEIPTS TO SHOW  THE HIGH PRESSURE PUMP FAILED.  PART NUMBERS ARE FOR REFERENCE ONLY, PLEASE CONSULT ETKA BY VIN FOR MOST CURRENT INFORMATION. PLEASE REPLACE THE FOLLOWING: 03L 130 755A (HIGH PRESSURE PUMP), 03L 130 321 (LINE), 03L 130 301 (LINE), 03L 130 301R (LINE), 03L 130 301B (LINE) , 03L 130 301C (LINE), 03L 130 089 (RAIL), 5N0 130 307J (LINE), 1K0 127 400F (FILTER COMPLETE), 03L 130 235S (RETURN LINE), 03L 130 277A (INJECTORS QTY 4), 1K0 201 060 GP (TANK), 5N0 906 129B (AUX PUMP), 1K0 919 050 J (IN TANK PUMP), 059-13 0-216-C (PLATE QTY 4), WHT-000-884 (SEAL QTY 4), 03L 201 360G (FUEL LINE), 1K0 130 307BJ (FUEL HOSE), 1K0 130 307BG (FUEL LINE), 1K0 130 295AB (FUEL LINE), 1K0 200 059BH (FUEL LINE), 1K0 201 293D (SUPPLY LINE), 1K0 201 294C (RETURN LINE). ANY LINE THAT IS NOT REPLACED IN THIS PROCEDURE MUST BE THOROUGHLY CLEANED. IF YOU CANNOT ADEQUATELY CLEAN THE LINE/FITTING, PLEASE REPLACE IT ALSO. PLEASE FOLLOW ELSA WEB'S PROCEDURE FOR PRIMING THE FUEL SYSTEM. BE SURE NOT TO SWAP THE CONNECTIONS IN THE FUEL SYSTEM. IT IS VERY EASY TO SWAP A FUEL FEED LINE FOR A FUEL RETURN LINE. THE CONNECTIONS AT THE FUEL TANK, BULKHEAD, FUEL FILTER, AND HIGH PRESSURE PUMP CAN BE SWITCHED. IF YOU HEAR A HUMMING NOISE FROM THE AUX FUEL PUMP, IT IS LIKELY THAT A FUEL LINE WAS INSTALLED INCORRECTLY. IF THE GF TEST PLA N DOES NOT SHOW UP, GO INTO VSD, ENGINE ELECTRONICS, BASIC SETTINGS, 35 AND RUN THIS TEST 3 TIMES. A VWOA REPRESENTATIVE WILL BE CONTACTING THE DEALER WITHIN 48 HOURS TO DETERMINE IF A FUEL SAMPLE IS NECESSARY. UNTIL THEN, DO NOT DRAIN THE FUEL IN THE VEHICLE UNTIL CONFIRMATION IS RECEIVED. IF YOU DO NOT RECEIVE A CALL WITHIN THE 48 HOURS PLEASE CONTINUE WITH REPAIRS AND A FUEL SAMPLE WILL NOT BE NECESSARY. *TR",01/26/2012,01/06/2012,,False,False,0,0,WVWDM7AJ4BW
10444668,2011,"Volkswagen Group of America, Inc.",GOLF,ENGINE AND ENGINE COOLING,"WAS TOLD BY VW SERVICE THAT INTERCOOLER HAD CONDENSATION THAT FROZE AND THIS IS A KNOWN ISSUE.  CURRENTLY MORE THAN 600 AWAITING MODIFICATIONS AND PARTS ARE UNAVAILABLE FOR UP TO 6 WEEKS.  TEMPORARY ""FIX"" APPLIED BUT PROBLEM REOCCURRED WHEN TEMPERATURE DROPPED BELOW 25 DEGREES F.  DEALER NOW HAS VEHICLE DUE TO ICE REMAINING INSTEAD OF MELTING.  NO TIMETABLE, NO FIX.  *TT",01/20/2012,01/03/2012,,False,False,0,0,
10444557,2011,"Volkswagen Group of America, Inc.",GOLF,"ENGINE AND ENGINE COOLING,UNKNOWN OR OTHER","I STARTED MY CAR ON 12/10/2011, DURING WHICH IT WAS AROUND 28 DEGREES. A FEW SECONDS LATER, THE CAR STALLED. AFTER STARTING IT A SECOND TIME, I DROVE THE CAR TO BETWEEN 3-5 MPH, AT WHICH TIME IT STALLED AGAIN. ON THE THIRD TRY, I WAS ABLE TO KEEP THE ENGINE RUNNING, BUT THE ENGINE RAN ROUGH FOR THE FIRST FEW MINUTES.     ON JANUARY 4 FOLLOWING ANOTHER BOUT OF COLD WEATHER, THE CAR'S ENGINE REFUSED TO START EVEN AFTER MULTIPLE ATTEMPTS. IT WAS TOWED TO THE DEALERSHIP WHERE THEY ATTEMPTED TO START IT. ACCORDING TO THE DEALERSHIP, IT STARTED IMMEDIATELY.     THE DEALERSHIP IS CURRENTLY LOOKING INTO THE ISSUE. THEY BELIEVE THE PROBLEM IS RELATED TO THE INTERCOOLER PIPES FREEZING DURING COLD TEMPERATURES. WHEN IT THAWS, WATER ENTERS THE ENGINE AND HYDROLOCKS IT, PREVENTING IT FROM STARTING OR STALLING THE ENGINE IF IT IS ALREADY RUNNING.    THIS ISSUE POSES SEVERAL SAFETY RISKS, ESPECIALLY IF THE CAR STALLS IN THE MIDST OF HIGH-SPEED TRAFFIC.  *TT",01/19/2012,12/10/2011,,False,False,0,0,WVWNM7AJ5BW
10444314,2011,"Volkswagen Group of America, Inc.",GOLF,ENGINE AND ENGINE COOLING,"UPON ATTEMPTING TO ACCELERATE THE ENGINE WOULD NOT REV ABOVE APPROXIMATELY 1500 RPM. I WAS BARELY ABLE TO GET THE CAR MOVING. AFTER REACHING ABOUT 10 MPH THE CAR STALLED IN THE MIDDLE OF THE STREET. FORTUNATELY, DUE TO THE TIME OF DAY THERE WAS NOT MUCH TRAFFIC AND I WAS ABLE TO SAFELY COAST TO THE SIDE OF THE STREET. I REPORTED THE ISSUE TO MY LOCAL VW DEALER AND INQUIRED IF THE ISSUE WAS RELATED TO VW SERVICE BULLETIN ""??FROZEN CHARGE AIR COOLER""?? DATED 9/6/2011. DURING A SUBSEQUENT VISIT FOR AN UNRELATED REPAIR THE DEALER TECHNICIAN EXPERIENCED THE SAME ISSUES. THE TECHNICIAN DETERMINED THAT THE SERVICE BULLETIN WAS APPLICABLE AND ATTEMPTED TO ORDER THE REPAIR KIT. THE SERVICE ADVISOR INFORMED ME THAT VW AGREED THAT I WAS EXPERIENCING THE SYMPTOMS RELATED TO THE SERVICE BULLETIN, BUT THE RECOMMENDED REPAIR HAS PROVEN INEFFECTIVE AND THEY WOULD NOT INSTALL THE KIT. I WAS INFORMED THAT VW HAS, AS YET, NO PERMANANT SOLUTION AND THAT THE TEMPORARY SOLUTION IS TO ALLOW THE ""??CHARGE AIR COOLER""?? TO THAW AND DRY OUT ANY REMAINING WATER. I HAVE BEEN ADVISED THAT THE SITUATION IS LIKELY REOCCUR. IF THIS ISSUE HAPPENS IN HEAVY TRAFFIC I WOULD BE LIKELY BE UNABLE TO MOVE OUT OF DANGER SAFELY.  *TR",01/17/2012,01/03/2012,,False,False,0,0,WVWNM7AJ6BW
10442419,2011,"Volkswagen Group of America, Inc.",GOLF,ENGINE AND ENGINE COOLING,"TL* THE CONTACT OWNS A 2011 VOLKSWAGEN GOLF. THE CONTACT STATED THAT THE VEHICLE WOULD STALL WHILE DRIVING AT VARIOUS SPEEDS AND EXPERIENCE DIFFICULTY STARTING. THE VEHICLE WAS TAKEN TO AN AUTHORIZED DEALER AND THE STARTER WAS REPLACED. THE MANUFACTURER WAS NOT MADE AWARE OF THE FAILURE. THE FAILURE MILEAGE WAS 12,100. THE VIN WAS UNAVAILABLE.",01/04/2012,12/07/2011,,False,False,0,0,
10441452,2011,"Volkswagen Group of America, Inc.",GOLF,"FUEL SYSTEM, GASOLINE","AS I WAS DRIVING DOWN THE HIGHWAY, THE CAR LOST POWER AND THE DIESEL ENGINE LIGHT CAME ON.  MY FUEL INJECTOR HAD FAILED,SHOOTING METAL SHAVING THROUGHOUT THE SYSTEM. VOLKSWAGEN REPLACED THE ENTIRE FUEL SYSTEM.   *TR",12/28/2011,12/05/2011,,False,False,0,0,WVWBM7AJ3BW
10434861,2011,"Volkswagen Group of America, Inc.",GOLF,POWER TRAIN,"WHEN DRIVING IN MANUAL MODE, THE CAR DROPS OUT OF GEAR WHEN SLOWING DOWN AND DOES NOT RE-ENGAGE. THE DASH SHOWS THAT THE CAR IS IN 3RD, 4TH, OR 5TH GEAR, BUT WHEN YOU PRESS THE GAS, IT JUST REVS UP THE ENGINE AS IF IT IS IN NEUTRAL. IT HAPPENS EVERY DAY. I DROPPED THE CAR OFF AT BYERS IN COLUMBUS, OHIO TODAY AFTER SHOWING THE PROBLEM TO THE SHOP MANAGER.  *TR",11/08/2011,07/01/2011,,False,False,0,0,WVWDM7AJ0BW
10434321,2011,"Volkswagen Group of America, Inc.",GOLF,POWER TRAIN,"SUBSEQUENT TO SLOWING DOWN DUE TO TRAFFIC, VEHICLE'S DSG TRANSMISSION AFFECTED AN UNPLANNED SHIFT TO THE NEUTRAL GEAR, NOTICED WHEN DRIVER ATTEMPTED TO INCREASE SPEED.  TRANSMISSION WAS IN ""MANUAL/TIPTRONIC"" MODE.  UPON NOTICING TRANSMISSION WAS IN NEUTRAL, DRIVER SHIFTED GEAR LEVER INTO NEUTRAL AND THEN INTO ""D"" MODE (NOT ""MANUAL/TIPTRONIC"" MODE).  DRIVER REMAINED IN THE ""D"" MODE FOR THE REST OF THE 1.5 HOUR DRIVE.    THIS IS THE SECOND TIME WHERE THE VEHICLE'S DSG TRANSMISSION WENT INTO AN UNPLANNED SHIFT INTO NEUTRAL GEAR.    DRIVING CONDITIONS WERE THE SAME AS THE FIRST TIME; THE FIRST TIME OCCURRING, THURSDAY 10/13/2011, DRIVER WAS IN ""MANUAL/TIPTRONIC"" MODE, WITH VEHICLE BEING SLOWED TO UNDER 10 MPH, WHEN DRIVER ATTEMPTED TO INCREASE SPEED, AFTER MAKING A RIGHT HAND TURN, THE DSG TRANSMISSION WENT INTO NEUTRAL.  RPMS RIVED UP 3,000RPM, WHICH ALERTED THE DRIVER THAT THE TRANSMISSION WAS NOT IN GEAR.      IN BOTH CASES, DRIVER HAD TO TURN ON FLASHERS TO INSURE THAT THERE WOULD BE NO CRASH FROM THE REAR, DUE TO VEHICLE HAVING NO FORWARD POWER.   IN BOTH CASES, DRIVER SHIFTED THE GEAR SHIFTING LEVER INTO NEUTRAL, AND THEN INTO ""D"" (DRIVE) MODE. DRIVER DID NOT RETURN TO THE ""MANUAL/TIPTRONIC"" MODE FOR THE REST OF THE 1.5 HOUR DRIVE.    NOTE: FIRST INCIDENT WAS ON 10/13/2011  ODI # 10432753.  *TR",11/05/2011,11/03/2011,,False,False,0,0,WVWBM7AJ7BW
10434341,2011,"Volkswagen Group of America, Inc.",GOLF,POWER TRAIN,"EXPERIENCING A FALSE NEUTRAL ON DSG EQUIPPED VOLKSWAGEN TDI. FIRST OCCURRED AROUND 6800 MILES, SECOND OCCURRENCE (DURING A LEFT TURN ACROSS TRAFFIC) AT 7171 MILES AND LASTLY AT 7503 MILES. ENGINE FREE REVS AS CAR COASTS AND HAS TO BE PUT INTO NEUTRAL THEN BACK INTO DRIVE FOR CAR TO MOVE FORWARD. HAPPENS AROUND 30 MPH WHILE SLOWING THEN GETTING BACK ONTO ACCELERATOR.  *TR",11/05/2011,10/15/2011,,False,False,0,0,WVWDM7AJ9BW
10432753,2011,"Volkswagen Group of America, Inc.",GOLF,POWER TRAIN,"SUBSEQUENT TO STOPPING, WHILE TURNING RIGHT, VEHICLE'S AUTOMATIC TRANSMISSION WENT INTO AN UNPLANNED SHIFT INTO NEUTRAL GEAR. ENGINE REVVED TO 3,000 RPMS ALERTING DRIVER TO THE DISENGAGED. DRIVER APPLIED BRAKES, SHIFTED GEAR INTO NEUTRAL, AND THEN INTO DRIVE MODE. VEHICLE REMAINED IN DRIVE MODE THROUGH OUT THE REST OF THE DRIVE.   *TT",10/25/2011,10/13/2011,,False,False,0,0,WVWBM7AJ7BW
10429280,2011,"Volkswagen Group of America, Inc.",GOLF,"ENGINE AND ENGINE COOLING,POWER TRAIN,ELECTRICAL SYSTEM","ENGINE RPM SURGES/SPIKES 500-800 RPM'S FROM IDLE WHEN ATTEMPTING TO SLOWLY ACCELERATE FROM A STOP OR NEAR STOP CAUSING THE VEHICLE TO LUNGE FORWARD UNEXPECTEDLY.  THIS SURGE/SPIKE OCCURS PRIMARILY WHEN ON SLIGHT UPHILL GRADES OR INCLINES AND AFTER RELEASING THE BRAKES AND GENTLY APPLYING THROTTLE PRESSURE.  THIS SEEMS TO OCCUR WHEN THE HILL ASSIST SYSTEM IS ACTIVATED.  EXAMPLES:  SURGE/SPIKE OCCURS WHEN ON A SLIGHT GRADE OR INCLINE FROM A STOP OR NEAR STOP SUCH AS PULLING UP A DRIVEWAY, TRYING TO INCH FORWARD IN STOP-AND-GO TRAFFIC, OR WHEN ACCELERATING NORMALLY FROM A STOP.  IT IS AS THOUGH YOU PUMPED THE THROTTLE FOR A SECOND THEN RELEASED IT.  IF THE VEHICLE IS ON A VERY STEEP UPGRADE INCLINE IT IS NOT AS NOTICEABLE AS THE BRAKES ARE NOT IMMEDIATELY DISENGAGED WHEN THE SURGE/SPIKE OCCURS DUE TO THE HILL ASSIST SYSTEM ENGAGING THE BRAKES.  IF THE VEHICLE IS ON A DOWN GRADE DECLINE OR LEVEL ROAD THE ENGINE RPM USUALLY ACCELERATES AND OPERATES NORMALLY.  THE VW AUTHORIZED SERVICE DEPARTMENT HAS CONFIRMED THIS TO BE NOT NORMAL.  THEY HAVE BEEN CLAIMING TO INVESTIGATE THE RPM SURGE/SPIKE WITH NO SOLUTION AFTER SEVERAL SERVICE APPOINTMENTS IN THE PAST YEAR AND OVER 15,000 MILES.  *KB",10/10/2011,09/01/2010,,False,False,0,0,WVWDB7AJ1BW
10422843,2011,"Volkswagen Group of America, Inc.",GOLF,POWER TRAIN,"I OWN A 2011 VW GTI 2-DOOR DSG. I HAVE EXPERIENCED A ""FALSE NEUTRAL"" ABOUT 7 TIMES IN THE 5+ WEEKS I HAVE OWNED THIS CAR. SPECIFICALLY, IT HAPPENED TWICE ON 08/27/2011. EACH TIME I HAVE BEEN IN MANUAL MODE...IT OCCURS WHEN I AM COASTING TO EITHER SLOW DOWN OR STOP...THEN ATTEMPT TO ACCELERATE...THOUGH THE CAR MFD TELLS ME IT IS IN GEAR (I.E. 3), THE CAR IS IN NEUTRAL...THE ACCELERATOR DOES NOTHING BUT REV THE ENGINE...THE CAR REMAINS COASTING. I HAVE TO TAKE THE SHIFTER OUT OF MANUAL MODE, AND PLACE IT INTO D...AND WAIT ABOUT A SECOND OR TWO WITHOUT TOUCHING THE ACCELERATOR IN ORDER FOR A CLUTCH TO ENGAGE A GEAR AND ALLOW ME TO MOVE. ON 8/27, BOTH TIMES IT HAPPENED WHEN TRYING TO COMPLETE A LEFT HAND TURN ON A GREEN...A DANGEROUS SITUATION TO FIND YOUR CAR BEING IN NEUTRAL. I HAVE BROUGHT MY CAR TO THE DEALERSHIP, THEY REFUSE TO HELP ME BECAUSE THEY WERE UNABLE TO REPLICATE THE ISSUE ON AN APPROXIMATE 5 MILE TEST DRIVE. I TALKED TO VW OF AMERICA, AND THEY WON'T HELP UNLESS A DEALER CAN REPLICATE IT...THEY SAID IT COSTS TOO MUCH MONEY. THIS IS A TERRIBLE SAFETY ISSUE...AND THEY ARE WORRIED ABOUT THE MONEY. I OFFERED TO SHOW THEM A VIDEO OF IT HAPPENING TO SOMEONE ELSE...IT IS POSTED ON YOUTUBE...AND THEY FLAT OUT REFUSED. THEY SAID IT WOULDN'T HELP IN MY CASE...AND THAT IT WOULD PROVE NOTHING. HERE IS A LINK TO THE YOUTUBE VIDEO: HTTP://WWW.YOUTUBE.COM/WATCH?V=8TQODOILKYK - EVEN IF I COULD TAKE A VIDEO OF IT HAPPENING TO ME IN MY CAR, THEY SAID THAT WOULDN'T HELP...AS IT WOULD HAVE TO HAPPEN IN FRONT OF A VW TECH FOR IT TO BE DIAGNOSED.  I HAVE A SECOND APPOINTMENT WITH A DIFFERENT DEALERSHIP NEXT WEEK, THEY WILL KEEP MY CAR FOR A FEW DAYS AND TRY TO REPLICATE IT. I DON'T KNOW WHAT ELSE TO DO.  *TR",09/01/2011,08/27/2011,,False,False,0,0,WVWFV7AJ4BW
10422749,2011,"Volkswagen Group of America, Inc.",GOLF,POWER TRAIN,"TL* THE CONTACT OWNS A 2011 VOLKSWAGEN GOLF. THE CONTACT WAS DRIVING 5 MPH WHEN THE FRONT PASSENGER SIDE TIRE BEGAN TO WOBBLE ABNORMALLY. THE VEHICLE THEN BEGAN TO DECELERATE DESPITE THE CONTACT APPLYING THE ACCELERATOR PEDAL. THE VEHICLE WAS TAKEN TO THE DEALER FOR DIAGNOSTIC WHICH ADVISED OF A TRANSMISSION FAILURE. THE MANUFACTURER WAS CONTACTED BUT THE VEHICLE WAS NOT REPAIRED. THE FAILURE MILEAGE WAS 4,800 AND THE CURRENT MILEAGE WAS 5,080.",08/31/2011,07/31/2011,,False,False,0,0,WVWDM7AJ8BW
10421403,2011,"Volkswagen Group of America, Inc.",GOLF,"ENGINE AND ENGINE COOLING,FUEL SYSTEM, DIESEL","2011 GOLF TDI AUTOMATIC (DSG) TRANSMISSION.    COLD START, STALLED WHILE PULLING ONTO MAIN ROAD, NO ACCIDENT ONLY BECAUSE ONCOMING TRAFFIC STOPPED.  *TR",08/24/2011,08/23/2011,,False,False,0,0,WVWDM7AJ7BW
10419541,2011,"Volkswagen Group of America, Inc.",GOLF,"FUEL SYSTEM, DIESEL","VEHICLE IS A 6-SPEED MANUAL TRANSMISSION GOLF TDI. BEGAN SPUTTERING AND HESITATING AT 70MPH IN TOP GEAR ON THE HIGHWAY. CONTINUED FOR ABOUT A MINUTE, THEN EVENED OUT BUT THE HESITATION AND JERKING HAPPENED A FEW MORE TIMES IN THE NEXT 30 MINUTES. DEALER COULD NOT REPLICATE THE CONDITION, APPLIED AN AVAILABLE SOFTWARE UPDATE FOR DRIVEABILITY ISSUES. SAME THING HAPPENED THE NEXT TIME THE CAR WAS TAKEN ON THE HIGHWAY. DID NOT STALL, BUT SEEMED VERY CLOSE. TACH AND SPEEDOMETER REMAINED CONSTANT @ ~2000RPM AND 70MPH. SUSPECT THE HIGH PRESSURE FUEL PUMP.  *TR",08/15/2011,08/06/2011,,False,False,0,0,WVWMM7AJ1BW
10417112,2011,"Volkswagen Group of America, Inc.",GOLF,POWER TRAIN,"I WAS DRIVING MY 2011 GTI DSG IN TIPTRONIC MODE...AND IT WAS IN 4TH GEAR ACCORDING TO THE DASHBOARD READING...I WAS COASTING IN 4TH AS A SEMI WAS MAKING A LEFT TURN ACROSS THE SIDE OF THE ROAD I WAS TRAVELING...AFTER HE WAS CLEAR, I WENT TO ACCELERATE, AND EXPERIENCED A ""FALSE NEUTRAL""...THE DSG SAID I WAS IN 4TH GEAR...BUT IT WAS REVVING AS IN NEUTRAL. I HAD TO SHIFT OUT OF TIPTRONIC AND THEN DOWNSHIFTED TO 3RD BEFORE IT WOULD CATCH AND PUT ME BACK IN GEAR.  *TR",08/04/2011,08/04/1986,,False,False,0,0,
10416652,2011,"Volkswagen Group of America, Inc.",GOLF,"VEHICLE SPEED CONTROL,ELECTRICAL SYSTEM","THE SPEEDOMETER ON MY 2011 VW GTI IS OFF, IT SHOWS I'M GOING FASTER THAN MY ACTUAL SPEED.  *KB",08/02/2011,08/02/2011,,False,False,0,0,
10415496,2011,"Volkswagen Group of America, Inc.",GOLF,STRUCTURE,"I BELIEVE MY CAR (2011 VW GOLF 2-DOOR 2.5) HAS A MANUFACTURING DEFECT - IMPROPER WELDING, MISSING STRUCTURAL COMPONENTS, ETC. - ON THE BODY IN THE AREA BENEATH THE REAR SEAT CUSHION. I THINK THAT THE DEFECT AFFECTS SAFETY.    //   I NOTICED IN MAY, 2011, THAT THE MID AND LEFT AREA OF THE REAR SEAT CUSHION MAKES CREAKING SOUND WHEN IT IS PRESSED. I COMPARED OTHER VEHICLES OF THE SAME MODEL (A 2011 VW GOLF 2-DOOR TDI AND A 2010 VW GOLF  4-DOOR 2.5) WITH MINE. THE OTHER VEHICLES DID NO MAKE THE CREAKING SOUND.   //   ON JULY 26, 2011, THE SERVICE MANGER JOHN AT THE VW DEALER IN DANVERS, MA, SHOWED ME THAT THE METAL BODY BENEATH THE SEAT CUSHION MADE THE CREAKING SOUND BY PRESSING THE AREA OF THE METAL BODY WHILE THE SEAT CUSHION WAS LIFTED UP. HOWEVER, HE DID NOT TRY TO FIX THE PROBLEM SAYING THAT THE HE DID NOT KNOW HOW TO FIX THE PROBLEM.   //   I THINK THAT THE DEFECT ON MY CAR'S BODY IN THE AREA BENEATH THE REAR SEAT CUSHION AFFECTS VEHICLE SAFETY IN THE FOLLOWING WAYS.  IN CASE OF COLLISION, MY CAR'S BODY WILL NOT PROPERLY PROTECT THE PASSENGER COMPARTMENT. IN CASE OF EXPLOSION OF THE FUEL TANK WHICH IS RIGHT BELOW THE AREA OF THE ALLEGED DEFECT, MY CAR'S BODY WILL NOT PROPERLY PROTECT PASSENGERS FROM THE EXPLOSION.   //   LASTLY, I WOULD LIKE TO TELL YOU ABOUT A DIFFERENT SYMPTOM THAT MIGHT BE RELATED TO THE DEFECT ON THE BODY BENEATH THE REAR SEAT CUSHION.  MY CAR FREQUENTLY MAKES CREAKING AND KNOCKING SOUND FROM AROUND THE DOORS WHEN THE ROAD IS SLIGHTLY UNEVEN OR WHEN I SUDDENLY LET OFF THE GAS PEDAL. THE VW DEALER IN WELLESLEY, MA, TRIED TO FIX IT MANY TIMES BUT FAILED. PERHAPS, THE DEFECT ON THE BODY BENEATH THE REAR SEAT CUSHION MAKES MY CAR'S BODY FLEX MUCH MORE THAN IT WAS DESIGNED, AND CAUSES THE CREAKING AND KNOCKING SOUND FROM AROUND THE DOORS. *TR",07/28/2011,05/01/2011,,False,False,0,0,WVWAB7AJ2BW
10414844,2011,"Volkswagen Group of America, Inc.",GOLF,POWER TRAIN,2011 GOLF TDI 4-DOOR WITH DSG TRANSMISSION.  UNEXPECTEDLY THE DSG TRANSMISSION WILL GOT TO NEUTRAL AND THE CAR WILL BE GIN TO SLOW.  NO AMOUNT OF FIDDLING WITH THE SHIFTER WILL GET IT BACK INTO GEAR.  IT EVENTUALLY GOES BACK INTO GEAR.  CAR NOW HAS 2500 MILES ON THE ODOMETER AND IT HAS HAD THIS PROBLEM ALMOST SINCE DAY ONE.  FAULT HAS OCCURRED OVER 10 TIMES AND IS BECOMING MORE FREQUENT AND FOR LONGER DURATIONS.  *TR,07/23/2011,07/19/2011,,False,False,0,0,WVWDM7AJ4BW
10412173,2011,"Volkswagen Group of America, Inc.",GOLF,POWER TRAIN,"CAR REVS  AND DOES NOT ACCELERATE, PUT CAR IN NEUTRAL OR PARK AND BACK IN DRIVE CAN DRIVE CAR AGAIN.  *TR",07/13/2011,07/11/2011,,False,False,0,0,WVWHV7AJ4BW
10411567,2011,"Volkswagen Group of America, Inc.",GOLF,POWER TRAIN,"2011 VW GTI W/ DSG TRANSMISSION. VEHICLE HAS 12K MILES AND REQUIRES REPLACEMENT OF MECHATRONICS UNIT. ON TWO OCCASIONS WHILE ACCELERATING FROM A STOP WITH TRANSMISSION IN DRIVE, THE VEHICLE FAILED TO ACCELERATE. ENGINE REVVED IN AS IF IN NEUTRAL. AFTER SEVERAL ATTEMPTS WITH THROTTLE INPUT, THE TRANSMISSION SLAMMED INTO GEAR. ON ANOTHER OCCASIONS WHILE DRIVING AT APPROX 65MPH WITH THE TRANSMISSION IN DRIVE, THE VEHICLE REVVED IN NEUTRAL AND WOULD NOT ACCELERATE. THIS LASTED FOR A DURATION OF AT LEAST 5 SECONDS AND CAUSED AN EXTREMELY DANGEROUS CONDITION. CARS WERE FLYING BY ON BOTH SIDES AND IT NEARLY CAUSED A COLLISION. FINALLY TODAY, WHILE LEAVING A PARKING LOT ENTERING INTO A ROADWAY, THE VEHICLE AGAIN REVVED IN NEUTRAL AND FAILED TO ACCELERATE. A COLLISION WAS AGAIN NARROWLY AVOIDED. I CALLED MY LOCAL DEALER AND ADVISED THEM THAT I DID NOT FEEL SAFE DRIVING THE VEHICLE. PER THE DEALER THERE ARE CURRENTLY NO REPLACEMENT PARTS AVAILABLE IN THE COUNTRY.  *TR",07/08/2011,07/08/2011,,False,False,0,0,WVWFD7AJ1BW
10410717,2011,"Volkswagen Group of America, Inc.",GOLF,ENGINE AND ENGINE COOLING,"VEHICLE HAS 5800 MILES, HAS BEEN RUNNING PERFECTLY. DRIVING ON I-70 IN MARYLAND AT 70MPH, SUDDENLY THE VEHICLE STALLS AS THE GLOWPLUG WARNING LIGHT LIT.  *TR",07/06/2011,07/05/2011,,False,False,0,0,WVWNM7AJ6BW
10410331,2011,"Volkswagen Group of America, Inc.",GOLF,POWER TRAIN,"CARS TRANSMISSION FAILS TO ENGAGE IN DRIVE, WILL REV AND NOT MOVE. WAS AT A GAS STATION AND WAS GOING TO LEAVE PUT CAR IN DRIVE AND IT JUST REVVED, PUT CAR BACK IN PARK AND IN DRIVE AGAIN WAS ABLE TO DRIVE AWAY.  *TR",07/03/2011,07/02/2011,,False,False,0,0,WVWHV7AJ4BW
10408881,2011,"Volkswagen Group of America, Inc.",GOLF,"FUEL SYSTEM, DIESEL","MODEL YEAR  2011      MAKE  VOLKSWAGEN      MODEL  GOLF TDI DIESEL      COMPONENT  HIGH PRESSURE FUEL PUMP       VEHICLE IDENTIFICATION NUMBER (VIN)  [XXX]    * COMPONENT  FAILURE OF HIGH PRESSURE FUEL PUMP    JUNE 21, 2011, MY VW GOLF TDI QUITE RUNNING WHILE DRIVING IN CITY TRAFFIC IN SAN FRANCISCO, CA.  THIS OCCURRED IN MODERATE TRAFFIC CONDITIONS OF MORNING RUSH HOUR.  DEFINITELY A SAFETY ISSUE.  CAR COULD NOT BE RESTARTED AND HAD TO BE TOWED TO ROYAL MOTORS, SAN FRANCISCO.      SUBSEQUENTLY TOLD BY SERVICE MANAGER THAT THE HIGH PRESSURE FUEL PUMP HAD FAILED AND WOULD HAVE TO BE REPLACED ALONG WITH FUEL INJECTORS.  2 DAYS LATER WAS TOLD FUEL TANK WOULD ALSO HAVE TO BE REPLACED DUE TO METAL FILINGS HAVING CONTAMINATED THE FUEL SYSTEM.  I SUBSEQUENTLY LEARNED THAT THE FUEL PUMP HAD CATASTROPHICALLY FAILED RESULTING IN METAL FILINGS CONTAMINATING THE FUEL SYSTEM.  ALSO TOLD MAY TAKE UP TO 3+ WEEKS FOR REPAIR DEPENDING ON AVAILABILITY OF PARTS.    THIS INCIDENT OCCURRED WHILE DRIVING IN RUSH HOUR TRAFFIC AT APPROXIMATELY 30 MILES PER HOUR IN SAN FRANCISCO, CA.     INFORMATION REDACTED PURSUANT TO THE FREEDOM OF INFORMATION ACT (FOIA), 5 U.S.C. 552(B)(6). *TR",06/25/2011,06/21/2011,,False,False,0,0,WVWDM9AJ4BW
10408252,2011,"Volkswagen Group of America, Inc.",GOLF,"FUEL SYSTEM, GASOLINE,ELECTRICAL SYSTEM",ENGINE STALLED WHILE MOVING ON THE LEFT-HAND TURN LANE. BATTERY AND ENGINE LIGHTS CAME ON AND STAYED ON. THE CAR HAD POWER BUT IT COULD NOT START. THE VEHICLE WAS TOWED TO THE VW DEALER. DIAGNOSIS: BURNED FUEL PUMP FUSE (BLUE 15A). FUSE REPLACED AND THE CAR IS RUNNING.,06/19/2011,06/17/2011,,False,False,0,0,WVWDM7AJ4BW
10406281,2011,"Volkswagen Group of America, Inc.",GOLF,"SERVICE BRAKES, HYDRAULIC,POWER TRAIN","MY BRAND NEW 2011 VW GOLF TDI MANUAL CAR STALLS AT LAUNCH MUCH TOO EASILY.  I HAVE DRIVEN MANUAL TRANSMISSION CARS FOR 40 YEARS AND HAVE FOUND IT MUCH WORSE THAN THE MAZDA MIATA WHICH WAS POOR.  THIS IS A PROBLEM WITH ALL OF THIS MODEL, AS CONFIRMED BY MY TEST DRIVE, MAGAZINE REVIEWS, AND THE SALESPERSON.  IT MAY BE DO TO THE ""HILL CLIMBING"" FEATURE WHICH LOCKS THE BRAKES UPON STOPPING SO THAT YOU HAVE TO OVERCOME THE BRAKES TO MOVE.  I AM SCARED A CAR WILL HIT ME FROM BEHIND.  *TR",06/14/2011,06/03/2011,,False,False,0,0,
10390258,2011,"Volkswagen Group of America, Inc.",GOLF,ELECTRICAL SYSTEM,"WHEN APPLYING THE BRAKE PEDAL I.E. TO SHIFT IN D (WHEN STANDING) , IT FEELS LIKE BEING REARENDED. INTENSITY OF THE PULSE OR SHUDDER VARIES, AND SOMETIMES DOES NOT OCCUR. LAST WEEK, SUTLIFF TECHNICIAN AND SERVICE MANAGER ON DUTY FELT THE PULSE, AND IN ADDITION A DISPLAY LIGHT EPC CAME ON, AND THE DISPLAY SAID ""SERVICE ENGINE IMMEDIATELY"".   THE CAR WAS IN THE SHOP THREE TIMES OVER THE PAST 3 OR 4 MONTHS, AND I WAS TOLD EVERY TIME THAT THE ERROR CAN NOT BE REPRODUCED.    IN ADDITION TO THAT, I TOOK A PICTURE AT ODOMETER READING 6048 MILES, SAYING ""STEERING COLUMN LOCK: SERVICE NOW!"", WITH AN ADDITIONAL YELLOW STEERING WHEEL LIGHT ON.     I FOUND BOTH ERRORS ON BLOGS. HOWEVER, SUTLIFF VW CLAIMS THAT THEY CAN NOT READ ERROR CODES FROM THE VEHICLE, AND THAT THIS DOES NOT ALLOW ANY ACTION. VW CORPORATE ADVISED SUTLIFF ALSO NOT TO FIX THE ISSUE.  *TR",03/15/2011,03/10/2011,,False,False,0,0,WVGBV7AX6BW
10387348,2011,"Volkswagen Group of America, Inc.",GOLF,"FUEL SYSTEM, GASOLINE",2011 VOLKSWAGEN GOLF TDI. CONSUMER WRITES IN REGARDS TO HPFP INVESTIGATION *TGW,03/03/2011,03/01/2011,,False,False,0,0,
10384608,2011,"Volkswagen Group of America, Inc.",GOLF,POWER TRAIN,"TWICE THE TRANSMISSION HAS FAILED TO ENGAGE FOR APPROXIMATELY 15 SECONDS AFTER THE CAR WAS SLOWED WITHOUT COMING TO A COMPLETE STOP.  WHEN THIS HAPPENS, THE ENGINE REVS FREELY AS THOUGH THE CAR WAS IN NEUTRAL.  IN BOTH CASES THE TRANSMISSION EVENTUALLY RE-ENGAGED ON ITS OWN.  *TR",02/26/2011,02/26/2011,,False,False,0,0,WVWHV7AJ8BW
10383043,2011,"Volkswagen Group of America, Inc.",GOLF,ENGINE AND ENGINE COOLING,"TL*THE CONTACT OWNS A 2011 VOLKSWAGEN GOLF DIESEL. WHILE DRIVING 10 MPH, THE VEHICLE STALLED WITHOUT WARNING. THE VEHICLE WAS TAKEN TO AN AUTHORIZED DEALER WHO STATED THAT THE VEHICLE WOULD NOT STALL IF THE GEAR WAS DOWNSHIFTED TO FIRST. THE VEHICLE WAS NOT INSPECTED OR REPAIRED. THE VEHICLE CONTINUED TO STALL EVEN WHEN DOWNSHIFTED INTO FIRST GEAR. THE CURRENT AND FAILURE MILEAGES WERE 900.",02/17/2011,02/13/2011,,False,False,0,0,WVWNM7AJ1BW
10382879,2011,"Volkswagen Group of America, Inc.",GOLF,POWER TRAIN,"2011 GOLF TDI (DIESEL) WHEN DOWN SHIFTING INTO 2ND GEAR, THE CAR OFTEN STALLS.  IT SOMETIMES HAPPENS WHEN WE SLOW DOWN TO MAKE ALEFT TURN, AND THE CAR STALLS IN FRON OF ONCOMING TRAFFIC.  IT HAS CREATED A NUMBER A DANGEROUS SITUATION. *TR",02/16/2011,02/15/2011,,False,False,0,0,WVWNM7AJ8BW
10380139,2011,"Volkswagen Group of America, Inc.",GOLF,EXTERIOR LIGHTING,"JUST PURCHASED A VEHICLE THAT CAME WITH DAYTIME RUNNING LAMPS AS A SAFETY FEATURE. THERE ARE NO DEFECTS OR FAILURES WITH THE VEHICLE BUT THIS DRL FEATURE CREATES AN UNSAFE CONDITION. MY VEHICLE CAME EQUIPPED WITH THE XENON HEADLAMPS. THE VEHICLE DOES NOT HAVE AN AUTO ON HEADLIGHTS FEATURE. THE MAIN THING I'M CONCERNED WITH IS THAT YOU COULD BE DRIVING WITH JUST YOUR HEADLIGHTS ON AND THE REST OF THE LIGHTS OFF, WHICH I HAVE DONE ALREADY SEVERAL TIMES AND SEEN OTHER VEHICLES ON THE ROAD DOING THE SAME THING AND THAT IS VERY UNSAFE. I'VE ALSO BEEN PULLED OVER BY THE POLICE FOR NOT HAVING MY LIGHTS ON. I THINK THAT I'M DRIVING WITH ALL MY LIGHTS ON JUST TO REALIZE THAT I'M DRIVING WITH JUST THE DRL. ON MY VEHICLE, ONCE YOU RELEASE THE PARKING BRAKE, MY REGULAR LOW BEAM XENON LIGHTS AUTOMATICALLY COME ON AND IF YOU ARE DRIVING INTO THE NIGHT, YOU DON'T REALIZE THAT YOU ARE DRIVING WITH YOUR LIGHTS OFF, LIKE I MENTIONED THE NORMAL LOW BEAM HEADLAMPS COMES ON ONCE THE PARKING BRAKE IS RELEASED. I UNDERSTAND THAT THE AUTO MAKER IS TRYING TO MAKE THE VEHICLE AS SAFE AS POSSIBLE BUT IS ALSO CREATING AN UNSAFE CONDITION AT THE SAME TIME. THE AUTO MAKER REFUSE TO ALLOW THE DRL FEATURE TO BE TURNED OFF EVEN THOUGH DRL ARE NOT MANDATORY.  *TR",02/03/2011,01/11/2011,,False,False,0,0,WVWBM7AJ2BW
10378335,2011,"Volkswagen Group of America, Inc.",GOLF,UNKNOWN OR OTHER,"SUNROOF ON 2011 VOLKSWAGEN TDI EXPLODED DURING MORNING COMMUTE AT 65MPH.  FOREIGN OBJECT IMPACT DOES NOT APPEAR TO BE THE CAUSE.  OUTSIDE TEMP WAS ~29F, NO VEHICLES IN CLOSE PROXIMITY, NO OVERPASSES.     CONTINUED DRIVING AS PROBLEM WAS APPARENT, BUT NOT GETTING WORSE AFTER THE INITIAL BOOM! AND SHOWER OF GLASS SHARDS.  IMAGES AVAILABLE, TOOK WITH MY CELL PHONE AFTER ARRIVING AT MY WORKPLACE.    DEALER IS COVERING UNDER WARRANTY, INCLUDING PROVISION OF A RENTAL CAR. *LN",01/23/2011,01/20/2011,,False,False,0,0,WVWNM7AJ3BW
11690351,2012,"Volkswagen Group of America, Inc.",GOLF,SERVICE BRAKES,"ABS pump and module have failed according to my mechanic. ABS lights and traction control lights are on all the time. If I were to drive this car on the road, and I would have to make an emergency stop, my brakes would lock up and I would slide. This is an extreme safety hazard.",09/29/2025,03/18/2025,,False,False,0,0,WVWDM7AJ0CW
11465640,2012,"Volkswagen Group of America, Inc.",GOLF,ELECTRICAL SYSTEM,"At first, my vehicle dashboard warning light came on saying I have 9 different lights out(headlight, high beam, brake light, turn signals, etc). I thought it was odd for all these to go out at once, so I took it to the dealership for them to look at it. They couldn’t find anything and gave it back. It went off for a while but then the warning lights came back on. I again took it to the dealership, they told me I would have to leave it for an unknown amount of time for them to look at it. I wasn’t able to do that because it was my only motive transportation. After looking online to see if anyone else had the same issue I found multiple people who said they have the same issue. The fuse box under the hood has begun to melt, which affected the green 30 fuse which was almost completely melted. I replaced that fuse with a new one and that fixed the warning lights. I feel it is still a safety issue because the fuse box is going to continue to melt which could produce a fire.",05/22/2022,05/19/2022,,False,False,0,0,Wvwnm7aj2cw
11422285,2012,"Volkswagen Group of America, Inc.",GOLF,AIR BAGS,"My vehicle struck a car from behind moving about 35 mph. Air bags did not deploy and I had a proceeding next injury. Why did the airbags not deploy? I have read that ""A loss of electrical connection to the driver's frontal air bag will prevent the air bag from deploying in the event of a vehicle crash, increasing the risk of injury"" for 2011-2014 Golf. I would like confirmation that this was supposed to happen, no airbag deployment. My car was totaled.",06/25/2021,06/06/2021,,True,False,1,0,WVWAB7AJ0CW
11266012,2012,"Volkswagen Group of America, Inc.",GOLF,EXTERIOR LIGHTING,"INTERMITTENTLY, DASHBOARD MFD WOULD INDICATE THAT ALL EXTERIOR LIGHTS FAILED. SHUT OFF ENGINE AND PULLED OUT KEY. INSERTED KEY AND RESTARTED AND ALL WOULD BE FINE. GOT TO THE POINT THAT LIGHTS WERE IN FACT NOT WORKING. PULLED OUT FUSES AND WHEN I PULLED THE 30A FUSE (F16?) I NOTICED THE FUSE AND FUSE BOX WAS MELTED. I CLEANED THE CONTACTS ON THE FUSE WITH SANDPAPER AND A WIRE BRUSH. I ATTEMPTED TO USE THE BRUSH ON THE FUSE BOX BUT TO NO AVAIL. I INSERTED THE FUSE BACK IN AND THE LIGHTS WORKED. NEXT MORNING, I TURNED THE KEY ON AND MFD INDICATED ALL THE LIGHTS WERE NOT WORKING. I OPENED THE HOOD AND FUSE BOX AND WIGGLED THE FUSE. WORKED ALL THE WAY TO AND FROM WORK. FOUND TWO VW FORUMS DISCUSSED THIS SAME ISSUE. MOST WERE TIGUANS. PICTURES ARE THE FUSE BOX AND THE FRONT AND REAR LIGHTS BEFORE I CLEANED THE FUSE. THE CAR WAS STATIONARY WHEN I WAS WORKING ON IT.*DT  *TR",10/03/2019,10/03/2019,,False,False,0,0,WVWNM7AJ7CW
11231324,2012,"Volkswagen Group of America, Inc.",GOLF,AIR BAGS,"TL* THE CONTACT OWNS A 2012 VOLKSWAGEN GOLF. THE CONTACT STATED THAT THE PASSENGER SIDE AIR BAG WARNING INDICATOR ILLUMINATED. THE CONTACT WAS CONCERNED FOR THE SAFETY OF THE PASSENGER IN THE EVENT OF A CRASH. THE VEHICLE WAS TAKEN TO DUBLIN VOLKSWAGEN (LOCATED AT 6085 SCARLETT CT, DUBLIN, CA 94568, (925) 829-0800) WHERE IT WAS DIAGNOSED THAT THE AIR BAG CONTROL MODULE NEEDED TO BE REPLACED. THE VEHICLE WAS CURRENTLY BEING REPAIRED. THE MANUFACTURER WAS INFORMED OF THE FAILURE. THE APPROXIMATE FAILURE MILEAGE WAS 7,522.*BF *JB",07/12/2019,07/05/2019,,False,False,0,0,3VW4A7AJ1CM
11155220,2012,"Volkswagen Group of America, Inc.",GOLF,AIR BAGS,AIR BAG CLOCKSPRING,11/30/2018,11/30/2018,,False,False,0,0,VWWFD7AJ0CW
11143467,2012,"Volkswagen Group of America, Inc.",GOLF,POWER TRAIN,"DUAL MASS FLYWHEEL FAILED AT 81,200 MILES RENDERING THE VEHICLE INOPERABLE. FAILURE WAS 21,200 MILES AFTER POWER TRAIN WARRANTY EXPIRED. VEHICLE WAS IN MOTION AND BEGAN TO SHIFT VERY STRANGELY, WAS ABLE TO MAKE IT HOME AND PARK IT.",10/28/2018,10/23/2018,,False,False,0,0,WVWDM7AJ5CW
11113169,2012,"Volkswagen Group of America, Inc.",GOLF,"ENGINE,FUEL/PROPULSION SYSTEM","TL* THE CONTACT OWNS A 2012 VOLKSWAGEN GOLF. WHILE DRIVING 5 MPH, ALL OF THE WARNING INDICATORS ILLUMINATED AND THE VEHICLE STALLED. MOSS BROTHERS VOLKSWAGEN OF MORENO VALLEY (27750 EUCALYPTUS AVE, MORENO, VALLEY, CALIFORNIA 92555, (951) 485-4188) WAS MADE AWARE OF THE FAILURE AND STATED THAT THE FUEL SYSTEM WAS CONTAMINATED. THE VEHICLE WAS NOT REPAIRED. THE MANUFACTURER WAS MADE AWARE OF THE FAILURE AND PROVIDED THE CONTACT WITH CASE NUMBER: 180-76-1675. THE FAILURE MILEAGE WAS 123,986.",07/23/2018,07/19/2018,,False,False,0,0,WVWDM7AJXCW
11012343,2012,"Volkswagen Group of America, Inc.",GOLF,STRUCTURE,"WHEN THE TEMPERATURE REACHES ABOVE 80 DEGREES FAHRENHEIT THE DRIVERS DOOR AND THE PASSENGERS DOOR WILL NOT LATCH CLOSED PROPERLY. IF YOU TRY TO CLOSE THE DOORS, THEY JUST BANG AGAINST THE FRAME AND SWING OPEN. ONCE THE TEMPERATURE OF THE DOOR COOLS DOWN, THE DOOR WILL EVENTUALLY LATCH. SOMETIMES I HAVE TO WAIT TILL MORNING TO PROPERLY CLOSE THEM SHUT. THE DEALERSHIP IS ASKING $600 TO REPAIR THIS. THIS IS A SAFETY ISSUE AND THESE DOORS SHOULD LOCK PROPERLY BEFORE DRIVING AWAY.",08/02/2017,08/02/2017,,False,False,0,0,WVWNM7AJ5CW
11011753,2012,"Volkswagen Group of America, Inc.",GOLF,"STEERING,ELECTRICAL SYSTEM,AIR BAGS","MY LOCAL VOLKSWAGEN DEALERSHIP STATED THERE IS A RECALL ON CERTAIN VW MODELS FOR THE CLOCK-SPRING LOCATED INSIDE THE STEERING COLUMN. MY VEHICLE HAS BEEN MAKING A TERRIBLE NOISE WHEN I TURN THE WHEEL IN EITHER DIRECTION, WHICH VW ATTRIBUTES TO THE CLOCK-SPRING. THEY TOLD ME THE 2012 GOLF TDI MODEL IS NOT COVERED UNDER THE RECALL BUT APPARENTLY THIS CLOCK-SPRING PROBLEM IMPACTS OTHER MODELS.  THEY WARNED THE PROBLEM WILL GET WORSE AND EVENTUALLY IMPACT THE STEERING, AIRBAG, TURN SIGNALS, HORN, AND OTHER ELECTRICAL COMPONENTS INSIDE THE STEERING WHEEL. THEY QUOTED THE COST TO REPLACE THE CLOCK-SPRING IS $890. SO MY QUESTION IS CAN THE RECALL BE BROADENED TO INCLUDE 2012 GOLF TDIS AS WELL?",07/31/2017,07/31/2017,,False,False,0,0,WVWDM7AJ1CW
11000351,2012,"Volkswagen Group of America, Inc.",GOLF,AIR BAGS,TAKATA RECALL - RECEIVED NOTICE OVER 18 MONTHS AGO THAT THE PASSENGER AIRBAG NEEDS TO BE REPLACED BUT HAVE NOT RECEIVED INFORMATION THAT A NEW AIRBAG IS AVAILABLE.  WHAT IS TAKING SO LONG?  THIS ISSUE NEEDS TO BE ADDRESSED FOR THE PASSENGERS IN MY CAR.,06/21/2017,06/30/2015,,False,False,0,0,WVWDM7AJ8CW
10983886,2012,"Volkswagen Group of America, Inc.",GOLF,STEERING,"READING SOME ONLINE FORUMS, MANY PEOPLE ARE EXPERIENCING A CREAKING SOUND COMING FROM COMPONENTS RELATED TO THE STEERING SYSTEM.  IT OCCURS WHEN TURNING THE STEERING WHEEL IN EITHER DIRECTION.  THE EXACT DIAGNOSIS IS NOT POSTED ON ANY OF THE FORUMS BUT IT DOES MAKE VW OWNERS NERVOUS.  IT HAPPENS WHEN THE VEHICLE IS STATIONARY OR IN MOTION, REGARDLESS OF THE SPEED.",05/07/2017,04/02/2017,,False,False,0,0,WVWDM7AJ1CW
10899593,2012,"Volkswagen Group of America, Inc.",GOLF,AIR BAGS,"TAKATA RECALL  I SPOKE WITH VW CUSTOMER CARE AND THEY SAID THERE IS NO FIX CURRENTLY AVAILABLE DUE TO A LACK OF PARTS.  FURTHERMORE, THEY SAID THEY ARE NOT PROVIDING AN ALTERNATIVE TO DRIVING MY DEFECTIVE CAR AND THEY WILL NOT DISABLE THE FAULTY AIR BAG.  SO I'M LEFT DRIVING A CAR THAT MAY KILL ME.  I FIND THIS UNACCEPTABLE.",08/30/2016,08/30/2016,,False,False,0,0,WVWNM7AJ0CW
10882668,2012,"Volkswagen Group of America, Inc.",GOLF,AIR BAGS,TL* THE CONTACT OWNS A 2012 VOLKSWAGEN GOLF. THE CONTACT STATED THAT NHTSA CAMPAIGN NUMBER: 16V078000 (AIR BAGS) EXCEEDED A REASONABLE AMOUNT OF TIME FOR REPAIR. THE CONTACT RECEIVED THE RECALL NOTIFICATION IN APRIL OF 2016. THE MANUFACTURER STATED THAT THE PARTS WERE NOT AVAILABLE. THE VIN WAS UNKNOWN. THE CONTACT HAD NOT EXPERIENCED A FAILURE.,07/05/2016,04/01/2016,,False,False,0,0,
10871728,2012,"Volkswagen Group of America, Inc.",GOLF,FUEL/PROPULSION SYSTEM,GLOW PLUG LIGHT CAME ON AND ENGINE LOST POWER. ENGINE WOULD NOT RESTART. TOW TO DEALER AND THEY REPLACED THE HIGH PRESSURE FUEL PUMP AND OTHER PARTS. COST OF WARRANTY REPAIR WAS ABOUT $7000.00.,06/01/2016,05/25/2016,,False,False,0,0,WVWDM7AJ4CW
10871349,2012,"Volkswagen Group of America, Inc.",GOLF,POWER TRAIN,"LIKE MANY OWNERS OF VOLKSWAGEN TDI VEHICLES, THE 1-2 SECOND HESITATION WHEN ACCELERATING FROM A COMPLETE STOP IS VERY UNNERVING.  IT CAN BE DANGEROUS WHEN MERGING INTO TRAFFIC OR CROSSING AN INTERSECTION.  IT HAPPENS DAILY AND THE DEALERSHIP WAS UNABLE TO FIX IT WHILE THE VEHICLE WAS UNDER WARRANTY.  VW UPDATED THE SOFTWARE ON THE TRANSMISSION BUT THAT ""FIX"" DIDN'T LAST MORE THAN A FEW MONTHS.",05/28/2016,05/28/2016,,False,False,0,0,WVWDM7AJ1CW
10854895,2012,"Volkswagen Group of America, Inc.",GOLF,POWER TRAIN,CV JOINTS FAILED AT UNDER 38K MILES ON AUTOMOBILE.,04/11/2016,04/11/2016,,False,False,0,0,WVWDB7AJ5CW
10845836,2012,"Volkswagen Group of America, Inc.",GOLF,ENGINE,SMOG CONTROL FRAUD WITH DIESEL ENGINE,03/09/2016,04/24/2012,,False,False,0,0,WVWMM7AJ8CW
10822361,2012,"Volkswagen Group of America, Inc.",GOLF,FUEL/PROPULSION SYSTEM,"I WAS ON MY WAY HOME FROM LONG TRIP AND HAVE CHECK ENGINE LIGHT COM ON AND DISAPPEARED BY SELF. I MADE APPOINTMENT FOR REGULAR 60K MAINTENANCE AND ADDRESSED LIGHT ISSUE AND DIRTY TAIL PIPE TO THE SAN TAN VW DEALER AND THEY  RESPONSE WAS THAT ""CAR IS DIESEL AND FOR DIESEL IS NORMAL TO SMOKE AND LIGHT WILL NOT COME AFTER SOFTWARE UPDATE.  NOW AFTER WARRANTY EXPIRED I HAVE DIAGNOSIS THAT WHOLE EXHAUST SYSTEM NEEDS TO BE REPLACE (EXHAUST SYSTEM IS UNDER RECALL INVESTIGATION). ESTIMATE TO FIX EXHAUST IS $6000. VW OF AMERICA REFUSE TO FIX THE ISSUE, CAR IS NOW POLLUTING, SMOKING AND CAR IS NOT SAFE TO DRIVE.",01/26/2016,01/26/2016,,False,False,0,0,WVWMM7AJ7CW
10794651,2012,"Volkswagen Group of America, Inc.",GOLF,"ELECTRICAL SYSTEM,EXTERIOR LIGHTING","MY ISSUE SEAMS SIMILAR TO A FILING LAST YEAR ""10654071"". I STARTED THE CAR TO LEAVE FROM WORK, AND I RECEIVE NINE SEPARATE EXTERIOR LIGHT FAULTS. IT AFFECTED BOTH THE FRONT RIGHT, LEFT REAR, RIGHT REAR, SIDE MARKER LIGHTS, AND PLATE LIGHT. ALL STOPPED WORKING AT THE SAME TIME. THERE WAS NO WARNING. AND NO FUSES WERE BLOWN. I WAS DRIVING AT NIGHT WHEN THIS HAPPENED, I WAS LUCKY THAT ONE HEADLIGHT CONTINUED TO WORK.     THIS MADE FOR A VERY DIFFICUL.",11/18/2015,11/14/2015,,False,False,0,0,WVWNM7AJ4CW
10764539,2012,"Volkswagen Group of America, Inc.",GOLF,ENGINE,"WHILE COMING TO A STOP AT A RED LIGHT, HEARD A SLIGHT RINGING SOUND AS THE ENGINE SLOWED DOWN AND STALLED RIGHT AS WE STOPPED.  THE ENGINE WOULD NOT RESTART AND THE ""COILS"" WARNING LIGHT WAS ILLUMINATED IN THE DASH BOARD.  SEVERAL ATTEMPTS WERE MADE TO RESTART THE VEHICLE AS WE WAITED FOR A TOW TRUCK.  THE PROBLEM WAS WITH A FAILURE OF THE HIGH PRESSURE FUEL PUMP (HPFP).    THE VEHICLE WAS TOWED TO THE DEALERSHIP.  WE WERE WITHOUT A VEHICLE FOR OVER A WEEK AS THE FUEL WAS BEING TESTED FOR CONTAMINATION (WHICH THERE WAS NONE) AND WAITING APPROVAL FROM VOLKSWAGEN FOR APPROVAL UNDER WARRANTY COVERAGE.    THIS IS THE SECOND PROBLEM WITH THE FUEL SYSTEM ON THIS CAR.  THERE WAS A PREVIOUS PROBLEM WITH A LEAKING FUEL RAIL (LEAVING A PUDDLE OF DIESEL FUEL IN A PARKING LOT) WHICH WAS COVERED WITH A WARRANTY REPAIR WHILE ON A VACATION.",09/17/2015,09/01/2015,,False,False,0,0,WVWDM7AJ1CW
10723863,2012,"Volkswagen Group of America, Inc.",GOLF,FUEL/PROPULSION SYSTEM,"I WAS DRIVING ON I-55 AT APPROX. 60MPH AND THE GLOW PLUG INDICATOR LIGHT BEGAN FLASHING AND THE VEHICLE WENT INTO LIMP MODE.  PULLED OFF AT THE NEXT EXIT AND SHUT THE VEHICLE DOWN, AND WAITED A FEW MINUTES.  AFTER TURNING THE VEHICLE BACK ON, THE 'CHECK ENGINE' LIGHT WAS ILLUMINATED, HOWEVER I WAS ABLE TO DRIVE HOME (APROX. 3 MILES).  HAD VEHICLE TOWED TO DEALERSHIP THE FOLLOWING MORNING, WHERE THE DEALER INDICATED THE HIGH PRESSURE FUEL PUMP FOR THE DIRECT-RAIL FUEL INJECTION SYSTEM HAD FAILED AND CONTAMINATED THE ENTIRE FUEL SYSTEM.  THIS WILL REQUIRE A REPLACEMENT OF THE HIGH PRESSURE FUEL PUMP, AND THE ENTIRE FUEL SYSTEM, WHICH IS BEING COVERED BY THE MANUFACTURER UNDER THE DRIVETRAIN WARRANTY.",06/07/2015,05/31/2015,,False,False,0,0,WVWDM7AJ3CW
10723789,2012,"Volkswagen Group of America, Inc.",GOLF,UNKNOWN OR OTHER,KEY GETS STUCK IN THE IGNITION AND WILL NOT TURN OFF.,06/06/2015,06/01/2015,,False,False,0,0,WVWMM7AJ7CW
10654071,2012,"Volkswagen Group of America, Inc.",GOLF,"ELECTRICAL SYSTEM,EXTERIOR LIGHTING","WHEN STARTING MY GOLF TDI I RECEIVED SEVERAL WARNING MESSAGES ON THE CAR'S INFORMATION SCREEN TO CHECK TURNING LIGHTS, BRAKE LIGHTS, HEADLIGHTS AND RUNNING LIGHTS ON THE RIGHT HAND SIDE OF THE CAR. THE RIGHT HAND HEADLIGHTS, TURN SIGNALS AND BRAKELIGHTS WERE OUT.   THE CAUSE OF THE FAULT WAS A MELTED FUSEBOX. THE INTERNAL WIRING OF THE FUSEBOX OVERHEATED AND MELTED THE PLASTIC OF THE BOX AND THE PLASTIC OF THE FUSE WITHOUT BREAKING THE CIRCUIT. ACCORDING TO MY REPAIR SHOP, THIS IS A DESIGN FLAW AFFLICTING AS MANY AS ONE MILLION VWS OF VARIOUS YEARS. I SAW THAT VW HAS INITIATED RECALLS FOR THIS PROBLEM WITH OTHER MODELS, BUT NOT THE GOLF OR GOLF TDIS. THIS FAULT CAN CAUSE THE VEHICLE TO LOSE PARTIAL OR TOTAL HEADLIGHTS AND TURN SIGNALS, CREATING A SIGNIFICANT SAFETY HAZARD FOR DRIVERS AND OTHER VEHICLES.  *TR",11/10/2014,11/07/2014,,False,False,0,0,WVWDM7AJ7CW
10627186,2012,"Volkswagen Group of America, Inc.",GOLF,"FUEL SYSTEM, DIESEL,VEHICLE SPEED CONTROL,ENGINE","2012 VW GOLF TDI (DIESEL)    VEHICLE BEGAN LOSING POWER ON ACCELERATION FROM A STOPLIGHT AND BEGAN CLICKING. CHECK ENGINE AND GLOW PLUG LIGHTS FLASHED. POWER WAS REDUCED TO 15% AND LIMPED TO SHOULDER. SHUT OFF ENGINE AND ATTEMPTED RESTART. ENGINE TURNED OVER BUT NO IGNITION. TOWED TO DEALER WHO CONFIRMED THAT HIGH PRESSURE FUEL PUMP HAD FAILED. DEALER REPLACED HIGH PRESSURE FUEL PUMP, TANK PUMP, HIGH PRESSURE FUEL LINES, FUEL RAIL WITH BOTH SENSORS, ALL INJECTORS, FUEL RETURN LINES, FUEL FILTER, AND AUX FUEL PUMP. TANK AND FUEL LINES WERE FLUSHED AND CLEANED. ALL REPAIRS DONE UNDER VW 60K POWERTRAIN WARRANTY.   *TR",08/21/2014,08/15/2014,,False,False,0,0,WVWNM7AJ2CW
10596795,2012,"Volkswagen Group of America, Inc.",GOLF,FUEL/PROPULSION SYSTEM,"DRIVING IN STOP AND GO TRAFFIC ON HIGHWAY WHEN GLOW PLUG ICON ON DASH STARTED TO BLINK, LOST SIGNIFICANT ENGINE POWER. PULLED OVER AND RESTARTED WITH NOTHING ON DASH. QUICKLY, GLOW PLUG ICON STARTED BLINKING AGAIN, ALONG WITH A SOLID MOTOR ICON ON DASH. DROVE TO DEALERSHIP WITH 40MPH MAX POWER, AND AFTER TURNING CAR OFF, TECHNICIAN COULD NOT TURN CAR BACK ON. HIGH PRESSURE FUEL PUMP FAILED AND SENT METAL SHARDS INTO FUEL SYSTEM, DESTROYING THE ENTIRE FUEL SYSTEM. TECH SAYS HE'S SEEN 6 TDI WITH SAME ISSUE RECENTLY. VW IS COVERING 100% OF COST.   *TR",06/07/2014,06/03/2014,,False,False,0,0,
10567577,2012,"Volkswagen Group of America, Inc.",GOLF,POWER TRAIN,"TL- THE CONTACT OWNS A 2012 VOLKSWAGEN GOLF TDI. THE CONTACT STATED THAT ON EXTREMELY COLD CONDITIONS THE VEHICLE FAILED TO START. AFTER MULTIPLE ATTEMPTS THE VEHICLE WAS SUCCESSFULLY RESTARTED. THE CONTACT TOOK THE VEHICLE TO THE DEALER FOR A DIAGNOSTIC TEST. THE DEALER STATED THAT WATER BUILDS UP IN THE AIR INTER COOLER CAUSING THE ENGINE TO HYDRO LOCK, THE CONTACT COULD HAVE TO PAY FOR A COLD WEATHER INTER COOLER TO PROPERLY REPAIR THE VEHICLE. THE MANUFACTURE WAS NOT CONTACTED. THE VEHICLE WAS NOT REPAIRED. THE APPROXIMATE FAILURE MILEAGE WAS 11,000 MILES. AZ  *TR",03/06/2014,02/15/2012,,False,False,0,0,WVWDM7AJ6CW
10562469,2012,"Volkswagen Group of America, Inc.",GOLF,ENGINE,"FIRST INCIDENT WAS 1/06/14. MY WIFE WAS A WEEK OVER HER DELIVERY DATE TRIED TO START THE CAR AND IT TRIED TO TURN OVER BUT WOULDN'T START. EVENTUALLY CALLED DEALER WHO HAD HER TOW IT IN TO THEM. THE DEALER INFORMED HER OF MOISTURE IN INTERCOOLER PIPE WHICH THEY BLEW OUT WITH AN AIR HOSE AND CHARGED HER $48 (THEY SAID IT IS NORMALLY ABOUT $150). THEY INFORMED HER IT WAS DUE TO DRIVING SHORT DISTANCES & THE COLD WEATHER; THAT DIESELS NEEDED TO BE DRIVEN LONG DISTANCE ONLY. THE 2ND INCIDENT WAS 1/30/14. MY WIFE & NEWBORN WERE RUNNING ERRANDS IN TOWN WHEN THE CAR ENGINE MALFUNCTION LIGHT CAME ON & SHE PULLED OVER TO CHECK ON IT. THE CAR THEN WOULD NOT START & AGAIN HAD TO BE TOWED TO DEALER. THIS TIME THEY PULLED A BIG CHUNK OF ICE FROM INTER-COOLER PIPE AND SAID THE INTER-COOLER HAD TO BE REPLACED & COLD WEATHER KIT INSTALLED (EST. $1100). A QUICK SEARCH ON-LINE SHOWS THIS IS NOT A NEW PROBLEM & VW HAS BEEN AWARE OF IT ON NORTH AMERICAN DIESELS FOR SEVERAL YEARS YET THEY HAVE FAILED TO INFORM NEW BUYERS OR FIX THE PROBLEM. ALSO MANY OWNERS WHO HAVE GOTTEN VW'S ""FIX"" (COLD WEATHER KIT) SAY IT HAS NOT SOLVED THE PROBLEM. IF WE HAD KNOW THEIR DIESELS COULD NOT BE DRIVEN IN THE WINTER OR FOR SHORT DISTANCES WE DEFINITELY WOULD NOT HAVE BOUGHT ONE. LEAVING ANY ONE STRANDED IN THE WINTER IS BAD BUT LEAVING MY VERY PREGNANT WIFE & MY NEWBORN BABY IS SOMETHING I CAN'T PUT UP WITH. BECAUSE VW DOESN'T ADMIT TO HAVING A DESIGN FLAW I AM GOING TO HAVE TO FOOT THE BILL FOR SOMETHING I HAVE NOW CONTROL OVER BUT VW DOES. ON TOP OF THAT I MAY HAVE THE SAME PROBLEM WITHIN A WEEK DUE TO AN UNFORESEEN EVENT CALLED ""WINTER"" IF THEIR FIX DOESN'T WORK. IF KNOWING YOU HAVE A DESIGN FLAW IN YOUR VEHICLES THAT LEAVES OWNERS STRANDED AT THE WORST POSSIBLE TIME (WINTER) DOES NOT CONSTITUTE A SAFETY ISSUE & DESERVE IMMEDIATE ATTENTION&ACCOUNTABILITY IF NOT A RECALL THEN I'M NOT SURE WHAT DOES.  *TR",02/01/2014,01/06/2014,,False,False,0,0,WVWNM7AJ4CW
10544197,2012,"Volkswagen Group of America, Inc.",GOLF,FUEL/PROPULSION SYSTEM,"VEHICLE STALLED ON STREET AT STOP SIGN. WAS UNABLE TO RESTART THE CAR AFTER MULTIPLE ATTEMPTS. VEHICLE WAS REPAIRED; HIGH PRESSURE FUEL PUMP FAILED. METAL SHARDS CONTAMINATED FUEL RAIL, FUEL TANK, AND OTHER SYSTEMS.",09/18/2013,08/30/2013,,False,False,0,0,WVWDM7AJ3CW
10537810,2012,"Volkswagen Group of America, Inc.",GOLF,"FUEL SYSTEM, OTHER","GLOW PLUG AND CHECK ENGINE INDICATOR APPEARED WHILE DRIVING APPROXIMATELY 45 MPH IN VICINITY OF THE M-10 FREEWAY IN DETROIT, MI. VEHICLE POWER UNEXPECTEDLY CUT OUT, FORCING ME TO MANEUVER OFF OF THE ROAD AT A SPEED LOWER THAN SURROUNDING TRAFFIC. I PICKED UP THE VEHICLE ON 19 AUG FROM THE DEALER AND EXPERIENCED AN IDENTICAL PROBLEM IN VICINITY OF 9 MILE ROAD AND MIDDLEBELT IN FARMINGTON HILLS, MI. VW LATER INFORMED ME THAT THE PROBLEM WAS ASSOCIATED WITH A FAILURE OF THE HIGH PRESSURE FUEL PUMP.  *TT",08/28/2013,08/16/2013,,False,False,0,0,WVWBM7AJ1CW
10537374,2012,"Volkswagen Group of America, Inc.",GOLF,AIR BAGS,"THIS CAR WAS INVOLVED IN A VEHICLE CRASH. IMPACT WAS TO THE DRIVER'S SIDE PRIMARILY TO THE DOOR AND FRONT END. DESPITE THE SEVERITY OF THE IMPACT, NO AIR BAGS DEPLOYED FROM THE DRIVER'S SIDE OR THE STEERING WHEEL. I SUSTAINED AN INJURY TO THE SHOULDER AND AM CONCERNED ABOUT THE SAFETY OF THE VEHICLE.   *TR",08/26/2013,08/26/2013,,True,False,1,0,WVWBB7AJXCW
10524360,2012,"Volkswagen Group of America, Inc.",GOLF,"FUEL SYSTEM, DIESEL,VEHICLE SPEED CONTROL,ENGINE","CAR PURCHASED NOVEMBER 2011.  AUGUST 29, 2012 (MUCH <10,000 MILES) REPORTED ROUGH SHIFTING OF AUTOMATIC TRANSMISSION TO VOLKSWAGEN OF ALEXANDRIA.  TOLD THAT EXPERIENCE WAS NORMAL.  TRUSTED MECHANIC AND USED VEHICLE.    MARCH 18, 2013--COMPLETE TRANSMISSION FAILURE WHILE DRIVING IN A PARKING LOT.  ENGINE SHUT OFF WHILE MOVING AND ABRUPTLY BROUGHT CAR TO A STOP.  THIS IS THE SAME PROBLEM THAT PROMPTED RECALLS FOR THIS CAR IN AUSTRALIA, CHINA, AND JAPAN.  BROUGHT INTO VOLKSWAGEN OF ALEXANDRIA AND TOLD PROBLEM WAS RELATED TO COMPUTER ERRORS CONTROLLING TRANSMISSION.    JULY 10, 2013--(@15,000 MILES) CAR LOSES REASONABLE AMOUNT OF POWER, MAKES GRINDING NOISE, ENGINE LIGHT APPEARS.  BLOCKS FROM VOLKSWAGEN OF ALEXANDRIA.  JUST ABLE TO MAKE IT IN.  TECHNICIANS REPORT THAT A NUMBER OF FAULTS WERE REPORTED AND HAVE CONTACTED VW OF AMERICA TO ADVISE WHAT TO DO NEXT.  ULTIMATELY THEY DECIDE THAT THE MECHATRONICS UNIT (PART OF TRANSMISSION) SHOULD BE REPLACED BUT WILL NOT BE AVAILABLE SOON.    ALEXANDRIA VOLKSWAGEN ADVISES ME TO TAKE THE VEHICLE BACK INTO MY POSESSION AND DRIVE IT AS IS UNTIL THE PART ARRIVES.  THEY CLAIMED IT TO BE JUST A NOISE ISSUE. I OBJECT AND HAVE TO POINT OUT THE COMPLAINT ABOUT SEVERE LACK OF POWER AND PREVIOUS COMPLETE ENGINE/TRANSMISSION FAILURE (WHICH THEY CLAIMED TO BE UNRELATED).  AFTER COMPLAINT TOLD I COULD RENT A CAR.  FINALLY ABLE TO COMPLAIN MY WAY INTO A LOANER.  I HAVE READ ABOUT THIS TACTIC FOR WAYS AROUND LEMON LAW LIABILITY.  WAS ADVISED TO REPORT IT HERE.  *TR",07/11/2013,03/18/2013,,False,False,0,0,WVWDM7AJ7CW
10515491,2012,"Volkswagen Group of America, Inc.",GOLF,"POWER TRAIN,ENGINE","WHILE OPERATING THE VEHICLE UNDER NORMAL CONDITIONS, I HEARD A RATTLE FROM THE ENGINE, FOLLOWED BY THE SOUND OF SOMETHING RATTLING IN THE ENGINE COMPARTMENT AND THEN FALLING OUT.  THE ENGINE DIED IMMEDIATELY AND I WAS ABLE TO COAST TO THE SHOULDER.  AFTER THE DEALER INSPECTED THE CAR THEY FOUND THAT THE WATER PUMP WAS FAULTY AND IT CAUSED THE WATER PUMP PULLEY TO COME OFF AND CAUSE DAMAGE TO THE CYLINDER HEAD, VALVES, COVER, WATER PUMP, AND TIMING BELT, IN ADDITION TO THE WATER PUMP PULLEY FALLING OFF.  THE DEALER THEN TOLD ME THIS WAS A KNOWN ISSUE FOR THIS MAKE AND MODEL AND THAT THEY HAD MADE THE SAME REPAIR TO SEVERAL OTHER MODELS IN THEIR SERVICE DEPARTMENT.  THEY ADVISED THERE WAS AN UPDATED WATER PUMP PART THAT HAD COMPONENTS MADE OF METAL RATHER THAN PLASTIC TO WITHSTAND THE ENGINE HEAT, WHICH WAS WHAT CAUSED MY WATER PUMP TO FAIL.      ADDITIONALLY, MY VEHICLE WAS IN FOR A REGULARLY SCHEDULED MAINTENANCE APPOINTMENT DAYS EARLIER AND THE DEALER NEGLECTED TO CHECK THE WATER PUMP OR ADVISE ME THAT IT MIGHT BE FAULTY, EVEN THOUGH THEY KNEW AND ADMITTED LATER TO IT BEING A KNOWN PROBLEM WITH THE CAR.  *TR",06/06/2013,06/02/2013,,False,False,0,0,WVWPF7AJ3CW
10514757,2012,"Volkswagen Group of America, Inc.",GOLF,STRUCTURE,THE HATCHBACK EDGES ON THE SIDE OF THE VEHICLES HAVE A KNIFE POINT THAT IS JUST UNDER SIX FEET OFF THE GROUND. UNLOADING THE CAR IN THE GARAGE I MISJUDGED THE CLEARANCE AND SUFFERED A PAINFUL PUNCTURE WOUND ON TOP OF MY HEAD. I FELL TO THE GROUND AND THE WOUND BLED PROFUSELY.   THESE EDGES NEEDED TO BE ROUNDED OFF OR OTHERWISE BLUNTED.  *TR,06/03/2013,06/02/2013,,False,False,1,0,
10514288,2012,"Volkswagen Group of America, Inc.",GOLF,VEHICLE SPEED CONTROL,"TL* THE CONTACT OWNS A 2012 VOLKSWAGEN GOLF. THE CONTACT STATED THAT WHILE DRIVING APPROXIMATELY 2 MPH, THE VEHICLE ERRONEOUSLY ACCELERATED THEN CRASHED INTO A PARKED VEHICLE. THERE WERE NO INJURIES. THE MANUFACTURER WAS CONTACTED ABOUT THE FAILURE AND STATED THAT THEY WOULD SEND SOMEONE TO INSPECT THE VEHICLE. THE VEHICLE WAS NOT REPAIRED. THE FAILURE MILEAGE WAS 6,000. UPDATED 08/15/13*LJ  THE CONSUMER STATED THE ACCELERATOR STUCK WHEN HE BACKED DOWN THE DRIVEWAY ON INCLINE. THE VEHICLE ACCELERATED BY ITSELF AFTER GOING DOWN AN INCLINE AND AROUND THE CORNER.",05/30/2013,04/29/2013,,True,False,0,0,WVWDB7AJ1CW
10511389,2012,"Volkswagen Group of America, Inc.",GOLF,"FUEL SYSTEM, DIESEL","FUEL PUMP FAILURE AT 7200 MILES (DESPITE USING DIESEL FUEL) RESULTING IN SHARDS OF METAL IN THE FUEL SYSTEM AND INABILITY TO DRIVE CAR, HAD TO BE TOWED TO DEALER  LOOKING AT THE WEB, THIS IS NOT THE FIRST TIME THIS HAS HAPPENED IN A NEWER TDI ENGINE.  *TR",05/10/2013,05/09/2013,,False,False,0,0,WVWNM7AJ7CW
10510419,2012,"Volkswagen Group of America, Inc.",GOLF,"AIR BAGS,STRUCTURE","I WAS TRAVELING ON A HIGHWAY IN DALLAS.  THERE WAS A 2003 TOYOTA TACOMA TWO LANES TO THE LEFT OF ME.  HE APPARENTLY WANTED TO TAKE AN EXIT THAT WAS RAPIDLY COMING UP.   HE HAD A DRESSER IN THE BED SO HE ASKED HIS WIFE IF IT WAS CLEAR TO CUT ACROSS ALL 5 LANES TO TAKE THE EXIT.  I WAS TWO LANES OVER AND REAR ENDED HIM.  HE BRAKE WHEN HE SAW ME AND I HAD LITTLE TIME TO REACT, SO I HIT HIM FRONT DISTRIBUTED TO REAR DISTRIBUTED.  MY AIR BAGS DID NOT DEPLOY.   I'VE BEEN A POLICE OFFICER FOR 17 YEARS AND A FIREFIGHTER EVEN LONGER AND KNOW HOW AIR BAGS WORK.   SINCE I ESSENTIALLY REAR ENDED HIM, I KNOW I TRIPPED MORE THAN ONE AIRBAG SENSOR AT A TIME. MY AIR BAGS DID NOT DEPLOY.  I ENDED UP WITH A CARDIAC BRUISE AND UPPER JOINT INJURIES.  I CALLED VW CUSTOMER CARE AND SENT THEM PICTURES OF THE CAR.  THEY  THINK I WENT UNDER HIS TRUCK AND THAT'S WHY THE BAGS DID NOT DEPLOY.  HIS TRUCK WAS STOCK WITH NO LIFT KIT OR ANYTHING, SO I WOULD HOPE MY BAGS WOULD DEPLOY, BUT THEY DIDN'T. I KNOW WE NOW TRACK IF A VEHICLE'S HEIGHT HAD BEEN ALTERERD ON ACCIDENT REPORTS IN TEXAS.  I HAVE A FEW PICTURES OF THE CAR.",05/02/2013,04/08/2013,,True,False,1,0,WVWDM7AJ8CW
10507390,2012,"Volkswagen Group of America, Inc.",GOLF,POWER TRAIN,VEHICLE WAS PARKED AND THE ENGINE WAS TURNED OFF.  STARTED MOTOR AND PLACE AUTOMATIC TRANSMISSION IN REVERSE. A LOUD CLUNK NOISE WAS HEARD BUT BACKING UP WAS OK.  THEN PLACED VEHICLE IN DRIVE AND THE SAME NOISE WAS HEARD AGAIN.  THE VEHICLE TRANSMISSION APPEARS TO OPERATE ONLY IN THE TOP [HIGH] GEAR MODE.  IT DOES NOT AUTO SHIFT THROUGH THE FULL GEAR RANGE.  DRIVES FORWARD IN TOP GEAR ONLY. *TR,04/07/2013,04/07/2013,,False,False,0,0,WVWBB7AJ8CW
10491554,2012,"Volkswagen Group of America, Inc.",GOLF,"POWER TRAIN,ENGINE","ON 12/24/2012, RETURNING FROM A RESTAURANT WITH MY FAMILY, I HEARD A BANG AND MY ENGINE DIED WHILE DRIVING ON A CITY STREET AT 35 MPH.  I WAS ABLE TO SAFELY PUT THE CAR IN NEUTRAL AND ROLL OFF THE STREET.  I FOUND OUT ON 12/26 THAT MY WATER PUMP HAD FALLEN APART, DESTROYING MY TIMING BELT AND ENGINE HEAD.    SEVERAL VEHICLES WITH THE BUILD DATE OF MY CAR HAVE EXPERIENCED WATER PUMP FAILURES THAT DESTROY THE TIMING BELT AND CAUSE CATASTROPHIC ENGINE FAILURES.  LUCKILY, I WAS TRAVELING AT A SLOW SPEED WHEN THE INCIDENT OCCURRED.  VW CLAIMS TO NOT KNOW ABOUT ""A WIDESPREAD PROBLEM.""  I WAS ALSO TOLD THAT NO SUPERSEDED PART IS BEING INSTALLED; THE SAME WATER PUMP PART IS BEING PUT BACK.  THE DEALER REPLACED THE HEAD, PUMP, BELT, MISC BOLTS, ETC.    I AM WORRIED ABOUT MY SAFETY THAT THIS INCIDENT WILL RE-OCCUR.    HTTP://FORUMS.VWVORTEX.COM/SHOWTHREAD.PHP?5854747-CONSOLIDATED-WATER-PUMP-FAILURE-THREAD    HTTP://FORUMS.VWVORTEX.COM/SHOWTHREAD.PHP?5813173-GOLF-R-WATER-PUMP-MADNESS!!!!  *TR",01/06/2013,12/24/2012,,False,False,0,0,WVWPF7AJ3CW
10489003,2012,"Volkswagen Group of America, Inc.",GOLF,"FUEL SYSTEM, DIESEL,ENGINE,FUEL/PROPULSION SYSTEM","THE CAR IS A 2012 VW GOLF TDI, PURCHASED AROUND APRIL OF 2012.  IT HAD APPROXIMATELY 7500 MILES AT THE TIME OF THE INCIDENT.  I WAS ON A SHORT DRIVE TO THE STORE AND BACK (5 MILES ROUND TRIP FROM HOME).  ON THE WAY BACK, I HEARD A METAL GRINDING SOUND COMING FROM THE ENGINE COMPARTMENT AND NOTICED A LACK OF POWER.  I TURNED OFF THE RADIO TO CONFIRM THAT THE SOUND WAS COMING FROM MY NEW CAR AND IT WAS.    AT THE NEXT STOP LIGHT, THE CAR DIED AND COULD NOT BE RESTARTED.  I CONFIRMED THAT I STILL HAD DIESEL FUEL, AND SURE ENOUGH, I STILL HAD 1/4 TANK.  SO I WAS NOT OUT OF FUEL.  THE ENGINE WOULD CRANK, BUT NOT START.  THANKFULLY THIS HAPPENED AT A STOP LIGHT INSTEAD OF ON THE HILLY INTERSTATE I TAKE TO WORK 20 MILES EACH DAY.  ASIDE FROM HEARING THE METAL GRINDING SOUND FOR APPROXIMATELY 30 SECONDS, I HAD NO WARNING.  THE CAR HAD TO BE TOWED BACK TO THE DEALER.    THE DEALER TOOK A FEW DAYS TO DIAGNOSE THE PROBLEM AS A FAULTY FUEL PUMP.  APPARENTLY, THE FUEL PUMP MALFUNCTIONED AND SHOT METAL SHARDS THROUGH MY ENTIRE FUEL SYSTEM.  IT TOOK THE DEALER WELL OVER A WEEK TO REPLACE EVERY COMPONENT AND THE COST OF LABOR AND PARTS WAS OVER $10,000.  THANKFULLY, VW COVERED THE REPAIR AS BEING UNDER WARRANTY.  A QUICK GOOGLE SEARCH CONFIRMED THAT HUNDREDS OF OTHER VW DIESEL ENGINES HAVE HAD THE SAME PROBLEM.  UNFORTUNATELY, THE DEALER DID NOT REPLACE THE FUEL TANK.  BASED ON REPORTS I HAVE SEEN ONLINE, I CAN EXPECT ANOTHER FAILURE ANY DAY.  PLEASE INVESTIGATE THIS FURTHER AND FORCE VW TO ISSUE A RECALL.  I HAVE OWNED 5 VOLKSWAGENS IN THE PAST (OWN 2 RIGHT NOW) AND LOVE THEM, BUT I WILL NEVER BUY ANOTHER ONE AFTER THIS INCIDENT.  *TR",12/17/2012,11/10/2012,,False,False,0,0,WVWNM7AJ6CW
10486272,2012,"Volkswagen Group of America, Inc.",GOLF,"FUEL SYSTEM, DIESEL,POWER TRAIN,FUEL/PROPULSION SYSTEM",I WAS DRIVING DOWN THE ROAD HAD JUST SHIFTED INTO 4TH GEAR CAME UP TO A RED LIGHT. I PRESSING IN THE CLUTCH AND STARTED TO SLOW DOWN STILL IN 4TH GEAR. THE RED LIGHT TURNED GREEN BEFORE I COULD SLOW DOWN MUCH AT ALL. I RELEASED THE CLUTCH WHEN I DID THIS THE ENGINE AND RPM INCREASED. I WAS STILL IN 4TH GEAR AND HARDLY ACCELERATING BUT IT FELT AS THOUGH I WAS IN SECOND GEAR. I KINDA FREAKED AND LOOKED TO MAKE SURE I WAS IN 4TH AND I WAS.THE CAR BEGAN TO RUN NORMAL SO I JUST BRUSHED IT OFF. I CAME TO ANOTHER RED LIGHT AND MADE A COMPLETE STOP. THIS IS WHEN THE CAR BEGAN TO SHAKE AND FLASH THE ORANGE COIL LOOKING LIGHT. IT COMPLETELY SHUT OFF AND I WAS UNABLE TO RESTART THE CAR. MY BROTHER CAME AND HELPED ME PUSH IT TO THE SIDE OF THE ROAD. IT HAD TO BE TOWED TO THE DEALERSHIP.  *TR,11/27/2012,11/26/2012,,False,False,0,0,WVWNM7AJ8CW
10480604,2012,"Volkswagen Group of America, Inc.",GOLF,ENGINE,"AT 2766 MILES I WAS CRUISING DOWN THE HIGHWAY AT 70 MPH ON MY WAY TO WORK WHEN THE ENGINE SUDDENLY LOST POWER AND THE EPC LIGHT CAME ON. THE ENGINE WAS COMPLETELY UNRESPONSIVE, I PULLED OFF TO THE SHOULDER, CALLED ROADSIDE ASSISTANCE AND WAS TOWED TO THE NEAREST DEALER    THE SERVICE MANAGER TOLD ME THE WATER PUMP SEIZED AND SERIOUSLY DAMAGED THE ENGINE. I WENT TO LOOK AND THERE WAS A BIG HOLE IN THE SIDE OF THE ENGINE. HE TOLD ME THEY HAD TO ORDER NEW PISTON HEADS, RODS, ETC... BASICALLY, NEEDED TO REBUILD THE ENGINE. SPEAKING TO THE MECHANIC ACTUALLY WORKING ON THE CAR, HE SAID IT WOULD PROBABLY NEED AN ENGINE REPLACEMENT. THEY QUICKLY REALIZED REPAIR WASN'T POSSIBLE AND HAD A NEW ENGINE EN ROUTE.    AFTER A LITTLE SEARCHING ONLINE, I FOUND THAT THIS HAS HAPPENED TO AT LEAST 5 OTHERS (THERE ARE MORE NOW). IT SEEMS TO BE AN ISSUE WITH THE WATER PUMP PULLEY. I AM MOST CONCERNED BECAUSE VW DENIED THEY HAD EVER HEARD OF THIS. I HAVE NO CONFIDENCE THAT THE REPLACEMENT ENGINE WILL NOT SUFFER THE SAME ISSUE.  *TR",10/15/2012,09/11/2012,,False,False,0,0,WVWPF7AJ7CW
10472079,2012,"Volkswagen Group of America, Inc.",GOLF,"FUEL SYSTEM, DIESEL","FUEL PUMP FAILURE, RANDOM POWER CUT OUT DUE TO FAULT MODE. SYSTEM FLASHES A GLOW PLUG LIGHT INSTEAD OF A CHECK ENGINE LIGHT NOT SIGNALING A OBVIOUS FAILURE.  *TR",08/23/2012,08/18/2012,,False,False,0,0,WVWDM7AJXCW
10470560,2012,"Volkswagen Group of America, Inc.",GOLF,"FUEL SYSTEM, DIESEL,ENGINE","AT 6,519 MILES, WHILE ABOUT TO ENTER THE ON-RAMP OF A LOCAL HIGHWAY, THE CHECK ENGINE LIGHT AND GLOW PLUG INDICATOR LIGHT BEGAN TO FLASH. I WAS ABLE TO VEER OFF THE ENTRANCE RAMP AND CONTINUE DOWN THE DOWN TO THE NEAREST SAFE PARKING LOT AREA; AS I PULLED INTO THE PARKING LOT AREA, THE VEHICLE SHUDDERED AND SUDDENLY SHUT OFF. IT WOULD NOT RE-START, AND WE HAD TO ARRANGE FOR A TOW TO A FAMILY MEMBERS HOUSE THROUGH OUR INSURANCE COMPANY. IN THE MORNING WE HAD A TOW TO OUR DEALER SET UP THROUGH VOLKSWAGEN ROADSIDE SERVICE, WHO WOULD NOT COVER THE ENTIRE COST OF THE TOW TO OUR PREFERRED DEALER, SO WE PAID THE DIFFERENCE OUT OF OUR OWN POCKET. I WAS NOTIFIED BY THE DEALER THAT THE FUEL PUMP (COMMONLY REFERRED TO AS HPFP) BASICALLY IMPLODED AND SENT METAL THROUGHOUT THE ENTIRE FUEL SYSTEM, WHICH NOW NEEDS TO BE REPLACED. WE OWN TWO VOLKSWAGEN DIESEL (TDI) VEHICLES; THIS ONE, A 2012 GOLF TDI, AND A 2010 JETTA TDI. THEY ARE BOTH FILLED UP AT THE EXACT SAME PUMP FROM THE EXACT SAME STATION ABOUT 99% OF THE TIME. AT THE TIME THIS INCIDENT OCCURRED, THE GOLF HAD 281 MILES ON THE CURRENT TANK OF DIESEL WHICH WAS FILLED UP ON 08/03/2012. I FILLED UP MY JETTA TDI AT THE SAME PUMP ON 08/06/2012, CURRENTLY HAVE OVER 230 MILES ON THAT TANK OF DIESEL, AND HAVE NOT EXPERIENCED ANY PROBLEMS. WE KEEP METICULOUS DOCUMENTATION OF OUR DIESEL USAGE, COST, ETC. WITH RECEIPTS AND OTHER LOGS, AND CAN SAFELY STATE THAT THIS WAS NOT DUE TO A MISTAKE ON OUR PART. RATHER, THIS IS A DESIGN FAILURE AND/OR OVERSIGHT ON THE PART OF BOTH VOLKSWAGEN AND BOSCH, THE HPFP MANUFACTURER. I AM A VETERAN MEMBER OF THE TDICLUB VW DIESEL ONLINE COMMUNITY, AND THERE IS EXTENSIVE INFORMATION AND DOCUMENTATION THERE OF THESE REPEATED FAILURES. PLEASE VISIT THE FOLLOWING THREADS FOR INFORMATION; HTTP://FORUMS.TDICLUB.COM/SHOWTHREAD.PHP?T=286380, HTTP://FORUMS.TDICLUB.COM/SHOWTHREAD.PHP?T=299854.  *TR",08/14/2012,08/12/2012,,False,False,0,0,WVWDM7AJ8CW
10470073,2012,"Volkswagen Group of America, Inc.",GOLF,POWER TRAIN,"LEAVING A PARKING LOT, PUT THE GEAR INTO REVERSE AND WAS GOING FORWARD. PUT THE GEAR IN PARKING 3 X AND BACK TO REVERSE 3 X, BUT STILL GOING FORWARD. COULDN'T TURN OFF THE ENGINE. OPENED THE DOOR, AND AFTER MAYBE 10 MINUTES WAS ABLE TO TURN OFF THE ENGINE, GAVE IT A MINUTE AND THEN USE THE REVERSE GEAR AND IT WORKED.  *TR",08/10/2012,07/25/2012,,False,False,0,0,WVWDB7AJ1CW
10461255,2012,"Volkswagen Group of America, Inc.",GOLF,"ELECTRICAL SYSTEM,STRUCTURE","WATER COMES TO THE INTERIOR OF THE VEHICLE THROUGH THE GAP BETWEEN THE LOWER EDGE OF THE PLASTIC INTERIOR DOOR PANEL AND THE METAL DOOR. THIS LEAK NOW OCCURS ON THE RIGHT REAR DOOR OF THIS 2012 VW GOLF. ON OTHER DOORS, WATER COMES OUT THROUGH THE PURPOSELY DESIGNED DRAIN HOLES ON THE BOTTOM SIDE OF THE DOOR, AND THUS WATER DOES NOT COME INTO THE INTERIOR. THIS INCORRECT WATER FLOW INSIDE THE RIGHT REAR DOOR MAY CAUSE BODY DAMAGE AND ELECTRICAL HAZARD. WHEN I SPRAY LOW PRESSURE WATER TO THE BELT LINE AT A SELF CAR WASH BAY TO REPLICATE RAIN, WATER COMES OUT THROUGH THE GAP BETWEEN THE LOWER EDGE OF THE PLASTIC INTERIOR DOOR PANEL AND THE METAL DOOR AT A RATE FASTER THAN ONE DROP PER SECOND. PICTURES AND VIDEO LINK ARE HERE: HTTP://WWW.GOLF-6.COM/WERKSTATT/12132-IST-DIESES-WASSER-LECK-VON-VW-DESIGN.HTML. THE SAME KIND OF WATER LEAK OCCURRED ON THE LEFT FRONT DOOR OF MY 2011 VW GOLF. IT WAS REPAIRED UNDER WARRANTY IN 2011. THE CAUSE WAS FOUND TO BE DEFECTIVE SEALS INSIDE THE DOOR: SPEAKER SEAL, AND WINDOW LIFTER SEAL. FOR MY 2012 VW GOLF, HOWEVER, VW OF AMERICA AND VOLKSWAGEN AG ARE BEHAVING WEIRDLY. A VW DEALER SAID TO ME AFTER COMMUNICATING WITH VW OF AMERICA THAT VW DESIGNED GOLF TO LEAK WATER THAT WAY FROM MODEL YEAR 2012, WHICH IS HARD TO BELIEVE. VW OF AMERICA ADMITS THAT IT DOES NOT HAVE A VW DOCUMENT SUPPORTING THE DEALER'S CLAIM. HOWEVER, VW OF AMERICA DECLARED THAT THEY STILL SUPPORTS THE DEALER''S CLAIM. I ASKED VOLKSWAGEN AG WHETHER VW REALLY DESIGNED GOLF TO LEAK WATER THIS WAY FROM MODEL YEAR 2012. VOLKSWAGEN AG REFUSED TO ANSWER MY QUESTION FOR A STRANGE REASON: THEY WROTE THAT THEY DO NOT RESPOND TO YOUTUBE. WHAT THEY SHOULD HAVE DONE IS TO RESPOND TO A CUSTOMER'S QUESTION. THE YOUTUBE LINK WAS A SUPPLEMENTARY TOOL FOR MORE EFFICIENT COMMUNICATION.  *TR",06/11/2012,04/25/2012,,False,False,0,0,WVWNM7AJ7CW
10454965,2012,"Volkswagen Group of America, Inc.",GOLF,ELECTRICAL SYSTEM,"VOLKSWAGEN OF AMERICA FAILS TO PROVIDE THEIR CUSTOMERS A FUSE DIAGRAM, MAKING IT IMPOSSIBLE TO SAFELY IDENTIFY AND REPLACE A SIMPLE BLOWN FUSE.  *TR    WITHOUT A BASIC FUSE DIAGRAM, THE ONLY CHOICE FOR VW OWNERS NEEDING TO REPLACE A FUSE IS TO PULL FUSES ONE-BY-ONE AS THEY SEARCH FOR THE BLOWN FUSE.  WITH MANY UNUSED SLOTS, SHOULD A FUSE BE INADVERTENTLY REPLACED IN THE INCORRECT SLOT, A CRITICAL SAFETY SYSTEM SUCH AS BRAKE LIGHTS, TAIL LIGHTS, HEADLIGHTS, ABS BRAKE CONTROL, WINDSHIELD WIPERS, HORN, ETC. CAN BE ACCIDENTALLY DISABLED WITHOUT ANY IMMEDIATE KNOWLEDGE ON THE PART OF THE OWNER.  THIS HAPPENED IN MY CASE WHEN I WAS TRYING TO LOCATE THE 12-VOLT ACCESSORY FUSE.     ALL OTHER AUTOMOBILE MANUFACTURES PROVIDE FUSE ASSIGNMENT DIAGRAMS EITHER IN THEIR OWNER'S MANUALS OR, MORE TYPICALLY, ON THE BACK OF THE FUSE COMPARTMENT COVERS.  THIS ENABLES THE OWNER TO QUICKLY IDENTIFY THE CORRECT FUSE, PULL AND INSPECT IT, AND REPLACE IT WITH A NEW FUSE.    I CONTACTED VOLKSWAGEN OF AMERICA'S CORPORATE OFFICE AND SPOKE WITH A SPECIAL ASSISTANT TO THE PRESIDENT AND CEO WHO WAS UNWILLING TO GIVE ME ANY EXPLANATION WHATSOEVER WHY VW REFUSES TO PROVIDE THIS IMPORTANT SAFETY INFORMATION.  VW'S ADVICE IS TO ""SHINE A FLASHLIGHT ON THE END OF THE FLAT FUSE AND TRY TO DETERMINE WHICH ONE IS BLOWN.""  IT IS IMPOSSIBLE TO IDENTIFY A BLOWN FUSE IN THIS MANNER.    SINCE THIS REPRESENTS A VERY REAL POTENTIAL SAFETY HAZARD TO EACH AND EVERY VW OWNER WHO NEEDS TO REPLACE A FUSE, NHTSA SHOULD IMMEDIATELY ISSUE A RECALL ON ALL VW MODELS, GOING BACK TO THE DATE VW INSTITUTED THIS ILL-ADVISED POLICY.  NHTSA SHOULD REQUIRE THE COMPANY TO PLACE FUSE ASSIGNMENT DIAGRAMS ON THE INTERIOR OF THE FUSE BOXES.  THIS WILL IMMEDIATELY AND COMPLETELY CORRECT THIS SAFETY DEFECT.",04/12/2012,04/03/2012,,False,False,0,0,WVWNM7AJ9CW
11506679,2013,"Volkswagen Group of America, Inc.",GOLF,"ELECTRICAL SYSTEM,ENGINE,FUEL/PROPULSION SYSTEM","i was driving down the freeway on the way to work at 75 mph  when all of a sudden my EPC went off in my 2013 volkswagon gti my entire car shut down (manual transmission) i lost all steering ability while on the freeway going 75 mph i couldn't get over to the shoulder due to loss of brakes due to entire car shutting down .i was almost smashed by a semi due to inability to steer my vehicle to total loss of  power . i got the vehicle towed to a service shop they tell me that my timing chain had stretched and timing chain tensioner has failed, which caused significant damage to my engine . i bought the vehicle used and have taken meticulous car on it since i have owned it 3k oil changes ,proper oil ,proper, premium gas as notated milage based maintenance. the service center then notifies me that there was a class action lawsuit about failing timing chains and tensioners but when i called my local volkswagon dealership they told me it only covers up to125,000 miles but what i don't understand is that this issue almost cost me my life   this is a known issue hence a class action lawsuit but to actually take care of the situation they refuse to do so i do enjoy the vehicle but i almost lost my life",02/10/2023,02/10/2023,,False,False,0,0,WVWGD7AJ1DW
11500133,2013,"Volkswagen Group of America, Inc.",GOLF,EXTERIOR LIGHTING,"The low beam headlamp burned out.  I replaced the bulb successfully, but then the headlamp needed adjustment to be aimed properly with the new bulb.  I found instructions online to aim the headlamp.  There are three adjustment points, covering both low and high beams, according to the online document.  I will try to attach photo of this document.  The three adjustments are labeled as: L1, L2H2, and L3.  On my VW, there is no adjustment available for location shown as L3.  I even drilled into the plastic headlamp housing looking for the hidden adjustment point, but there was none. As a consequence, I am unable to aim that headlamp properly:  either the low beam is pointing too high or the high beam is pointing too low.  I believe this presents a safety issue at night.  To me, it is unbelievable that VW eliminated the L3 adjustment on this vehicle.  As I said, the position of the L3 adjustment point was molded over at the factory, there was no opening for adjustment.  That's why I drilled into the area, and still found no adjustment point.  I have no idea how many other VW vehicles are impacted by this shortcoming, the owners will not find out until the headlamp burns out and there is no way to adjust the replacement lamp.  This is a latent defect in design/manufacture.",01/04/2023,12/01/2022,,False,False,0,0,WVWMM7AJ0DW
11481068,2013,"Volkswagen Group of America, Inc.",GOLF,ELECTRICAL SYSTEM,"The contact owns a 2013 Volkswagen Golf. The contact stated that the front passenger’s side seat overheated and burned the occupant. The burn injuries were minor and there was no medical attention sought. The contact mentioned that the front passenger side fan was failing as well. The vehicle was taken to the dealer but no failure was determined. The vehicle was taken to another dealer and the contact was informed that the rear passenger’s side door had mildew and mold and that there was a leak that caused electrical damage inside the vehicle. The vehicle was not repaired. The manufacturer was contacted and stated that the vehicle was out of warranty. The failure mileage was 40,000.",08/24/2022,11/19/2019,,False,False,1,0,WVWDM7AJ4DW
11471720,2013,"Volkswagen Group of America, Inc.",GOLF,AIR BAGS,"The steering wheel clock spring was replaced on my vehicle as part of a recall in May 2016 by a local VW dealer.  Within the last month I've received an ""Error: Airbag"" notification on my dash.  My mechanic scanned the Air Bag Control Module for codes and there was 1 in memory:  B1000 Igniter for Driver's Air Bag, Resistance Too Large"".  I understand that the defective Air bag clock spring replacement part is unavailable as it has been nationally on back order for the past year, and 7,000 vehicles are waiting for the part.  This issue has affected everything controlled through the steering wheel, including my horn, making the otherwise perfectly good car unsafe and perhaps illegal to drive.  Both the dealership and VW of American Customer Care have been unable to offer me an interim solution (at least offering a horn).",06/30/2022,05/21/2022,,False,False,0,0,WVWED7AJ0DW
11450468,2013,"Volkswagen Group of America, Inc.",GOLF,ENGINE,Car shut off while driving on the freeway at a high rate of speed. EPS and Check Engine light came on. Luckily was able to pull over without hurting anyone. Local repair shop said it is the timing chain system.,02/04/2022,09/01/2021,,False,False,0,0,wvwhd7aj6dw
11447672,2013,"Volkswagen Group of America, Inc.",GOLF,ENGINE,"Misfiring after cold starts.  After driving the car in freezing temperatures, problem sometimes happens when the car is allowed to sit and water in the intercooler melts. It may start fine, but then starts misfiring when pulling into traffic and creates dangerous merges. Misfire goes away in the first 30 seconds to 2 minutes or so of starting the vehicle.  Several dealer complaints but they have so far refused to install their own TSB repair under warranty. The most recent dealer visit had them replace the anti-shudder valve. The problem reoccurred two days later.",01/16/2022,01/16/2022,,False,False,0,0,WVWNM7AJ4DW
11400370,2013,"Volkswagen Group of America, Inc.",GOLF,"POWER TRAIN,ELECTRICAL SYSTEM","TL* THE CONTACT OWNS A 2013 VOLKSWAGEN GOLF. THE CONTACT STATED WHILE DRIVING 40 MPH, HE SHIFTED INTO THIRD GEAR AND THE VEHICLE SPUTTERED AND SHUT-OFF WITH THE BATTERY WARNING LIGHT ILLUMINATED. THE VEHICLE FAILED TO RESTART. THE CONTACT STATED A TOW TRUCK TRIED TO BOOST THE BATTERY AND IT FAILED. THE CONTACT STATED THAT THE VEHICLE WAS TOWED TO HIS RESIDENCE. THE CONTACT REPAIRED THE BATTERY HOWEVER, THE FAILURE PERSISTED. THE VEHICLE STILL FAILED TO RESTART. THE LOCAL DEALER WAS CONTACTED BUT OFFERED NO ASSISTANCE. THE MANUFACTURER WAS NOTIFIED BUT OFFERED NO ASSISTANCE. THE FAILURE MILEAGE WAS 91,000.",03/11/2021,03/07/2021,,False,False,0,0,WVWMM7AJ5DW
11348926,2013,"Volkswagen Group of America, Inc.",GOLF,SUSPENSION,FRONT DRIVER SIDE COIL SPRING BROKE.  BACKING OUT OF DRIVEWAY.,08/12/2020,08/12/2020,,False,False,0,0,WVWDA7AJ1DW
11329634,2013,"Volkswagen Group of America, Inc.",GOLF,SUSPENSION,BACKING OUT OF DRIVEWAY REAR PASSENGER COIL SPRING BROKE.  *TR,06/18/2020,06/12/2020,,False,False,0,0,WVWDA7AJ1DW
11321438,2013,"Volkswagen Group of America, Inc.",GOLF,SERVICE BRAKES,"MY VW WAS RETROFITTED AS REQUIRED TO MEET FEDERAL EMISSION AND CALIFORNIA STANDARDS FOLLOWING THE VW EMISSIONS SCANDAL RELATED TO VW DIESEL VEHICLES. MY CAR'S ENGINE LIGHT IS ON AND THE DEALER REPORTS IT NEEDS A DIESEL PARTICULATE FILTER. HOWEVER, THE PARTS ARE UNAVAILABLE NATIONWIDE. THE EMISSIONS ARE NOW OUT OF COMPLIANCE.  *TR",04/17/2020,04/17/2020,,False,False,0,0,WVWBM7AJ6DW
11257350,2013,"Volkswagen Group of America, Inc.",GOLF,AIR BAGS,"TL* THE CONTACT OWNS A 2013 VOLKSWAGEN GOLF. WHILE DRIVING AT AN UNKNOWN SPEED, THE AIR BAG WARNING INDICATOR ILLUMINATED. THE CONTACT NOTIFIED THE MANUFACTURER AND WAS INFORMED TO TAKE THE VEHICLE TO A LOCAL VOLKSWAGEN DEALER FOR SERVICE. THE CONTACT SPOKE WITH SUNNYVALE VOLKSWAGEN (1025 E EL CAMINO REAL, SUNNYVALE, CA 94087, 408-739-7321) AND WAS INFORMED THAT DIAGNOSTIC TESTING WAS NEEDED. THE CONTACT REFUSED TO PAY FOR DIAGNOSTIC TESTING. THE VEHICLE WAS NOT REPAIRED. THE FAILURE MILEAGE WAS UNKNOWN.",09/23/2019,08/21/2019,,False,False,0,0,WVWDB7AJ4DW
11124287,2013,"Volkswagen Group of America, Inc.",GOLF,ELECTRICAL SYSTEM,KEY GETS STUCK IN IGNITION AND I CANNOT TURN OFF THE ENGINE.,09/04/2018,09/01/2018,,False,False,0,0,WVWAB7AJ7DW
11098409,2013,"Volkswagen Group of America, Inc.",GOLF,"UNKNOWN OR OTHER,FUEL/PROPULSION SYSTEM","THE GTI STARTED MAKING CLACKING SOUNDS, AND SHAKING WHILE ON BUT STOPPED. THEN THE EPC AND CHECK ENGINE LIGHTS STARTED FLASHING.   AFTERWARDS, THE CAR WOULD NOT ACCELERATE AT ALL AND WOULD SHAKE A LOT MORE.   WHEN TAKEN TO AUTOZONE FOR DIAGNOSTICS OF THE CHECK ENGINE LIGHT, THE  REPORT READ: ""PERFORM ENGINE DE-CARBON PROCEDURE."" THE COIL PACKS WERE FINE.",05/29/2018,05/25/2018,,False,False,0,0,WVWHV7AJ5DW
11097079,2013,"Volkswagen Group of America, Inc.",GOLF,"ENGINE,FUEL/PROPULSION SYSTEM","THE PROBLEM STARTED ABOUT THREE MONTHS AGO WHEN MY CAR HAD 50K MI. RIGHT AFTER IT HAD BEEN SERVICED BY THE DEALER. INITIALLY, THE YELLOW ENGINE LIGHT WOULD COME ON OCCASIONALLY (E.G. ON IN THE MORNING AND THEN OFF IN THE AFTERNOON). NOW THE YELLOW ENGINE LIGHT IS STEADY ON AND THE ENGINE MAKES SOME WEIRD NOISE WHEN STARTING. THE FAULT CODE P2015 (FROM OBD-II DIAGNOSTIC SET) INDICATES THAT THERE IS AN INTAKE MANIFOLD FAILURE. THE INTAKE MANIFOLD IS MAKING AN UNUSUAL RATTLING NOISE WHEN THE ENGINE IS RUNNING IDLE AND FUEL PERFORMANCE HAS BEEN AFFECTED. THE CAR USED TO RUN 27.5 MPG AND NOW IT IS RUNNING ABOUT 24 MPG ON AVERAGE. SOME OF THE FORUMS AND INTERNET SITES THAT I VISITED SAID THAT THIS PROBLEM OCCURS SO FREQUENTLY ON THE 2.0T TSI ENGINE USED ON VW GTI AND AUDI A3 BETWEEN 2009 AND 2015 THAT VW EXTENDED THE WARRANTY FOR THIS PART TO 120K MI. OR 5 YRS. (WHICHEVER COMES FIRST). HOWEVER, WHEN I TOOK MY CAR TO THE LOCAL DEALER THE MECHANIC SAID THAT, AFTER CHECKING THE VIN, THIS RECALL/WARRANTY DOES NOT APPLY TO MY CAR. PEOPLE ON THE INTERNET SAYS OTHERWISE AND TOLD ME TO TRY ANOTHER DEALER. UNFORTUNATELY, THERE IS NO OTHER DEALER NEARBY. THE LOCAL DEALER WANTS $ 1,400.00 TO REPLACE THE MANIFOLD AND CLEAN THE INJECTION VALVE. MY CAR HAS BEEN SERVICED ONLY BY THIS DEALER. I HAVE THE SERVICE RECORDS OF ALL SCHEDULED MAINTENANCE.",05/21/2018,05/21/2018,,False,False,0,0,WVWGV7AJ2DW
11085185,2013,"Volkswagen Group of America, Inc.",GOLF,AIR BAGS,TAKATA RECALL.   INSIGNIFICANT UNUSUAL SOUND WHEN TURNING THE STEERING WHEEL. IT SOUNDS LIKE CLICKS.   THIS OCCURS WHEN THE CAR IS STATIONARY OR WHILE DRIVING.,04/16/2018,06/20/2016,,False,False,0,0,WVWDB7AJXDW
11032304,2013,"Volkswagen Group of America, Inc.",GOLF,FUEL/PROPULSION SYSTEM,"HIGH PRESSURE FUEL PUMP FAILURE - CAR STALLED OUT IN THE MIDDLE OF NORMAL OPERATION, DRIVING DOWN THE STREET, NO SIGNS OR WARNING PRIOR.",10/09/2017,10/05/2017,,False,False,0,0,WVWDM7AJ3DW
11025069,2013,"Volkswagen Group of America, Inc.",GOLF,"STEERING,ELECTRICAL SYSTEM,SERVICE BRAKES","ON TWO OCCASIONS, ABOUT TWO WEEKS APART, THE POWER CUT OFF WHILE DRIVING. THE CAR BECAME VERY DIFFICULT TO STEER.  THE ALTERNATOR LIGHT CAME ON.  AFTER TURNING THE IGNITION OFF AND ON AGAIN ONCE OR TWICE, THE CAR STARTED AGAIN, AND THE LIGHT WAS NO LONGER ON.  ON THE FIRST OF THESE OCCASIONS, THE CAR WAS BEING DRIVEN ON A CITY STREET.  IT WAS A MINUTE OR TWO AFTER FIRST STARTING THE CAR THAT DAY.  THE SECOND WAS ALSO ON A CITY STREET.  THIS ALSO OCCURRED JUST AFTER STARTING, WHILE TURNING A CORNER.  ON A THIRD OCCASION, ABOUT ONE WEEK BEFORE THE ABOVE-MENTIONED TWO INCIDENTS, THE EPC LIGHT CAME ON AND POWER WAS DIMINISHED, BUT THE ENGINE DID NOT CUT OUT TOTALLY.  THIS OCCURRED ON AN EXPRESSWAY, AFTER THE CAR HAD BEEN DRIVEN FOR SOME TIME. AFTER DROPPING IN SPEED, THE ENGINE RETURNED TO NORMAL BEFORE THE CAR STOPPED.  BOTH PROBLEMS WOULD APPEAR TO BE ELECTRICAL PROBLEMS.  VW CUSTOMER SERVICE TOLD ME THAT AS THERE WAS NO LIGHT ON THE DASHBOARD, THEY COULD NOT DIAGNOSE THE PROBLEM.  NEEDLESS TO SAY, THIS IS A VERY DANGEROUS PROBLEM.",09/22/2017,09/21/2017,,False,False,0,0,WVWDB7AJ1DW
11005491,2013,"Volkswagen Group of America, Inc.",GOLF,"ELECTRICAL SYSTEM,VEHICLE SPEED CONTROL,ENGINE","THE EPC STARTED COMING ON, IT LOSES POWER AND SOMETIMES CUTS OFF WHILE I AM DRIVING.  MY SPEED SLOWS DOWN TO 3 MILES AN HOUR.",07/15/2017,07/07/2017,,False,False,0,0,WVWDB7AJ1DW
10956189,2013,"Volkswagen Group of America, Inc.",GOLF,ENGINE,"TIMING CHAIN TENSIONER FAILURE AT HIGHWAY SPEEDS. LOSS OF ENGINE POWER, BRAKING AND STEERING",02/21/2017,02/18/2017,,False,False,0,0,
10954954,2013,"Volkswagen Group of America, Inc.",GOLF,AIR BAGS,"TAKATA RECALL  ONE YEAR HAS PASSED SINCE THE RECALL WAS INITIATED FOR THE DRIVERS AIRBAG FOR MY VW VEHICLE AND TO DATE MY I HAVE NOT BEEN CONTACTED BY VW AND THERE WEBSITE STATES NHTSA RECALL NUMBER 16V078 HAS QUOTE ""REPAIR NOT YET AVAILABLE.""  THIS IS BOTH DISAPPOINTING AND WORRYING SINCE NOT A SINGLE VW AFFECTED VEHICLE APPEARS ON YOUR PUBLISHED PRIORITY GROUPS LIST OR THE ""COMPLETED SO FAR"" LIST. DESPITE THE FACT THAT I LIVE IN TEXAS WHICH IS DEEMED A PRIORITY ZONE A !    I REALIZE THIS IS A BIG PROBLEM TO TACKLE BUT LACK OF INFORMATION AND UPDATES ONLY MAKES PEOPLE WORRY AN INCIDENT COULD OCCUR RATHER THAN INSTILL CONFIDENCE THAT A SOLUTION IS FORTH COMING.",02/15/2017,02/15/2017,,False,False,0,0,WVWPF7AJ0DW
10950371,2013,"Volkswagen Group of America, Inc.",GOLF,AIR BAGS,"TAKATA RECALL - I RECEIVED A NOTICE OF THIS RECALL ALMOST A YEAR AGO, AND JUST CONTACTED THE DEALER AND WAS TOLD THERE IS NO PROJECTED DATE FOR THE REPAIR. AFTER READING ABOUT THIS, IT SEEMS LIKE SOMETHING VERY DANGEROUS TO BE LEFT UNREPAIRED WHILE DRIVING.",02/08/2017,04/01/2016,,False,False,0,0,WVWDB7AJ0DW
10947395,2013,"Volkswagen Group of America, Inc.",GOLF,ENGINE,"TL* THE CONTACT OWNS A 2013 VOLKSWAGEN GOLF. WHILE DRIVING APPROXIMATELY 65 MPH, THE VEHICLE STALLED WITHOUT WARNING AND THE CHECK ENGINE INDICATOR ILLUMINATED. THE VEHICLE WAS TOWED TO THE DEALER WHERE IT WAS DIAGNOSED, BUT THE TECHNICIAN COULD NOT DETERMINE THE CAUSE OF THE FAILURE. THE VEHICLE WAS NOT REPAIRED. THE MANUFACTURER WAS MADE AWARE OF THE FAILURE. THE APPROXIMATE FAILURE MILEAGE WAS 112,700.",01/24/2017,01/21/2017,,False,False,0,0,WVWDM7AJ2DW
10935375,2013,"Volkswagen Group of America, Inc.",GOLF,AIR BAGS,WHY IS IT TAKING SO LONG TO IMPLEMENT A FIX FOR THE TAKATA DRIVER-SIDE AIRBAG RECALL? MAKES ME NERVOUS TO DRIVE THE CAR AND FRUSTRATED THAT THERE IS AN UN-ACTIONED RECALL.,12/14/2016,12/14/2016,,False,False,0,0,WVWNM7AJ1DW
10919740,2013,"Volkswagen Group of America, Inc.",GOLF,AIR BAGS,"TAKATA RECALL, IT'S BEEN 5 MONTHS SINCE I GOT THE NOTICE; HOWEVER, THE DEALER STILL HAS NO PART TO REPLACE THE DEFECTED PART.",10/27/2016,04/01/2016,,False,False,0,0,WVWNM7AJ4DW
10899262,2013,"Volkswagen Group of America, Inc.",GOLF,"VEHICLE SPEED CONTROL,ENGINE,FUEL/PROPULSION SYSTEM","DRIVING AT HIGHWAY SPEED (60MPH) ENGINE SHUT DOWN ABRUBTLY AND GLOW PLUG WARNING LIGHT CAME ON. THIS RESULTED IN HAVING TO COAST ACROSS THREE LANES OF TRAFFIC WITH DIFFICULTY IN STEERING AND BRAKING TO NARROW SHOULDER AREA. ENGINE WOULD CRANK OVER BUT NOT RESTART. VEHICLE TOWED TO DEALER. DIAGNOSIS IS HIGH PRESSURE FUEL PUMP FAILURE, A KNOWN ISSUE WITH THESE VEHICLES.",08/29/2016,08/21/2016,,False,False,0,0,WVWBM7AJ3DW
10865170,2013,"Volkswagen Group of America, Inc.",GOLF,AIR BAGS,"TAKATA RECALL/EMISSIONS RECALL - VW    HELLO, MY NAME IS [XXX]  AND I OWN A 2013 VW GOLF TDI. I AM VERY CONCERNED AT THE AIRBAG RECALL BECAUSE I DRIVE OVER 150 MILES/DAY JUST TO AND FROM WORK. ON TOP OF THAT, I ALSO DRIVE YOUNG CHILDREN IN MY VEHICLE ON A DAILY BASIS AND I WOULD LIKE TO KNOW WHAT MY OPTIONS ARE UNTIL THE AIRBAG SITUATION CAN BE RESOLVED. I HAVE HAD NOTHING BUT PROBLEMS SINCE I BOUGHT THIS CAR, AND AS A LOYAL CUSTOMER, I AM VERY DISAPPOINTED. I CANNOT DRIVE AROUND A CAR THAT COULD POTENTIALLY KILL ME DUE TO AIRBAG DEPLOYMENT AND I CANNOT PUT OTHERS WHO RIDE IN MY VEHICLE AT RISK. THIS IS AN EXTREMELY DANGEROUS SITUATION AND SOMETHING MUST BE DONE. ON TOP OF THIS ISSUE, THE EMISSIONS RECALL IS STILL UNRESOLVED. I AM VERY UPSET AT ALL OF THE ISSUES THAT I AM EXPERIENCING WITH MY VEHICLE AND IT IS UNACCEPTABLE! PLEASE LET ME KNOW WHAT MY OPTIONS ARE. THANK YOU.    INFORMATION REDACTED PURSUANT TO THE FREEDOM OF INFORMATION ACT (FOIA), 5 U.S.C. 552(B)(6).  *TR",05/16/2016,04/01/2016,,False,False,0,0,WVWNM7AJ3DW
10861470,2013,"Volkswagen Group of America, Inc.",GOLF,FUEL/PROPULSION SYSTEM,"THE HIGH PRESSURE FUEL PUMP FAILED AT 130,000 MILES COSTING $5000 TO REPLACE THE HIGH PRESSURE FUEL PUMP AND 4 INJECTORS. THIS IS A DIESEL ENGINE, SO 130,000 HIGHWAY MILES IS NOTHING. I HAVE HAD MULTIPLE DIESEL POWERED CARS AND TRUCKS IN THE PAST THAT HAVE GONE PASSED 300K MILES BEFORE A MAJOR REPAIR WAS NEEDED. THIS WAS SUPPOSED TO BE A ""ECONOMY CAR"" AS PER WHAT THE SALESMAN STATED. I DO NOT KNOW OF ANY OTHER VEHICLE THAT COST'S $5000 TO REPLACE A HIGH PRESSURE FUEL PUMP. $5000 IS 1/3 THE VALUE OF THE CAR. THE CAR STALLED ON ME IN THE MIDDLE OF A INTERSECTION WITH MY KIDS IN THE CAR. RECOMMENDED MAINT ON THE CAR HAS ALWAYS BEEN DONE AT THE CORRECT TIME AND MILES. I HAVE FOUND NUMEROUS CASE'S ON THE TDI FORUM THAT MANY OTHER VW TDI OWNERS HAVE HAD THE SAME PROBLEM, SOME EVEN TWICE. THIS IS A SERIOUS SAFETY PROBLEM AND NOT TO MENTION BUT A SERIOUS MISLEADING OF THE PUBLIC IN WHAT A ECONOMY CAR"" SHOULD BE. SO WITH ALL THIS BEING SAID NOW, I HAVE TO ADD THAT I CAN NOT AFFORD THIS ""ECONOMY CAR"" ANY LONGER AS THAT I CANT TRUST IT TO BE SAFE AND RELIABLE TO DRIVE. RECENTLY, I HAVE TRIED TO TRADE THIS CAR IN THE VARIOUS NEW CAR DEALERS ON A MORE SIMPLIFIED SAFE VEHICLE TO NO AVAIL. THE DEALERS HAVE ALL TOLD ME THAT THEY WOULD TAKE THE CAR IN ON TRADE, BUT WOULD GIVE ME ONLY AT THE MOST $1000 ON A TRADE BECAUSE THEY STATED THEY CAN NOT SELL IT AS USED WITH THE DIESELGATE BLACK CLOUD ON THIS CAR. SO I AM ON THE HOOK TO VOLKSWAGEN OF AMERICA STILL MAKING PAYMENTS ON A CAR THAT IMO IS UNSAFE TO DRIVE, AND THAT HAS NO RESALE VALUE DUE TO VW OF AMERICA CHEATING ON THE VEHICLE EMISSIONS SYSTEM.",04/26/2016,04/18/2016,,False,False,0,0,WVWDM7AJ1DW
10861475,2013,"Volkswagen Group of America, Inc.",GOLF,AIR BAGS,"I DO NOT FEEL SAFE TO DRIVE THIS CAR DUE TO THE AIRBAG RECALL HAS NO REMEDY AT THIS TIME, ITS BEEN 1.5 YEARS SINCE THE TAKATA AIRBAG FIASCO. AIR BAGS ARE REQUIRED ON ALL VEHICLES BEING SOLD NEW OR USED. THIS AIRBAG MIGHT KILL ME, THE OPPOSITE OF WHAT IT WAS DESIGNED TO DO. WHY HASN'T THE FEDERAL GOVERNMENT MANDATED THESE VEHICLES BE TAKEN OFF THE ROAD DUE TO IT IS AN UNSAFE PRODUCT TO OPERATE AND THERE IS NO FIX IN SIGHT?",04/26/2016,04/26/2016,,False,False,0,0,WVWDM7AJ1DW
10747211,2013,"Volkswagen Group of America, Inc.",GOLF,"ENGINE,FUEL/PROPULSION SYSTEM","ON 5 AUG 2015, AT APPROXIMATELY 9:00 PM, MY 2013 VW GOLF TDI SUDDENLY DIED WHILE DRIVING DOWN A MAJOR THOROUGHFARE IN LEXINGTON, KY. I NARROWLY ESCAPED BEING HIT BY A TRACTOR TRAILER IN THE REAR END WHEN THE CAR DIED. I HAD PREVIOUSLY PUT $20 WORTH OF DIESEL FUEL IN THE CAR EARLIER THAT MORNING SO THE CAR HAD BEEN DRIVEN APPROXIMATELY 40 MILES AFTER FUELING BEFORE THE CAR SUDDENLY DIED. AFTER THE CAR DIED, IT WOULD NOT RESTART SO I HAD THE CAR TOWED TO THE LOCAL VW DEALER IN LEXINGTON, KY. I WENT BACK TO THE DEALER THE NEXT MORNING (6 AUG) AND DROPPED OFF THE KEY AND EXPLAINED TO THE ASSISTANT SERVICE MANAGER (MERRITT) WHAT HAD HAPPENED. I CALLED THE SERVICE DEPT BACK AROUND 3:30 LATER THAT DAY TO CHECK ON THE STATUS AND WAS INFORMED THAT THE HIGH PRESSURE FUEL PUMP (HPFP) HAD FAILED. THEY TOLD ME THAT THEY WERE STILL DIAGNOSING THE CAR TO DETERMINE THE EXTENT OF DAMAGE AND WHAT PARTS WERE GOING TO NEED REPLACED. SINCE THE HPFP IS A KNOWN ISSUE IN THE VW DIESEL MODELS, HE RECOMMENDED THAT I CALL CORPORATE VW OF AMERICA AND OPEN A NEW CASE WHICH I DID AND PROVIDED THE CASE NUMBER BACK TO THE DEALERSHIP. YESTERDAY (7 AUG), I GOT WORD FROM THE DEALERSHIP THAT THE ENTIRE FUEL SUPPLY SYSTEM HAD METAL SHAVINGS IN IT AND THAT ALL MAJOR PARTS WERE GOING TO NEED REPLACED, FUEL PUMP, INJECTORS, FUEL LINES, ETC AND THAT THE ESTIMATED BILL HAS GOING TO BE BETWEEN 5-7 THOUSAND DOLLARS. VW OF AMERICA ALSO CONTACTED ME YESTERDAY AND LET ME KNOW THAT THEY HAD BEEN IN CONTACT WITH THE LEXINGTON DEALERSHIP AND TOLD ME THAT THEY WOULD LET ME KNOW BY MONDAY, 10 AUG IF THEY WOULD COVER THE PARTS AND LABOR PAST THE WARRANTY EXPIRATION DATE SINCE THE HPFP FAILURE IS A KNOWN ISSUE ON THE VOLKSWAGEN TDI MODELS. I WILL UPDATE THIS AS I RECEIVE NEW INFORMATION. I AM RETIRED MILITARY AND A CURRENT FEDERAL GOVERNMENT EMPLOYEE.",08/08/2015,08/05/2015,,False,False,0,0,
10715291,2013,"Volkswagen Group of America, Inc.",GOLF,SERVICE BRAKES,"THE REAR BRAKES (MAINLY DRIVER SIDE) ON MY 2013 SPORTWAGON TDI, ARE STICKING BAD.. MILEAGE HAS DROPPED 10 MPG-ISH, AND THEY ARE REALLY EMITTING QUITE A BIT OF HEAT.. SO OBVIOUSLY THE BRAKES ARE STICKING, BUT I CANT FIND THE REASON...    I ASKED THE DEALER IF THEY COULD TAKE A LOOK. AND THEY SAID THAT IT JUST NEEDS NEW PADS AND THE CALIPER SLIDERS GREASED. SO I HAD THEM ALL REPLACED.    IT SEEMED TO BE BETTER GETTING NORMAL MILEAGE AND LESS HEAT AND NOW A COUPLE DAYS LATER ITS BACK TO STICKING. TOOK THE CENTER CONSOLE APART TO SEE IF THERE WAS A BIAS IN THE CABLES SHOWING A STUICKY CABLE OR SOMETHING AND I COULD SEE THEY WERE DEAD EVEN...    WENT AWAY FOR SOME TIME AND NOW ITS BACK AGAIN..",05/08/2015,09/10/2014,,False,False,0,0,3VWPL7AJ7DM
10690751,2013,"Volkswagen Group of America, Inc.",GOLF,"STEERING,ENGINE,FUEL/PROPULSION SYSTEM",I WAS SITTING IN TRAFFIC AND WHEN I BEGAN TO ACCELERATE THE CAR JUST DIED IN THE MIDDLE OF THE ROAD. I TURNED ON MY HAZARD LIGHTS FOR PEOPLE COULD GO AROUND ME SO I COULD FIGURE OUT HOW TO GET TO SAFETY. AS SOON AS THE CAR DIED I TRIED TO TURN THE KEY TO GET IT STARTED AGAIN. ONCE I DID THAT A BUNCH OF LIGHTS CAME ON AND GOT A CLICKING SOUND ONCE I TURNED THE KEY.  I THEN QUICKLY PUT THE CAR IN PARK AND WAS ABLE TO START THE ENGINE. COULD BE A VERY DANGEROUS SITUATION IF THIS HAPPENED WHILE TRYING TO CROSS A DANGEROUS INTERSECTION.  I TOLD DEALER AND THEY WROTE IT UP BUT FOUND NOTHING.    *JS,02/25/2015,06/17/2014,,False,False,0,0,
10671319,2013,"Volkswagen Group of America, Inc.",GOLF,"FUEL SYSTEM, DIESEL","VEHICLE CHECK ENGINE LIGHT CAME ON WHILE DRIVING.  DRIVER IMMEDIATELY PULLED OVER, TURNED ENGINE OFF.  DRIVER RESTARTED ENGINE, CHECKED UNDER HOOD.  ENGINE STARTED, BUT THERE WAS A STRONG VIBRATION AND HIGH PITCH METAL ON METAL SOUND.  VEHICLE TOWED TO DEALER.  DEALER DIAGNOSED A FAILURE OF HIGH PRESSURE FUEL PUMP.  FUEL PUMP AND ALL COMPONENT PARTS NEEDED REPLACEMENT.  NOTE:  DIESEL FUEL ONLY USED ON THIS VEHICLE.  *TR",01/09/2015,01/07/2015,,False,False,0,0,WVWNM7AJXDW
10659501,2013,"Volkswagen Group of America, Inc.",GOLF,ENGINE,"I DRIVE 50 MILES ONE WAY TO WORK.  DROVE CAR TO WORK AND PARKED FOR THE DAY (6 AM),  WENT OUT AFTER WORK TO START CAR AND CAR WOULD NOT TURN OVER.  CAR ACTED AS IF THE MOTOR WAS LOCKED,  CAR IS A MANUAL DRIVE SO I LEFT CAR IN GEAR AND ROLLED BACK WARD TO BUMP MOTOR.  CAR ATTEMPTED TO START AND WHEN FINALLY STARTED IT RAN VERY ROUGH.  READ ON INTERNET REGARDING POSSIBLE INTERCOOLER ISSUE AND TOOK CAR TO DEALER. DEALER FOUND A LARGE AMOUNT OF WATER IN INTERCOOLER.  DEALER UNAWARE OF TSB FOR THIS ISSUE BUT WAS ABLE TO FIND IN VW DATA BASE.  TSB EQUIPMENT WAS INSTALLED,  CAR HAS WORKED FINE UNTIL THIS EVEN AFTER WORK SAME SYMPTOMS ONLY CAR DID NOT REQUIRE BUMPING OF MOTOR.  *TR",11/19/2014,10/01/2013,,False,False,0,0,
10641699,2013,"Volkswagen Group of America, Inc.",GOLF,FUEL/PROPULSION SYSTEM,"WHILE DRIVING ABOUT 2 MILES AFTER STARTING MY CAR THE DIESEL GLOW PLUG WARNING LIGHT STARTED FLASHING AND IT FELT LIKE I LOST POWER. I GOT TO A SAFE PLACE ABOUT 500 FEET AFTER, PULLED OVER, TURNED OFF THE CAR AND STARTED IT AGAIN IT SEEMED OK FOR A MINUTE BUT THEN IT STARTED FLASHING AGAIN THEN THE CHECK ENGINE LIGHT CAME ON, I TURNED IT OFF AND IT WOULDN'T START, IT MADE A LOUD WHINE & CLICKING NOISE.  IT WAS TOWED TO THE DEALER, THEY INFORMED ME THAT THE BEARINGS FAILED IN THE  HIGH PRESSURE FUEL PUMP.  *TR",10/06/2014,10/04/2014,,False,False,0,0,WVWNM7AJ0DW
10633456,2013,"Volkswagen Group of America, Inc.",GOLF,"STEERING,ENGINE,FUEL/PROPULSION SYSTEM","DRIVING IN FREEWAY TRAFFIC AT AROUND 35-40 MPH. PRIOR,TO THIS INCIDENT, CAR HAS BEEN WELL MAINTAINED AND TROUBLE FREE. ENGINE DIED, SUBSEQUENTLY POWER STEERING STOPPED WORKING AND I NEEDED TO STEER VEHICLE TO SHOULDER OF ROAD. I CONSIDER MYSELF TO BE AN EXPERIENCED DRIVER AND WAS ABLE TO ADJUST TO SITUATION, CONCERNED THAT A LESS EXPERIENCED DRIVER COULD HAVE HAD AN ACCIDENT IN THE SAME SITUATION.  *TR",09/16/2014,09/12/2014,,False,False,0,0,WVWDM7AJ7DW
10627303,2013,"Volkswagen Group of America, Inc.",GOLF,"FUEL SYSTEM, DIESEL,VEHICLE SPEED CONTROL","I WAS ENTERING THE FREEWAY AND ACCELERATING WHEN I REALIZED THAT MY CAR WOULDN'T GO FASTER THAN 40MPH. I PULLED THE CAR OVER AT THE NEXT EXIT AND THE CAR WOULD NO LONGER ACCELERATE. IT WOULD NOT LET ME GO PAST THE SLOWEST SPEED THAT I HAD REACHED WHILE EXITING. I TURNED THE CAR OFF AND IT WOULD NO LONGER START. I HAD THE CAR TOWED TO THE NEAREST VW DEALERSHIP WHERE IT TOOK NEARLY A WEEK TO GET THE CAR FIXED. THERE WERE METAL SHAVINGS IN THE FUEL LINES; THE FUEL PUMP AND ALL LINES NEEDED TO BE REPLACED. I HAD MY CAR FOR LESS THAN A YEAR AT THE TIME OF THE INCIDENT AND THE VEHICLE HAD LESS THAN 15000 MILES ON IT. I WAS TOLD BY THE DEALERSHIP SERVICE DEPARTMENT THAT ""SOMETIMES THESE THINGS HAPPEN"" AND THAT I WAS FORTUNATE IT WAS COVERED UNDER THE WARRANTY (+$5K WORTH OF DAMAGE). THEY SAID THERE WAS NOTHING I COULD HAVE DONE TO PREVENT IT, OR PREVENT IT FROM HAPPENING IN THE FUTURE. MY CAR IS A VOLKSWAGEN GOLD TDI (DIESEL).  *TR",08/21/2014,06/23/2014,,False,False,0,0,WVWDM7AJXDW
10626286,2013,"Volkswagen Group of America, Inc.",GOLF,"TIRES,WHEELS","OUR VW GOLF CAME WITH CONTINENTAL CONTIPRO CONTACT TIRES.  WITH LESS THAN 9300 MILES ON THE CAR, WE HAD A CATASTROPHIC TIRE FAILURE.  AS WE ENTERED THE FREEWAY ON RAMP, OUR TIRE INDICATOR LIT UP TELLING US TO CHECK THE TIRES.  LESS THAN THREE MINUTES LATER, IN A HIGH SPEED ZONE LIMITED TO ONE LANE BECAUSE OF CONSTRUCTION, WITH NO SHOULDER, OUR FRONT DRIVERS SIDE TIRE COMPLETELY SEPARATED, LEAVING US WITH LIMITED CONTROL OVER THE CAR AND FEW OPTIONS TO AVOID A CRASH THAT POTENTIALLY COULD HAVE RESULTED IN A HUGE PILE UP AND FATALITIES.  CHECKING A WEBSITE REGARDING CONTINENTAL TIRES AT CONSUMER AFFAIRS.COM, I SEE HUNDREDS OF SIMILAR COMPLAINTS ABOUT THESE TIRES FAILING AT LOW MILEAGES.  THIS IS EXTREMELY DANGEROUS.  PEOPLE'S LIVES ARE AT RISK.  *TR",08/19/2014,08/16/2014,,False,False,0,0,WVWDM7AJ8DW
10564035,2013,"Volkswagen Group of America, Inc.",GOLF,"ELECTRICAL SYSTEM,STRUCTURE,ENGINE","WHEN I TURNED THE KEY TO START THE CAR , THE DASH LIGHTS FLICKERED AND TURNED DIM.  IT SOUNDED LIKE IT DOES WHEN THE CAR BATTERY WAS DEAD BUT SMOKE STARTED TO COME OUT FROM UNDER THE HOOD.  AS I LEFT TO GET TO THE PHONE , FLAMES STARTED TO COME OUT OF THE HOOD.  I GOT TO A PHONE AS SOON AS I COULD AND CALLED 911.  THE CAR WAS PARKED DOWN THE STREET FROM OUR HOUSE BECAUSE OF A SNOW STORM.  THE FIRE DEPARTMENT CAME AND PUT OUT THE FIRE BUT THE CAR WAS DESTROYED.  *TR",02/12/2014,02/10/2014,,False,True,0,0,WVWDM7AJDW1
10536973,2013,"Volkswagen Group of America, Inc.",GOLF,"SUSPENSION,SERVICE BRAKES","ON JULY 16TH, 2013, AT 9:10 PM, I HAD DRIVEN, MY VW GOLF, 11 MILES, AT FREEWAY SPEEDS, OF 59 MPH. I WAS USING THE CRUISE CONTROL.  UPON ARRIVING, AT MY FREEWAY EXIT, I BELIEVE I TURNED OFF THE CRUISE CONTROL, OR TAPPED THE BRAKE. I DON'T RECALL WHICH. I HAD BEEN DRIVING MY 2013 GOLF, FOR 11 MILES, AT THE FREEWAY SPEEDS, OF 59 MPH. OTHER VEHICLES WERE PASSING ME, WITH THESE OTHER VEHICLES GOING FASTER, THAN MY CAR. I WAS GOING SLOWER THAN THEM. MY CAR WAS NEW, AND I AM RETIRED. SO I DO NOT NEED TO TRAVEL SO FAST.  AFTER ALLOWING THE 2013 VW GOLF, TO SLOW DOWN, I PUSHED THE SERVICE BREAK PEDAL. THE SERVICE BRAKE PEDAL, WENT ALL THE WAY TO THE FLOOR. I QUICKLY THOUGH, AIR WAS IN THE BRAKE SYSTEM, SO I TRIED TO PUSH THE SERVICE BRAKE PEDAL, AN ADDITIONAL 2 TIMES. SO I HAD TO DEAL WITH THIS FAST VEHICLE TRAVELING, AT 59 MPH. THE CAR BECAME AIRBOUND. SO I WAS ABLE TO SWERVE THE VW GOLF, IN A RIGHT TURN MANEUVER.  TO AVOID, CRASHING, ACTUALLY, T-BONING, THE CROSS TRAFFIC.  THE 2013 GOLF, DID NOT ROLL OVER, IT JUST SLID SIDEWAYS, THE VW BECAME AIRBOUND. AND HIT THE MIDDLE MEDIAN, SIDEWAYS. THE LEFT FRONT WHEEL, SNAPPED OFF, AT THE SPINDLE. THE BRAKE HOSE SNAPPED, BUT THERE WAS NO BRAKE FLUID, LEAKING OUT, OF THE BRAKE HOSE.  IT IS MY OPINION, THERE WAS ZERO BRAKE FLUID, IN THIS NEW VW CAR. NOTHING IS BEING DONE. I HOPE, THE CAR, WILL BE PICKED UP, VERY SOON. THE CRASHED VW, IS PARKED RIGHT HERE, IN FRONT OF MY HOME. I FIRST THOUGHT, THAT SOME PERSON SABATOGED, MY CAR. BUT, HERE IN FRONT OF MY HOME, THERE ARE NO LEAKS. THE TOW TRUCK, DRIVER, WAYNE IS HIS NAME, HE DECLARED, TO ME, THAT HE DID NOT HAVE TO CLEAN UP, ANY BRAKE FLUID, AND THE VW OF AMERICA, [XXX]  REPRESENTATIVE, TOLD ME, THAT THERE WAS ZERO BRAKE FLUID, IN THE CAR.           INFORMATION REDACTED PURSUANT TO THE FREEDOM OF INFORMATION ACT (FOIA), 5 U.S.C. 552(B)(6).  *TR",08/23/2013,07/16/2010,,True,False,0,0,WVWNM7AJXDW
10534805,2013,"Volkswagen Group of America, Inc.",GOLF,"STEERING,FUEL SYSTEM, DIESEL,ENGINE","AFTER EXITING THE FREEWAY, I WAS DRIVING IN STOP AND GO TRAFFIC AND THE ENGINE CUT OUT WITHOUT WARNING. I WAS UNABLE TO CHANGE LANES DUE TO LACK OF POWER AND POWER STEERING, SO I TRIED TO RE-START THE ENGINE WHILE COASTING IN THE FAST LANE. THE HUD INDICATED THAT I HAD TO PUT THE CAR IN PARK, SO I STOPPED THE CAR IN THE FAST LANE IN ORDER TO DO SO. THE ENGINE STARTED AND I WAS ABLE TO DRIVE AWAY. THE CAR WAS 6 WEEKS OLD AT THE TIME, AND HAD ABOUT 1100 MILES ON THE ODOMETER.  *TR",08/12/2013,07/26/2013,,False,False,0,0,WVWDM7AJ0DW
10532475,2013,"Volkswagen Group of America, Inc.",GOLF,SERVICE BRAKES,"TL* THE CONTACT OWNS A 2013 VOLKSWAGEN GOLF. THE CONTACT STATED THAT WHILE DRIVING 48 MPH, THE BRAKE PEDAL COLLAPSED, CAUSING THE CONTACT TO CRASH INTO THE MEDIAN. THE CONTACT DID NOT SUSTAIN ANY INJURIES. THE VEHICLE WAS TOWED TO THE DEALER. THE VEHICLE WAS NOT REPAIRED. THE MANUFACTURER WAS NOTIFIED. THE APPROXIMATE FAILURE MILEAGE WAS 2,500.",07/29/2013,07/16/2013,,True,False,0,0,WVWNM7AJXDW
10489472,2013,"Volkswagen Group of America, Inc.",GOLF,"STEERING,SUSPENSION","BRAND NEW CAR DRIVES SOMEWHAT ERRATIC. TOOK THE CAR TO DEALER FOR ALIGNMENT CHECK. WAS ADVISED BY DEALER THAT CAR IS DELIVERED WITH SUSPENSION ADJUSTED OUTSIDE OF MANUFACTURERS SPECIFICATIONS. NO REASON GIVEN WHY.  I CONSIDER CAR UNSAFE AS IT DOESN'T DRIVE AS EXPECTED. CHECKING SOME OWNER WEBSITES, THIS SEEMS TO BE A COMMON PROBLEM WITH THIS CAR.  *TR",12/21/2012,12/21/2012,,False,False,0,0,WVWPF7AJ1DW
10475371,2013,"Volkswagen Group of America, Inc.",GOLF,FUEL/PROPULSION SYSTEM,I WAS DRIVING ON THE HIGHWAY AT 5 MILES PER HOUR AND MY CAR STARTED LOSING POWER......LIKE IT HAD A CLOGGED FUEL FILTER. BRAND NEW 2 WEEKS OLD I THOUGHT NOT POSSIBLE. I TRIED TO SAFELY GET IT TO THE LEFT LANE DODGING TRAFFIC WITH MY SLOW MOVING CAR. IT WENT TO 20 MPH AND IT DID NOT COMPLETELY STOP BUT REFUSED TO GO FASTER THEN 20 MPH. GOT HOME WITH IT LET IT SIT HALF AN HOUR. STARTED RIGHT UP AND RAN FIND. DEALER CHECKED HPFP DISINTEGRATED INSIDE ITSELF SENDING METAL SHAVINGS THROUGH OUT. COMPLETE FUEL SYSTEM REPLACED.....NICE FOR A 2013 BRAND NEW CAR. WHAT HAPPENS THE SECOND TIME IT HAPPENS WILL THE DEALER REPLACE AGAIN?  *TR  *JS,09/14/2012,09/28/2011,,False,False,0,0,WVWNM7AJODW
11541789,2014,"Volkswagen Group of America, Inc.",GOLF,ENGINE,"My vehicle has (2) serpentine belts, and (2) Belt Tensioners. (1) Tensioner is for the belt that engages the Water Pump, Alternator, Power Steering and then has (3) Idler Pulleys. The other one is the AC Tensioner, that belt routes from the AC Compressor to the Crank and the AC Tensioner. The AC Compressor is a dual belt pulley. So the AC Tensioner is suppling the power for the Accessory Belt to spin, and operate the cooling system, charging system, and power steering. Recently the Accessory Belt ripped, and since the belts and the tensioners have yet to be serviced, I planned on doing both tensioners and belts. Upon replacing the components with new ones, the AC tensioner rubs against the Accessory Belt, which will def cause the belt to rip. Further investigating, I saw the original AC Tensioner has a cut out on the side of the housing made, so that the Accessory Belt will not rub against it and spin freely. I called VW Service, O Reillys, Auto Zone, Advanced Auto, and none of the tensioners have the cut out, they all have the same tensioner that is being sold. So what do I do now? Vehicle is not drivable, and without the correct part, this vehicle is unable to safely drive. Once that belt rips, cooling system won’t work, charging system and power steering. My vehicle has almost 200K and is mechanically sound, I maintain the maintenance on this vehicle to a T. Yet I am unable to purchase a part that is needed to ensure this vehicle continues to operate safely, due to a complete engineering design mistake. In which it seems to be completely covered up, because how many people will really service the tensioner. Well I did, and I would like my vehicle to run again, seeing as how the manufacturer decided to make this shortcut, and cross there fingers and hope no issues arose",08/30/2023,08/29/2023,,False,False,0,0,WVWDB7AJ4EW
11465862,2014,"Volkswagen Group of America, Inc.",GOLF,"POWER TRAIN,ELECTRICAL SYSTEM,UNKNOWN OR OTHER",While driving on the freeway the car stopped accelerating and would only rev when gas pedal was pressed. I coasted to the fast lane shoulder and put on hazard lights. CHP had to stop freeway traffic to push me to the side of the freeway. Car eventually restarted and let me put into gear. I drove to Auto repair store and they scanned car. Code U0103 came back: No communication with gear shift module.,05/24/2022,05/23/2022,,False,False,0,0,WVWDM7AJ4EW
11353090,2014,"Volkswagen Group of America, Inc.",GOLF,"ENGINE,FUEL/PROPULSION SYSTEM","I'M HAVING ISSUES WITH A P0106 CODE.  IT CONTINUOUSLY COMES OFF AND ON.  I HAVE HAD THE MANIFOLD ABSOLUTE PRESSURE SENSOR REPLACED, I HAVE HAD THE INTAKE CLEANED AND RELATABLE PARTS. THE CHECK ENGINE LIGHT WILL COME ON AT RANDOM TIMES, AND WILL JUST GO AWAY ON IT'S OWN.  I HAVE READ THAT MULTIPLE PEOPLE HAVE HAD TO UPDATE THE ECM WHICH HAS THEN FIXED THE ISSUE.  I DON'T BELIEVE THIS SHOULD BE AN EXPENSE TO THE OWNER OF THE VEHICLE FOR AN UPDATE THAT SHOULD HAVE BEEN DONE IN THE FIRST PLACE.",09/03/2020,08/01/2020,,False,False,0,0,WVWDB7AJ4EW
11254699,2014,"Volkswagen Group of America, Inc.",GOLF,POWER TRAIN,"THE SLAVE CYLINDER WENT BAD ITS PORING FLUID OUT IT COMPLETELY FAILED WHEN THE VEHICLE WAS PARKED IT HAS EXACTLY 34,272 MILES IT SHOULD NOT HAVE FAILED AT THAT MILEAGE AND AGE I KNOW OF 3 OTHER PEOPLE AROUND THAT HAVE HAD THE SAME THING HAPPEN THIS NEEDS TO BE LOOKED INTO BECAUSE ITS STARTING TO LOOK LIKE A MANUFACTURING PROBLEM.  THIS COULD HAVE BEEN FATAL IF IT HAD WENT OUT COMPLETELY ON THE HIGHWAY SINCE AN INEXPERIENCED DRIVER WOULDN'T KNOW WHAT TO DO SINCE YOU CANT CHANGE GEARS",09/11/2019,04/30/2019,,False,False,0,0,WVWNM7AJ1EW
11231957,2014,"Volkswagen Group of America, Inc.",GOLF,SERVICE BRAKES,"TL* THE CONTACT OWNS A 2014 VOLKSWAGEN GOLF. THE CONTACT STATED THAT THE ABS WARNING LIGHT ILLUMINATED. THE VEHICLE WAS THEN TAKEN TO A LOCAL DEALER (CHARLES MAUND VOLKSWAGEN LOCATED AT 6900 BURNET RD, AUSTIN, TX 78757, PHONE NUMBER: (512) 458-1111) WHERE IT WAS DIAGNOSED THAT THE WHEEL SPEED SENSOR FAILED AND NEEDED TO BE REPLACED. THE FAILURE WAS REPAIRED BUT A LITTLE OVER A YEAR LATER, THE ABS WARNING LIGHT ILLUMINATED AGAIN. THE VEHICLE WAS TAKEN BACK TO THE SAME LOCAL DEALER WHERE IT WAS DIAGNOSED THAT THE WHEEL SPEED SENSOR FAILED AND NEEDED TO BE REPLACED. THE PART WAS REPLACED BUT ANOTHER YEAR LATER, THE ABS WARNING LIGHT ILLUMINATED A THIRD TIME. THE VEHICLE WAS TAKEN BACK TO THE SAME DEALER WHERE THE WHEEL SPEED SENSOR WAS REPLACED. THE CONTACT STATED THAT WHILE DRIVING AT APPROXIMATELY AT 40 MPH, A DEER JUMPED IN FRONT OF THE VEHICLE AND THE BRAKE PEDAL WAS DEPRESSED IN ORDER TO AVOID HITTING THE DEER. AS A RESULT, THE VEHICLE SKIDDED AND THE ABS FAILED TO ACTIVATE. IT WAS UNKNOWN WHAT THE CONTACT CRASHED INTO.  A POLICE REPORT WAS NOT FILED AND THERE WERE NO INJURIES SUSTAINED. THE VEHICLE WAS ABLE TO BE DRIVEN AFTER THE CRASH. THE MANUFACTURER WAS NOT NOTIFIED OF THE FAILURE. THE FAILURE MILEAGE WAS 16,085.",07/15/2019,06/15/2016,,True,False,0,0,WVWDB7AJ4EW
11122097,2014,"Volkswagen Group of America, Inc.",GOLF,AIR BAGS,"TAKATA RECALL  A VW DEALER SERVICE INVOICE STATES THEY COMPLETED THE RECALL ON THIS CAR, BUT YOUR WEBSITE SAYS IT IS INCOMPLETE, ACCORDING TO MY VIN. VW OF AMERICA SENT ME RECALL NOTICES IN MARCH & APRIL OF 2018.  COMMUNITY VW, SANTA MARIA, CA 93456  [805 348-3221]  INVOICE DATE: 12/19/17  CUSTOMER NUMBER: 50792  TECHNICIAN NUMBER: 34657    I WOULD LIKE TO VERIFY THAT THE WORK WAS ACTUALLY DONE. IS THERE AN IDENTIFYING MARK, LABEL OR NUMBER THAT I CAN SEE SOMEWHERE ON THE AIRBAG?    THANK YOU,  [XXX]    INFORMATION REDACTED PURSUANT TO THE FREEDOM OF INFORMATION ACT (FOIA), 5 U.S.C. 552(B)(6).  *TR",08/24/2018,12/19/2017,,False,False,0,0,WVWNM7AJ0EW
11019620,2014,"Volkswagen Group of America, Inc.",GOLF,AIR BAGS,"TL* TAKATA RECALL. THE CONTACT OWNS A 2014 VOLKSWAGEN GOLF. THE CONTACT RECEIVED NOTIFICATION OF NHTSA CAMPAIGN NUMBER: 16V078000 (AIR BAGS); HOWEVER, THE PARTS TO DO THE REPAIR WERE UNAVAILABLE. THE CONTACT STATED THAT THE MANUFACTURER EXCEEDED A REASONABLE AMOUNT OF TIME FOR THE RECALL REPAIR. JENNINGS VOLKSWAGEN, LOCATED AT 201 WAUKEGAN ROAD, GLENVIEW, IL, WAS CONTACTED AND REFUSED TO PERFORM THE REPAIR UNLESS THE CONTACT PAID FOR THE REPAIR. THE DEALER STATED THAT NHTSA APPROVED THEIR REMEDY AS PERMANENT. THE MANUFACTURER WAS MADE AWARE OF THE ISSUE. THE CONTACT HAD NOT EXPERIENCED A FAILURE. THE VIN WAS NOT PROVIDED.",08/25/2017,08/23/2017,,False,False,0,0,
11011794,2014,"Volkswagen Group of America, Inc.",GOLF,UNKNOWN OR OTHER,"""KEY GETS STUCK IN IGNITION AND I CANNOT TURN OFF THE ENGINE.",07/31/2017,06/15/2017,,False,False,0,0,3VWB17AJXEM
11004331,2014,"Volkswagen Group of America, Inc.",GOLF,AIR BAGS,TAKATA RECALL - I HAVE CALLED SEVERAL DEALERSHIPS IN CHICAGO SINCE THE RECALL IN 2016 AND STILL NO ONE HAS THE REPLACEMENT.  THERE COULD BE DANGEROUS CONSEQUENCES FOR NOT HAVING THIS TESTED AND CORRECTED.,07/11/2017,01/01/2017,,False,False,0,0,WVWDB7AJ5EW
10986174,2014,"Volkswagen Group of America, Inc.",GOLF,AIR BAGS,"TAKATA RECALL.  IN APRIL 2016 I RECEIVED A SAFETY RECALL FROM VOLKSWAGEN REGARDING THE TAKATA AIRBAGS.  AT THAT TIME, I CALLED TO SET-UP AN APPOINTMENT AND WAS TOLD THAT THERE WASN'T A FIX FOR IT YET.  I'VE CALLED INTERMITTENTLY OVER THE PAST YEAR AND HAVE RECEIVED THE SAME RESPONSE.  I CALLED AGAIN ON MAY 17TH, TO ASK ABOUT THE STATUS AND RECEIVED YET THE SAME RESPONSE.  WHEN I MENTIONED THAT I KNOW PEOPLE WHO HAVE HONDA'S--WHO HAVE BEEN AFFECTED--WHOSE AIRBAGS HAVE BEEN REPLACED, SHE SAID THAT HONDA OWNERS, HAVE DIED AS A RESULT OF THE AIRBAG DEPLOYMENTS, WHEREAS VOLKSWAGEN OWNERS HAVEN'T.  I REPLIED THAT I INTERPRETED THAT TO MEAN THAT VOLKSWAGEN ARE DRAGGING THEIR FEET BECAUSE NO ONE HAS DIED, AND IT'LL TAKE A DEATH IN ORDER FOR THEM TO COME UP WITH A FIX, WHICH OF COURSE WAS DENIED.",05/17/2017,05/17/2017,,False,False,0,0,WVWDB7AJ4EW
10746265,2014,"Volkswagen Group of America, Inc.",GOLF,FUEL/PROPULSION SYSTEM,"I WAS TRAVELING SOUTHBOUND ON THE FREEWAY, IN THE FAST LANE, AT 70 MPH WHEN THERE WAS A BLINKING YELLOW WARNING LIGHT ON THE DASH.  THE LIGHT RESEMBLES AN ELECTRICAL COIL AND IS REFERRED TO AS A GLOW PLUG LIGHT.  THE CAR IMMEDIATELY STALLED.  I PUT ON THE HAZARD LIGHTS BUT WAS UNABLE TO GET TO THE RIGHT DUE TO TRAFFIC AND A DEAD ENGINE.  AS A RESULT WE HAD TO STOP IN THE CENTER DIVIDER.  IT TOOK 45 MIN FOR THE TOW TRUCK TO ARRIVE.  THIS WHILE TRAFFIC FLEW BY.  THE FAULT WAS IDENTIFIED AS A HIGH PRESSURE FUEL PUMP (HPFP) FAILURE BY THE DEALERSHIP.",08/04/2015,07/18/2015,,False,False,0,0,WVWNM7AJ4EW
11708381,2015,"Volkswagen Group of America, Inc.",GOLF,"VEHICLE SPEED CONTROL,ENGINE,ENGINE AND ENGINE COOLING","The contact owns a 2015 Volkswagen Golf. The contact stated that the vehicle jumped the curb while driving, but he was able to regain control. The driver turned off the vehicle and restarted it.  Recently, while reversing out of a parking spot and placing the vehicle into drive, there was sudden acceleration, and he crashed into a fence in front of the dumpsters. The brake pedal was applied, but the vehicle continued to accelerate.  The contact's neighbor was jumping up and down in front of my vehicle, waving his arms; the driver was able to stop approximately six feet in front of his neighbor. The vehicle was turned off. While reversing, the vehicle accelerated and crashed into a parked Jeep, causing damage to the driver's side front and rear doors. There was no police report filed, air bag deployment, fire, or injuries. Additionally, the EPC has been turning on. The engine was chugging. The vehicle was restarted, and the light cleared. On one occasion, the EPC light stayed on, and cylinder number 5 had stopped firing. The local dealer was not contacted. The vehicle was not diagnosed or repaired. The manufacturer was contacted. Additionally, the contact wanted to send the complaint copy to the insurance company and manufacturer to obtain the EDR to provide to the police and insurance company for his claim approval. The failure mileage was approximately 114,500.",01/02/2026,12/20/2025,,True,False,0,0,3VW217AU6FM
11707246,2015,"Volkswagen Group of America, Inc.",GOLF,"SUSPENSION,FUEL/PROPULSION SYSTEM","Sirs: I am reporting  TWO issues:  One:   My car should have been included in the recall campaign for rear coil spring fracture that other 2015 Golfs have experienced.  I had to pay to replace fractured rear coil springs myself, last year.  Two:   Volkswagen has made it impossible for me to get ANY recall performed, including the suction fuel pump recall.  After I filed a 1 star review for the utter failure of the Ithaca NY VW dealer to repair my brakes in late October 2021,  the service manager retaliated.  He called and assailed me with four letter language.  Afterward, I made an appointment with another local VW dealer AT RANDOM, and one I had never done business with.   Before I could identify myself or my VIN number this second dealer proceded to accuse me of being a deadbeat who does not pay his bills.  He said if I came to his shop, I would pay in advance for any servicing.   I would have to agree to surrender my car for an indeterminate time, and pay to strip it of all aftermarket parts at my expense, before even proceeding with diagnosis.   It was apparent to me that the service manager had badmouthed me to ALL the local dealerships.  I am in effect, blacklisted.  I complained to Volkswagen corporation about this treatment in writing.  I sent them proof of payment.  They refused to help me.  There is so much hostility coming from VW dealers, that I don't feel I can trust them to do safety recalls.  I don't deserve this.   I've always been polite and paid my bills immediately.  The Ithaca dealer was paid for their diagnosis, even though they lied to me about the problem and never fixed the brakes.  I want VW to provide the parts and servicing information for the suction pump recall.  I will find an independent mechanic to do the repairs.",12/27/2025,10/25/2021,,False,False,0,0,3VW817AU7FM
11669266,2015,"Volkswagen Group of America, Inc.",GOLF,UNKNOWN OR OTHER,"The chrome plastic trim coating on the START/STOP button and also the steering wheel have peeled and are razor sharp.  I cut myself badly on both pieces on my right fore fingertip and middle ring finger.  I try to avoid placing my hand accross the horn of the steering wheel since this happened, but the trim there is very dangerously sharp.  There is a recall on the same trim on 2017 cars (Service Action 34L9), but the VW dealer told me there was not on my vehicle.",06/25/2025,06/21/2025,,False,False,1,0,3VWRA7AU6FM
11653103,2015,"Volkswagen Group of America, Inc.",GOLF,FUEL/PROPULSION SYSTEM,"I brought my 2015 Volkswagen (with only 50,000 miles) to Island Volkswagen in NY for a fuel system recall repair. Before this, the car had no fuel smell, no leaks, and was driving normally.  Immediately after the recall work, I began smelling fuel. The dealership told me the fuel line is leaking and needs to be replaced. I never had this issue before, and it’s clearly related to the repair they performed. I’m now being told I must pay $550 out of pocket for something I believe was caused by their handling of the fuel system during the recall.  This is a serious safety concern. If I drive this car and something goes wrong, it could result in a fire. I believe this issue deserves review, especially if other drivers experience similar problems after this recall.",04/07/2025,04/03/2025,,False,False,0,0,3VW217AU0FM
11626162,2015,"Volkswagen Group of America, Inc.",GOLF,"FUEL SYSTEM, GASOLINE","The contact owns a 2015 Volkswagen Golf. The contact stated while driving at an undisclosed speed, the fuel gauge level dropped quickly, and there was an abnormal fuel odor before the vehicle shutoff in the middle of the roadway. The contact stated that the check engine warning light was illuminated. The contact exited the vehicle and push the vehicle to the side of the road. The contact stated that while checking underneath the vehicle, the contact became aware of a fuel leak. The vehicle was towed to an independent mechanic to be diagnosed. The independent mechanic confirmed the fuel leak and referred the contact to the dealer for assistance with the repair. The vehicle was not yet repaired. The contact referenced NHTSA Campaign Number: 24V110000 (FUEL SYSTEM, GASOLINE) as a possible cause for the failure. The manufacturer was not notified of the failure. The approximate failure mileage was 111,000.",11/19/2024,11/18/2024,,False,False,0,0,3VW217AU5FM
11621842,2015,"Volkswagen Group of America, Inc.",GOLF,ELECTRICAL SYSTEM,When I turn on the ignition it says on the screen Starting system fault please service the vehicle.,10/24/2024,01/01/2020,,False,False,0,0,3VW217AUXFM
11609559,2015,"Volkswagen Group of America, Inc.",GOLF,"FUEL SYSTEM, GASOLINE","I was driving to my grandparents house and once i got to the house there was gasoline dripping from the back of car, from the area of the tank.   ""61821 SE VERIFICO UNIDAD CON LIQUEO DE GASOLINA , SE VERIFICO Y SE ENCONTRO CHARCOL CANISTER LLENO DE GASOLINA , SE HIZO TEST PLAN Y SE ENCONTRO VALVULA INTERNA DEL TANQUE DE LA GASOLINA TRANCADA Y ESTO OCASIONANDO LIQUEO DE GASOLINA , SE REMOVIO Y SE INSTALO TANQUE DE GASOLINA NUEVO Y CANISTER DE LOS GASES NUEVO Y VALVULA N80 NUEVA Y SE LIMPIARON TODAS LAS LINES DEL SISTEMA , SE HIZO TEST Y NO PRESENTO LIQUEO DE GASOLINA"" - Mecanic",08/19/2024,06/18/2021,,False,False,0,0,3VW917AU0FM
11604416,2015,"Volkswagen Group of America, Inc.",GOLF,FUEL/PROPULSION SYSTEM,"Vehicle had recall for ""leaking fuel fire risk""  Strong smell of fuel inside car. Manufacturer recall #20UF NHTSA recall 24V110 There has not been a fix yet available.  Dealer (Team Volkswagen Merrillville IN) replaced the Jet fuel pump.  Problem continued, VW engineering said bring the car back and replace the entire fuel tank. Completed. Problem returned 2 weeks later (XXX). While driving home from work noticed extremely strong fuel odor in car.  Pulled off in a store parking lot, someone ran up and told me my car was leaking fuel. Gas was literally pouring out, I lost 1/4 tank of fuel on way home. The fuel was leaking under hood, under fuel tank area and under the rear passenger seat. I had the car towed to the dealer. Volkswagen does not have an actual fix for the problem. I should be given a replacement car due to Volkswagen being unable to correct this serious safety issue. What should I do, I am afraid to take the car back. I have videos and several pictures but unable to upload onto this website. Call [XXX]  Crown Point Indiana  INFORMATION REDACTED PURSUANT TO THE FREEDOM OF INFORMATION ACT (FOIA), 5 U.S.C. 552(B)(6)",07/25/2024,07/25/2024,,False,False,0,0,3VW217AU9FM
11600861,2015,"Volkswagen Group of America, Inc.",GOLF,"FUEL SYSTEM, GASOLINE","The contact owns a 2015 Volkswagen Golf. The contact received notification of NHTSA Campaign Number: 24V110000 (Fuel System, Gasoline) however, the part to do the recall repair was not yet available. The contact stated that the manufacturer had exceeded a reasonable amount of time for the recall repair. The contact stated that while refueling the vehicle, there was fuel leaking from the vehicle, making it impossible to fill the fuel tank. The dealer was contacted. The manufacturer was not made aware of the issue. The failure mileage was 73,780. VIN tool confirms parts not available.",07/10/2024,07/10/2024,,False,False,0,0,3VW217AU2FM
11599200,2015,"Volkswagen Group of America, Inc.",GOLF,STRUCTURE,The hood release doesn’t work and cannot access anything in the engine bay. No oil changes until the hood can be opened. Clear recall due to the danger of not being able to open. The handle inside the car broke by attempting to open the hood.,07/05/2024,06/30/2024,,False,False,0,0,3VW2A7AUXFM
11585517,2015,"Volkswagen Group of America, Inc.",GOLF,"FUEL SYSTEM, GASOLINE","The contact owns a 2015 Volkswagen Golf. The contact received notification of NHTSA Campaign Number: 24V110000 (Fuel System, Gasoline) however, the part to do the recall repair was not yet available. The contact stated that the manufacturer had exceeded a reasonable amount of time for the recall repair. The dealer was contacted and confirmed that parts were not yet available. The manufacturer was made aware of the issue and informed the contact that a second notice would be mailed when parts became available. The contact had not experienced a failure. VIN tool confirms parts not available.",04/26/2024,04/26/2024,,False,False,0,0,3VW217AU0FM
11577119,2015,"Volkswagen Group of America, Inc.",GOLF,UNKNOWN OR OTHER,"Thermostat/water pump housing leaking coolant at 20,000 miles. No damage to vehicle that caused this, seems to be a common issue with VW Golfs. The repair is out of pocket and the dealership which sold me the car only a year ago is quoting $1600.",03/13/2024,11/13/2023,,False,False,0,0,3VW217AU5FM
11577150,2015,"Volkswagen Group of America, Inc.",GOLF,"SUSPENSION,POWER TRAIN","The contact owns a 2015 Volkswagen Golf. The contact stated that while driving at an undisclosed speed, the stick shift was inoperable. The vehicle was taken to the dealer where it was diagnosed with a failed rear axle and coil springs. The contact was informed that the rear axle and coil springs needed to be replaced.  The vehicle was not repaired. The manufacturer was made aware of the failure but provided no assistance. The failure mileage was approximately 50,000.",03/13/2024,03/06/2024,,False,False,0,0,3VWRA7AU3FM
11575002,2015,"Volkswagen Group of America, Inc.",GOLF,STRUCTURE,Leaking sunroof !!!!!!!,03/02/2024,02/15/2024,,False,False,0,0,3VW217AU9FM
11573889,2015,"Volkswagen Group of America, Inc.",GOLF,STRUCTURE,"There is a crack and leak in my sunroof. I have not done anything to my car that would result in the crack.  Based on Reddit searches, this is a frequent problem for VW owners.  Autobody shops do not want to touch my sunroof or fix it because they do not have success fixing sunroofs.",02/25/2024,11/11/2022,,False,False,0,0,3VW217AUXFM
11556818,2015,"Volkswagen Group of America, Inc.",GOLF,ELECTRICAL SYSTEM,I smelled a strong odor coming from the heater that turned out to be burnt plastic and wiring associated with the auxiliary heater. This is an obvious fire/ smoke hazard that could have been deadly if other nearby components caught fire.,11/26/2023,11/25/2023,,False,True,0,0,3VW2A7AU5FM
11549044,2015,"Volkswagen Group of America, Inc.",GOLF,ENGINE,"Thermostat housing and water pump are leaking coolant. It is available for inspection. It can cause my engine to overheat and/or fail while being used. It has been confirmed by a dealership. It has not been inspected by the police, manufacturer, or insurance company. There have been occasional reports of low coolant, and the coolant drains significantly faster than expected especially in cold weather (e.g. needing to fill coolant every 7 days). It was first repaired in 2019, and has since failed again.",10/09/2023,03/05/2019,,False,False,0,0,WVWLF7AU7FW
11541025,2015,"Volkswagen Group of America, Inc.",GOLF,ENGINE,"While normally driving on the street, I noticed that the car started to overheat and could hear the radiator working to keep the heat level normal. I stopped and did not notice any leaks and added coolant to the car after I left it cool for about 3 hours. The problem went away but i still took it to the dealership and i was told it might be the head gasket of the engine or thermostat/waterpump,  a $4000 repair. Was advised to just sell the car. VW should address this issue as it has been a long issue now",08/27/2023,08/01/2023,,False,False,0,0,3VW217AU6FM
11537537,2015,"Volkswagen Group of America, Inc.",GOLF,STEERING,"One night I started hearing a crunching noise while I was turning my wheel at low speeds. I backed out of a parking spot and started to turn the wheel to hear the full extent of the noise. The next morning, I got up and went out, backed up the car, turned the wheel to the same noise coming from the steering wheel. About an hour later, I drove home and turned into my parking spot, when the noise got worse and then stopped. At the end of the noise, two error codes arose: Airbag and transmission error. The steering wheel controls, such as volume and song control do not work, as well as other functions on the wheel, such as the dash control and cruise control buttons.   I quickly googled the symptoms around the make, model and year and saw mass amounts of Volkswagen vehicles around 2015 that experienced the same issues, and the issue of a faulty clock-spring being the culprit. With this in mind, I reached out to a Volkswagen dealership to relay my concerns and the conversation ended with an appointment booked and a consensus that the issue was a faulty clock-spring, as many have had this issue.   This issue seems to be widespread throughout many years and models of the Volkswagen line, however, my car follows a wide group of cars by one year in manufacture date, yet it lacks a recall part, despite the believed widespread affected group of cars.  My appointment with the Volkswagen dealership went as expected- they found that my clock spring was indeed the issue. The service advisor admitted that the ""clock-springs are bound to break."" However, my car is 6,000 miles out of warranty to be able to cover the cost of this repair at the moment of typing this. And with further confirmation, the clock spring part is not a recalled part, thus deeming the uncovered service, despite the admittance to a faulty and common issue.   I drove a significant distance to reach my dealership with the fear of my stearing wheel locking up while I am driving on the freeway. It has yet to lock.",08/09/2023,08/03/2023,,False,False,0,0,3VW2A7AU5FM
11532637,2015,"Volkswagen Group of America, Inc.",GOLF,SUSPENSION,Driving on thruway at 65 when the left rear coil spring broke. There was a loud bang and pieces of the spring exited out onto the highway where several vehicles ran over them before they bounced off the road.,07/17/2023,07/16/2023,,False,False,0,0,3VW2A7AU1FM
11529909,2015,"Volkswagen Group of America, Inc.",GOLF,AIR BAGS,Air bag error appeared on dashboard. Horn is not functioning as well. May be due to a faulty switch in the steering.,07/01/2023,06/29/2023,,False,False,0,0,3VW217AU9FM
11526988,2015,"Volkswagen Group of America, Inc.",GOLF,FUEL/PROPULSION SYSTEM,I was putting gas and it started shooting out gas from the tank fuel. I had filled up 2 gallons and the entire two gallons ended up on the floor of the gas station. I took the car to an old Volkswagen specialist and he suggested I get an evap system smoke test to determine what the problem is. I did the test and it came back as a faulty evap canister. That the evap vent valve is stuck closed and purge is allowing fuel into the canister. So I bought an oem canister and replaced the old one. For one day the car drove fine with no issue putting gas or any leaks. The next day I noticed the smell of gas and saw that it was leaking gas from behind the rear wheel. I took it to a local mechanic and the car leaked the remaining 60 miles of gas on the floor. Also the new canister is filled with gas again.,06/14/2023,06/12/2023,,False,False,0,0,3VW817AU7FM
11525100,2015,"Volkswagen Group of America, Inc.",GOLF,"POWER TRAIN,VEHICLE SPEED CONTROL","Over the last two months, I've had over 30 incidences where the car will either randomly shift extremely hard into a gear or will hesitate, stutter, lose power while accelerating. Some of the shifts have been so hard that they've thrown me forward. Some of the losses of power are extremely dangerous as I'm accelerating at highway speeds. I have a full log of at least 30 of these incidents (and detailed as best I could) and they are attached. I picked May 11th because that was the hardest shift/loss of power which caused me the greatest harm.   I've been able to reproduce the errors in drive, sport, and Tiptronic mode. The errors occur in all gears, but are most common in 2nd and 3rd (although the higher gears are involved as well), which leads me to believe it's not the transmission, yet the mechatronics unit or something outside of the transmission and engine itself.   The troubling issue here is that the car is recording absolutely zero fault codes for diagnosis; that is, the car is shifting, stuttering, hesitating randomly and erratically and no diagnostics are being provided to resolve the issue. Technicians are able to guess what the issue is, but cannot give a guarantee what the problem is without the fault codes. This is the greatest safety concern, but luckily no crashes so far.   I was interested to learn that there was a recall on the same model by the Australian government related to the pressure accumulator and I'd like to see if this could be the issue, since I'm experiencing the same symptoms as those described in the recall: https://www.vehiclerecalls.gov.au/recalls/rec-005369.   The contact stated that the loss of power issue still persists. The contact stated the issue is a faulty crank trigger.",06/02/2023,05/11/2023,,False,False,0,0,3VW2A7AUXFM
11515575,2015,"Volkswagen Group of America, Inc.",GOLF,"STRUCTURE,WHEELS,UNKNOWN OR OTHER","Discovered several inches of water in the spare tire boot area.  The entire back seat was also soaked through. Water appears to be leaking into the car from rear pressure vents behind the bumper or from another undetermined source, posing risks including black mold and damage to the spare tire.",04/05/2023,03/01/2023,,False,False,0,0,3VW2A7AU6FM
11515691,2015,"Volkswagen Group of America, Inc.",GOLF,SUSPENSION,Left rear coil spring failed and is not available for inspection. The car was difficult to control when the spring failed which put driver safety at risk. The car was brought to an independent service center and confirmed that the failure was a left rear coil spring which required replacing both the left and right rear coil springs. The component was not inspected by the manufacturer. There were no warning signs or symptoms of the problem prior to failure. The car suddenly start making a loud noise in the rear left section of the vehicle while driving.,04/05/2023,04/02/2023,,False,False,0,0,3VW217AUXFM
11514261,2015,"Volkswagen Group of America, Inc.",GOLF,"ELECTRICAL SYSTEM,UNKNOWN OR OTHER","The frame and track of the sun roof has developed a crack.  It is available for inspection upon request. Because the frame/track developed a crack in the structural material, I can hear it rattling when I drive, which tells me it is loose.  A loose sun roof structural system is not good, as driving on a freeway / highway at a higher speed could possibly cause the sun roof to become detached and fly off of the vehicle, or dislodge enough to distract the driver.  Another secondary problem that has happened because of this loose, cracked sun roof track/frame, is that water has now been leaking into the car (possibly causing mold and condensation which has fogged up the windshield while driving) and slippery conditions all over the track/frame.  This water drips through the overhead electrical panel, the headliner and down into the speakers.  This can cause an electrical shortage in the vehicle, or shock.  Water dripping into the car while driving on a rainy day on the freeway, can cause major distraction to the driver in dangerous conditions.  The vehicle and sun roof issue have been inspected by the VW dealer, auto shop, and insurance.  The VW dealer did tell me they have this issue often for these same models (they were fixing one as i was talking to them) and I have seen lawsuits online for this same issue.  The car has never warned me about this issue, there are no warning lamps or messages pertaining to this.  Nothing has ever severely impacted the car to cause this problem (It has never been in an accident). Please note, I have not used / opened / activated / operated this sun roof since this issue began back in December 2021.  Car Insurance has offered to pay for a new headliner, but not for sun roof repair.  The lifetime warranty has declined to pay for the repair because water has been involved (even though water is a secondary issue to the initial issue of a crack developing in the sun roof track/frame under normal dry warm conditions).",03/28/2023,12/12/2021,,False,False,0,0,3VW2A7AU3FM
11508805,2015,"Volkswagen Group of America, Inc.",GOLF,"ELECTRICAL SYSTEM,AIR BAGS,FORWARD COLLISION AVOIDANCE",Clock  spring issue in VW golf’s should re reinvestigated. These are failing on these cars and companies are not looking into fixes or warranty help for these devices that should last. It’s shortsighted for consumers to continue to deal with this issue.,02/23/2023,02/03/2023,,False,False,0,0,3VW2A7AUXFM
11495757,2015,"Volkswagen Group of America, Inc.",GOLF,"ENGINE AND ENGINE COOLING,FUEL SYSTEM, GASOLINE","The contact owns a 2015 Volkswagen Golf. The contact noticed that the fuel pump would frequent stop while fueling the vehicle. The contact then stated that while his vehicle was being driven by a valet, fuel began to pour out of the fuel tank while on an incline. The valet attendant managed to drive the vehicle down a decline which stopped the leak. Despite the failure, the contact was able to drive the vehicle home. The vehicle was then driven to a dealer where a diagnostic test was performed. The dealer informed the contact that the suction pump, seal, and emission filter needed to be replaced. Upon investigation, the contact linked the failure to NHTSA Campaign Number: 16V647000 (Fuel System, Gasoline, Engine and Engine Cooling) however, the VIN was not included in the recall. The manufacturer was notified of the failure and informed him that the vehicle was no longer under warranty. The vehicle had yet to be repaired and remained in the possession of the dealer. The failure mileage was approximately 115,000.",12/02/2022,03/01/2022,,False,False,0,0,WVWLF7AU4FW
11495289,2015,"Volkswagen Group of America, Inc.",GOLF,ENGINE,Loss of coolant due to cheap plastic housing leads to damage to the thermostat and water pump. Researching the forums on this issue has shown that it's a common problem with the vehicle that Volkswagen hasn't addressed.,11/29/2022,11/04/2022,,False,False,0,0,3VW217AU3FM
11493326,2015,"Volkswagen Group of America, Inc.",GOLF,FUEL/PROPULSION SYSTEM,Suction pump recall was completed by Karmart the dealership I purchased the vehicle from. Suction pump continues to be an issue with fuel purging or leaking. This has been an ongoing issue for the past 5 months. Most recently a few days ago.,11/13/2022,11/10/2022,,False,False,0,0,3VW217AU4FM
11482218,2015,"Volkswagen Group of America, Inc.",GOLF,SUSPENSION,"The contact owns a 2015 Volkswagen Golf. The contact stated that he noticed that the vehicle had been sitting lower than normal while parked. The contact did an inspection of the vehicle and noticed that the rear coil spring on the driver’s side had fractured. The contact had not taken the vehicle to the dealer. The contact stated that the coil spring needed to be replaced. The contact ordered the part to perform the repair himself. The vehicle was not yet repaired. The manufacturer was not made aware of the failure. The approximate failure mileage was 140,000.",08/31/2022,08/25/2022,,False,False,0,0,3VW817AU5FM
11480553,2015,"Volkswagen Group of America, Inc.",GOLF,SUSPENSION,Both Rear Coil Springs fractured. resulting in poor vehicle stability and potentially dangerous situation.,08/22/2022,08/01/2022,,False,False,0,0,3VW817AU4FM
11476528,2015,"Volkswagen Group of America, Inc.",GOLF,"AIR BAGS,UNKNOWN OR OTHER","My airbag light came on today as I was backing out of a parking space  (7/29/22 and mileage 235845), and this was after plastic creaking/cracking noises coming from my steering wheel for quite a while when I turned it. The frequency and amount of noise when I turned the wheel had increased a lot lately. This is the second time this exact thing has happened - I had to replace the clock spring in the steering wheel once before (3/19/19 at milage 154165). While I know I drive a lot, it’s mostly straight on the interstate since I live in a rural area, so I am not turning the wheel constantly. I’m hesitant about if it’s worth it to spend money on replacing it since the last time it was almost $800, and has now broken again, only 80k miles later. I know that earlier years of VWs had this part recalled and I am wondering if that should have extended to 2015s - although I’m not sure what good that would do me since the replacement one I had installed at the dealer also broke.",07/29/2022,07/29/2022,,False,False,0,0,3vwra7au7fm
11475220,2015,"Volkswagen Group of America, Inc.",GOLF,ELECTRICAL SYSTEM,When I switch the key to turn on the car it does turn on and it says starting system error on the dashboard car runs ok it’s just that it keep saying that and I think there is something wrong with the ignition switch that Volkswagen should address. Thank you!,07/22/2022,07/22/2022,,False,False,0,0,3VW217AUXFM
11474855,2015,"Volkswagen Group of America, Inc.",GOLF,SUSPENSION,"Right rear coil spring fractured while vehicle was being driven at low speed on city streets.  There was no obvious precipitating event.  Upper part of spring was lost, lower part is available for inspection.  Part has been ordered from local dealer but is currently unavailable, due to prior recall on similar models (19V188000).  Report will be filed with VW Customer Service.  Dealer unable to estimate when part will become available.   Car is currently undrivable.  Please extend recall to include my VIN.    Recall 19V188000 Summary Volkswagen Group of America, Inc. (Volkswagen) is recalling certain 2017-2019 Golf Sportwagen, 2019 Jetta, 2015-2019 Golf, and 2018-2019 Tiguan vehicles. The rear coil springs may prematurely fracture.",07/20/2022,07/13/2022,,False,False,0,0,3VW117AU5FM
11469677,2015,"Volkswagen Group of America, Inc.",GOLF,SUSPENSION,"The contact's girlfriend owns a 2015 Volkswagen Golf. The contact stated that while his girlfriend was driving approximately 45 MPH, she heard a loud popping sound coming from the passenger’s side rear of the vehicle after rolling over a small bump on the roadway. The vehicle made a loud clanking noise, and the rear end felt loose and unstable every time the vehicle rolled over bumps on the roadway. The contact stated that there was no warning light illuminated. The contact drove the vehicle to a tire repair facility. The vehicle was diagnosed and the mechanic determined that there was a failure in the passenger’s side rear coil spring; however, the repair parts were on national back order. The vehicle was not repaired. The manufacturer had been informed of the failure. The contact researched online and related the failure to NHTSA Campaign Number: 19V188000 (Suspension). The failure mileage was approximately 80,000.",06/16/2022,06/14/2022,,False,False,0,0,3VW217AU9FM
11466165,2015,"Volkswagen Group of America, Inc.",GOLF,ENGINE,Water Pump and Thermostat leaking.,05/26/2022,05/23/2022,,False,False,0,0,WVWLF7AU4FW
11460386,2015,"Volkswagen Group of America, Inc.",GOLF,SUSPENSION,"While driving the rear driver-side coil snapped and cause the car to veer across a lane.  The car was driveable but this almost caused an accident.  We had the broken coil inspected by an independent repair shop.  Apparently, there is a recall for this exact issue on Volkswagens of this model and year but I'll specific vehicle is not covered under the recall.  There was no warning prior to failure.",04/11/2022,04/10/2022,,False,False,0,0,3VW217AU6FM
11459772,2015,"Volkswagen Group of America, Inc.",GOLF,"STEERING,POWER TRAIN,ENGINE",Driving 65 mph down highway vehicle shut off with no warning.   Fault code shows defective injector #1.  Vw tdi (post fix dieselgate).   Dealer will not fix because I cleared the code to drive home.   Irresponsible for vw to make a car that shuts down completely with no limp mode or short time to clear road.,04/05/2022,04/03/2022,,False,False,0,0,3vw2a7au4fm
11454820,2015,"Volkswagen Group of America, Inc.",GOLF,FUEL/PROPULSION SYSTEM,"Alarm went off in car - said coolant was low - had to pull over.  Luckily was in neighborhood but could have been on highway.  Gas station confirmed issue and let me know that the water pump and entire thermostat housing system had to be replaced - very expensive repair and dangerous issue.  If it had happened on highway, would have had to pull over immediately there.",03/02/2022,02/21/2022,,False,False,0,0,3vw917au0fm
11452061,2015,"Volkswagen Group of America, Inc.",GOLF,SUSPENSION,"Rear driver side coil spring failure, the component is available for inspection Broken spring turned sideways and had a very sharp edge at fracture and was rubbing on the wheel and tire with potential to puncture tire resulting in loss of control. Vehicle handling was severely compromised making it difficult to maneuver.   Failure of spring was confirmed by independent service center No warning lamps or warnings prior to spring failure NHSTA has recalls on this same vehicle and year but VIN was not included in recall",02/15/2022,02/14/2022,,False,False,0,0,3VW217AU3FM
11446853,2015,"Volkswagen Group of America, Inc.",GOLF,ENGINE,Coolant has leaked all over my driveway because of a thermostat housing and water pump fail. I am getting fixed for the second time $1800 dollar fix. Very common amongst other Volkswagen owners. This is not fair. If they know of this problem it should be dealt with. Now I am out $4000 in repairs and have a big stain in my brand new driveway. This is very unsafe if driving long distances as coolant leaks everywhere.,01/10/2022,01/03/2022,,False,False,0,0,3vw217au8fm
11446968,2015,"Volkswagen Group of America, Inc.",GOLF,AIR BAGS,Clockspring broken it’s the third time in 4 years. I was pulling out of a parking lot making a left turn. There was a ratcheting sound from the steering wheel. I then had an airbag error and none of the steering wheel mounted controls were working including the horn. The defective part is still installed.,01/10/2022,01/08/2022,,False,False,0,0,3vwra7au7fm
11444518,2015,"Volkswagen Group of America, Inc.",GOLF,AIR BAGS,"We purchased our VW Golf TDI ([XXX]) in January 2015 and have now had to replace the clock spring three times. The first two times were covered under the 69L2 limited warranty(See attached bills) but our car now has 128,000 miles and is considered ineligible.  We do not understand why our model year was not included under the unlimited warranty extension as part of the 69L2 campaign. When a major component fails three times over a six year period, there is obviously something wrong with it that has not been addressed.   Our teenage son drives the car and it is unsafe to have life-saving components like the airbag and horn fail on a regular basis.  INFORMATION Redacted PURSUANT TO THE FREEDOM OF INFORMATION ACT (FOIA), 5 U.S.C. 552(B)(6).",12/20/2021,11/01/2021,,False,False,0,0,3VW2A7AU6FM
11436071,2015,"Volkswagen Group of America, Inc.",GOLF,AIR BAGS,Steering wheel started clicking when turned. Airbag light came on.,10/08/2021,09/30/2021,,False,False,0,0,3VW817AU5FM
11431916,2015,"Volkswagen Group of America, Inc.",GOLF,STRUCTURE,"THERE IS A CRACK ON THE ROOF, THE CRACK IS BETWEEN THE SUNROOF AND THE DOOR",09/07/2021,09/05/2021,,False,False,0,0,3VW217AUXFM
11421601,2015,"Volkswagen Group of America, Inc.",GOLF,UNKNOWN OR OTHER,Was reaching across front console when metal trim near shifter seems to be released and acted like a razor blade cutting my hand severely.,06/21/2021,01/10/2019,,False,False,1,0,WVWLF7AU0FW
11421339,2015,"Volkswagen Group of America, Inc.",GOLF,AIR BAGS,The steering control module and clockspring is faulty. My transmission light and airbag light came on. I brought it to my German auto repair shop and he did some research. It was confirmed as a faulty part and vw should pay for it. My functioning airbags and cruise control are things i rely on for safety. I will bring it in to a dealership because the clockspring has to be programmed by a dealership. I live 300 miles from a vw dealership and it is a real pain.,06/17/2021,06/07/2021,,False,False,0,0,3VW2A7AU8FM
11418487,2015,"Volkswagen Group of America, Inc.",GOLF,SUSPENSION,"Broken rear spring, impacting handling and preventing safe operation of the vehicle. I discovered this after noting handling issues and clunking noises from the rear of the vehicle. There were no warning lamps",05/25/2021,05/23/2021,,False,False,0,0,3VWRA7AU4FM
11406568,2015,"Volkswagen Group of America, Inc.",GOLF,"ELECTRICAL SYSTEM,AIR BAGS","CLOCK SPRING BROKE. THIS IS A KNOWN ISSUE AND RECALL FOR PREVIOUS YEARS, BUT APPARENTLY NOT MINE. SYMPTOMS ARE AIRBAG LIGHT ON, INOPERABLE STEERING WHEEL ACCESSORIES INCLUDING HORN. THIS IS A SAFETY ISSUE. IT SHOULD BE RECALLED.     FIRST KNOWLEDGE OF THIS PROBLEM WAS UPON STARTING FIRST THING IN THE MORNING. CAR WAS PARKED IN THE GARAGE.",04/05/2021,04/04/2021,,False,False,0,0,3VW2A7AU2FM
11402868,2015,"Volkswagen Group of America, Inc.",GOLF,STRUCTURE,"THE CHROME TRIM AROUND THE SHIFTER LEVEL IS EXTREMELY SHARP AND IS A SAFETY HAZARD.  REACHING INTO THE STORAGE COMPARTMENT IN FRONT OF THE SHIFTER, MY FINGER CAUGHT THIS SHARP EDGE AND WAS SERIOUSLY CUT.  THERE WAS A LOT OF BLOOD AND PAIN AS A RESULT.  AN ONLINE SEARCH REVEALS THAT THIS TYPE OF INJURY IS NOT UNCOMMON.",03/14/2021,02/03/2021,,False,False,1,0,3VW2A7AU0FM
11400372,2015,"Volkswagen Group of America, Inc.",GOLF,FUEL/PROPULSION SYSTEM,THE ENGINE WILL SHUT OFF WITHOUT WARNING. THE ELECTRONIC STABILITY CONTROL ERROR MESSAGE COMES UP ON THE INFORMATION DISPLAY ALONG WITH A TPMS ERROR. THIS HAS HAPPENED IN INTERSECTIONS AND HAS PUT ME IN DANGER OF COLLISIONS FROM SUDDEN DECELERATIONS WITHOUT WARNING. THE CAR WILL USUALLY START AFTER THE IGNITION BUTTON IS DEPRESSED AGAIN. IT MAY HAPPEN UP TO FOUR TIMES BEFORE IT QUITS STALLING. THE ERROR MESSAGES CLEAR AFTER IT IS MOVING AGAIN.  IT HAS EVEN HAPPENED ONCE ON THE HIGHWAY.,03/11/2021,03/11/2021,,False,False,0,0,3VWRA7AU0FM
11384851,2015,"Volkswagen Group of America, Inc.",GOLF,UNKNOWN OR OTHER,THERMOSTAT,12/24/2020,10/01/2020,,False,False,0,0,3VW217AU9FM
11384383,2015,"Volkswagen Group of America, Inc.",GOLF,"FUEL SYSTEM, GASOLINE","TL* THE CONTACT OWNS A 2015 VOLKSWAGEN GOLF. THE CONTACT STATED THAT WHILE DRIVING OR WHILE THE VEHICLE WAS PARKED, FUEL LEAKED FROM THE VEHICLE. THE VEHICLE WAS TAKEN TO CENTRO DE SERVICIO FLAGSHIP VOLKSWAGEN (CARR. #2, KM 14.7 HATO TEJAS, BAYAMN, 00959, PUERTO RICO) AND WAS DIAGNOSED THAT THE SUBCISION PUMP, FILTER AND FUEL TANK NEEDED TO BE REPLACED. THE VEHICLE WAS NOT REPAIRED SINCE THE WARRANTY HAD EXPIRED. THE CONTACT MENTIONED THAT THE VEHICLE WAS PREVIOUSLY REPAIRED UNDER NHTSA CAMPAIGN NUMBER: 16V647000 (FUEL SYSTEM, GASOLINE, ENGINE AND ENGINE COOLING) HOWEVER, THE REPAIR FAILED TO CORRECT THE FAILURE. THE MANUFACTURER WAS MADE AWARE OF THE FAILURE AND PROVIDED A CASE NUMBER. THE FAILURE MILEAGE WAS APPROXIMATELY 65,000.",12/21/2020,12/15/2020,,False,False,0,0,3VW217AU4FM
11355305,2015,"Volkswagen Group of America, Inc.",GOLF,"AIR BAGS,VEHICLE SPEED CONTROL,UNKNOWN OR OTHER",THE CLOCKSPRING BROKE ABOUT 1 YEAR AGO I HAD IT REPLACED. IT BROKE AGAIN LAST WEEK.  THE AIRBAG IS DISABLED AS IS THE HORN AND CRUISE CONTROL.,09/16/2020,09/10/2020,,False,False,0,0,3VWRA7AU7FM
11348575,2015,"Volkswagen Group of America, Inc.",GOLF,"SUSPENSION,SEATS,UNKNOWN OR OTHER",THE CAR MAKES NOISES WHEN GOING OVER BUMPS OR AROUND CORNERS AS THE BODY ROLLS BACK AND FORTH I THINK IT IS THE RECALL THAT WAS ISSUED # 10122609 ABOUT THE SEATS AND A GAP BETWEEN A TAB AND THE SEAT FRAME. MY CAR WAS NOT INCLUDED IN THIS RECALL.IT SHOULD HAVE BEEN INCLUDED.,08/11/2020,03/27/2018,,False,False,0,0,3VW217AU7FM
11338906,2015,"Volkswagen Group of America, Inc.",GOLF,ENGINE,THERMOSTAT ELBOW LEAKING,07/12/2020,06/01/2020,,False,False,0,0,3VW217AU0FM
11310624,2015,"Volkswagen Group of America, Inc.",GOLF,ENGINE,"THIS IS A SECOND REPAIR FOR A FAILED THERMOSTAT HOUSING/WATER PUMP ON THIS VEHICLE. THE FIRST TIME, JANUAARY 2019, THE THERMOSTAT HOUSING AND RELATED SEALS WERE REPLACED. THIS TIME THE THERMOSTAT HOUSING AND WATER PUMP WERE BOTH REPLACED.",02/21/2020,02/21/2020,,False,False,0,0,3VW217AU1FM
11287513,2015,"Volkswagen Group of America, Inc.",GOLF,ENGINE,"THERMOSTAT HOUSING & ASSOCIATED SEALS ON THE CURRENT 1.8L AND 2.0L VOLKSWAGEN/AUDI EA888 GEN 3 ENGINE ARE PRONE TO FAILURE, CAUSING LOSS OF ENGINE COOLANT. THIS COULD AFFECT ANY VW/AUDI VEHICLE USING THE 1.8 OR 2.0L EA888 GEN 3 ENGINE. VW HAS A LONG HISTORY OF WATER PUMP/THERMOSTAT HOUSING ISSUES AND THE CURRENT GENERATION OF VEHICLES IS NO EXCEPTION.    MANY OTHER REPORTS CAN BE FOUND ON VARIOUS ONLINE FORUMS SUCH AS REDDIT.COM, GOLFMK7.COM AND VWVORTEX.COM, ETC. THIS IS A COSTLY OUT OF WARRANTY REPAIR REQUIRING REMOVAL OF THE INTAKE MANIFOLD AND HAS BEEN REPORTED ONLINE BY OWNERS OF 2015 '2019 US MY VEHICLES. SOME VEHICLES, SUCH AS OURS, EXPERIENCED A REPEAT FAILURE.     THERE ARE THREE FAILURE MODES THAT I AM AWARE OF AS REPORTED ON THE SITES MENTIONED ABOVE. MY WIFE AND I HAVE EXPERIENCED FAILURE MODES 1 AND 2. WHEN THIS ISSUE IS OCCURRING OWNERS OFTEN REPORT THE SMELL OF COOLANT OUTSIDE THE VEHICLE    1. HOUSING HEATING/COOLING CAUSES EXPANSION/CONTRACTION AND WARPING RESULTING IN A SLOW WEEP OR LEAK FROM THERMOSTAT HOUSING ASSEMBLY & ASSOCIATED SEAL, MOST OF THE TIME NOT DETECTABLE AT THE HOUSING ASSEMBLY/SEAL WITHOUT PRESSURE TEST.     OFTEN, VW SERVICE CENTERS ARE UNABLE TO VERIFY THERE IS A LEAK, EVEN AFTER PRESSURE TEST, OWNERS ARE SENT ON THEIR WAY, AND YET COOLANT STILL DISAPPEARS FROM THE TANK. MY WIFE'S CAR WENT IN FOR TESTING MULTIPLE TIMES BEFORE ISSUE WAS FOUND.    2. HOUSING HEATING/COOLING CAUSES EXPANSION/CONTRACTION AND WARPING RESULTING IN A SMALL BUT CONSTANT LEAK LARGE ENOUGH TO CREATE A SMALL PUDDLE OR STREAM UNDER THE CAR. A LOW COOLANT ALERT MAY/MAY NOT APPEAR DEPENDING ON SPEED OF THE LEAK.     3. HOUSING HEATING/COOLING CAUSES EXPANSION/CONTRACTION AND WARPING RESULTING IN A SUDDEN CATASTROPHIC FAILURE RESULTING IN RAPID LOSS OF COOLANT AND CAUSING A VISIBLE LARGE PUDDLE UNDER THE CAR AND A WARNING ALERT TO APPEAR ON THE DASHBOARD.",12/06/2019,01/21/2019,,False,False,0,0,3VW217AU1FM
11233314,2015,"Volkswagen Group of America, Inc.",GOLF,UNKNOWN OR OTHER,ERROR: SERVICE VEHICLE. ONLY LEAVE VEHICLE IN P POSITION. THIS WARNING LIGHT COMES ON INTERMITTENTLY WHILE DRIVING FOR ONLY A SECOND OR TWO. IT OCCURS BOTH HIGHWAY AND CITY DRIVING. THIS HAS BEEN GOING ON SINCE NOVEMBER 2018. DEALER SAYS TO IGNORE. INTERNET GROUPS INDICATE A COMMON PROBLEM WITH 2015 VW GOLF. SHIFTER PROBLEM THAT VW IS NOT ADRESSING..,07/19/2019,07/01/2019,,False,False,0,0,3VW2A7AU6FM
11232586,2015,"Volkswagen Group of America, Inc.",GOLF,UNKNOWN OR OTHER,"WHEN I START MY CAR IN THE MORNING THE CODE ERROR SERVICE VEHICLE. ONLY LEAVE VEHICLE IN P POSITION! IT GOES AWAY BUT FLASHES AGAIN AS I'M DRIVING DOWN THE HIGHWAY OR A REGULAR ROAD OR TURNING EITHER RIGHT OR LEFT. THE ERROR MESSAGE COMES ON AND JUST AS QUICKLY GOES AWAY, ONLY TO RETURN AGAIN IN MINUTES OR HOURS.",07/16/2019,07/20/2018,,False,False,0,0,3VW2A7AU5FM
11230853,2015,"Volkswagen Group of America, Inc.",GOLF,"AIR BAGS,UNKNOWN OR OTHER,SERVICE BRAKES","I DON'T KNOW WHAT TYPE OF AIRBAGS THEY ARE, I'VE HAD TO HAVE MY CLUTCH REPLACED, WATERPUMP AND THERMOSTAT AND MY HEATER CORES, NOW MY COOLANT HOSE HAS GONE OUT ALL THIS IN LET THAN 3 MONTHS AND I HAVE ALSO HAD TO REPLACE, ROTORS TWO TIMES IN TWO YEARS IT'S GOT TO BE SOME WRONG I TAKE GOOD CARE OF MY CAR IT ONLY HAVE 72686 MILES ON IT.",07/10/2019,03/28/2019,,False,False,0,0,3VW817AU0FM
11230514,2015,"Volkswagen Group of America, Inc.",GOLF,"SERVICE BRAKES,ENGINE","1.  BRAKES - BACKING AND PUTTING BRAKES ON THEN INTO DRIVE THERE IS A POPPING NOISE FROM THE REAR END.  BRAKES SQUEAK AT LOW SPEEDS, WHEN BRAKING AT LOW SPEEDS THEY SQUEAL AND GRAB, WHEN BRAKING AT HIGH SPEEDS THEY GRIND.  THIS HAS BEEN FROM THE BEGINNING WHEN THE CAR WAS NEW UNTIL NOW.  TWO DEALERSHIPS STATE ""THERE IS NOTHING THEY CAN DO"".  2. COOLANT - CONTINUOUS COOLANT SMELL IN CAB AND AROUND CAR AFTER DRIVING FOR ANY DISTANCE.  DEALERSHIP HAS REPLACED CAP, RESERVOIR AND HOSES. STATE, ""NOTHING MORE TO DO UNTIL A RECALL COMES OUT"".",07/09/2019,07/09/2019,,False,False,0,0,3VW217AU8FM
11208694,2015,"Volkswagen Group of America, Inc.",GOLF,"STEERING,AIR BAGS","KEPT HEARING A CLICKING NOISE WHEN TURNING STEERING WHEEL. TODAY WHEN BACKING INTO A PARKING SPOT, THERE WAS A REAL LOUD CLICK, ALMOST LIKE A SNAP, AND MY AIR BAG ERROR MESSAGE IMMEDIATELY SHOWED UP AND NONE OF THE BUTTONS ON MY STEERING WHEEL WOULD WORK ANYMORE",05/20/2019,05/20/2019,,False,False,0,0,3VW217AU7FM
11208271,2015,"Volkswagen Group of America, Inc.",GOLF,SERVICE BRAKES,UNDER NORMAL OPERATION THE RELEASE BUTTON FOR THE PARKING/EMERGENCY BRAKE CAN COME OUT AND RESULT IN THE PARKING BRAKE NOT CLICKING INTO THE ENGAGED POSITION.  IF THIS WERE TO HAPPEN WHEN THE CAR WAS UNATTENDED IT WOULD RESULT IN THE CAR ROLLING AWAY AND POSSIBLY KILLING OR INJURING SOMEONE.,05/17/2019,05/13/2019,,False,False,0,0,3VWRA7AU0FM
11180694,2015,"Volkswagen Group of America, Inc.",GOLF,POWER TRAIN,"I'VE BEEN THROUGH THREE TRANSMISSIONS SINCE I PURCHASED THE CAR THREE YEARS AGO. THE FIRST TRANSMISSION WENT OUT DUE TO MECHANIC ERROR, VW PUT A NEW ONE IN THAT ONE FAIL CATASTROPHICALLY BUT VW BLAMED THE FAIL ON THE FLYWHEEL (IT HAD HOTSPOTS ON IT) PAID $4000 FOR A USED TRANSMISSION (WITH 32K ON IT) AND NEW CLUTCH AND FLYWHEEL. NOW THAT ONE FAILED WHEN I WAS DRIVING DOWN THE INTERSTATE IT WAS CONSTANTLY SLIPPING OUT OF 5TH GEAR AND IT WAS HARD TO SHIFT IT INTO A LOWER GEAR..I'VE NEVER HAD ISSUES LIKE THIS BEFORE I'VE BEEN DRIVING MANUAL FOR 7 YEARS. I'M WONDERING WHAT IS CAUSING ALL THESE TRANSMISSIONS TO FAIL.",02/17/2019,02/08/2019,,False,False,0,0,
11175917,2015,"Volkswagen Group of America, Inc.",GOLF,"ELECTRICAL SYSTEM,AIR BAGS","I WAS TURNED MY STEERING WHEEL TO PARALLEL PARK TODAY AND HEARD A 'CLICK' FROM THE STEERING WHEEL. MY AIRBAG LIGHT IMMEDIATELY CAME ONE. I DID SOME INVESTIGATION, AND MY PROBLEM IS EXACTLY WHAT IS DESCRIBED IN THIS ARTICLE:    HTTPS://AUTOWEEK.COM/ARTICLE/RECALLS/NHTSA-INVESTIGATE-415000-VW-VEHICLES-AIRBAG-ISSUE    MY HORN IS NOT WORKING. ADDITIONALLY, I HAVE LOST ELECTRICAL CONTROL ON ALL BUTTONS ON THE STEERING WHEEL. THIS INCLUDES VOLUME BUTTONS, HANDS-FREE PHONE CONTROL BUTTONS, AND THE BUTTON THAT CHANGES THE DIGITAL DASHBOARD DISPLAY.",02/09/2019,02/09/2019,,False,False,0,0,3VW217AU5FM
11170856,2015,"Volkswagen Group of America, Inc.",GOLF,FUEL/PROPULSION SYSTEM,"THE AD BLUE TANK HEATER IN MY CAR HAS GONE BAD AND WILL COST $1800 TO REPAIR.  THIS HAPPENED JUST OUTSIDE THE 36,000 MILES WARRANTY WINDOW AT AROUND 40,000 MILES.  THIS HAS BEEN A PROBLEM SINCE 2016 OR BEFORE. VW, IN ADDITION TO THE EMISSIONS ISSUES, REFUSES TO COVER THIS. THE CAR WILL NOT DRIVE UNLESS THIS IS FIXED. IT IS A VERY EXPENSIVE REPAIR FOR A VERY LOW AMOUNT OF MILEAGE.  THIS SHOULD BE RECALLED SO THAT CUSTOMERS ARE NOT EATING $1800, ESPECIALLY ON BEHALF THE VW, WHO LIES AND CHEATS THEIR CONSUMERS.    HTTPS://WWW.THETRUTHABOUTCARS.COM/2016/02/VOLKSWAGEN-TDI-OWNERS-BEING-STUCK-WITH-1000-ADBLUE-HEATER-REPAIRS-STILL-NOT-EPA-COMPLIANT/",01/18/2019,10/01/2018,,False,False,0,0,3VWFA7AU6FM
11166092,2015,"Volkswagen Group of America, Inc.",GOLF,POWER TRAIN,"OVER TIME, A BUILD-UP OF SILICATE ON THE SHIFT LEVER MICRO SWITCH CONTACTS CAN MAKE IT POSSIBLE TO REMOVE THE KEY FROM THE IGNITION SWITCH WITHOUT THE SHIFT LEVER BEING IN THE ""P"" PARK POSITION. THIS MAKES THE VEHICLE NONCOMPLIANT WITH 49 CFR 571.114 STANDARD NO. 114 THEFT PROTECTION AND ROLLAWAY PREVENTION. IF THE IGNITION KEY IS REMOVED WITHOUT THE SHIFT LEVER BEING IN THE ""P"" PARK POSITION, THERE IS A RISK THAT THE VEHICLE MAY ROLL AWAY, RESULTING IN A CRASH THAT COULD INJURE PEOPLE AND DAMAGE PROPERTY.",01/09/2019,08/27/2018,,False,False,0,0,3VW217AU0FM
11163156,2015,"Volkswagen Group of America, Inc.",GOLF,"POWER TRAIN,ELECTRICAL SYSTEM","VEHICLE RANDOMLY DISPLAYS MESSAGE ON HUD SCREEN ""ERROR: SERVICE VEHICLE. ONLY LEAVE VEHICLE IN P POSITION"" I HAVE ONLY EVER HAD IT HAPPEN WHILE DRIVING. EVERYTHING FROM 10MPH TO 80MPH. NO PARTICULAR SPEED SEEMS TO TRIP THE ERROR. AFTER A LONG DRAWN OUT ORDEAL, BOTH THE LOCAL DEALER AND VW OF AMERICA HAVE DENIED REPAIR EVEN THOUGH,  THIS EXACT ISSUE BECAUSE IT IS NOT INCLUDED IN THE 33,168 SELECT VOLKSWAGEN GOLFS AND GOLF SPORTWAGENS FROM 2015 TO 2018 MODEL YEARS. YET WITH ALL THE EVIDENCE TO INCLUDE THE ECU/TCU LOGS VERIFYING THE PROBLEM SINCE ITS NOT A ""AFFECTED"" VIN, THEY WILL DO NOTHING.    THE LOCAL DEALER CONFIRM THAT THIS IS THE EXACT ISSUE WE HAVE BEEN DEALING WITH SINCE JULY OF THIS YEAR. MOST RECENTLY I WAS GOING THROUGH THE PHARMACY DRIVE-THRU AND IN PARK WHEN THE VEHICLE BEGAN TO ROLL FORWARD WHICH I HAD TO HIT THE BRAKES TO STOP IT.    YET WITH ALL THE EVIDENCE TO INCLUDE THE ECU/TCU LOGS VERIFYING THE PROBLEM SINCE ITS NOT A ""AFFECTED"" VIN, THEY WILL DO NOTHING.",12/22/2018,12/05/2018,,False,False,0,0,3VW2A7AU2FM
11163155,2015,"Volkswagen Group of America, Inc.",GOLF,POWER TRAIN,"VEHICLE IS INTERMITTENTLY SHOWING ERROR 'ERROR: SERVICE VEHICLE, LEAVE ONLY ON P'. ERROR HAPPENS RANDOMLY, BUT USUALLY DURING OR JUST AFTER DRIVING IN WET CONDITIONS. ALWAYS WHILE THE VEHICLE IS IN MOTION. GEAR SHIFT ASSEMBLY WAS REPLACED TWO YEARS PREVIOUSLY TO ADDRESS THE PROBLEM, BUT NOW THE ERRORS ARE BACK. SAME SYMPTOMS AS CAMPAIGN NUMBER 18V464000, VW SERVICE RECALL 37L5, HOWEVER NO RECALL IS LISTED FOR THIS VIN.",12/22/2018,12/15/2018,,False,False,0,0,3VW2A7AU9FM
11142378,2015,"Volkswagen Group of America, Inc.",GOLF,"AIR BAGS,UNKNOWN OR OTHER","AS I WAS TURNING MY STEERING WHEEL, I HEARD A CRINKLE SOUND AND THE AIR BAG LIGHT CAME ON.  I REALIZED LATER THAT I COULD NO LONGER HONK THE HORN.  WHEN I BROUGHT MY CAR IN FOR SERVICE, THE CLOCK SPRING WAS REPLACED, HOWEVER THE EXACT SAME PROBLEM HAPPENED AGAIN WITHIN WEEKS.  I CANNOT HONK MY HORN AND I AM CONCERNED THAT MY AIR BAG WILL NOT DEPLOY IN THE CASE OF AN EMERGENCY.",10/24/2018,09/01/2017,,False,False,0,0,3VW817AU8FM
11129335,2015,"Volkswagen Group of America, Inc.",GOLF,STRUCTURE,"LOUD KNOCK IS PRODUCED WHEN THERE IS BODY FLEX (TIGHT TURNS, SPEED BUMPS, CHANGES IN ELEVATION) ON THE DRIVER SIDE B-PILLAR. BROUGHT INTO AUBURN VOLKSWAGEN TO DIAGNOSE, AND WAS TOLD THEY COULD FIND NOTHING WRONG WITH THE VEHICLE. TOOK THE VEHICLE TO A BODY SHOP AND HAD THEM REPRODUCE THE NOISE. WAS TOLD IT IS LIKELY A BAD WELD FROM THE B-PILLAR TO THE ROOF, AND SHOULD BE FIXED IMMEDIATELY AS IT'S A SAFETY CONCERN.  CONTACTED THE DEALERSHIP AND WAS TOLD THEY WERE NOT ABLE TO DEAL WITH ANY ISSUES CONCERNING THE BODY OF THE CAR.  CONTACTED VOLKSWAGEN OF AMERICA, AND HAVE BEEN PASSED AROUND BETWEEN CUSTOMER SERVICE AGENTS WITHOUT BEEN GIVEN ASSISTANCE.",09/13/2018,08/09/2017,,False,False,0,0,3VW217AU8FM
11119793,2015,"Volkswagen Group of America, Inc.",GOLF,POWER TRAIN,CAR WOULD NOT MOVE AFTER A STOP AND THEN ACCELERATED RAPIDLY.,08/14/2018,08/13/2018,,False,False,0,0,3VW217AU3FM
11096430,2015,"Volkswagen Group of America, Inc.",GOLF,UNKNOWN OR OTHER,"PREMATURE CLUTCH FAILURE AT 32,000 MILES (THIS CAR ALREADY HAD TWO DEFECTIVE PARTS AT 9,000 MILES - THE TIMING CHAIN COVER AND OIL LEVEL SENSOR.)  CAR STARTED MAKING SCREECHING NOISE WHEN DRIVING, HAD IT TOWED TO DEALER WHO SAID IT WASN'T MAKING ANY SOUND WHEN THEY DROVE IT, AND THEY DIDN'T SEE ANYTHING WRONG.  ONE WEEK LATER, BURNING SMELL FROM VENTS, NOW DEALER SAYS CLUTCH HAS FAILED.",05/16/2018,05/16/2018,,False,False,0,0,3VW817AU1FM
11092378,2015,"Volkswagen Group of America, Inc.",GOLF,AIR BAGS,"AIRBAG SENSOR LIGHTS ON. TOOK TO DEALER VENTURA VOLKSWAGEN. THEY CHARGED ME $145 TO DIAGNOSE THE PROBLEM, THEN SAY IT WILL COST $615 TO REPLACE THE ""CLOCK SPRING."" THE CAR HAS NEVER BEEN IN AN ACCIDENT AND THE AIRBAGS NEVER HAVE DEPLOYED. VENTURA VOLKSWAGEN SAYS IT IS NOT UNDER RECALL NOR COVERED BY MY WARRANTY AND WILL CHARGE ME $615 TO FIX IT. INVOICE FROM THE DEALER IS ATTACHED.",05/07/2018,05/07/2018,,False,False,0,0,3VW817AU0FM
11076024,2015,"Volkswagen Group of America, Inc.",GOLF,"STEERING,AIR BAGS","TAKATA RECALL- 2015 GTI. TURNED CAR ON AT 5:30 AFTER WORK AND AIRBAG ERROR LIGHT CAME ON, NO CONTROLS IN STEERING WHEEL WORKING LIKE VOLUME , BLUE TOOTH CRUISE CONTROL AND HORN. CAR WAS PARKED FOR 8 HOURS. LIGHT DRIVING CITY TRAFFIC USUALLY FROM AND BACK TO WORK.  THERE WAS NO INDICATION, JUST STOPPED. 44.000 MILES. CAR WAS BOUGHT AT 34500 MILES EXACTLY ONE YEAR AGO (2017) NO HORN AND NO AIRBAG WORKING AS OF YESTERDAY IS A SAFETY ISSUE AND DEALERSHIP SAID THERE IS NO RECALL ON THIS PARTICULAR MAKE MODEL YEAR !",03/03/2018,03/01/2018,,False,False,0,0,3VW547AU4FM
11061634,2015,"Volkswagen Group of America, Inc.",GOLF,"ELECTRICAL SYSTEM,SERVICE BRAKES,ENGINE","I DROVE THE CAR TO A MEETING ON THURSDAY EVENING, JAN 4TH, 2018.  PARKED IT IN A RESIDENTIAL HOME OFFICE PARKING AREA IN SANTA FE, NM AT 6PM.  AT 6:10PM ANOTHER PERSON ARRIVED TO THE MEETING AND SAID SHE SAW FLAMES BY A RED CAR.  IT WAS MY GOLF.  SEVERAL OF US WENT OUT WITH POTS OF WATER AND A HOSE TO CONTAIN THE FIRE.  MOVED THE OTHER VEHICLES AWAY FROM IT TO AVOID IT SPREADING.  THE FLAMES CAME DOWN FROM THE ENGINE ONTO THE GROUND IN FRONT OF THE BUMPER.  IT WAS SMOKY AND SMELT HORRIBLE. WE WERE ABLE TO CONTAIN THE FIRE. WHEN THE FIRE DEPT ARRIVED THEY USED A SPECIAL TOOL TO PRY THE HOOD OPEN AND USED THE RESIDENTIAL GARDEN HOSE TO DOUSE THE ENGINE TO STOP THE SMOLDERING AND REDUCE THE HEAT OF THE VEHICLE TO ASSURE IT WOULD NOT IGNITE AGAIN. THE  CAR WAS ASSESSED AS TOTALED.  I JUST BOUGHT IT FROM VW UPTOWN ABQ.  IT WAS A TDI THAT HAD THE MODIFICATION FOR THE EMISSIONS CLASS ACTION SUIT.",01/10/2018,01/04/2018,,False,True,0,0,3VW2A7AUXFM
11054733,2015,"Volkswagen Group of America, Inc.",GOLF,FUEL/PROPULSION SYSTEM,RUST ON FUEL FILTER HOUSING DISCOVERED DURING 60K MILE FUEL FILTER CHANGE OF 2015 GOLF TDI (SEE PHOTO). TOLD THIS CAN LEAD TO POTENTIAL MAJOR DAMAGE TO HIGH PRESSURE FUEL PUMP IF PARTICLES COME OFF.  ONLY USE HIGH-QUALITY DIESEL SO NOT SURE HOW THIS HAPPENED.,12/14/2017,12/13/2017,,False,False,0,0,3VW2A7AU6FM
11054737,2015,"Volkswagen Group of America, Inc.",GOLF,ELECTRICAL SYSTEM,CLOCK SPRING FAILURE IN THE STEERING WHEEL DISABLED AIRBAG OF 2015 GOLF.,12/14/2017,11/01/2017,,False,False,0,0,3VW2A7AU6FM
11047379,2015,"Volkswagen Group of America, Inc.",GOLF,"STEERING,AIR BAGS,UNKNOWN OR OTHER","STEERING COLUMN CONTROL MECHANISM, AIR BAG SENSOR, LOCK MECHANISM. SAW AN ARTICLE POSTED LAST WEEK ABOUT PREVIOUS RECALL NOT RESOLVING A KNOW ISSUE WITH AIRBAGS THAT AFFECTS THE STEERING COLUMN. I JUST HAD TO PAY $641.10 TO HAVE THIS REPAIRED.  IF THIS IS SOMETHING THAT VW SHOULD HAVE HAD TO PAY FOR I WOULD LOVE TO BE ABLE TO RECOUP MY MONEY.",11/20/2017,10/11/2017,,False,False,0,0,3AVW2A7AYU5
10993125,2015,"Volkswagen Group of America, Inc.",GOLF,"STEERING,UNKNOWN OR OTHER,SERVICE BRAKES",UNSAFE 110N SR-43 OFF RAMP,06/05/2017,06/13/2015,,True,False,2,0,3VW917AU8FM
10992348,2015,"Volkswagen Group of America, Inc.",GOLF,"WHEELS,SERVICE BRAKES","NHTSA RECALL NUMBER:15V705  MANUFACTURER RECALL NUMBER: 23R1  EXIT AVE43, WHILE I TRIED TO TURNED RIGHT FOR SMALL CURVED THE VEHICLE WAS BRAKING.  THAT DAY I JUST WENT TO REPAIR MY TIRE I GOT SOME NAIL IN MY TIRE I'M NOT SURE THAT DEALER PUT THE AIR ENOUGH OR CHECK MY TIRE PRESSURE OR NOT?    I JUST GOT VEHICLE 40DAYS AND DEALER SHIP NOT PUT GAP THAT NOT OVER $2000 FOR MY NEW CAR BUT THEY PUT VWCARE FOR $2000 FOR ME.  RECALL FOR NEW VEHICLE INCOMPLETE BEFORE SOLD FOR ME I GOT A REPORT THAT DEALER DIDN'T SEND THAT VEHICLE FOR REPAIR.    FIRST TIME BUYER NEW CAR NO GAP BUT HAS VWCARE FOR $2000.  I'M ASKING ABOUT RECALL THEY NOT ANSWER MY QUESTION.",05/30/2017,06/13/2015,,True,False,2,0,3VW917AU8FM
10983166,2015,"Volkswagen Group of America, Inc.",GOLF,FUEL/PROPULSION SYSTEM,AFTER 60000 MILES THE AD BLUE DEF SYSTEM MALFUNCTIONED CAUSING THE ENGINE TO SHUT DOWN AFTER 600 MILES. WE STOPPED AND REFILLED THE DEF BUT THE MALFUNCTION PERSISTED. THE PROBLEM WAS FINALLY DIAGNOSED AS A MALFUNCTION PUMP. THE PART WAS BACKORDERED NATIONWIDE ACCORDING TO THE DEALER SUGGESTING THIS IS A FREQUENT FAILURE. A RECALL SHOULD BE CONSIDERED. THE REPAIR COST $1300 AND THE CAR HAS BEEN OUT OF SERVICE FOR 4 DAYS AND NO PART IS YET AVAILABLE0,05/02/2017,04/26/2017,,False,False,0,0,3VWRA7AU7FM
10972323,2015,"Volkswagen Group of America, Inc.",GOLF,"ENGINE,FUEL/PROPULSION SYSTEM",FOLLOWING THE RECALL NOTICE THAT I RECEIVED,04/13/2017,04/06/2017,,False,False,0,0,3VW2A7AU3FM
10957577,2015,"Volkswagen Group of America, Inc.",GOLF,VISIBILITY/WIPER,"THE PANORAMIC SUNROOF ON MY 2015 VW GOLF SE SPONTANEOUSLY EXPLODED WHILE DRIVING APPROXIMATELY 60 MPH ON THE FREEWAY AT APPROXIMATELY 9:15 PM ON 2/27/2017 ON HIGHWAY 880 IN OAKLAND, ABOUT 1/2 MILE SOUTH OF THE ORACLE COLISEUM. NO CARS WERE NEAR ME AND I WAS NOT UNDER A BRIDGE, THUS NO EVIDENCE THAT THE SUNROOF WAS STRUCK BY AN EXTERNAL OBJECT. THERE WAS ALSO NO VISIBLE EVIDENCE OF DAMAGE TO THE GLASS PRIOR TO ENTERING THE VEHICLE, I CHECK EVERY TIME I BUY GAS. THE GLASS SHATTERED SUDDENLY IN A LOUD EXPLOSION THAT SOUNDED LIKE A GUNSHOT AND SHARDS WERE SCATTERED THROUGHOUT THE INTERIOR OF THE VEHICLE AND COVERED MYSELF AND MY PASSENGER - ALTHOUGH MOST OF THE SHARDS BLEW OUTWARD AND LANDED ON THE ROAD.    THE EXPERIENCE WAS EXTREMELY FRIGHTENING AND COULD HAVE CAUSED SERIOUS INJURIES. LUCKILY I WAS ABLE TO MAINTAIN CALM AND SLOWLY DRIVE OFF THE FREEWAY RATHER THAN JERKING THE WHEEL WHEN THE EXPLOSION HAPPENED. THE ONLY INJURIES ARE EMOTIONAL AND 12 HOURS LATER I AM STILL FINDING SMALL SHARDS OF GLASS ON MY PERSON (HAIR, INSIDE MY MOUTH AND NOSE, ON MY CLOTHES).",02/28/2017,02/27/2017,,False,False,0,0,3VW217AU7FM
10947669,2015,"Volkswagen Group of America, Inc.",GOLF,AIR BAGS,ONGOING AIRBAG DEFECT WARNING LIGHT COMES ON WHEN DRIVING.  ALSO WARNING ON INFORMATION SCREEN. DEALER HAS MADE SEVERAL UNSUCCESSFUL ATTEMPTS TO REPAIR.  CAR HAS ONLY 5700 MILES ON IT.  *TR,01/25/2017,11/14/2016,,False,False,0,0,3VWC17AU6FM
10944510,2015,"Volkswagen Group of America, Inc.",GOLF,"ELECTRICAL SYSTEM,ENGINE,FUEL/PROPULSION SYSTEM","NEED TO FIND OUT IF THERE ARE ANY RECALLS WITH THE VW GOLF R 2015 MODEL.  ANYTHING RELATED TO ENGINE, FUEL SYSTEM, EXHAUST THAT WOULD CAUSE A FIRE",01/12/2017,01/05/2017,,False,True,0,0,WVWLF7AU1FW
10940224,2015,"Volkswagen Group of America, Inc.",GOLF,"POWER TRAIN,ELECTRICAL SYSTEM","WHILE DRIVING AT APPROXIMATELY 30 MILES PER HOUR THE CAR CAME UP WITH AN ALERT OF ELECTRICAL FAULT STOP NOW AND THE POWERTRAIN SHUT DOWN WITH ZERO THROTTLE RESPONSE. I WAS ABLE TO PULL INTO THE RIGHT LANE AND PARTY INTO A DRIVEWAY OF A FAST FOOD RESTAURANT. I WAS UNABLE TO TURN OFF THE CAR, I GOT OUT AND PUSHED IT INTO THE PARKING LOT. EVENTUALLY THE CAR TURNED OFF AND AFTER A FEW ATTEMPTS I WAS ABLE TO TURN IT BACK ON. I WAS IN ""B"" MODE (REGENERATIVE BRAKING MODE) AND DECIDED TO DRIVE IT IN ""D"" (REGULAR DRIVE) THE EXTRA 2 MILES HOME. THIS SHUTDOWN OFFERED NO WARNING AND NO ""LIMP MODE"", HAD I BEEN IN A BUSIER AREA THIS COULD EASILY HAVE LEAD TO A CRASH.",01/06/2017,01/05/2017,,False,False,0,0,WVWPP7AU5FW
10939555,2015,"Volkswagen Group of America, Inc.",GOLF,"WHEELS,SERVICE BRAKES",TAKATA RECALL,01/04/2017,06/13/2015,,True,False,2,0,3VW917AU8FM
10936537,2015,"Volkswagen Group of America, Inc.",GOLF,ENGINE,"WHEN I STARTED MY CAR, THE ENGINE JUMPED AND THE CAR SHOOK. I TRIED TO DRIVE IT BUT COULDN'T GET MORE THAN 10 FEET WITHOUT IT CONSTANTLY FEELING LIKE IT WAS BOTH STARTING AND STALLING, AND ROCKING BACK AND FORTH. I HAD TO PARK IT, AND EVEN WHEN COMPLETELY STOPPED THE CAR WOULD SHAKE AND THE ENGINE MADE A TERRIBLE NOISE. MY CAR STARTED TO SMELL REALLY BAD. THE DEALERSHIP TELLS ME THAT IT IS A COIL FAILURE IN THE ENGINE, WHICH CAUSED COMPLETE ENGINE FAILURE AND LEFT ME STRANDED.",12/20/2016,12/19/2016,,False,False,0,0,3VW217AU5FM
10936218,2015,"Volkswagen Group of America, Inc.",GOLF,"AIR BAGS,UNKNOWN OR OTHER",I'M A DRIVER WHO DRIVE THIS CAR WHEN I TRIED TO TURN LEFT THE VEHICLE HAS AIRBAG POP UP AND THE CAR WAS STOPPED AND HIT WHEN IM OFF THE FREEWAY,12/19/2016,06/13/2015,,True,False,2,0,3VW917AU8FM
10935556,2015,"Volkswagen Group of America, Inc.",GOLF,ENGINE,"VERY ROUGH IDLE/DANGEROUS LOSS OF POWER  ELECTRONIC POWER CONTROL LIGHT ILLUMINATES.   CAR DEVELOPS ISSUE IN 2 INSTANCES, WILL IDLE SMOOTHLY AT REST AND THEN EPC LIGHT WILL ILLUMINATE AND VERY ROUGH IDLE WILL ENSUE WITH ENTIRE CAR SHAKING. CAR MUST BE SHUTOFF AND RESTARTED TO CORRECT. ONCE RESTARTED CAR WILL IDLE NORMALLY AND LIGHT IS OFF. SECOND ISSUE IS WITH CAR AT LOAD, DRIVING NORMAL SPEEDS WHEN EPC LIGHT WILL COME ON AND ENGINE POWER IS DRAMATICALLY REDUCED MAKING FOR EXTREMELY HAZARDOUS CONDITION IF PULLING OUT OR ACCELERATING IN TRAFFIC. SUDDEN LOSS OF POWER CAN ONLY BE  RESOLVED IF SAFE PLACE AVAILABLE TO PULLOVER AND RESTART THE CAR. VW DEALER SAYS THEY CAN ONLY REPAIR CAR IF IT DISPLAYS BEHAVIOR AT SHOP. SINCE LIGHT IS OFF WHEN RESTARTED IT IS NOT RUNNING POORLY WHEN DRIVEN IN FOR SERVICE THEY STATE NO PROBLEM FOUND. THEY CLAIM THE ECU FAULT CODE DOES NOT TELL THEM THE CAUSE ONLY THAT IT HAPPENED EVEN THOUGH OTHER DIAGNOSTIC TOOLS DESCRIBE THROTTLE BODY ISSUES OR BAD SPARKPLUG COILS MAY BE AT FAULT. WHITE KNUCKLE ISSUE WHICH ELIMINATES CONFIDENCE IN DAY TO DAY DRIVING. THERE IS NO WARNING INVOLVED IT JUST HAPPENS. CASUAL RESEARCH INTO THESE SYMPTOMS RESULTS IN AN ALARMING NUMBER OF OWNERS WHO HAVE EXPERIENCED SAME ISSUES. CAR UNSAFE TO DRIVE WHEN POWER LOSS MANIFESTS ITSELF. MANY OTHERS ALSO DESCRIBE A FAULTY WIRING HARNESS FOR THROTTLE BODY FOR WHICH THERE IS AN INTERNAL VW TSB BUT DEALERS SAY IS TIME  CONSUMING AND THEY ARE NOT REIMBURSED FOR IN A TIMELY MANNER BY VW OF NA. DISAPPOINTMENT AND THEN SOME.  *TR",12/15/2016,12/10/2016,,False,False,0,0,3VW5T7AU3FM
10929773,2015,"Volkswagen Group of America, Inc.",GOLF,"AIR BAGS,WHEELS",I WAS DRIVING ON 210N PASADENA FWY WITH MY GIRLFRIEND AND OFF AVE43 AROUND 4AM.  I TRIED TO TURN WHEEL FOR OFF BUT AIRBAG FROM WHEEL COME OUT WHILE I TURN OFF FWY  AND THAT DAY I JUST WENT TO ONE OF VWDEALER FOR CHECK SOME THING AND AFTER THAT I GOT A LOGO OF VW ON MY HAND LIKE A TATTOO AND MY CAR IT WAS TOTAL LOSS.  MY GIRLFRIEND SHE WAS PAIN INSIDE HER BACK BECAUSE WE BOTH GOT AN ACCIDENT FROM SOMEBODY HIT BEHIND MY CAR.  I BOUGHT A NEW CAR AND FIRST TIME BUYER AND I NEVER KNOW ABOUT GAP INSURANCE ON THAT TIME I JUST BOUGHT FOR ABOUT 2MONTH AND STILL OWN THAT MONEY EFFECT TO MY CREDIT UNTIL NOW. MY JOB IS DRIVER AND I NEED A CAR SO HOW CAN I DO WITH THIS PROBLEM.  *TR,12/04/2016,06/13/2015,,True,False,2,0,3VW917AU8FM
10924689,2015,"Volkswagen Group of America, Inc.",GOLF,"ENGINE,FUEL/PROPULSION SYSTEM","TL* THE CONTACT OWNS A 2015 VOLKSWAGEN GOLF. THE CONTACT RECEIVED NOTIFICATION OF NHTSA CAMPAIGN NUMBER: 16V647000 (ENGINE AND ENGINE COOLING, FUEL SYSTEM, GASOLINE). THE CONTACT MADE SEVERAL ATTEMPTS TO REACH THE MANUFACTURER AND WAS REFERRED TO AN AUTHORIZED DEALER, BUT WAS UNABLE TO REACH A LIVE AGENT FOR WEEKS. THE DEALER WAS UNAWARE AS TO WHEN THE MANUFACTURER WOULD SUPPLY THE PARTS TO THE DEALER. THE CONTACT WAS NOT EXPERIENCING A FAILURE. PARTS DISTRIBUTION DISCONNECT.",11/07/2016,10/03/2016,,False,False,0,0,3VW217AU7FM
10915886,2015,"Volkswagen Group of America, Inc.",GOLF,VEHICLE SPEED CONTROL,"WHEN VW UPDATED THE SOFTWARE TO CORRECT THE DEFECTIVE CAMSHAFT, THEY DISABLED THE CRUISE CONTROL FEATURES AND ARE UNABLE AND UNWILLING TO CORRECT,  THE VEHICLE IS RUNNING WHEN THIS DISABLED FEATURE IMPACTS THE CAR UNDER ALL DRIVING CONDITIONS.",10/13/2016,03/01/2016,,False,False,0,0,3VW217AU7FM
10899470,2015,"Volkswagen Group of America, Inc.",GOLF,FUEL/PROPULSION SYSTEM,"AT LESS THAN 20,000 MILES THE GLOW PLUG LIGHT STARTED COMING ON WHILE DRIVING AT HIGHWAY SPEEDS AND THEN THE VEHICLE LOSES POWER, DROPPING DOWN TO ABOUT 30MPH.  SHUTTING ENGINE OFF CORRECTS BUT WILL REOCCUR NEXT TIME VEHICLE IS STARTED AFTER BEING PARKED FOR THE DAY.  THEN THE CHECK ENGINE LIGHT AND SERVICE NOW LIGHTS ALSO COME ON.  TOOK TO VW DEALER, AFTER 4 HOURS TOLD IT WAS A FUEL PROBLEM WITH METAL IN THE FUEL.  A SAMPLE MUST BE SENT TO VWS LAB AND IT WILL TAKE WEEKS FOR AN ANSWER.  THEY ARE PRESUMPTIVELY BLAMING BAD FUEL AND WILL NOT COVER UNDER WARRANTY.  I BELIEVE THE FUEL PUMP IS THE SOURCE OF THE METAL IN THE FUEL AS THERE HAS BEEN A BEARING SQUEAL NOISE FOR ABOUT 2 WEEKS BEFORE THIS HAPPENED.  I DON'T HAVE ANY DOCUMENTS TO ATTACH AS THEY STILL HAVE THE VEHICLE AT THE DEALERSHIP.",08/30/2016,08/23/2016,,False,False,0,0,3VW2A7AU7FM
10864490,2015,"Volkswagen Group of America, Inc.",GOLF,UNKNOWN OR OTHER,WHEN I PUT MY HAND INSIDE  THE COMPARTMENT BELOW THE AIR CONDITIONER KNOBS AND IN FRONT OF THE SHIFT-STICK  I CUT MYSELF ( TWO FINGERS ) WITH THE EDGE OF THE METAL PART NEAR IT. THAT METAL PART IS EXPOSED AND IS SHARP AND CUTS LIKE A THIN PAPER OR A KNIFE. THE VEHICLE WAS PARKED.,05/11/2016,05/10/2016,,False,False,1,0,3VWCA7AU4FM
10863545,2015,"Volkswagen Group of America, Inc.",GOLF,ELECTRICAL SYSTEM,"CHARGING PORT FAILURE LOCKED CHARGER HANDLE IN PLACE. COULD NOT MOVE VEHICLE UNTIL EVSE WAS REMOVED FROM BUILDING. THEN CAR WAS TOWED TO SERVICE CENTER WHERE CAR'S CHARGING PORT WAS REPLACED. CAR WAS STATIONARY, CHARGING ON A LEVEL 2 EVSE. MANUAL OVERRIDE PROCEDURE DESCRIBED IN OWNER'S MANUAL FAILED TO UNLOCK CHARGING PORT.## VIN PASSED ## VW E-GOLF SEL 2015 ##",05/06/2016,04/25/2016,,False,False,0,0,WVWPP7AUXFW
10855306,2015,"Volkswagen Group of America, Inc.",GOLF,UNKNOWN OR OTHER,"PARKED CAR IN DRIVEWAY, IN THE MORNING PANORAMIC SUNROOF WAS COMPLETELY SHATTERED. NOT AN ATTEMPTED BREAK IN, IT APPEARS SPONTANEOUS, LIKE PRESSURE BUILT UP IN THE GLASS MADE IT EXPLODE OR BURST.",04/13/2016,04/13/2016,,False,False,0,0,3VW217AU4FM
10854580,2015,"Volkswagen Group of America, Inc.",GOLF,UNKNOWN OR OTHER,"1ST INCIDENT IN JANUARY 2016I WAS DRIVING ON HIGHWAY AND CONSTRUCTION BARRELL ROLLED ACROSS HIGHWAY.  MY FORWARD COLLISION WARNING SYSTEM DID NOT ACTIVATE; I HAD TO HIT THE BARRELL; LOTS OF DAMAGE TO MY CAR; THE BOSCH RADAR WARNING SYSTEM IS HELD IN PLACE WITH PLASTIC AND IT BROKE OFF DURING COLLISION.  2ND INCIDENT,APRIL 2016  HIT A RUBBER CONE THAT HAD FALLEN OUT OF A TRUCK ON THE HIGHWAY.  THE WARNING SYSTEM SENSOR BROKE OFF AGAIN. WHEN I PURCHASED THE CAR NEW,  I PAID EXTRA FOR THE EXPENSIVE $1,000 +DRIVER ASSISTANCE PACKAGE WITH FORWARD COLLISION WARNING SYSTEM.  IT HAS NOT ONLY FAILED ME TWICE, IT BREAKS EASILY BECAUSE A PIECE OF PLASTIC HOLDS IT IN PLACE.  I HAVE LOOKED AROUND AND HAVE NOT SEEN ANY OTHER CARS WHERE THIS IMPORTANT SENSOR IS POSITIONED SO OPENLY AND IS SO VULNERABLE TO BEING HIT BY SMALL OBJECTS AND BREAKING AND NOT MAKING THE CAR RESPOND.  THIS POORLY DESIGNED SAFETY DEVICE IS VERY FRAGILE.  EVEN THE VOLKSWAGON DEALERSHIP AGREED THAT IT IS A POOR DESIGN AND THE COLLISION WARNING SYSTEM WILL ONLY WORK IF THERE IS TO BE A COLLISION WITH ANOTHER CAR.  THIS IMPORTANT SAFETY DEVICE BREAKS OFF TOO EASILY. DID NOT HAVE POLICE REPORT FOR FIRST INCIDENT, BUT HAD INSURANCE CLAIM..POLICE REPORT NUMBER FOR THE SECOND INCIDENT IS 16-011613 (DURHAM, N.C.).  THE PART I AM MOST CONCERNED ABOUT IS: BOSCH, RADAR SENSOR, 5Q0907561F.",04/09/2016,04/06/2016,,True,False,0,0,3VW217AU3FM
10850575,2015,"Volkswagen Group of America, Inc.",GOLF,ENGINE AND ENGINE COOLING,LETTER FROM SENATOR BROWN ON BEHALF OF CONSTITUENT REGARDING HIS DISSATISFACTION WITH THE VOLKSWAGEN GROUP OF AMERICA FOLLOWING THE PURCHASE OF HIS JETTA TDI (ATTN: JOHN PATTERSON).  *SMD  THE CONSUMER STATED VOLKSWAGEN DELIBERATELY ADDED SOFTWARE TO DECEIVE ITS OWNERS. *JB,03/21/2016,03/01/2016,,False,False,0,0,3VWFA7AU6FM
10850324,2015,"Volkswagen Group of America, Inc.",GOLF,"POWER TRAIN,ELECTRICAL SYSTEM,ENGINE","2015 GOLF STARTED EXPERIENCING PROBLEMS WITH THE ENGINE/TRANSMISSION AFTER FEB 5, 2016 ON THREE DIFFERENT OCCASIONS. UPON STARTING CAR THE IDLE IS EXTREMELY ROUGH AND THEN A WARNING MESSAGE APPEARS THAT STARTS OUT WITH ""TRANSMISSION..."" GOES OFF QUICKLY BUT A HIGHLIGHTED EXCLAMATION POINT REMAINS. THE MESSAGE GOES OFF TOO QUICKLY TO CAPTURE A PICTURE OF IT. THE EXCLAMATION POINT AND ROUGH IDLE REMAINS UNTIL THE CAR IS TURNED OFF. WHEN THE CAR IS TURNED ON AGAIN IT IS FINE. THE CAR IS CURRENTLY AT A DEALER TO BE REPAIRED AS THEY STATE: WE HAVE TO REPLACE THE SHIFTER ASSEMBLY. I HAVE BEEN TOLD I CANNOT DRIVE IT, THAT THE CAR HAS TO STAY IN THE SHOP AND WAIT FOR A PART TO ARRIVE SOMETIME NEXT WEEK. THIS PROBLEM IS SEPARATE FROM THE OTHER PROBLEMS I HAVE EXPERIENCED:  1). THE RIGHT FRONT SEAT HEATER COME ON AND HEATS UP TO EXTREMELY UNCOMFORTABLE DEGREES-- DEALER SAYS THEY CANNOT FIND A PROBLEM.   2). THE NAVIGATION SYSTEM GOES BLANK-- DOESN'T WORK-- DEALER CAN'T FIND THE PROBLEM  3). A WARNING AND BEEPING THAT THE FRONT RIGHT SEAT BELT NEEDS TO BE FASTENED-- AND NO ONE IS IN THE SEAT, JUST A CELL PHONE.   THIS GOLF ONLY HAS 10,600 MILES ON IT.... DID I PURCHASE A LEMON?  THE DATE BELOW IS THE LAST TIME THE PROBLEM OCCURRED.   IT MAY OR MAY NOT HAVE ANYTHING TO DO WITH IT BUT THE CAR DID NOT HAVE THIS PROBLEM UNTIL AFTER THE TRANSMISSION SOFTWARE UPDATE WAS DONE IN FEBRUARY.",03/17/2016,03/16/2016,,False,False,0,0,3VW217AU4FM
10825932,2015,"Volkswagen Group of America, Inc.",GOLF,VEHICLE SPEED CONTROL,"IN 3 SEPARATE INSTANCES, WHILE DRIVING AT HIGHWAY SPEEDS (65-72 MPH), THE CRUISE CONTROL HAS DISENGAGED, CAUSING SUDDEN AND RAPID DECELERATION OF THE VEHICLE.  IN ALL INSTANCES, THE PAVEMENT WAS DRY, I WAS NOT TAILGATING, AND FEET WERE NOT NEAR THE BRAKE (I.E. I DID NOT ACCIDENTALLY HIT THE BRAKE).  THIS IS A DANGEROUS SCENARIO.  WILL BE TAKING THE CAR INTO DEALER IN A FEW WEEKS, BUT UNSURE THEY WILL BE ABLE TO REPRODUCE OR DIAGNOSE THE PROBLEM.  SEVERAL OTHER OWNERS OF GOLFS HAVE REPORTED THIS SAME ISSUE ON THE TDI FORUM.",02/13/2016,01/14/2016,,False,False,0,0,3VWCA7AU8FM
10824898,2015,"Volkswagen Group of America, Inc.",GOLF,"SERVICE BRAKES,ENGINE","TL* THE CONTACT OWNS A 2015 VOLKSWAGEN GOLF. THE CONTACT RECEIVED NOTIFICATION OF NHTSA CAMPAIGN NUMBER: 15V705000 (ENGINE AND ENGINE COOLING, SERVICE BRAKES, HYDRAULIC) AND WAS UNABLE TO DETERMINE WHEN THE PARTS WOULD BECOME AVAILABLE FOR LONGER THAN A MONTH. THE DEALER AND THE MANUFACTURER INFORMED THE CONTACT TO WAIT UNTIL THE SECOND NOTICE WAS MAILED TO DETERMINE WHEN THE PARTS WERE AVAILABLE. THE MANUFACTURER WAS UNABLE TO PROVIDE A TIME FRAME THAT THE PARTS WOULD BE SUPPLIED TO THE DEALER. THE CONTACT HAD NOT EXPERIENCED A FAILURE. VIN TOOL CONFIRMS PARTS NOT AVAILABLE.",02/08/2016,12/18/2015,,False,False,0,0,3VWC17AU9FM
10822447,2015,"Volkswagen Group of America, Inc.",GOLF,STRUCTURE,"I WAS DRIVING HOME FROM WORK TODAY ON THE INTERSTATE AND IT SOUNDED LIKE A SHOTGUN WENT OFF.  MY SUNROOF SHATTERED.  I LOOKED UP AND THERE WAS A HUGE HOLE IN THE MIDDLE.  IT WAS ABOUT 68 DEGREES F, SO IT WASN'T COLD.  I HAVE A GARMIN DASH CAM SO I WENT HOME AND REVIEWED THE VIDEO LOOKING FOR AN OBJECT COMING FROM THE SKY OR ROAD JUST BEFORE THE SOUND IN THE VIDEO.  NOTHING.  I DON'T BELIEVE THAT ANYTHING HIT THE SUNROOF.  I DID NOT HIT ANY POTHOLES.  THE GLASS JUST EXPLODED.  I GOOGLED GTI SUNROOF BREAK AND FOUND SOMEONE IN CANADA WITH THE SAME STORY.  I THINK VW HAS AN ISSUE.",01/26/2016,01/26/2016,,False,False,0,0,3VW5T7AU5FM
10821849,2015,"Volkswagen Group of America, Inc.",GOLF,AIR BAGS,AIRBAG SYSTEM IS NOT RECOGNIZING OCCUPANT IN FRONT PASSENGER SEAT.  AIRBAG IS OFF WITH SEAT OCCUPIED.  CALLED VW CUSTOMER SERVICE TO ASK ABOUT RECALL 69L6 WHICH DESCRIBES THIS PROBLEM AND WAS TOLD OUR VIN WAS NOT IN THE RECALL ALTHOUGH YOUR WEBSITE GIVES OUR MANUFACTURE DATE OF 18 JULY 2014 AS INSIDE THE RECALL RANGE.  PERHAPS THE RECALL SHOULD BE EXPANDED.  AIRBAG LIGHT ON AT ALL TIMES.,01/23/2016,01/21/2016,,False,False,0,0,3VW2A7AU6FM
10808181,2015,"Volkswagen Group of America, Inc.",GOLF,ENGINE,"2015 VW GOLF SPORTWAGEN TDI 2.0L    THE CAR HAS LESS THAN 5000 MILES ON IT AND ALREADY TWICE I GET AN ENGINE MALFUNCTION INDICATOR LIGHT (MIL) TO ""REDUCE OIL LEVEL.""  I HAVEN'T EVEN TAKEN IT IN FOR ITS FIRST SERVICE YET AND NOW THIS. TOO MUCH OIL?  I CHECKED THE LEVEL SEVERAL TIMES AND THE DIP STICK INDICATES THE LEVEL IS WITHIN TOLERANCE.",12/03/2015,12/03/2015,,False,False,0,0,
10786213,2015,"Volkswagen Group of America, Inc.",GOLF,"UNKNOWN OR OTHER,ENGINE","THE FIRST TIME, BACKING OUT OF A PARKING SPACE IN PARKING LOT STARTED TO GO FORWARD AND THE CAR JUST SHUT OFF ON ITS OWN. IT HAS DONE THIS SEVERAL TIMES LEAVING ME IN IN HARMS WAY TRYING TO PULL OUT INTO TRAFFIC IT JUST SHUTS OFF ARBITRARILY NO TELLING WHEN ITS GOING TO HAPPEN. ALSO HAVE HAD PEOPLE IN THE CAR WITH ME WHEN IT HAS HAPPENED.[ KINDA LIKE PLAYING RUSSIAN ROULETTE ] HAVE HAD IT TO THE DEALERS THREE TIMES INSIDE OF 2300 AND THEY HAVE FOUND NOTHING. FIRST TIME 1 DAY  SECOND TIME 7 DAYS, MORE THAN LIKELY 3 OR 4 MORE DAYS AT DEALER NOW. THREE OF THE TIMES HAPPENED JUST STARTING TO PULL OUT  ON TO THE STREET. ONE IN A PARKING SPACE BACKED OUT STARTED TO GO AND IT DIED. ONE TIME TURNING ON CITY STREETS . TO ME MIGHT BE FUEL PUMP OR SOMETHING ELECTRICAL.",10/27/2015,10/23/2015,,False,False,0,0,3VWCA7AU3FM
10781635,2015,"Volkswagen Group of America, Inc.",GOLF,"STEERING,POWER TRAIN","TL* THE CONTACT OWNS A 2015 VOLKSWAGEN GOLF. WHILE DRIVING 20 MPH AND ATTEMPTING TO ACCELERATE TO 30 MPH, THE STEERING WHEEL AND VEHICLE WOULD VIBRATE. THE VEHICLE WAS TAKEN TO THE DEALER WHERE IT WAS DIAGNOSED THAT THE AXLE NEEDED TO BE REPAIRED. THE AXLE WAS REPAIRED; HOWEVER, THE STEERING WHEEL CONTINUED TO VIBRATE. THE MANUFACTURER WAS MADE AWARE OF THE FAILURE. THE FAILURE MILEAGE WAS 800.",10/13/2015,08/27/2015,,False,False,0,0,3VW217AU5FM
10777992,2015,"Volkswagen Group of America, Inc.",GOLF,UNKNOWN OR OTHER,CAR HAS SHUT DOWN AFTER STOPPING 4 TIMES NOW STARTING IN JUNE OF THIS YEAR LAST INCIDENT WAS 11 SEPT 2015 TOOK TO KALAMAZOO VW SERVICE DID NOT FIND ANY FAULT CODES ALSO KEY FOB WILL NOT UNLOCK CAR WITHIN RANGE OR NOT START VEHICLE WILL STATE KEY FOB NOT IN RANGE WHEN TRYING TO START WITH KEY IN CAR.,09/28/2015,06/17/2015,,False,False,0,0,3VWCA7AU8FM
10748597,2015,"Volkswagen Group of America, Inc.",GOLF,"ELECTRICAL SYSTEM,ENGINE","I LEASED THE E-GOLF FOR ABOUT 4 MONTHS. I WAS DRIVING DOWN THE STREET AND SUDDENLY CAR SHUT DOWN. AN ERROR ""ERROR:ELECTRICAL SYSTEM. STOP!"" APPEARED. CAR STOPPED AND BLOCKED THE LANE. I CALLED VW SOS AND THEY CONNECTED ME TO 911.  POLICE OFFICER CAME AND HELPED ME PULLING THE CAR TO THE ROADSIDE. THE WINDOWS AND MULTIMEDIA WORKED. TRIED TO PRESS THE POWER BUTTON OFF AND TURNED IT ON BUT SAME ERROR SHOWED. I WAITED FOR ONE HOUR TO TOW MY CAR TO THE DEALER. I GOT CAR BACK FROM DEALER 4 DAYS LATER, IN THEIR REPORT STATED "" CHECKED FAULTS IN SYSTEM, FOUND P0C0100 DRIVE MOTOR A CURRENT HIGH. CONTACTED VW HELPLINE. VW HELPLINE ADVISED THESE FAULTS ARE RELATED TO CUSTOMER PRESSING START/STOP BUTTON WHILE DRIVING"" , I'M PRETTY SURE I DIDN'T TOUCH THE POWER BUTTON WHEN DRIVING. AND THEY "" CLEARED ALL FAULTS, SET BASIC SETTING FOR ELECTRIC DRIVE AND ROAD TESTED EXTENSIVELY FOR 90 MILES AND NO MALFUNCTION OCCURRED AT THIS TIME"". I LIKE THE CAR'S DESIGN AND STILL DRIVING THE CAR DAILY BUT JUST REALLY REALLY WORRY ABOUT THE SAFETY.",08/13/2015,08/09/2015,,False,False,0,0,WVWKP7AU3FW
10746890,2015,"Volkswagen Group of America, Inc.",GOLF,"POWER TRAIN,ELECTRICAL SYSTEM","WHILST DRIVING HOME AT APPROXIMATELY 6:30 PM DURING HEAVY FREEWAY TRAFFIC, APPROXIMATELY  70 MPH THE ELECTRONIC DRIVE SYSTEM OF THE VW EGOLF DIED. I LOST ALL POWER AND WAS FORCED TO PULL ACROSS THREE  LANES OF TRAFFIC TO REACH THE SAFETY OF THE SHOULDER. WHILE NO ACCIDENT, THAT WAS MORE LUCK THAN ANYTHING ELSE AND GRACE OF OTHER DRIVERS ALLOWING ME TO DIRECTLY MOVE IN FRONT OF THEM. VEHICLE HAD CODE P32B2 AND P060C REPORTED BY VW REPORT AND REPLACED PARTS: 5QE-907-070-C AND 12E-998-152-A. DEALER WOULD NOT PROVIDE ANY ADDITIONAL INFORMATION DESPITE MY CONTINUED REQUESTS IN TO THE CAUSE OF FAILURE. UPDATED 11/05/15  *BF  THE VEHICLE WAS RETURNED TO THE DEALER. IT HAS BEEN THERE SINCE JULY 28, 2015. THEY WERE STILL UNABLE TO REPAIR THE VEHICLE AS OF AUGUST 26, 2015. THE FAILURE WAS RELATED TO POWER AS THE BATTERY AND CHARGING SYSTEM FAILED AGAIN. UPDATED 11/17/15. *JB",08/06/2015,03/24/2015,,False,False,0,0,WVWPP7AU8FW
10745257,2015,"Volkswagen Group of America, Inc.",GOLF,POWER TRAIN,"WHEN TRYING TO ACCELERATE FROM A COMPLETE STOP, THE VEHICLE SOMETIMES LAGS THEN ACCELERATES ABRUPTLY OR IT BUCKS TWICE BEFORE ACCELERATING SMOOTHLY. IT NEEDS A CALIBRATION UPDATE FOR THE POWERTRAIN.   UPDATED 09/15/15*LJ        *CN",07/31/2015,05/30/2015,,False,False,0,0,3VW217AU1FM
10744652,2015,"Volkswagen Group of America, Inc.",GOLF,WHEELS,"I PURCHASED A 2015 VW GOLF TDI WITH 18"" WHEELS AND LOW PROFILE PIRELLI TIRES AUGUST 2014.  THIS VEHICLE WAS RE-ENGINEERED FOR THE US MARKET TO MAKE ROOM FOR THE UREA TANK THAT IS NEW AND SPECIFIC TO THE US TDI PLATFORM.  ALL OTHER GOLF MODELS HAVE AN INDEPENDENT SUSPENSION SYSTEM WHILE THIS MODEL WAS DOWNGRADED TO A TORSION BEAM REAR SUSPENSION.  THE VEHICLE IS EQUIPPED ON LOWER END MODELS WITH 16"" WHEELS AND HIGHER PROFILE TIRES, BUT THE HIGH END VEHICLES HAVE THE 18"" WHEELS AND LOW PROFILE TIRES AS STANDARD EQUIPMENT.  ON APRIL 25, I NOTICED A SIDEWALL BUBBLE ON A FRONT TIRE. VW REPLACED BOTH THE TIRE AND BENT RIM AND I WAS TOLD THE OTHER 3 RIMS WERE BENT.  THEN THE OTHER FRONT TIRE HAD A SIDEWALL BLOWOUT AND BOTH THAT TIRE AND WHEEL WERE REPLACED. THE OTHER WEEK I ENDED UP WITH A SIDE WALL NAIL IN A REAR TIRE.  THIS TIRE WAS REPLACED BUT NOT THE WHEEL AND I WAS TOLD THAT ALL WHEELS ARE BENT, INCLUDING THE 2 NEW WHEELS. I HAVE JUST UNDER 18000 MILES ON THE VEHICLE, HAVE CALLED VW AMERICA AND WAS SENT THE SPEC SHEET ON THE CAR.  I ASKED IF A CAR WITHOUT INDEPENDENT SUSPENSION WAS ENGINEERED FOR LOW PROFILE TIRES AND ASKED FOR SOMEONE TO EXPLAIN WHY I HAVE HAD 2 SIDEWALL ISSUES AND 6 BENT RIMS IN UNDER 18,000 MILES AND 11 MONTHS WITHOUT ANY RESPONSE OTHER THAN VW AMERICA SENDING THE SPEC SHEET.  I FEEL THAT THIS IS A SAFETY ISSUE AND ASKED FOR THE SPECIFIC ENGINEERING APPROVAL OF LOW PROFILE TIRES WITH THIS SUSPENSION SYSTEM AND WAS TOLD VW AMERICA DOES NOT HAVE THIS INFORMATION AND WOULD NOT PROVIDE IT TO ME IF THEY DID.",07/29/2015,04/25/2015,,False,False,0,0,3VW2A7AU5FM
10734705,2015,"Volkswagen Group of America, Inc.",GOLF,FUEL/PROPULSION SYSTEM,FAILURE OF ADBLUE EMISSIONS SYSTEM. DEALER REPLACED PUMP FAILED AGAIN BEFORE LEAVING WORK BAY,07/17/2015,07/08/2015,,False,False,0,0,3VW2A7AU5FM
10726947,2015,"Volkswagen Group of America, Inc.",GOLF,ELECTRICAL SYSTEM,"THE VW EGOLF AUTOMATICALLY TURNS ITSELF OFF WHEN THE DRIVER EXITS THE VEHICLE.  EVEN THOUGH THE KEY IS LEFT IN THE VEHICLE, ONCE THE DRIVER EXITS THE VEHICLE THE VEHICLE SHUTS DOWN.      THIS IS A SERIOUS SAFETY CONCERN.  YOU INTENTIONALLY LEAVE THE VEHICLE ON TO ENSURE THE CABIN IS MAINTAINING A COMFORTABLE TEMPERATURE FOR YOUR PASSENGERS...  MEANWHILE, THE VEHICLE SHUTS DOWN AND DISABLES THE CLIMATE CONTROL.  YOU HAVE NOW LEFT YOUR FAMILY MEMBERS, ELDERLY, CHILDREN, PETS, ETC POSSIBLY IN A HOT VEHICLE WITH NO WAY TO MAINTAIN CABIN TEMPERATURE!      PEOPLE, CHILDREN AND PETS DIE REGULARLY FROM CABIN EXTREME TEMPERATURES!     PLEASE CONTACT VW AND TELL THEM TO REVERSE THIS PROGRAMING!  A DRIVER/OWNER SHOULD HAVE CONTROL OVER THIS!  I'M NOT AWARE OF ANY OTHER VEHICLE IN THE MARKET THAT AUTOMATICALLY TURNS ITSELF OFF WHEN THE DRIVER EXITS THE VEHICLE!",06/23/2015,06/20/2015,,False,False,0,0,WVWPP7AU0FW
10726334,2015,"Volkswagen Group of America, Inc.",GOLF,UNKNOWN OR OTHER,"I WAS TRAVELING ON AN INTERSTATE HIGHWAY AT APPROXIMATELY 70 MILES AN HOUR AND MY SUNROOF EXPLODED WITHOUT WARNING.  TEMPERATURES OUTSIDE WERE IN THE MID 90'S, TIME OF DAY WAS 6:00 PM, I HAD AIR CONDITIONING RUNNING AND SUNROOF AND INTERIOR SHADE TOTALLY CLOSED.  AFTER THE EXPLOSION, THE SUNROOF WAS BOWED FROM THE INSIDE OUT (CONVEX CURVE) AND THE SAFETY GLASS WAS SHATTERED IN WEBLIKE PIECES.  I PULLED OVER AS SOON AS POSSIBLE AND I WAS MISSING GLASS FROM THE MIDDLE OF THE ROOF ABOUT THE SIZE OF AN OBLONG WATERMELON.",06/20/2015,06/10/2015,,False,False,0,0,3VW17AU7FM0
10725422,2015,"Volkswagen Group of America, Inc.",GOLF,"ELECTRICAL SYSTEM,ENGINE","I WAS IN HAYWARD ON THE 880 FREEWAY (FLAT, DRY ROAD) IN RUSH HOUR TRAFFIC, IN THE HOV LANE GOING ABOUT 40 MPH, AND MY VW E-GOLF  JUST SHUT DOWN AND SHOWED THE ERROR ""ELECTRICAL SYSTEM FAILURE: STOP!"". I HAD ENOUGH MOMENTUM TO COAST 5 FEET OVER TO THE LEFT SIDE (CENTER DIVIDER) I COULD NOT MAKE IT COMPLETELY OUT OF THE LANE. CARS WERE LAYING ON THEIR HORN AND SPEEDING PAST ME WHILE MY BUMPER HUNG OUT A FOOT INTO THE LANE. THE CAR IS 3 MONTHS OLD. IT HAD A CHARGE OF 86 MILES WHEN IT HAPPENED, I HAD IT ON A CHARGING STATION IT SHOWED I CHARGED MY CAR ACCUMULATED (KWH): 29.523. THE RADIO, WINDOWS, BLUETOOTH AND ALL OTHER ELECTRICAL POWERED INSTRUMENTS STILL WORKED. I PRESSED THE POWER BUTTON OFF AND TURNED IT ON AGAIN , THE ERROR STILL REMAINED, AND THE CAR WOULD NOT ""TURN ON"".",06/15/2015,06/10/2015,,False,False,0,0,WVWKP7AU4FW
10724109,2015,"Volkswagen Group of America, Inc.",GOLF,VEHICLE SPEED CONTROL,"THE MODEL ABOVE IS A GOLF TDI WITH A 6 SPEED MANUAL TRANSMISSION....AS I WAS DRIVING IN 6TH GEAR AT 60 M.P.H. WITH THE CRUISE ENGAGED I CAME UPON A DOWN GRADE AND AS I HAVE DONE FOR CLOSE TO 50 YEARS AND NUMEROUS STANDARD TRANSMISSION CARS, DOWN SHIFTED TO 5TH TO ALLOW ENGINE BRAKING DOWNHILL. WHEN I LET THE CLUTCH BACK OUT THE CAR ACCELERATED INSTEAD OF SLOWING BECAUSE THE CRUISE NEVER CANCELLED. IT WAS TRYING TO BRING ME BACK TO THE SET 60 M.P.H. SET SPEED. TOOK THE CAR TO THE DEALER, GANLEY VW NORTH OLMSTEAD OHIO, ON 6/8/15, AND AFTER THEY LOOKED AT IT I WAS TOLD THIS WAS ""NORMAL"" THIS WAS NEVER ""NORMAL"" WITH ANY OTHER CAR I HAVE OWNED AND IF SO IT DEFINITELY IS NOT A SAFE FEATURE.",06/08/2015,06/01/2015,,False,False,0,0,3VWRA7AU1FM
10715076,2015,"Volkswagen Group of America, Inc.",GOLF,VEHICLE SPEED CONTROL,"RURAL ROAD IN FLORIDA, CRUISE CONTROL SET TO SPEED LIMIT OF 45 MPH. APPROACHING A SHARP CURVE, I DOWN SHIFTED MY MANUAL TRANSMISSION FROM 5TH TO 3RD TO SLOW DOWN TO AN APPROPRIATE SPEED OF ABOUT 35 MPH.  WHEN I RELEASED THE CLUTCH, AND BEGAN STEERING INTO THE CURVE, THE CAR'S CRUISE CONTROL RE-ENGAGED AND I FOUND MYSELF STRUGGLING TO STEER AROUND THE CURVE AT 45 MPH.    EXACT MODEL IS GOLF SPORTWAGEN TDI SEL WITH MANUAL TRANSMISSION.    VW'S OWN INSTRUCTION VIDEO SAYS THAT WHEN THE CLUTCH PEDAL IS DEPRESSED THE CRUISE CONTROL DIS-ENGAGES AND THAT THE DRIVER MUST PRESS THE RESUME BUTTON FOR THE CRUISE CONTROL TO BE RE-ENGAGED.    IN MY 50 YEARS OF OPERATING AUTOMOBILES, EVERY CAR WITH CRUISE CONTROL AND A MANUAL TRANSMISSION HAS OPERATED PER THE INSTRUCTIONS IN THE VW VIDEO.    UPON CAREFUL READING OF THE OWNER'S MANUAL I FOUND THE FOLLOWING DISCLAIMER:  ""CHANGING GEARS WHEN CRUISE CONTROL IS ACTIVE ... THE CRUISE CONTROL REDUCES ACCELERATION AS SOON AS THE CLUTCH PEDAL IS PRESSED, AND AUTOMATICALLY CONTINUE TO REGULATE SPEED AFTER A GEAR CHANGE.""    THIS NON-STANDARD BEHAVIOR MAY SOON LEAD TO PEOPLE BEING KILLED.   *TR",05/07/2015,05/06/2015,,False,False,0,0,3VWFA7AU2FM
10714197,2015,"Volkswagen Group of America, Inc.",GOLF,"STRUCTURE,ENGINE","THE PAINT NEAR A BOLT FOR ENGINE SUPPORT ON THIS ALLEGED NEW CAR IS DAMAGED, AND BARE METAL IS EXPOSED. AS THE RUST DEVELOPS, THE ENGINE SUPPORT MAY FAIL, AND THE ENGINE BLOCK MAY GO OUT OF POSITION. THIS CAN CAUSE FATAL ACCIDENT. BELOW IS THE PICTURE OF THE PAINT DAMAGE. THE WEB ADDRESS IS CASE SENSITIVE.  HTTPS://LH3.GOOGLEUSERCONTENT.COM/-YVIYISDZMDO/VUVSSTKR7UI/AAAAAAAACBO/IEPTS_IAK4C/W1219-H914-NO/IMG_3189.JPG.  *TR",05/02/2015,05/01/2015,,False,False,0,0,3VW817AU2FM
10714200,2015,"Volkswagen Group of America, Inc.",GOLF,"STRUCTURE,ENGINE","TWO FOAM PIECES, ONE ON THE LEFT AND THE OTHER ON THE RIGHT, IN THE ENGINE COMPARTMENT ARE WRAPPED IN TRANSLUCENT VINYL. SINCE THE VINYL CANNOT WITHSTAND THE HEAT, IT CAN CAUSE FIRE. BELOW ARE PICTURES OF THE VINYL WRAPPED FOAM ON THE RIGHT SIDE. THE WEB FOLDER ADDRESSES ARE CASE SENSITIVE. HTTPS://LH4.GOOGLEUSERCONTENT.COM/-TAJJEWYCJ6E/VUKQFQ8MJPI/AAAAAAAAB_E/4OZ-CUBFFRI/W1157-H868-NO/IMG_3101.JPG HTTPS://LH4.GOOGLEUSERCONTENT.COM/-APZJAK01WIM/VUKQGSDF26I/AAAAAAAAB_Q/PQUVYQ0OOKY/W1157-H868-NO/IMG_3112.JPG HTTPS://LH6.GOOGLEUSERCONTENT.COM/-JIXPGFG4D4Q/VUKQFRDJGMI/AAAAAAAAB_I/H5VKEOKW2G4/W1157-H868-NO/IMG_3104.JPG.  *TR",05/02/2015,05/01/2015,,False,False,0,0,3VW817AU2FM
10702350,2015,"Volkswagen Group of America, Inc.",GOLF,EXTERIOR LIGHTING,"THE DRIVERS SIDE HIGH BEAM IS NOT AIMED PROPERLY, IT IS POINTED BELOW THE CUT-OFF LINE OF THE LOW BEAM.  THE HEAD LAMP ASSEMBLY HAS BEEN REPLACED BY THE DEALER TWICE BUT THE AIM WAS NOT IMPROVED.  VOLKSWAGEN WAS CONTACTED, THEY EVALUATED THE SITUATION AND SAID THAT THIS WAS THE WAY THE SYSTEM WAS DESIGNED AND SO COULD NOT BE FIXED.  THE DEALER ALSO SAID THAT THEY LOOKED AT OTHER CARS OF THIS SAME MODEL AND THEY ALL OPERATED THE SAME.  BOTH THE HIGH AND LOW BEAM REFLECTORS ARE MOUNTED IN A COMMON HOUSING AND THE ASSEMBLY ONLY HAS ONE ADJUSTMENT SO BOTH BEAMS MOVE UP AND DOWN BY THE SAME AMOUNT.  THIS APPEARS TO BE A DESIGN DEFECT.      I FEEL THIS IS A SAFETY HAZARD AS ONLY ONE OF THE HIGH BEAMS IS ILLUMINATING THE ROAD.    *TR",03/28/2015,11/03/2014,,False,False,0,0,3VWRA7AU7FM
10692757,2015,"Volkswagen Group of America, Inc.",GOLF,"POWER TRAIN,ENGINE","WHEN I'M IN TRAFFIC STOP AND GO BETWEEN 11MPH TO 18 MPH AT LOW RPM (1,100 TO 1,800 RPM) THE VEHICLE FEELS LIKE SHAKING IN THE ENGINE OR TRANSMISSION LIKE I'M DRIVING A MANUAL CAR BUT MY CAR IS AUTOMATIC. NOW WHEN GOING UP A INCLINE AT 30 TO 33 MPH VEHICLE DOES THE SAME PROBLEM.    *TR",03/07/2015,11/03/2014,,False,False,0,0,3VW217AU9FM
10690247,2015,"Volkswagen Group of America, Inc.",GOLF,VISIBILITY,"INSIDE WINDOWS  IN THE WINTER  AT DIFFERENT TEMPERATURES FROST OVER AFTER SITTING. I HAVE TO SCRAP MY WINDSHIELD , VW DEALERSHIP TOLD ME IT IS BUILT THAT WAY. JAY THE SERVICE MANAGER TOLD ME  OTHER 2015 MODELS DO THE SAME THING AND THERE IS NOTHING WRONG WITH MY CAR.   *JS",02/24/2015,01/12/2015,,False,False,0,0,3VW217AU5FM
10678632,2015,"Volkswagen Group of America, Inc.",GOLF,FUEL/PROPULSION SYSTEM,"THE CAR SMELLS LIKE GAS FROM THE AIR VENTS. I HAVE MADE MULTIPLE ATTEMPTS FOR THE DEALER TO FIX IT, BUT THEIR RESPONSE IS ""YOUR SERIAL NUMBERS ARE NOT PART OF THE RECALL"". THAT'S FINE, BUT IT SMELLS LIKE GAS INSIDE THE CAR!  *TR",01/23/2015,01/10/2015,,False,False,0,0,3VW217AU6FM
11688624,2016,"Volkswagen Group of America, Inc.",GOLF,"POWER TRAIN,ENGINE,FUEL/PROPULSION SYSTEM",The EPC light has luminated 3 times in the last several months.  The vehicle stutters and will not accelerate past 25 MPH.  Shutting off the engine and restarting it clears the light and vehicle drives normally.  The check engine light does not illuminate and no OBDII codes are stored.  Manual states to take vehicle to authorized dealership for diagnosis if light stays illuminated.,09/20/2025,09/19/2025,,False,False,0,0,3VW217AU2GM
11656404,2016,"Volkswagen Group of America, Inc.",GOLF,FUEL/PROPULSION SYSTEM,"I was driving my vehicle on the highway when a driver stopped me and warned me that my vehicle was leaking a huge amount of gasoline. I had a technician inspect the car to see if it might be a fuel line, the technician told me the fuel.lines were good and there were no signs of the gas coming from the lines and no cracks on the tank either. I received a letter from Volkswagen about the recall and I researched it and it says that if that is the problem the car would be leaking gas and it was dangerous as an ignition might cause a fire. I towed my vehicle to the Volkswagen here in Laredo after calling and speaking to someone from service and told yes I could bring it in and the recall part would be replaced free but I would have to leave the vehicle there. When I arrived they told me I would have to pay a diagnostic of 185 dlls and the repair. Which was not what I was told when I called earlier. So I had to pay again to have the vehicle removed from the premises without having the recall part changed.",04/23/2025,04/23/2025,,False,False,0,0,3VW217AU4GM
11627766,2016,"Volkswagen Group of America, Inc.",GOLF,FUEL/PROPULSION SYSTEM,Car began spraying fuel upon turning the key in the ignition. Recall work pertaining to the suction jet pump was recently performed and is the only likely cause of this issue. Car did not leak when fuel pump was disengaged. Very lucky that issue occurred in a parking lot while not moving and did not lead to a fire or crash.,11/27/2024,11/25/2024,,False,False,0,0,3VW217AU8GM
11623672,2016,"Volkswagen Group of America, Inc.",GOLF,"ENGINE,FUEL/PROPULSION SYSTEM","My EPC light began to appear randomly in early 2024. I received a recall notice on the gear shift trim around the same time, so called Jack Ingram VW in Montgomery to schedule a time for them to fix it (and also ensure they had the part). I asked them to also check on why the EPC light was coming on. Brought in my car on 2/28/24. Service Dept then tells me they weren't sure what was causing the EPC light to come on, and they didn't have the gear shift trim part. They quoted me a lot of work to do, which I wasn't prepared financially to have completed. EPC light continued to appear at random. Each time it did, my car would shake and it would feel like I was losing control of the vehicle. I received another recall notice for the suction jet pump inside the fuel tank. When I called Jack Ingram VW to schedule this work, I asked if this had anything to do with my EPC light coming on. They weren't sure. The recall work for both the suction jet pump inside the fuel tank and the gear shift trim were completed on 8/28/24. Car worked fine until about a month later and the EPC light came on again. Called another VW mechanic in Montgomery (Powell's Automotive) to see if they can fix it. On 9/20/24 they replaced battery, spark plugs, ignition coil, and did an oil change. Worked great until [XXX] when my engine failed and left me stranded in the road. There were no warning lights prior to the engine failing. Could not restart car. Had it towed to Powell's who could not fix it, then to Jack Ingram VW. I asked them if this had anything to do with the recall work that was done. They said this would be the first if it was. They told me the in tank fuel pump needed replacing. Work completed 10/25/24. How can they work on the suction jet pump inside the fuel tank and not get a diagnostic that the in tank fuel pump was failing? I've already paid a lot of money to try to resolve the issue, and my EPC light is still coming on.  INFORMATION REDACTED PURSUANT TO THE FREEDOM OF INFORMATION ACT (FOIA), 5 U.S.C. 552(B)(6)",11/05/2024,10/25/2024,,False,False,0,0,3VW217AU6GM
11598685,2016,"Volkswagen Group of America, Inc.",GOLF,"FUEL SYSTEM, GASOLINE","The contact owns a 2016 Volkswagen Golf. The contact received notification of NHTSA Campaign Number: 24V110000 (Fuel System, Gasoline); however, the part to do the recall repair was not yet available. The contact stated while starting the vehicle, there was an abnormally strong fuel odor inside the vehicle. The vehicle was taken to the dealer, where it was diagnosed that the fuel tank suction jet pump had failed, causing damage to the fuel tank. The vehicle was not repaired. The contact stated that the manufacturer had exceeded a reasonable amount of time for the recall repair. The manufacturer was notified of the failure, but no assistance was provided. The failure mileage was 36,018. VIN tool confirms parts not available.",07/03/2024,07/01/2024,,False,False,0,0,3VW217AU9GM
11594770,2016,"Volkswagen Group of America, Inc.",GOLF,"FUEL SYSTEM, GASOLINE","The contact owns a 2016 Volkswagen Golf. The contact stated there was fuel leaking from the charcoal canister. The contact received notification of NHTSA Campaign Number: 24V110000 (Fuel System, Gasoline) however, the part to do the recall repair was not yet available. The local dealer was contacted. The contact stated that the manufacturer had exceeded a reasonable amount of time for the recall repair. The manufacturer was made aware of the failure. The failure mileage was approximately 41,000.",06/17/2024,02/15/2024,,False,False,0,0,3VW217AUXGM
11590634,2016,"Volkswagen Group of America, Inc.",GOLF,FUEL/PROPULSION SYSTEM,We are unable to fill up the gas tank due the recall issue. The dealership says we can bring it in and they will repair but at this time we would have to pay for the repair. VW has not come up with a fix for the recall problem at this time. This problem has rendered our vehicle not drivable. What is the recourse?   Fuel also leaks out when trying to fill the gas tank. It could start a fire.,05/24/2024,05/23/2024,,False,False,0,0,3VW447AU9GM
11588794,2016,"Volkswagen Group of America, Inc.",GOLF,FUEL/PROPULSION SYSTEM,My vehicle is leaking fuel.  I have been unable to drive it for a few weeks due to the recall not having an approved repair.  The dealership did not offer me any solution other than to pay for the repair out of pocket.  This has been a known issue since February and no remedy is available from Volkswagen.,05/14/2024,04/24/2024,,False,False,0,0,3VW5T7AU1GM
11586168,2016,"Volkswagen Group of America, Inc.",GOLF,FUEL/PROPULSION SYSTEM,"When refueling, the gasoline spills out and can't fill the tank. Took the car to the dealer and they are asking for 2,500$ for repair.",04/30/2024,04/01/2024,,False,False,0,0,3VW217AU5GM
11581003,2016,"Volkswagen Group of America, Inc.",GOLF,"ENGINE,FUEL/PROPULSION SYSTEM","I have had this car since 2021, when I first bought it they had to keep it for another week due to a coolant break error? Had to fix it but later on I had to put tons of money into the car almost more money than it’s worth. And I’ve had a engine light on religiously for the entirety of the car, however my cars engine lights flash at times when I am driving and it gets hard to accelerate and reeks of gas- I’ve given up on dealerships because they have done everything else but what I have asked them to do and I still leave and the engine light turns on after. I did some research and learned my car has a recall since 2/14/2024 and I’ve had no update on my vehicles recall or if it’s repairable. My car will refuse to start at times and I’ve told this dealership this car will most likely kill me since I’ve put so much money into it for nothing to be fixed? And if it’s been this recall error what do I do? Please help me bought from Allen web Mitsubishi. All the symptoms are there but I’m scared",04/03/2024,04/01/2024,,False,False,0,0,3VW4T7AU5GM
11577026,2016,"Volkswagen Group of America, Inc.",GOLF,"ELECTRICAL SYSTEM,STRUCTURE","My VW golf has experienced rear door lock issues where both rear dock locks no longer work (lock or unlock) when pressing the lock button on the key or inside the vehicle. The only way to get the doors to lock is by manually locking the doors via a little slot in the door sill on each side. While it can be unlocked internally by just pulling the handle one time. This is a safety issue as door locks are a necessity for a vehicle to prevent theft of vehicle or items inside. It can also cause safety concerns for passengers in the rear(which is usually children. This also poses a danger to children due to the ease of unlocking from inside the rear passenger seats. The problem was confirmed to be the rear door latches via a dealer on 2/23/2024, however after replacing both latches with new parts, nothing was resolved. This issue is not the first time, as it is known that VW locks and many electrical components may randomly stop working, I have experienced the issue with a previous Volkswagen vehicle as well (2009 VW Jetta). There are no warning lights on the dashboard or other signs of the failure.",03/12/2024,02/02/2023,,False,False,0,0,3VW4T7AUXGM
11571071,2016,"Volkswagen Group of America, Inc.",GOLF,"FUEL SYSTEM, GASOLINE","The contact owns a 2016 Volkswagen Golf. The contact stated while driving approximately 35 MPH, there was an abnormally strong gasoline odor in the cabin of the vehicle. The contact drove to the residence and became aware that there was a puddle of gasoline under the passenger’s side rear wheel nearby the fuel tank. The contact stated no warning light was illuminated. The contact had the vehicle towed to a local dealer, where it was diagnosed and determined that the fuel tank needed to be replaced. The vehicle was not repaired. The manufacturer was informed of the failure. The failure mileage was approximately 41,000.",02/09/2024,02/01/2024,,False,False,0,0,3VW217AUXGM
11568365,2016,"Volkswagen Group of America, Inc.",GOLF,UNKNOWN OR OTHER,I have a leak in my trunk from water leaking from my pressure valve in the rear of my car.   Found that this is a common issue with my car. The seal around the pressure valve doesn't prevent water from entering into the trunk of my car.  I got a flat tire on the highway and opened the hatch to get my spare and there was water flooded there and it rusted my spare tools. I could not put on my spare tire.,01/28/2024,01/28/2024,,False,False,0,0,3VW4T7AU2GM
11556624,2016,"Volkswagen Group of America, Inc.",GOLF,ENGINE,GFF TEST PLAN ON STORED ENGINE LIGHT. RECOMMEND REPLACING THERMOSTAT HOUSING CAUSING THE CHECK ENGINE LIGHT. RECOMMNED REPLACE THERMOSTAT HOUSING. SEEP/SLIGHT COOLING LEAK. ADVISED TO WATCH COOLANT LEVELS UNTIL FIXED.,11/24/2023,11/23/2023,,False,False,0,0,3VW5T7AU1GM
11549709,2016,"Volkswagen Group of America, Inc.",GOLF,FUEL/PROPULSION SYSTEM,"After parking car and turning off engine, I exited vehicle and noticed a cascade of fuel falling to the pavement by the rear wheel near the fuel tank. Fire Department was called as I was in a public parking lot. Vehicle was towed to dealer.",10/12/2023,10/12/2023,,False,False,0,0,3VW217AU2GM
11544872,2016,"Volkswagen Group of America, Inc.",GOLF,WHEELS,"aftermarket/replacement rim purchased from CAR-ID in May 2023 and installed on vehicle in May 2023. On September 15, 2023, wheel/rim suffered a total and catastrophic failure. The wheel/rim face separated from the rest of the rim while driving.",09/16/2023,09/15/2023,,False,False,0,0,3VW4T7AU9GM
11539859,2016,"Volkswagen Group of America, Inc.",GOLF,"EXTERIOR LIGHTING,STRUCTURE","The headlight assembly design, prevents owners from changing a light bulb own their own. Per the law, a car must have functioning headlights. The design on the HID headlight assembly, requires hours of work, removing the bumper, the grill, other parts that require many tools and skilled knowledge of the brand.  Considering this is a headlight that is required to be street legal, an owner can't change the bulb in emergencies. An owner must wait for an appointment with a dealer or certified Volkswagen mechanic with  the proper training to change a light bulb. Regulation should prevent such designs, as the current design can make it dangerous for the driver.   Just as when a driver needs to change a tire that's flat, and use the spare, a light bulb is just as critical to prevent accidents.",08/21/2023,08/21/2023,,False,False,0,0,3VW4T7AU2GM
11530543,2016,"Volkswagen Group of America, Inc.",GOLF,FUEL/PROPULSION SYSTEM,"My vehicle is unable to fuel up, when attempting to fuel at the pump the fuel will build up in the filler neck causing the pump ti stop and fuel spill out from the filler neck and when driven, fuel will begin to leak from the EVAP canister located on the right rear of the vehicle.  Dealership is unwilling to correct this issue as it is a known issue to them of the problem",07/05/2023,06/25/2023,,False,False,0,0,3VW447AU0GM
11529540,2016,"Volkswagen Group of America, Inc.",GOLF,ENGINE,"Thermostat and Gasket repair quoted by VW dealership. The coolant is leaking according to their inspection.   Car could malfunction unexpectedly and leave me stranded as a road hazard  Many more claims in this thread. They quote $1,600 to repair.  https://www.reddit.com/r/GolfGTI/comments/drna5m/mk775_thermostat_housing_issue_and_coolant_loss/",06/29/2023,06/29/2023,,False,False,0,0,3VW447AU3GM
11524045,2016,"Volkswagen Group of America, Inc.",GOLF,ENGINE,"Dealer found thermostat housing leak and recommended housing and pump replacement at a cost of over $2K. Thermostat is housing leak could cause loss of coolant which could strand you in the middle of the road. There were no warning lamps active. This appears to be a common issue with these vehicles. The thermostat should not be having problems like this at this mileage. The component has not been inspected by insurance, manufacturer, or police, only the dealer.",05/26/2023,05/26/2023,,False,False,0,0,3VW4T7AUXGM
11521624,2016,"Volkswagen Group of America, Inc.",GOLF,"ELECTRICAL SYSTEM,AIR BAGS,FORWARD COLLISION AVOIDANCE","Airbag light came on, then all electrics to steering wheel failed, including the horn. Clock spring failed. Safety issue with no airbag and no horn. Known that VWs have a problem with clock spring failure. Should be a recall.",05/11/2023,05/10/2023,,False,False,0,0,3VW217AU8GM
11517819,2016,"Volkswagen Group of America, Inc.",GOLF,FUEL/PROPULSION SYSTEM,"Fuel was found to be leaking from the rear passenger side wheel well.  A secondary flame source could cause a significant fire risk.  Issue is being investigated by local VW dealer.  There are no warning lamps or messages prior to the failure.  Dealer recommends a replacement of the charcoal filter and N80 valve in order to have the ability to test the fuel pressure and fuel pump.  My particular VIN number is not part of an existing recall on the fuel pump where fuel leak, bad charcoal canister, and N80 valve are symptomatic (secondary failures) of a bad fuel pump (primary failure).  I question if the parts under the existing recall should be expanded to include a larger population.",04/19/2023,04/15/2023,,False,False,0,0,3VW547AU1GM
11514895,2016,"Volkswagen Group of America, Inc.",GOLF,"UNKNOWN OR OTHER,VISIBILITY/WIPER","While driving down the highway around 60 mph, nowhere near any other vehicles or pedestrians, the sunroof spontaneously shattered. The break goes outward/upward from the cabin.",04/01/2023,03/31/2023,,False,False,0,0,3VW217AU9GM
11511460,2016,"Volkswagen Group of America, Inc.",GOLF,UNKNOWN OR OTHER,Sunroof Frame Cracked. Leaky sunroof. Drains are cleaned. A pillars get wet where airbags and wiring are located. Could cause a short.,03/12/2023,03/12/2023,,False,False,0,0,3VW217AU3GM
11510372,2016,"Volkswagen Group of America, Inc.",GOLF,SUSPENSION,"While accelerating from a traffic light, loud bang from left rear corner of car. Investigation found left rear coil spring had broken at the lower bas of the spring where it contacts the lower control arm",03/06/2023,03/04/2023,,False,False,0,0,3VW217AU9GM
11509371,2016,"Volkswagen Group of America, Inc.",GOLF,ENGINE,The vehicle overheated during normal driving. The car advised the driver to stop immediately. The car was inspected later the same day by a VW dealer service department that determined the water pump and thermostat housing required replacement. Estimated cost is $1400.,02/27/2023,02/27/2023,,False,False,0,0,3VW547AU3GM
11507592,2016,"Volkswagen Group of America, Inc.",GOLF,UNKNOWN OR OTHER,The sunroof leaks water into the passenger side A pillar,02/16/2023,02/04/2023,,False,False,0,0,3VW217AU2GM
11505133,2016,"Volkswagen Group of America, Inc.",GOLF,AIR BAGS,"The contact owns a 2016 Volkswagen Golf. The contact received notification of the NHTSA Campaign Number: 22V543000 (Air Bags) however, the part to do the recall repair was not yet available. The contact stated that the manufacturer had exceeded a reasonable amount of time for the recall repair. Additionally, the contact mentioned that a recall notice was received confirming the remedy was available and to contact a local dealer however, the dealer informed that the part was not available for the recall remedy. The manufacturer was notified of the issue and confirmed that parts were unavailable. The contact had not experienced a failure. Parts distributions disconnect.",02/02/2023,08/05/2022,,False,False,0,0,3VW117AUXGM
11504539,2016,"Volkswagen Group of America, Inc.",GOLF,FUEL/PROPULSION SYSTEM,"Fuel leaking and pooling from the rear right tire well. Tire well saturated with fuel. Occurs after engine hesitation at high speeds, similar to running out of gas. Opening the gas cap causes some fuel splashing around the opening and gurgling and hissing sounds. Difficulty re-fueling after incident, gas pump keeps shutting off. Fuel siphon pump was tested, and vehicle has been inspected by dealership, problem is not reproducible on demand. No warning lamps turn on.",01/30/2023,01/09/2023,,False,False,0,0,3VW547AU7GM
11503331,2016,"Volkswagen Group of America, Inc.",GOLF,"ELECTRICAL SYSTEM,AIR BAGS,VEHICLE SPEED CONTROL","First, the airbag warning light came on, then followed by the horn not working and cruise control was lost. I also suspecting the power steering is also gone. This is related to the clock spring failure from my research online. This should have been recall because this is a safety hazard.",01/24/2023,12/07/2022,,False,False,0,0,3VW217AU7GM
11502623,2016,"Volkswagen Group of America, Inc.",GOLF,STRUCTURE,"Front passenger door opened on its own with a bang while making a left turn. Driving alone, passenger door had been securely locked for over a week, during left turn going 25 mph, a loud banging sound occurred, passenger door opened and indicator warning light in dash came on. Door opened approx 1 cm. Car is not safe to drive for fear of door opening again randomly. VW of America nonchalantly stated they are sorry my door opened and stated they would not cover any potential repairs.",01/19/2023,01/19/2023,,False,False,0,0,3VW447AUXGM
11497479,2016,"Volkswagen Group of America, Inc.",GOLF,"ELECTRICAL SYSTEM,UNKNOWN OR OTHER,SERVICE BRAKES","Vehicle exhibits multiple electrical and systems faults related to the airbags, TMPS, ABS, etc, as similarly described in 07/26/2019 Volkswagen Technical Tip 97-1902TT.  Vehicle interior and sunroof tray is wet in various places.  These issues raise concerns as they relate to safety and drivability.  Upon inspection, the plastic sunroof tray is apparently cracked in multiple places as described in 12/06/2016 Volkswagen TSB 2045403 (supersedes V601608 November 22, 2016) and referenced again in Volkswagen Update 60C7.  According to dealership records, the sunroof tray was claimed repaired per Volkswagen Update 60C7. This does not seem to be true.",12/14/2022,12/14/2022,,False,False,0,0,3VW5T7AU5GM
11490211,2016,"Volkswagen Group of America, Inc.",GOLF,FUEL/PROPULSION SYSTEM,"Fuel leaking and pooling from the rear right tire well. Tire well saturated with fuel.  Occurs after engine hesitation at high speeds, similar to running out of gas.  Opening the gas cap causes some fuel splashing around the opening and gurgling and hissing sounds.  Difficulty re-fueling after incident, gas pump keeps shutting off.  Fuel siphon pump was tested, and vehicle has been inspected by dealership, problem is not reproducible on demand.   No warning lamps turn on.",10/20/2022,10/08/2022,,False,False,0,0,3vw5t7au9gm
11488155,2016,"Volkswagen Group of America, Inc.",GOLF,AIR BAGS,"Takata recall. The contact owns a 2016 Volkswagen Golf. The contact received notification of NHTSA Campaign Number: 22V543000 (Air Bags) however, the part to do the recall repair was not yet available. The contact stated that the manufacturer had exceeded a reasonable amount of time for the recall repair. The dealer was made aware of the issue and confirmed that parts were not yet available. The manufacturer was not made aware of the issue. The contact had not experienced a failure. VIN tool confirms parts not available.",10/06/2022,09/23/2022,,False,False,0,0,3VW117AU0GM
11484279,2016,"Volkswagen Group of America, Inc.",GOLF,SUSPENSION,"While driving car on highway heard a loud boom from rear right side. Stopped car and inspected, but no obvious damage. Resumed driving, and began hearing a repeated squeaking noise and some body lean in corners. Took vehicle to tire shop, where they removed right rear tire and found the right rear spring had snapped at the mounting location near the top of the spring. The attached photo of the spring suggests the mount may have been defective. Dealer confirmed spring damage and is now replacing both rear springs. However, no coverage of the damaged part even though multiple 2016 VW Golf’s have been recalled for rear spring issues.",09/13/2022,09/07/2022,,False,False,0,0,3VW217au1gm
11482782,2016,"Volkswagen Group of America, Inc.",GOLF,FUEL/PROPULSION SYSTEM,"At 80. 7k miles the car began to smell heavily of gasoline and I found gasoline leaking from the back right bumper just in front of the tire. I took the car to the dealership the next day and today they've told me that it could be a number of parts but what we have on order is the evap canister and the n80 purge valve. If this does not fix it then it is the entire gas tank, very expensive. There were no warning lamps and this issue was reproduced at the dealership. They've told me there's no recalls or warranties but I have read that many other people in the local VW group have had this issue. Volkswagen needs to own up to their previous emissions hang-ups.",09/03/2022,08/02/2022,,False,False,0,0,3VW117AU9GM
11482655,2016,"Volkswagen Group of America, Inc.",GOLF,FUEL/PROPULSION SYSTEM,"I was driving my 2016 Volkswagen Golf on a roadtrip from Pennsylvania to  North Carolina on 8/13.  I did the 60k mile service and had my mechanic do a safety check before the roadtrip.    I spent the night of 8/13 in Richmond, VA.  I went to put gas in the car the next day and it was not taking the gas instead it was propelling it out of the car.  The gas station attendant managed to get some gas in the tank and chalked it up to the new pumps. I stopped in NC to get more gas and none would go in.  I noticed there was gas coming out of the car on the passenger side, right behind the rear tire.  I had to get the car towed to my destination in NC.   A dealer in NC looked at the car and diagnosed that there was a problem with the evap system.  They tried this ""to start with the remedy of the fuel issue on the golf we will need to start by replacing  the  charcoal canister -AND LDP valve (one unit)  N80 purge valve.  Now if it came down to replacing that fuel tank (a rough idea) there may be some additional parts we could need with replacement of the tank because it is an updated unit compared to the original. that is a big job, the rear subframe does need to be removed and in doing so the car will need to be aligned afterwards. you could be looking at an additional...""   At no part in the journey were there any warning lights that indicated something was wrong with the car.    Others here have pointed out that there was a recall for the EVAP system for this model and year of car. https://auto-recalls.justia.com/volkswagen/gti/2016/16v647000/  Like others I called VW Customer Care and they told me that my vehicle was not covered under any current recall and they would not confirm the 2016 recall happened at all.",09/02/2022,08/13/2022,,False,False,0,0,3VW217AU7GM
11480310,2016,"Volkswagen Group of America, Inc.",GOLF,"UNKNOWN OR OTHER,FUEL/PROPULSION SYSTEM","at 80.7k miles the car began to smell heavily of gasoline and I found gasoline leaking from the back right bumper just in front of the tire. I took the car to the dealership the next day and today they've told me that it could be a number of parts but what we have on order is the EVAP cannister and the N80 purge valve. If this does not fix it then it is the entire gas tank, very expensive. There were NO warning lamps and this issue was reproduced at the dealership. They've told me there's no recalls or warranties but I have read that many other people in the MK7 group have had this issue. Volkswagen needs to own up to their previous emissions hang-ups",08/20/2022,08/18/2022,,False,False,0,0,3vw117au9gm
11480145,2016,"Volkswagen Group of America, Inc.",GOLF,POWER TRAIN,"I am having the same safety issue that is outlined in this safety recall: https://static.nhtsa.gov/odi/tsbs/2022/MC-10206794-0001.pdf  However, Volkswagen says that my VIN number is not included.   Pictures: https://imgur.com/a/TKfal3R  I would like my car included in this safety recall. The foil cracked initially from a manufacturing defect and has now cut me to the point of bleeding multiple times.",08/19/2022,08/17/2022,,False,False,1,0,3VW5T7AUXGM
11478891,2016,"Volkswagen Group of America, Inc.",GOLF,ENGINE AND ENGINE COOLING,Water Pump Failed twice,08/11/2022,08/01/2022,,False,False,0,0,3VW4T7AUXGM
11476454,2016,"Volkswagen Group of America, Inc.",GOLF,"UNKNOWN OR OTHER,FORWARD COLLISION AVOIDANCE","On two occasions, warning messages appeared on the dash indicating that multiple government-mandated safety systems -- including airbags, ABS, ESC, and tire pressure monitoring -- were disabled.   On first occasion, vehicle was traveling at approximately 30 mph. Dealer was unable to find the source of the problem.  On second occasion, vehicle was traveling at approximately 65 mph on the freeway.   This is an extremely serious safety problem. Key safety systems that are federally mandated fail without warning during normal vehicle operation.",07/29/2022,07/28/2022,,False,False,0,0,3VW447AU1GM
11474603,2016,"Volkswagen Group of America, Inc.",GOLF,"ENGINE,FUEL/PROPULSION SYSTEM","The car had a few hiccup on the freeway. Eventually the car had a strong gas smell, did not allow to add/fill up gas and was leaking gas at the back of the car.  The car could have caught fire without us knowing.  The problem was reproduced and known to the dealers. The second dealer Hewlett had seen another 3 cars with same issue as my car! Please see all invoices showing the parts and issues with car. suction pump in the fuel tank, fuel pump gasket, purge valve, evap canister, N80 valve.  There is a recall for same issue but my car was never recalled! Recall 16V647000 Summary Volkswagen Group of America, Inc. (Volkswagen) is recalling certain model year 2015-2016 Volkswagen Golf, Golf SportWagen, GTI, Audi A3 sedan and A3 Cabriolet vehicles. Due to a problem with the suction pump inside the fuel tank, fuel may flow into the evaporative emissions (EVAP) system.  Recall 16V647000 Consequence As fuel accumulates in the EVAP system, it may leak out through the charcoal canister filter element. A fuel leak in the presence of an ignition source increases the risk of a fire.  Recall 16V647000 Solution Volkswagen will notify owners, and dealers will replace the suction pump, free of charge. The recall began November 2016. Volkswagen owners may contact Volkswagen customer service at 1-800-893-5298, Audi owners may contact Audi customer service at 1-800-253-2834. Volkswagen's numbers for this recall are 20Y6 and 20Y5.",07/18/2022,07/03/2022,,False,False,0,0,3VW4T7AUXGM
11469525,2016,"Volkswagen Group of America, Inc.",GOLF,ENGINE,"EPC light comes on whenever turbo is engages, loss of power (no turbo). EPC light goes off when car is restarted, back on after a few minutes of driving.   Error codes indicate turbo issues. Vehicle has 40K odometer mikes.   Chat forums have numerous similar reports from other owners. Seems to be a known turbo issue with early MK7 GTIs",06/16/2022,06/01/2022,,False,False,0,0,3VW5T7AU3GM
11452318,2016,"Volkswagen Group of America, Inc.",GOLF,ENGINE,"At 49,086,  our 2016 Volkswagen  Golf developed a leak in the thermostat assembly housing. The Volkswagen dealership, Elk Grove Volkswagen in Elk Grove, CA, strongly recommended the replacement of the thermostat assembly housing which included replacement of the thermostat assembly housing, the thermostat itself, a gasket, the replacement of the coolant. Failure to do so would result in the engine overheating and potential damage to the engine.  Looking quickly online, I found several forums which discussed this specific problem:  https://www.vwvortex.com/threads/thermostat-housing-leaking-again-after-recall-done-in-2018.9458318/  https://www.golfmk7.com/forums/index.php?threads/failed-thermostat-housing-coolant-loss-info-gathering.368847/  A low coolant warning light was on, however there were no visable leaks underneath the car. The following is a ibetter description of the problem, taken from the golfmk7 website:  “Coolant will slowly seep out of a weep hole on the underside of the thermostat housing. It doesn't seem to be enough to ever leave a puddle but slight residue may be seen under the thermostat housing and possibly on the oil pan. The loss of coolant often trips the low coolant warning if the level isn't maintained. Depending on the size of the leak, the coolant drop can either be gradual or catastrophic.  Loss of coolant has also been linked to the water pump failing. Furthermore, the accessory bracket gasket can leak hot oil down onto the thermostat housing (even after repair) which can cause failure.“  The service was completed today, 02/16/2022.",02/16/2022,02/16/2022,,False,False,0,0,3vw217au9gm
11446672,2016,"Volkswagen Group of America, Inc.",GOLF,UNKNOWN OR OTHER,Leaking coolant due to thermostat housing breaking,01/07/2022,01/07/2022,,False,False,0,0,3VW217AU0GM
11443427,2016,"Volkswagen Group of America, Inc.",GOLF,FUEL/PROPULSION SYSTEM,"If I try to refill the gas tank, it will spill the gas back at me. And when I got home it was pouring gas to the floor. I’ve read is the suction pump but for some reason my car is not listed on this recall and is happening to me now. Is very dangerous because is gasoline pouring in the ground plus I can’t put any more gasoline in the tank. It just won’t let me. I have videos of the problem. Tried contacting VW dealers but they told me that there’s no recall on this for my vehicle. Online there’s a recall for this exact same problem and my car has it. I don’t want my car to catch fire or something.",12/11/2021,12/10/2021,,False,False,0,0,3VW447AU3GM
11441391,2016,"Volkswagen Group of America, Inc.",GOLF,FUEL/PROPULSION SYSTEM,While parked the gas tank started leaking gas from rear passenger-side wheel well.,11/22/2021,11/07/2021,,False,False,0,0,3VW5T7AU3GM
11440745,2016,"Volkswagen Group of America, Inc.",GOLF,POWER TRAIN,EPC light illuminated on dash board. Vehicle was taken to dealer and it was determined that the thermostat housing had failed. Would have caused the vehicle to overheat had it been driven for any length of time with the failure,11/17/2021,11/13/2021,,False,False,0,0,3VW4T7AU0GM
11436458,2016,"Volkswagen Group of America, Inc.",GOLF,POWER TRAIN,"Thermostat housing failure. Leaking coolant. Yes it is available for inspection. The dealer has confirmed this is not an uncommon problem, and indicated this can be cause by the seal swelling (Dirito Bros dealer, CA BAR Reg# 257857). This issue was found by an independent mechanic during a routine oil change on 10/12/21 There is a warning lamp for low coolant, which is the first indicator, and occurred around Sept- 2021.",10/12/2021,10/12/2021,,False,False,0,0,3VW5T7AU8GM
11433810,2016,"Volkswagen Group of America, Inc.",GOLF,FUEL/PROPULSION SYSTEM,"Volkswagen Group of America, Inc. ""Volkswagen"" is recalling certain model year 2015-2016 Volkswagen Golf, Golf SportWagen, GTI, Audi A3 sedan and A3 Cabriolet vehicles. Due to a problem with the suction pump inside the fuel tank, fuel may flow into the evaporative emissions ""EVAP"" system.       As fuel accumulates in the EVAP system, it may leak out through the charcoal canister filter element. A fuel leak in the presence of an ignition source increases the risk of a fire. VW is not honoring the recall in my vehicle because it notes that my VIN number is not associated with the defected part, but this is the same issue that happened to my vehicle.",09/21/2021,09/03/2021,,False,False,0,0,3VW4T7AU7GM
11423690,2016,"Volkswagen Group of America, Inc.",GOLF,ENGINE,"The thermostat housing and water pump are leaking due to a known manufacturing defect. I had the water pump and thermostat housing replaced around 65,000 miles from an independent Volkswagen mechanic. He informed me that it appears the water pump had been replaced prior to my ownership of the vehicle. (41,000 miles). Again, I have to replace the thermostat housing and water pump, for a leak. The failure causes a leak in the pressurized cooling system. The leak is small while parked so there is no noticeable puddle but as the system warms up, the leak happens faster. Because of this issue, I have had multiple warning messages while driving, low coolant level, check engine light, and EPC (Electronic Power Control, which disables activate cruise control and front collision detection systems). On multiple occasions, I was stranded waiting on help because of the failure. As stated, this is a known issue from the manufacturer, as they have had at least 7 revisions to the part. The manufacturer is currently on revision “M”, I am only aware of revisions “F, G, H, J, K, L” and the current revision “M”. As previously stated, this is the second time I personally have had to pay out of pocket for this repair.",07/07/2021,07/07/2021,,False,False,0,0,3VW4T7AU5GM
11417362,2016,"Volkswagen Group of America, Inc.",GOLF,UNKNOWN OR OTHER,The gear shifter inside vehicle has a decorative aluminum trim that when you slide your hand in center cubby over time tends to separate. It creates sharp edges and I cut my hand while retrieving something from center console cubby.,05/16/2021,05/10/2021,,False,False,0,0,3vw447auxgm
11416723,2016,"Volkswagen Group of America, Inc.",GOLF,UNKNOWN OR OTHER,SUNROOF IS LEAKING,05/15/2021,05/15/2021,,False,False,0,0,3VW217AU3GM
11416209,2016,"Volkswagen Group of America, Inc.",GOLF,ENGINE,"2016 VW GOLF GTI MK7 ENGINE COOLANT BEGAN TO SLOWLY LEAK FROM THERMOSTAT HOUSING SEAL AT 25,000 MILES. DEALER REPLACED HOUSING WITH REV M PART JUST BEFORE MY WARRANTY EXPIRED. HAS THIS EVERY 25K MILE PROBLEM BEEN RESOLVED YET?",05/11/2021,03/04/2021,,False,False,0,0,3VW5T7AU4GM
11405153,2016,"Volkswagen Group of America, Inc.",GOLF,STRUCTURE,"CAR HAS A WATER LEAK IN THE PANORAMIC SUNROOF SINCE NEW. VWOA HAS DONE THE TSB'S BUT THE PROBLEM CONTINUES. LEAK IS AROUND THE PASSENGER SIDE A PILLAR, SUNVISER AND DOME LIGHT.",03/27/2021,03/01/2021,,False,False,0,0,3VW217AU2GM
11385092,2016,"Volkswagen Group of America, Inc.",GOLF,FUEL/PROPULSION SYSTEM,RAW FUEL SMELL IN CABIN. IT SEEMS TO HAPPEN AFTER A SHORT TRIP. I STOP AND RESTART WITHIN A FEW MINUTES AND IT IS QUITE A HEAVY SMELL LIKE A FUEL LEAK. THIS HAS HAPPENED BEFORE THIS MONTH.,12/27/2020,12/24/2020,,False,False,0,0,3VW217AU1GM
11383440,2016,"Volkswagen Group of America, Inc.",GOLF,"ELECTRICAL SYSTEM,AIR BAGS,FORWARD COLLISION AVOIDANCE","ALL STEERING WHEEL CONTROLS INOPERATIVE.  THIS INCLUDES AIRBAG, HORN, CRUISE CONTROL, RADIO CONTROLS, ETC.",12/14/2020,12/14/2020,,False,False,0,0,3VW547AU1GM
11376865,2016,"Volkswagen Group of America, Inc.",GOLF,STRUCTURE,"SUNROOF LEAKS INTO HEADLINER AND DOWN THE SIDE PILLARS. OCCURS WHEN STATIONARY AND IN MOTION DURING PERIODS OF EXTENDED RAIN. RESULTS IN DAMAGE TO ELECTRONICS, SOUND SYSTEM AND FABRIC/BODY COMPONENTS.",11/28/2020,11/21/2020,,False,False,0,0,3VW217AU5GM
11372726,2016,"Volkswagen Group of America, Inc.",GOLF,POWER TRAIN,"COOLANT LEAK FROM THE WATER PUMP AND THERMOSTAT HOUSING. THE WATER PUMP AND THERMOSTAT WERE REPLACED UNDER WARRANT. I BELIEVE IT IS LEAKING AGAIN AS IT WAS REPLACED WITH THE SAME FAULTY PARTS AND I HAVE NOTICED A SLIGHT DROP IN COOLANT AND A SMELL, WHICH WAS THE ISSUE ORIGINALLY.",11/02/2020,04/01/2020,,False,False,0,0,3VW4T7AU0GM
11300201,2016,"Volkswagen Group of America, Inc.",GOLF,UNKNOWN OR OTHER,"PANORAMIC SUNROOF LEAKS INTO THE INTERIOR A FRAME PILLARS. IT LEAKS IN THE RAIN, THE SNOW, AND EVEN THE CAR WASH. THE LEAK STARTS AS A DAMP SPOT IN THE INTERIOR WHERE THE HEADLINER MEETS THE A FRAME PILLAR. THE SUNROOF WILL LEAK IF THE CAR IS STATIONARY OR MOVING. THE LEAK WILL MAKE ITS WAY DOWN THE PILLAR AND ACROSS THE SIDE AIRBAG.",01/17/2020,04/14/2019,,False,False,0,0,3VW217AU3GM
11270298,2016,"Volkswagen Group of America, Inc.",GOLF,"ELECTRICAL SYSTEM,AIR BAGS,STRUCTURE","SUNROOF DRAIN REINFORCEMENT STEEL HAS DEVELOPED STRESS CRACKS. WHICH HAS LET WATER LEAK INSIDE VEHICLE, ONTO HEADLINER AND DOWN A-PILLARS SATURATING  FRONT SIDE CURTAIN AIRBAGS MAKING THEM DEFECTIVE. VEHICLE CAN BE STATIONARY OR OPERATED, IT WILL LEAK EITHER WAY.  VOLKSWAGEN REFUSES TO ADDRESS ISSUE WITH AIRBAGS AND LEAK SAYING THERE IS NOT A SAFETY ISSUE SO THEY WONT COVER REPAIR WHICH COULD COST GREATER THAN $2,500. VEHICLE HAS ALSO DEVELOPED BLACK MOLD BETWEEN ROOF AND HEADLINER WHICH IS HAZARDOUS TO BREATH. TECHNICAL BULLETIN #60-17-01(V601701) IS THE REPAIR INSTRUCTIONS FOR DEALERSHIP ONLY REPAIR BUT DOES NOT INCLUDE AIRBAG REPLACE OR HEADLINER REPLACEMENT. I ADDRESSED ISSUE WITH VOLKSWAGEN MULTIPLE TIMES WHICH THEY DENY ANY SAFETY ISSUES.  *TR",10/22/2019,10/15/2019,,False,False,0,0,3VW217AU9GM
11245909,2016,"Volkswagen Group of America, Inc.",GOLF,FUEL/PROPULSION SYSTEM,"TL* THE CONTACT OWNS A 2016 VOLKSWAGEN GTI S 4D AUTO. WHILE DRIVING 45 MPH, THE CONTACT NOTICED AN ABNORMAL FUEL ODOR COMING FROM THE FUEL TANK WITHOUT WARNING. THE CONTACT MANAGED TO DRIVE THE VEHICLE AND NOTICED FUEL LEAKING FROM THE FUEL TANK. THE VEHICLE WAS TOWED BY THE CONTACT'S INSURANCE COMPANY TO FLAGSHIP VOLKSWAGEN CARRETERA (#2 14.7, BAYAMN, 00922, PUERTO RICO, 787-302-2718) WHERE IT WAS DIAGNOSED THAT THE EVAP SYSTEM FAILED AND NEEDED TO BE REPLACED. THE VEHICLE WAS NOT REPAIRED. THE MANUFACTURER WAS MADE AWARE OF THE FAILURE AND INFORMED THE CONTACT THAT THE VIN WAS NOT INCLUDED IN A RECALL. THE FAILURE MILEAGE WAS APPROXIMATELY 31,546.",08/22/2019,08/21/2019,,False,False,0,0,3VW4T7AU3GM
11234534,2016,"Volkswagen Group of America, Inc.",GOLF,STRUCTURE,"SUNROOF FRAME LEAKS WATER INTO THE CAR. THE WATER DRIPS ON TO THE CENTER CONSOLE HARDWARE/ELECTRONICS AND HARDWARE/ELECTRONICS LOCATED ON THE WINDSHIELD. THE LEAK IS A KNOWN DEFECT FOR VW GOLF 2016, AS VW PREVIOUSLY SENT OUT A RECALL FOR THE SUNROOF FRAME. THE LEAK OCCURS AFTER HEAVY RAINFALL. THE WATER DRIPS RIGHT ON TO THE ACC CRUISE CONTROL. VW ACKNOWLEDGED IN PHONE MESSAGE THAT SOURCE OF LEAK WAS SUNROOF AND THAT IT SHOULD BE COVERED BY THE RECALL. ORIGINALLY, I THOUGHT THE LEAK DERIVED FROM DIRTY DRAINS, BUT VW CLARIFIED THE ROOT CAUSE AS THE SUNROOF. HOWEVER, THEY DID NOT FOLLOW UP WITH ME. I RE-ENGAGED THEM AND THEY STATED THEY WOULD NEED TO TEST IT AGAIN. AFTER THE SECOND TEST, THEY SAID THEY COULD NOT REPRODUCE MY CLAIM DESPITE DESPITE THE INITIAL, POSITIVE IDENTIFICATION OF THE SUNROOF AS THE LEAK. I AM WORRIED THAT THIS WILL CAUSE OTHER, MORE SERIOUS PROBLEMS IF LEFT UNTREATED. THE LEAK CAN OCCUR WITH THE CAR EITHER STATIONARY OR IN MOTION. HOWEVER, THE LEAK IS MORE PROMINENT WHEN STATIONARY. FOR EXAMPLE, MY CAR LEAKS THE WORST WHEN I LEAVE IT IN THE PARKING LOT AT WORK DURING HEAVY RAINFALL. UPON ENTERING MY CAR, STANDING WATER WILL HAVE POOLED UP IN THE GEAR SELECTOR COVER AND DRIPS FROM MY REAR VIEW MIRROR ON TO THE CENTER CONSOLE. I STILL POSSESS THE VOICEMAIL WHERE THEY IDENTIFIED THE SUNROOF AS THE SOURCE OF THE LEAK. I ATTACHED A PHOTO OF THE WATER STAINS BECAUSE IT WAS NOT RAINING WHEN I FILED THE COMPLAINT.",07/24/2019,04/01/2019,,False,False,0,0,3VW217AU4GM
11186523,2016,"Volkswagen Group of America, Inc.",GOLF,"ENGINE,FUEL/PROPULSION SYSTEM","TL* THE CONTACT OWNS A 2016 VOLKSWAGEN GOLF GTI. THE CONTACT STATED THAT THE CHECK ENGINE WARNING INDICATOR ILLUMINATED INTERMITTENTLY. THE VEHICLE WAS TAKEN TO AN INDEPENDENT MECHANIC WHO DIAGNOSED THAT THERE WAS A FUEL LEAK. THE DEALER WAS NOT CONTACTED. THE VEHICLE WAS NOT REPAIRED. THE MANUFACTURER WAS NOTIFIED OF THE FAILURE. THE APPROXIMATE FAILURE MILEAGE WAS 37,000.",03/13/2019,03/08/2019,,False,False,0,0,3VW4T7AUXGM
11140077,2016,"Volkswagen Group of America, Inc.",GOLF,UNKNOWN OR OTHER,"I WAS DRIVING ON THE FREEWAY AND HEARD A LOUD POP LIKE A GUN SHOT.  I LOOKED UP AND IT WAS MY MOON ROOF.  IT WAS AS IF IT HAD BLOWN OUT.  I WAS NOT UNDER AN UNDERPASS OR NEAR ANY VEHICLES THAT COULD HAVE THROWN A ROCK.  IT HAPPENED LIKE COMBUSTION.  SO RANDOM AND SCARY!  IF I WOULDN'T HAVE HAD THE SHADE CLOSED, I WOULD HAVE BEEN COVERED IN GLASS.  THIS WAS AN ORDINARY MORNING WITH TEMPS AROUND 60 DEGREES.  I AM SHOCKED TO SEE THAT THIS HAS BEEN A PROBLEM FOR MANY AND YET THERE IS NO SAFETY RECALL. PLEASE HELP.",10/12/2018,10/12/2018,,False,False,0,0,3VW217AU9GM
11119886,2016,"Volkswagen Group of America, Inc.",GOLF,"AIR BAGS,ELECTRONIC STABILITY CONTROL (ESC),SERVICE BRAKES","THE LEFT REAR WHEEL SPEED SENSOR MALFUNCTIONED RESULTING IN FALSE WARNINGS OF AIR BAG, STABILIZATION CONTROL, ABS SYSTEM, AND TIRE PRESSURE FAILURES. A REPLACEMENT PART IS ON BACK ORDER AND/OR UNAVAILABLE. THIS WILL RESULT IN DISREGARD OF ANY OF THE ABOVE WARNINGS IN THE FUTURE EVEN IF THEY ARE GENUINE. THIS PROBLEM OCCURS RANDOMLY AT ANY SPEED.",08/14/2018,07/09/2018,,False,False,0,0,3VWC17AU3GM
11110420,2016,"Volkswagen Group of America, Inc.",GOLF,AIR BAGS,"THE CLOCK SPRING ON MY CAR WENT BAD AFTER 46,000 MILES. MAKES AIRBAG UNUSEABLE AND STEERING COLUMN CONTROLS DO NOT WORK EITHER",07/10/2018,07/08/2018,,False,False,0,0,
11105166,2016,"Volkswagen Group of America, Inc.",GOLF,WHEELS,CONTINENTAL PROCONTACT' TX 195/65R15  RT REAR TIRE SIDE WALL BLEW OUT WITH NO WARNING. CAR HAS 16000 MILES AND HAS BEEN DEALER SERVICED SINCE NEW. CAR WAS ACCELERATING ON FREEWAY ON RAMP WHEN  VIBRATION AND THUMP WERE FELT INSIDE THE CAR. DRIVER PULLED INTO SECURE AREA AND SAW THAT TIRE SIDEWALL HAD BLOWN OUT ON INSIDE AND OUTSIDE SIDEWALLS. TIRE WAS REPLACED BY VOLKSWAGEN DEALERSHIP AT OWNERS EXPENSE.,07/02/2018,07/02/2018,,False,False,0,0,3VW217AU2GM
11099933,2016,"Volkswagen Group of America, Inc.",GOLF,"STEERING,ELECTRICAL SYSTEM,AIR BAGS","DESPITE A 2015 RECALL,  2016 GOLFS ARE STILL BEING AFFECTED BY FAULTY CLOCK SPRING SETUPS AND A LACK OF SOME TYPE OF COVER THAT IS PREVENTING DEBRIS FROM GETTING INSIDE AND BREAKING THEM.      WHILE DRIVING THE CAR, THE AIRBAG WARNING LIGHT WENT ON.  I THEN NOTICED THAT NONE OF THE CONTROL FEATURES ON THE STEERING WHEEL WORKED..  NO CRUISE CONTROL, NOT HORN, NO SYSTEM DATA, ETC.  UPON FURTHER INVESTIGATION I DISCOVERED THAT THE CLOCK SPRING WAS THE REASON FOR THE PROBLEM AND THAT THIS HAS BEEN AN ONGOING PROBLEM THAT VW HAS KNOWN ABOUT SINCE 2011.  ONLY AFTER AN INVESTIGATION WAS VW FORCED INTO DOING A RECALL IN 2015.  THE PROBLEM OBVIOUSLY STILL EXISTS SINCE THERE ARE A NUMBER OF CONTINUED COMPLAINTS STILL BEING FILED.",06/05/2018,05/31/2018,,False,False,0,0,
11099415,2016,"Volkswagen Group of America, Inc.",GOLF,ENGINE,CONSUMING OIL,06/03/2018,06/02/2018,,False,False,0,0,3VWC17AU3GM
11030441,2016,"Volkswagen Group of America, Inc.",GOLF,FUEL/PROPULSION SYSTEM,"I LEASED A NEW 2016 VW GOLF. VW CLAIMED THE CAR GOT 25/35 MILEAGE. I AM GETTING 13/26 AND YET I AM A VERY CASUAL DRIVER. I HAVE TAKEN IT TO TWO VW DEALERSHIP A TOTAL OF FIVE TIMES. THEY ARE CLAIMING THAT THAT I ONLY DRIVE A FEW MILES A DAY, SO THE CAR DOESN'T HAVE ENOUGH TIME TO WARM UP AND THAT IS WHY I DO NOT GET THE STATED MILEAGE. IT'S A RIDICULOUS CLAIM. I FEEL LIKE THIS IS ANOTHER VW SCANDAL. I NEED TO ESCALATE THE RESOLUTION OF THIS ISSUE AS I HAVE PLENTY OF PROOF ON THE ISSUE. LET ME KNOW IF YOU ARE THE CORRECT GOVERNMENT DEPARTMENT TO DEAL WITH THIS ISSUE.",09/28/2017,09/28/2017,,False,False,0,0,3VW217AU1GM
11018861,2016,"Volkswagen Group of America, Inc.",GOLF,VISIBILITY,"TL* THE CONTACT OWNS A 2016 VOLKSWAGEN GOLF. THE CONTACT STATED THAT THE SUN ROOF MALFUNCTIONED AND CAUSED WATER TO ENTER THE VEHICLE. THE VEHICLE WAS TAKEN NUMEROUS TIMES TO AN UNKNOWN VOLKSWAGEN DEALER. THE DEALER REPLACED THE SUN ROOF SEALANT, BUT THE FAILURE WAS NOT CORRECTED. THE VEHICLE WAS TAKEN BACK TO THE DEALER WHERE IT WAS DIAGNOSED THAT THE SUN ROOF RACK NEEDED TO BE REPLACED. THE VEHICLE WAS NOT REPAIRED. THE MANUFACTURER WAS NOTIFIED. THE FAILURE MILEAGE WAS 7,000.",08/22/2017,07/01/2017,,False,False,0,0,3VW217AU9GM
10992847,2016,"Volkswagen Group of America, Inc.",GOLF,"ENGINE,FUEL/PROPULSION SYSTEM","TL* THE CONTACT OWNS A 2016 VOLKSWAGEN GOLF. THE CONTACT RECEIVED NOTIFICATION OF NHTSA CAMPAIGN NUMBER: 16V647000 (FUEL SYSTEM, ENGINE AND ENGINE COOLING). THE PARTS TO DO THE REPAIR WERE UNAVAILABLE. THE CONTACT STATED THAT THE VEHICLE DID NOT RECEIVE ADEQUATE FUEL MILEAGE AND THAT THE MANUFACTURER EXCEEDED A REASONABLE AMOUNT OF TIME FOR THE RECALL REPAIR. THE MANUFACTURER WAS NOT NOTIFIED OF THE ISSUE. THE LOCAL DEALER (OURISMAN VOLKSWAGEN OF BETHESDA LOCATED AT 7001 ARLINGTON RD, BETHESDA, MARYLAND 20814) WAS CONTACTED AND INFORMED THE CONTACT THAT THEY HAD NOT RECEIVED PARTS FROM THE MANUFACTURER AND THAT THE CONTACT WAS PLACED ON A WAITING LIST. THE MANUFACTURER WAS MAKING FLORIDA AND PUERTO RICO A PRIORITY FIRST. THE CONTACT HAD NOT EXPERIENCED A FAILURE. PARTS DISTRIBUTION DISCONNECT.",06/02/2017,11/01/2016,,False,False,0,0,3VW217AU1GM
10984229,2016,"Volkswagen Group of America, Inc.",GOLF,VEHICLE SPEED CONTROL,"TL* THE CONTACT OWNS A 2016 VOLKSWAGON GOLF. WHILE DRIVING VARIOUS SPEEDS, THE VEHICLE EXPERIENCED UNINTENDED ACCELERATION WHILE BEING OPERATED IN SECOND AND THIRD GEARS. THE CONTACT INDICATED THAT THE VEHICLE'S SPEED WOULD INCREASE BY APPROXIMATELY 35 MPH WITHOUT DEPRESSING THE ACCELERATOR PEDAL. THE FAILURE WAS INTERMITTENT AND WOULD OFTEN OCCUR AFTER THE VEHICLE HAD NOT BEEN DRIVEN FOR SEVERAL HOURS. THE VEHICLE WAS TAKEN TO SEVERAL DEALERS WHO INDICATED THAT THE ISSUE WAS A CHARACTERISTIC OF THE VEHICLE AND NO FAILURE WAS FOUND. THE MANUFACTURER WAS NOTIFIED OF THE FAILURE. THE FAILURE MILEAGE WAS 3,000.",05/08/2017,12/01/2016,,False,False,0,0,3VW117AU0GM
10971575,2016,"Volkswagen Group of America, Inc.",GOLF,FUEL/PROPULSION SYSTEM,"PERSISTENT FUEL SMELL.  VEHICLE RECALL WAS PERFORMED, VEHICLE WAS REPAIRED TWICE AT DEALERSHIP FOR SAME PROBLEM.  CARBON FILTER WAS REPLACED, FUEL SENSOR AND FUEL INJECTORS REPLACED (UNDER WARRANTY).  SMELL MOST NOTICEABLE AFTER BEING DRIVEN FOR 10-30 MINUTES, THEN PARKED FOR 10 MINUTES TO 1 HOUR.",04/10/2017,03/01/2017,,False,False,0,0,3VWC17AU7GM
10968443,2016,"Volkswagen Group of America, Inc.",GOLF,FUEL/PROPULSION SYSTEM,FUEL ODOR IN CAR CABIN USUALLY AFTER THE CAR IS STARTED AFTER BEING RUN AND SITTING BRIEFLY OFF.  THE PROBLEM HAS PERSISTED AFTER SUCTION PUMP RECALL WORK WAS DONE.,03/25/2017,01/01/2017,,False,False,0,0,
10955589,2016,"Volkswagen Group of America, Inc.",GOLF,STEERING,"STEERING POWER ASSIST ""TWITCHES"" WHILE CAR IS IN MOTION.  HAPPENS AT RANDOM TIMES, SPEEDS AND STEERING CONDITIONS WHILE DRIVING....ENOUGH TO JERK THE CAR INTO THE NEXT LANE.  MIGHT BE TIED TO VW'S DSR OR DYNAMIC STEERING RECOMMENDATION SETTING IN THE VEHICLE COMPUTER.",02/20/2017,02/01/2017,,False,False,0,0,3VWC17AU4GM
10948507,2016,"Volkswagen Group of America, Inc.",GOLF,SERVICE BRAKES,"BRAKE FAILURE. THE CAR WAS BEING DRIVEN AROUND 20MPH, WHEN A 'BRAKE: FLUID LOW SEE OWNER'S MANUAL' MESSAGE CAME ON. AFTER SEEING THIS MESSAGE PRESSURE WAS APPLIED TO THE BRAKE PEDAL AND THE PEDAL WENT TO THE FLOOR. THE PEDAL MADE A 'CHATTERING NOISE' AS IT MOVED THROUGH THE PEDAL STROKE. THE PARKING BRAKE WAS USED TO STOP THE CAR. THIS WAS EASILY RECREATED IN A PARKING LOT AND AT THE LOCAL DEALER.  THE WARNING LIGHT CAME ON EACH TIME THE CAR WAS STARTED AFTER THE INITIAL INCIDENT, AND WHEN PRESSURE WAS APPLIED TO THE PEDAL, THE PEDAL EASILY WENT TO THE FLOOR MAKING THE SAME CHATTERING NOISE.  THERE WERE NO SYMPTOMS BEFORE THIS INCIDENT. THE BRAKE SYSTEM SEEMED TO FUNCTION AS IT SHOULD AND HAD EVERY OTHER TIME THE CAR WAS DRIVEN.  I CHECKED FOR BRAKE FLUID LEAKS AT THE MASTER CYLINDER AND AT EACH OF THE FOUR CALIPERS, AND DID NOT FIND ANY LEAKED FLUID. IT APPEARED THAT THERE WAS STILL BRAKE FLUID IN THE BRAKE FLUID RESERVOIR.   UPON INITIAL CONTACT, THE DEALER SAID THEY HAD NEVER SEEN THIS BEFORE. AFTER THEIR INITIAL ASSESSMENT BY THE DEALER, THEY BELIEVED IT WAS A MASTER CYLINDER ISSUE AND THE SEAL ON THE SIDE OF THE BRAKE BOOSTER HAD FAILED, AND BRAKE FLUID LEAKED INTO THE BOOSTER.",01/30/2017,01/25/2017,,False,False,0,0,3VW547AU4GM
10897865,2016,"Volkswagen Group of America, Inc.",GOLF,ENGINE,"ENGINE MISFIRED AND CAUSE THE CAR TO STUTTER WITH LOSS OF PERFORMANCE.  THIS HAPPENED TO ME WHEN MAKING A LEFT HAND TURN NEARLY CAUSING AN ACCIDENT BECAUSE THE CAR WAS NOT MOVING AT THE NORMAL SPEED DUE TO LOSS OF PERFORMANCE.  THIS IS THE 3RD TIME THE ENGINE HAS MISFIRED SINCE I BOUGHT THE CAR.  IT HAS LESS THAN 2,800 MILES ON IT.",08/23/2016,08/20/2016,,False,False,0,0,3VWC17AU8GM
10897131,2016,"Volkswagen Group of America, Inc.",GOLF,"SERVICE BRAKES, HYDRAULIC","TL* THE CONTACT OWNS A 2016 VOLKSWAGEN GOLF. WHILE DRIVING APPROXIMATELY 20 TO 25 MPH, THE CONTACT HEARD A CRACKLING NOISE WHEN THE BRAKE PEDAL WAS DEPRESSED. THE BRAKES FAILED WITHOUT WARNING. THE CONTACT HAD TO APPLY THE EMERGENCY BRAKE TO STOP THE VEHICLE. THE VEHICLE WAS TOWED TO THE DEALER. IT WAS DIAGNOSED THAT THERE WAS A MECHANICAL FAILURE IN THE VACUUM PUMP. THE VEHICLE WAS REPAIRED. THE MANUFACTURER WAS NOT NOTIFIED. THE APPROXIMATE FAILURE MILEAGE WAS 9,558.      THE CONSUMER STATED THE CONCERN WAS THAT THE VEHICLE WAS REPAIRED WITH THE SAME OEM PART THAT INITIALLY FAILED. THE MANUFACTURER WAS NOTIFIED. THE CONSUMER REQUESTED FOR THE VEHICLE TO BE BOUGHT BACK BUT, THE MANUFACTURER DECLINED AND OFFERED A 200.00 GIFT CARD. *JS",08/19/2016,07/29/2016,,False,False,0,0,WVWUF7AU3GW
10888512,2016,"Volkswagen Group of America, Inc.",GOLF,"UNKNOWN OR OTHER,ENGINE,FUEL/PROPULSION SYSTEM","SUDDEN VIOLENT SHAKING WHILE DRIVING. THEY REPLACED ALL FOUR FUEL INJECTORS, SECOND TIME HAPPENED A MONTH LATER. SHAKING WHILE DRIVING. THEY CANNOT FIX. MILES JUST UNDER 2000 ON SECOND OCCURRENCE.",07/25/2016,06/28/2016,,False,False,0,0,3VWC17AU5GM
10885240,2016,"Volkswagen Group of America, Inc.",GOLF,UNKNOWN OR OTHER,"TWO PRIMARY PROBLEMS WITH THIS CAR AT THIS TIME:    1. EPC  (ENGINE POWER CONTROL) LIGHT COMES ON FREQUENTLY WHILE DRIVING AT STREET AND FREEWAY SPEEDS. WHEN THE LIGHT COMES ON THE CAR JERKS FORWARD AND RIDES ROUGH. I AM CONCERNED ABOUT THE SAFETY OF THIS CAR AND IT NOT RUNNING CORRECTLY. THE CAR MANUAL INDICATES THAT WHEN THE EPC LIGHT IS DISPLAYED THE ENGINE IS MALFUNCTIONING.    2. THE BLUETOOTH/INFOTAINMENT SYSTEM WILL INTERMITTENTLY FREEZE AND THE PHONE WILL NOT DISCONNECT AND THE RADIO WILL WORK. THIS IS ALSO A SAFETY ISSUE SINCE I HAVE TO CONSTANTLY ADJUST THE SETTINGS TO TRY AND FIX IT AND PULL OVER THE CAR, TURN OFF THE CAR AND TRY AND FIX THE PROBLEM.      I HAVE TAKEN THE CAR TO A VOLKSWAGEN DEALER /SERVICE CENTER  ON MULTIPLE OCCASIONS TO FIX BOTH PROBLEMS AND THEY HAVE BEEN UNABLE TO FIX EITHER PROBLEM.",07/16/2016,11/23/2015,,False,False,0,0,3VW217AU5GM
10853372,2016,"Volkswagen Group of America, Inc.",GOLF,VEHICLE SPEED CONTROL,"ON MANUAL TRANSMISSION VEHICLES CRUISE CONTROL DOES NOT DEACTIVATE WHEN DEPRESSING CLUTCH, CHANGING GEAR. ONCE CLUTCH IS RELEASED CRUISE AUTOMATICALLY RE ENGAGES. THIS IS A HUGE SAFETY LIABILITY. VW CALLS IT A NEW FEATURE, THIS FEATURE HAS CAUSED A FEW NEAR MISSES.. THIS FEATURE WILL EVENTUALLY CAUSE AN ACCIDENT I'VE BEEN DRIVING MANUAL TRANSMISSION CARS FOR OVER 20 YEARS AND EVERY TIME THE CLUTCH IS DEPRESSED CRUISE TURNS OFF AND WILL ONLY RE-ENGAGE ONCE THE BUTTON IS DEPRESSED.",04/04/2016,04/04/2016,,False,False,0,0,
10816865,2016,"Volkswagen Group of America, Inc.",GOLF,"ELECTRICAL SYSTEM,ENGINE,FUEL/PROPULSION SYSTEM","SAFETY ISSUE - 2016 EGOLF WOULD NOT MOVE AFTER A ROUTINE TRAFFIC STOP WITH ""MAIN CHARGING FAILED"" ERROR. DURING A NORMAL COMMUTE AFTER 3, 4 MILES OF DRIVING 30 - 40 MPH, CAR WOULDN'T MOVE AFTER A ROUTINE TRAFFIC STOP RIGHT AFTER A TRAFFIC LIGHT. THIS IS EVENING 6PM RUSH HOUR TRAFFIC, CAR JUST STOPPED IN THE MIDDLE OF THE ROAD. WHILE REST OF THE SYSTEMS SEEM TO BE FUNCTIONING, THE CAR IGNITION IS ON, PRESSING ACCELERATOR PEDAL DOESN'T DO ANYTHING WITH ""ELECTRICAL ERROR , STOP"" MESSAGE ON THE DASH. AFTER GETTING STUCK IN A LANE FOR AN HOUR IN RUSH HOUR TRAFFIC, GOT THE CAR TOWED TO NEARBY VW DEALER. DEALER INFORMED THAT THE MAIN CHARGING MODULE THAT CHARGES BATTERY FAILED, WHICH NEEDS TO BE REPLACED WITH NEW PART FORM GERMANY. IT COULD TAKE UP TO TWO WEEKS.    SAFETY ISSUE - THE FACT THAT CAR JUST STOPS WHILE DRIVING EVEN THOUGH THE BATTERY HAS PLENTY OF CHARGE LEFT POSES A SERIOUS AND SIGNIFICANT SAFETY RISK. A SERIOUS ACCIDENT IS JUST WAITING TO HAPPEN.I WAS TOLD THAT THE DESIGN PROTECTS DRIVERS AGAINST GETTING STRANDED AFTER BATTERY IS DISCHARGED, SINCE THE CHARGING MODULE FAILED. THIS SEEMS TOTALLY ILLOGICAL THAT THE DESIGN IS TRYING TO PROTECT YOU FROM STRANDED WHEN BATTERY RUNS OUT, SO IT RATHER STOP IN THE MIDDLE OF THE ROAD TO GET THE MODULE FIXED BEFORE YOU CAN DRIVE IT TO A SAFE PLACE.    THERE ARE QUITE A FEW INCIDENTS REPORTED LIKE THIS, SO VW HAS A SERIOUS SAFETY ISSUE TO FIX ON 2016 EGOLF IMMEDIATELY. MAYBE IT REQUIRES A DESIGN FIX TO LET DRIVERS DRIVE TO A DEALER TO GET THE FAULTY PART TO BE FIXED, INSTEAD OF STRANDING IN THE MIDDLE OF THE ROAD.",12/29/2015,12/16/2015,,False,False,0,0,WVWKP7AU0GW
11712343,2017,"Volkswagen Group of America, Inc.",GOLF,UNKNOWN OR OTHER,"My vehicle is subject to Safety Recall 20UF (Suction Jet Pump failure / Fire Risk). I have attempted to contact Pacific Volkswagen in Hawthorne, CA to schedule this safety-critical repair. On two separate occasions, upon mentioning that the call was regarding the 20UF recall, the dealership staff disconnected the call. This repeated 'recall avoidance' at Pacific Volkswagen is preventing me from remedying a known fire risk, and the dealership is effectively refusing to facilitate a federally mandated safety repair. I am concerned that the dealer is prioritizing paid service over safety-critical warranty work.",01/21/2026,01/21/2026,,False,False,0,0,3VW217AU3HM
11704039,2017,"Volkswagen Group of America, Inc.",GOLF,"ELECTRICAL SYSTEM,UNKNOWN OR OTHER",Infotainment system is restarting itself repeatedly every 30 seconds to every few minutes.This has been going on for about 2 weeks. The component has not yet been inspected by a 3rd party.,12/09/2025,11/27/2025,,False,False,0,0,3vwh17auxhm
11696778,2017,"Volkswagen Group of America, Inc.",GOLF,VEHICLE SPEED CONTROL,"The contact owns a 2017 Volkswagen Golf. The contact stated that while the vehicle was parked and occupied, while attempting to depress the accelerator pedal, the vehicle independently accelerated and crashed into a parking lot barrier. The contact stated that none of the air bags deployed. There was no injury sustained. No medical attention was required. A police report was not filed. The contact stated that the vehicle was not diagnosed by a dealer or independent mechanic. The vehicle was towed to an Auto Body Shop. The manufacturer was not notified of the failure. The vehicle was not deemed a total loss. The contact related the failure to an article read online on Edmonds Auto Reviews. The approximate failure mileage was 96,000.",10/31/2025,04/15/2023,,True,False,0,0,3VW217AU6HM
11696492,2017,"Volkswagen Group of America, Inc.",GOLF,ELECTRICAL SYSTEM,"I have been having rear cameras for quite some time. The first time I took it to the dealer they could not find any issues and told me to take pictures. I did, plenty of them. Monday 10-27 2025 I took it in again for the gas tank issue and camera issue. Being disabled due to serious spine issues I had to minimize waiting time. The dealer preformed a radio update per 91-19-02 & MIB2 composition & discovered media info system malfunctions. I am currently under                    VW extended warranty 10 year 100000 mi but they charged me $225.00 for the update.  This is exactly the same issue for recall #91SB. Apparently the issue goes back further than the recall, I believe that these issues were swept under the rug. Any help would be appreciated. [XXX]  VW [XXX]      [XXX]   [XXX]  [XXX]    I believe that the recall is the tip of a very large problem INFORMATION REDACTED PURSUANT TO THE FREEDOM OF INFORMATION ACT (FOIA), 5 U.S.C. 552(B)(6)",10/30/2025,10/27/2025,,False,False,0,0,3VW217AU8HM
11689572,2017,"Volkswagen Group of America, Inc.",GOLF,FUEL/PROPULSION SYSTEM,"In December 2021, my fuel gauge read empty, so I stopped at a gas station near the Honolulu Airport and VW Honolulu dealership. As I was pumping the gasoline, it began overflowing from the top of the tank, although I had just started pumping. I immediately removed the pump which is when gas began leaking out of the bottom of the tank, like a faucet. Luckily, I was right by the dealership, and was able to make it there without anything dangerous happening. After assessing my vehicle, the VW technicians said there was an internal issue with a faulty fuel tank. They said this issue was not something that I caused. Attached are the invoices and notes provided by the technicians. I paid $3,877 to get the problem fixed.",09/24/2025,12/10/2021,,False,False,0,0,3VW217AU0HM
11635574,2017,"Volkswagen Group of America, Inc.",GOLF,POWER TRAIN,"The contact owns a 2017 Volkswagen Golf Alltrack. The contact stated that while parking the vehicle and shifting to the park, the contact turned off the vehicle and the vehicle rolled backward. The driver depressed the brake pedal and activated the parking brake to stop the vehicle from rolling. The cause of the failure was not yet determined. The manufacturer and local dealer were notified of the failure, but no assistance was offered. The failure mileage was 170,000.",01/13/2025,06/13/2024,,False,False,0,0,3VWH17AU9HM
11635575,2017,"Volkswagen Group of America, Inc.",GOLF,"ELECTRICAL SYSTEM,ENGINE,FUEL/PROPULSION SYSTEM","I've been experiencing a recurring issue with my vehicle where the EPC light frequently activates. When this happens, the car significantly reduces its speed, making it difficult to drive safely. I've noticed this situation over the past six to eight months, and it typically requires me to pull over. After turning off the vehicle multiple times, I'm usually able to reset it and drive normally again. I'm seeking advice on how to address this problem effectively.",01/13/2025,04/12/2024,,False,False,0,0,3VWH17AU9HM
11635576,2017,"Volkswagen Group of America, Inc.",GOLF,"STEERING,POWER TRAIN","I am facing an issue with my car where it tends to roll back even when it's in park, regardless of whether the engine is on or off. The only time it remains stationary is when I apply the brakes and engage the emergency brake. This situation poses a safety concern for me and my family, and I would like to find a solution to ensure our vehicle stays securely in place when parked.",01/13/2025,01/17/2024,,False,False,0,0,3VWH17AU9HM
11622253,2017,"Volkswagen Group of America, Inc.",GOLF,FUEL/PROPULSION SYSTEM,"The component that failed, according to Volkswagen, is the rollover valve in the gas tank. This issue caused large amounts of gasoline to leak and pool from behind the rear passenger wheel well, creating a significant fire hazard and risk of harm.  The vehicle was inspected by a Volkswagen service center as part of the repair process, whereupon the Volkswagen service center documented that the issue was caused by a faulty rollover valve in the gas tank.  There were no warning lamps, messages, or other symptoms prior to the failure.",10/28/2024,08/10/2022,,False,False,0,0,3VW4T7AU3HM
11616046,2017,"Volkswagen Group of America, Inc.",GOLF,FUEL/PROPULSION SYSTEM,"I had a suction jet pump recall due on the car. I took it to the dealer to fix. Mind you, I have never had an issue with this car ever. Now about a week later from the car being in the shop I get an engine malfunction light that comes on due to the evap system. Vw dealership of cool springs has not worked with me on this at all and it is frustrating to say the least.",09/23/2024,09/20/2024,,False,False,0,0,3VW4T7AU2HM
11612975,2017,"Volkswagen Group of America, Inc.",GOLF,UNKNOWN OR OTHER,"The water pump in these vehicles are known defects, with class actions resulting. My water pump has failed at less than 70k miles. This results in engine overheating and possible failure. Luckily I was able to get the car off the road.",09/06/2024,09/02/2024,,False,False,0,0,3VW5T7AU5HM
11611590,2017,"Volkswagen Group of America, Inc.",GOLF,FUEL/PROPULSION SYSTEM,Car has been leaking fuel for over a year. Had to pay out of pocket to get it fixed and VW refused to refund cost of repairs even though there is now a recall over a year later acknowledging the issue.,08/29/2024,08/28/2023,,False,False,0,0,3VW4T7AU1HM
11610366,2017,"Volkswagen Group of America, Inc.",GOLF,"STEERING,ELECTRICAL SYSTEM,AIR BAGS","Failure of wheel speed sensor in front right wheel. This is the THIRD time I have had a wheel speed sensor fail on this car, which has 35,000 miles on it. Failure caused loss of power steering, airbags, abs, etc.",08/23/2024,08/12/2024,,False,False,0,0,3VW217AU3HM
11609661,2017,"Volkswagen Group of America, Inc.",GOLF,UNKNOWN OR OTHER,"I have gear shift trim that has peeled and is extermely sharp in my vehicle. This had led to cutting my hands multiple times while accessing the center storage compartment. This is a known issue with GTIs and other Volkswagen trim manufacturing, yet Volkswagen refuses to replace the part in my VIN. The relevant Service Action Code is  34J7.",08/20/2024,08/20/2024,,False,False,1,0,3VW5T7AU5HM
11608176,2017,"Volkswagen Group of America, Inc.",GOLF,"FUEL SYSTEM, GASOLINE","The contact owns a 2017 Volkswagen Golf. The contact stated that after refueling the vehicle, the contact became aware that the fuel had been consumed extremely quickly. There were no warning lights illuminated. The contact received notification of NHTSA Campaign Number: 24V110000 (Fuel System, Gasoline); however, the part to do the recall repair was not yet available. The local dealer was contacted. The contact stated that the manufacturer had exceeded a reasonable amount of time for the recall repair. The manufacturer was not made aware of the issue. The failure mileage was unknown. Parts distribution disconnect.",08/13/2024,04/01/2024,,False,False,0,0,3VW117AU1HM
11607650,2017,"Volkswagen Group of America, Inc.",GOLF,FUEL/PROPULSION SYSTEM,"Starting January 2023, I had issues putting fuel in my car (symptoms align with the recall issued this year). I took it to VW and paid their diagnostic fee for them to say there’s nothing wrong with the car (approx. $170) continued to drive the car and eventually due to the issue, my fuel pump went out and I had to replace it. (See attached image). This time, I took the car to a local mechanic who charged a $100 diagnostic fee. All of this was prior to the recall this year and I am hoping for reimbursement on everything I spent trying to resolve this issue.",08/09/2024,01/11/2023,,False,False,0,0,3VW4T7AU8HM
11605426,2017,"Volkswagen Group of America, Inc.",GOLF,FUEL/PROPULSION SYSTEM,"July 30,2024 ﻿I own a Golf 2017.  ﻿My suction jet pump has failed. I cannot drive my car because I can't put gas into it. ﻿I need my car for work. The recall does not have the part available and it seems there hasn't been a part to fix this for a very long time. ﻿I'm really at a loss. ﻿What are my next steps? ﻿Should I report this to the Better Business Bureau? ﻿So far I've been on Volkswagen Of America's phone wait for 40 minutes. ﻿I've already taken my car to a dealership to have this problem verified. There were no warning messages.﻿ ﻿ ﻿",07/30/2024,07/25/2024,,False,False,0,0,3VW217AU4HM
11605490,2017,"Volkswagen Group of America, Inc.",GOLF,FUEL/PROPULSION SYSTEM,"On July 7, 2024, the fuel tank system on my car (2017 VW Golf) failed. I was unable to pump gas into the gas tank. Upon arrival back to my house, gas started leaking out of the backside of the car near the gas tank (I later found out from the VW service manager it was leaking out of the charcoal canister). I had the car towed ($173) to a local VW dealership the next morning, 7/8/24. It is now 7/30/24 and the car is still not fixed. I was without a car for two and a half weeks (7/7 to 7/24), then finally got a rental from the dealership that is costing me $40/day (totaling $240 as of today). According to the service manager at the VW dealership, VW engineers are saying the failure is not due to the fuel tank suction jet pump (which there is a current recall on but no fix available) but all the symptoms I experienced point to that part being the problem. The service manager said that VW will cover the cost of the repair under a PZEV warranty, not the fuel tank suction jet pump extended warranty/recall. The replacement parts are taking weeks for the dealership to receive and there was confusion/miscommunication about which parts were included or needed. My complaints are: 1) the length of time it's taking for the car to be fixed, 2) the amount of money it's costing me for towing, rental car and any other potential expenses related to this issue, and 3) if it's not the fuel tank suction jet pump that is the problem, then there's potentially a larger problem at play with the fuel tank system not included in the original recall.",07/30/2024,07/07/2024,,False,False,0,0,3VW217AU3HM
11604755,2017,"Volkswagen Group of America, Inc.",GOLF,"FUEL SYSTEM, GASOLINE","The contact owns a 2017 Volkswagen Golf. The contact stated that when the vehicle was started, the contact heard an abnormal clicking sound. The vehicle was taken to the dealer where it was diagnosed with a failed suction jet pump. The contact was informed that the suction jet pump needed to be replaced. The vehicle was not repaired. The contact received notification of NHTSA Campaign Number: 24V110000 (Fuel System, Gasoline) however, the part to do the recall repair was unavailable. The contact stated that the manufacturer had exceeded a reasonable amount of time for the recall repair. The manufacturer was made aware of the failure. The failure mileage was approximately 90,000. VIN tool confirms parts not available.",07/26/2024,04/26/2024,,False,False,0,0,3VW217AU9HM
11604527,2017,"Volkswagen Group of America, Inc.",GOLF,FUEL/PROPULSION SYSTEM,"A recall was published on 02/14/2024 and remains unresolved. Since the safety risk of ""leaking fuel, in the presence of an ignition source, may result in a fire"" it seems like this should be a priority.    (Manufacturer Recall Number20UF, NHTSA Recall Number24V110)",07/25/2024,02/14/2024,,False,False,0,0,3VW217AU3HM
11595545,2017,"Volkswagen Group of America, Inc.",GOLF,FUEL/PROPULSION SYSTEM,"***DATE OF OCCURRENCE: 07/03/2023***  SOLUTION REQUIRED IMMEDIATELY: I have been without a working vehicle for nearly 1 full year without recourse. ONE YEAR! Initially the recall for the exact suction jet pump issue did not include 2017 GTI models. I was furious.   Repair estimates I received ranged rom $2,000-4,000 to replace the entire fuel system. Being unable to afford this, I was forced to leave it parked and completely unusable. I even had to change my car insurance to ""garaged"" status to avoid paying premium on a vehicle I couldn't even drive.   I am extremely disappointed in the timeline for this recall.   I'm glad that the recall for suction jet pump issue now includes my vehicle's year, but a repair solution is needed immediately.   INCIDENT DESCRIPTION: Vehicle began losing engine power a day or so before the incident. I was driving home and noticed the intermittent engine power issue. Thankfully, I was not far from home. As I approached my neighborhood gate, I rolled down the window to enter the code. That's when I smelled a strong fuel odor.   There were NO indicator lights or warning lamps displayed on my dashboard panel that suggested an issue with my vehicle.  I looked around nearby for lawn maintenance trucks, suspecting they were refueling or had potentially spilled fuel from their equipment.  As I pulled into my parking space and exited the vehicle, I immediately noticed fuel streaming down from the inside of the wheel well and pooling on the ground below the gas tank door.   Honestly, it was a really scary experience. I was afraid for my safety. It looked like my car could explode at any moment.  The only good news is that my gas tank was relatively low on fuel so the spill didn't last long.  I have not started my vehicle since the incident, nearly 1 year ago. It's a gut punch every day to see it parked, unusable AND have to continue paying for it.   Please issue a repair solution for this recall immediately. Thank you.",06/20/2024,07/03/2023,,False,False,0,0,3VW4T7AU9HM
11595149,2017,"Volkswagen Group of America, Inc.",GOLF,STRUCTURE,driving down the highway at 70mph and what sounded like a gunshot inside the car. glass started falling on us driving down the road. the sunroof glass exploded. got pulled over and looked and the glass is literally blown outward not inward like something falling on it. the hole it bulged up and the glass from the hole was missing.,06/18/2024,06/16/2024,,False,False,0,0,3VW447AU9HM
11588685,2017,"Volkswagen Group of America, Inc.",GOLF,FUEL/PROPULSION SYSTEM,"Related to recall 20UF.  VWoA refused to authorize repair under recall in March. My 2017 GTI is diagnosed with all symptoms of the 20UF recall.  Random power loss, inability to add fuel, large fuel leak from rear fender (charcoal canister).  I have been unable to drive the car since March, but VWoA refuses to pay for the repair.  The recall was issued 3 months ago and there is still no repair, or offer from VWoA to give a loaner car or anything.",05/14/2024,03/01/2024,,False,False,0,0,3VW447AU7HM
11585888,2017,"Volkswagen Group of America, Inc.",GOLF,STEERING,"The Clock Spring Assembly on my vehicle failed.     In May 2023 Volkswagen of America issued an extended warranty coverage notice for the part.    After doing some research and determining the part failure, I called my local VW dealer to report the problem.   They told me they would be happy to schedule an appointment to look at my vehicle but they could not schedule my vehicle for service for at least a month.   Considering this issue to be an extreme safely issue and realizing I did not want to drive around in my vehicle for over a month without air bag protection, I had my vehicle repaired at an independent service facility.   I have had several communications with VW of America (attached) and they refuse to reimburse me for this repair.",04/29/2024,11/14/2023,,False,False,0,0,3VWH17AU4HM
11581571,2017,"Volkswagen Group of America, Inc.",GOLF,FUEL/PROPULSION SYSTEM,"VW is not acting fast enough to fix the active fuel tank suction jet pump recall, given the immense danger risk. The recall was issued a month and a half ago - they should have the parts available now to fix it. I have noticed fuel smells while inside and driving my car on and off for several months now!! I took my car to their dealership yesterday to get their faulty water tank replaced and when I asked about the recall I was completely dismissed and they said they had no idea when the parts would be available. I need my car to get to work. I can't just stop driving it but it feels incredibly unsafe to drive now that I know about the recall!",04/07/2024,04/06/2024,,False,False,0,0,3VW217AU9HM
11579405,2017,"Volkswagen Group of America, Inc.",GOLF,ENGINE,"Turbo Wastegate actuator rod/flap failure/seizure. VW dealership & Independent service center both diagnosed the issue as a seized wastegate actuator flap/rod. This is due to poor design and is a common issue on all 2015-2020 VW/Audi 1.8l TSI engines. This issue causes intermittent engine codes for ""low boost"" related codes. P00AF00 and similar codes without warning. A key cycle usually temporarily fixes the problem until under boost again. This prevents safe operation of the vehicle while on highways and freeways. Engine shaking & prevention of acceleration and shifting happens after the engine code occur and the car is put into a limp mode. It is unsafe to maneuver the vehicle to the side of the road during these events.",03/25/2024,03/16/2024,,False,False,0,0,3VWH17AU0HM
11578065,2017,"Volkswagen Group of America, Inc.",GOLF,SUSPENSION,"-rear coil springs snapped -if coil completely falls out there will be no suspension, creating a greater chance of accident  -yes confirmed by mavis discount tire -inspected by me and mavis discount tire -no warning",03/18/2024,03/18/2024,,False,False,0,0,3VW547AU9HM
11564743,2017,"Volkswagen Group of America, Inc.",GOLF,FUEL/PROPULSION SYSTEM,Hello I am creating this inquiry about the suction pump and charcoal canister for my 2017 VW GTI. The suction pump on my vehicle has gone faulty and the car will no longer accept more than a gallon of gas. A faulty suction pump commonly leads to gas leaks and a faulty charcoal canister as well. The suction pump for the 2015 and 2016 golf gti was recalled due to this issue. There are hundreds of people with later models from 2017-2020 including myself that experience that exact same problem but VW has yet to extend the recall to our years. As of December 2023 the us transportation authority opened a probe into Volkswagen for not extending the recall. I am very frustrated over this because this can be close to $2000 in repairs. I should not be held financially responsible for a faulty pump that should have been recalled from the manufacturer.,01/10/2024,01/08/2024,,False,False,0,0,3VW447AU5HM
11558501,2017,"Volkswagen Group of America, Inc.",GOLF,FUEL/PROPULSION SYSTEM,"Large amount of fuel dumped onto road from right rear side of car at stop light. Police stopped me and asked me get a tow and no longer drive. 1st garage said it might be faulty fuel pump, and only VW dealer can replace. towed to VW where they replaced the whole fuel assembly.",12/05/2023,09/25/2023,,False,False,0,0,3VW4T7AU8HM
11552952,2017,"Volkswagen Group of America, Inc.",GOLF,"ENGINE,FUEL/PROPULSION SYSTEM","Fuel evaporation canister started leaking raw fuel after a strong gas odor was present before hand. The fuel suction pump failed and pressure built up in my gas tank. I was at risk because the presence of raw fuel near ignition sources can cause a fire.  Verified at Volkswagen dealership.    No warning signs by car when issue first started. Only sign of problem before raw fuel leaking was poor car performance, car stalled and I could not put more than a gallon of gas in the fuel tank.",11/01/2023,10/14/2023,,False,False,0,0,3VW547AU9HM
11548647,2017,"Volkswagen Group of America, Inc.",GOLF,FUEL/PROPULSION SYSTEM,"While driving the vehicle I noticed hesitation and lose of power on the interstate. No MIL or check engine light illuminated on the dash.  I was able to get the vehicle back to the house, but noticed a strong fuel smell coming from the car.  I walked around the vehicle looking for a visible sign of a fuel leak and saw a puddle by the rear passenger tire.  After further investigation I discovered that the fuel was coming from the air filter on my charcoal/evap canister.  I did some research and see that VW has an extended warranty out for this issue but it is not currently a recall, Fuel Tank Suction Jet Pump Limited Warranty Extension (VWP-22-2).  The safety issue is that while driving and stationary you have raw fuel and vapors on the exterior of the vehicle by an exhaust muffler and the inner fender liner absorbs some of the fuel in its fabric, so with the right circumstances could cause a vehicle fire.  Thankfully this did not happen to my vehicle but the potential for it to happen is present.  I took my vehicle to my local dealer and they diagnosed this issue but because my vehicle has a salvage title they will not cover the cost for the repairs, even though the reason that my vehicle has a salvaged/total title has nothing to do with the fuel/emission/evap system, so I will be doing the repairs myself.  The parts that needs to he repaired are the same parts listed in the previous recall of the earlier model of the VW GTI (Safety Recall Code 20Y6)",10/06/2023,09/01/2023,,False,False,0,0,3VW4T7AU8HM
11547266,2017,"Volkswagen Group of America, Inc.",GOLF,FUEL/PROPULSION SYSTEM,"Vehicle would not take in fuel from the gas pump. Fuel would leak from the rear, passenger side of the vehicle. Dealer replaced Fuel Tank, ACF Valve and Evaporative Emission Canister to fix the problem.",09/29/2023,10/19/2021,,False,False,0,0,3VW217AU9HM
11546976,2017,"Volkswagen Group of America, Inc.",GOLF,"AIR BAGS,VEHICLE SPEED CONTROL,FORWARD COLLISION AVOIDANCE",My clock spring has failed three times now the first few times I had it fixed at the dealership but my warranty is now no longer valid once since I bought it from the dealership and it has failed again saying my airbags deployed and none of my features on my steering wheel work at all not even my paddle shifters and nor does my horn. And this has happened every time all those things have not worked when it is gone faulty.,09/27/2023,05/01/2023,,False,False,0,0,3VW217AU2HM
11546483,2017,"Volkswagen Group of America, Inc.",GOLF,"UNKNOWN OR OTHER,ENGINE,FUEL/PROPULSION SYSTEM","Vehicle EPC light comes on dash. OBD code is ""P00AF00 - Turbocharger Boost Control ""A"" Module"". This error causes sudden loss of power and loss of driver assistance (forward collision assist, blind spot assist, cruise control, etc.). Vehicle is available for inspection upon request. Upon checking turbo charger, the wastegate actuator arm is seized up, keeping the wastegate from functioning properly, failing to maintain boost pressure and entering limp mode causing sudden loss of power and acceleration. This has happened while on the roadway, attempting to merge into highway traffic, change lanes & pass other vehicles. This caused the vehicle behind me to close the distance very rapidly almost resulting in multiple rear end collisions. The vehicle has not been inspected by others, yet. The only warning that came on was when it first did it. I had a sudden loss of power, a warning beep from the dash and the EPC light illuminated. It fixed itself after a few moments then occured again. It is now stuck with this error and will not operate accordingly.",09/25/2023,09/25/2023,,False,False,0,0,3VW217AU3HM
11542548,2017,"Volkswagen Group of America, Inc.",GOLF,FUEL/PROPULSION SYSTEM,"While on a road trip we noticed that the car was missing slightly on steep hills, and we attributed it to needing new spark plugs. When we filled with gas later, we noticed it clicking off as full sooner than it should have. The next day we could not get more than a gallon in it, and gas pooled in the neck of the tank and started oozing out around the rear bumper and on to the ground. It was clearly unsafe to drive in that condition. We took it to a nearby mechanic where we were visiting and he diagnosed it as a failed EVAP that he couldn't replace because it's integrated into the tank, and he didn't do that kind of major work on VWs. Found another mechanic and he disassembled the fuel system to discover that the baffles in the gas tank had collapsed, the charcoal filter was destroyed, the fuel pump and simmy valve were broken. All will have to be replaced at a cost of about $4500. (No documentation yet--still in the shop, and I haven't yet been able to get through to VW.) No check engine or warning lights ever came on, and the damage was sudden and instantaneous, with no cause (never been in a wreck in this car, always use factory-recommended fluids and fuel). No mechanical problems until this, and it seems there are many reports of Golfs 2016-2018 having this same problem at 5 years, so it's clearly a defect. This needs to be a recall! Thanks.",09/04/2023,09/03/2023,,False,False,0,0,3VW217AU8HM
11536956,2017,"Volkswagen Group of America, Inc.",GOLF,SEAT BELTS,Rear passenger seat buckle does not latch and thus at least one seat belt cannot be used. Buckle failed on its own. No accident or other incident was done to the buckle.,08/07/2023,08/01/2023,,False,False,0,0,3VW447AU8HM
11537018,2017,"Volkswagen Group of America, Inc.",GOLF,FUEL/PROPULSION SYSTEM,"Tried to put gas in tank and the pump at the gas station kept shutting off. Pulled over to refuel at another gas station and had gas leaking out of the side of my car, above tire on rear passenger side and next to exhaust. Inside of the car filled with strong odor of gasoline. Extremely dangerous having fuel pouring out of the side of the car while vehicle was moving. Volkswagen issued a recall for this issue on the 2015 and 2016 vw gti models due to the suction pump getting stuck inside the gas tank and they need to do the same for the 2017 models. Having to pay out of pocket to fix this issue and its going to cost over $3,500.00. Local dealership saying I need to replace the entire gas tank to fix the issue. Vehicle has roughly 72,000 miles on it. No warning lamps or messages from the vehicle while driving.",08/07/2023,07/24/2023,,False,False,0,0,3VW547AU0HM
11535411,2017,"Volkswagen Group of America, Inc.",GOLF,FUEL/PROPULSION SYSTEM,"Driving I noticed the power getting cut intermittently. This happened for a couple days. When I parked the car there was a smell of fuel. Looked at the rear of the car and there was a massive puddle of fuel on the ground at the rear passenger side. Left car outside house for safety reasons. Incredibly dangerous. No warning lights, just a very strong smell of fuel.  Scheduled to take vehicle to dealer as there is a recall on the suction pump for the fuel system for models 15-16. It appears this is an issue in other models as well.",07/31/2023,07/29/2023,,False,False,0,0,3VW547AUXHM
11534630,2017,"Volkswagen Group of America, Inc.",GOLF,FUEL/PROPULSION SYSTEM,"One day after a fuel fill-up, during hot weather, upon returning home my wife noticed the smell of gasoline when exiting my vehicle. Then she saw a steady stream of fuel pouring onto the ground just behind the passenger-side rear tire. She immediately got back in the car and drove it back out of my garage, onto our gravel driveway. The fuel continued running out of the wheel well, from a location approximately below the fuel filler door, for several minutes. After I opened the fuel filler cap there was a hissing sound, then the fuel leak appeared to stop. I called my local VW repair shop, who advised us to get the car towed to them, and NOT to drive it. The next morning it was towed to that shop. It took them a couple of days to get to our car, and they diagnosed that fuel had filled the charcoal canister, and presented us with a repair estimate of approximately $5,000. That included replacing the charcoal canister, the entire fuel tank, and several other related parts. After doing some research online, I believe this incident resulted from failure of the fuel tank suction pump, which was the subject of VW recall 20Y6, dated 12/21/2016. Apparently the same fuel suction pump continued to be used in the 2017 model year Golf. My online research revealed that this problem continues to occur with VW Golfs of model year 2017 and even later.",07/26/2023,07/20/2023,,False,False,0,0,3VW217AU0HM
11533709,2017,"Volkswagen Group of America, Inc.",GOLF,FUEL/PROPULSION SYSTEM,"Gasoline was leaking profusely out the back of near the right rear tire well.  I had it inspected by Camelback VW (Dealer) and they said the fuel tank failed.   The car has 55.8k miles on it, bought in December of 2017.   Having the fuel leak out was eye opening along with the repair bill of $3967.79  from what I understand, the fuel tank has a molded pump in it, that failed, which caused fuel to leak out  https://www.youtube.com/watch?v=p8k48eSbgVg (not my car, but exactly what happened, gurgling and all)",07/21/2023,07/08/2023,,False,False,0,0,3VW5T7AU7HM
11531806,2017,"Volkswagen Group of America, Inc.",GOLF,"SERVICE BRAKES,ENGINE,FUEL/PROPULSION SYSTEM",Breaks are not fuctioning well Engine is not fuctioning well,07/12/2023,07/12/2023,,False,False,0,0,3VW117AU8HM
11530737,2017,"Volkswagen Group of America, Inc.",GOLF,FUEL/PROPULSION SYSTEM,"I was driving down the highway and had power issues, pulled over once and saw nothing, drove another 15-20 miles, pulled over again, and had fuel pouring out behind the rear passenger wheel, at which point I turned off the car. I had car towed to a VW dealership and they said nothing is wrong with the car, and that there's no diagnosis. Also called VW of America and had a regional representative say they had to trust the dealer that the car is okay, and that we should keep driving the car.  However, VW has released an extended warranty notice for the fuel tank suction jet pump on this car, policy VWP-22-12, and released a safety recall (20Y6) for the 2016 GTI for a very similar issue and concern for leaking fuel starting a fire.  Despite this, the VW dealership is very unwilling to try and diagnose this fuel issue even with the warranty notice, and VW of America seems okay with this. Both have told me to continue driving the car as is.",07/06/2023,07/01/2023,,False,False,0,0,3VW5T7AU0HM
11529296,2017,"Volkswagen Group of America, Inc.",GOLF,FUEL/PROPULSION SYSTEM,Vehicle is spitting fuel back out when refilling. After driving and the system becomes pressurized it leaks fuel out in significant amounts when attempting to refuel.,06/28/2023,06/24/2023,,False,False,0,0,3VW5T7AU6HM
11527665,2017,"Volkswagen Group of America, Inc.",GOLF,UNKNOWN OR OTHER,"Sunroof spontaneously shattered while driving down the highway. No collision or impact. Sounded like a gunshot. Had to immediately pull over, remove all of the glass in order to drive it at all.",06/19/2023,05/06/2023,,False,False,0,0,3VWH17AU5HM
11527425,2017,"Volkswagen Group of America, Inc.",GOLF,ENGINE,"The thermostat housing leaked all my radiator fluid across the front of the engine block. I have to refill the reservoir every 2-3 days in order to keep the coolant in the engine and to keep it from overheating.   Low coolant lights came on at a stop light, to initially alert me of the problem. There's currently a class-action suit against VW for this and it's time to issue a recall.",06/16/2023,01/31/2023,,False,False,0,0,3VW217AUXHM
11526428,2017,"Volkswagen Group of America, Inc.",GOLF,FUEL/PROPULSION SYSTEM,"There is a significant fuel leak from the EVAP canister, spilling gallons of fuel even with the vehicle turned off.",06/11/2023,05/28/2023,,False,False,0,0,3VW217AU8HM
11525140,2017,"Volkswagen Group of America, Inc.",GOLF,UNKNOWN OR OTHER,"Continual unidentified leak in the roof area. I've seen many reports of this same issue for the 2017 Golf Alltrack, specifically on incline.",06/03/2023,06/02/2023,,False,False,0,0,3VWH17AU7HM
11523521,2017,"Volkswagen Group of America, Inc.",GOLF,UNKNOWN OR OTHER,MY CAR HAS 16500 MILES AND THE PANAROMIC ROOF DRAINS ARE NOT WORKING PROPERLY AND WATER LEAKED INTO THE BACK OF CAR.  I DID NOT KNOW THERE WAS WATER IN THE CAR UNTIL I LOOKED INTO THE SPARE TIRE COMPARTMENT WHICH HAD QUITE A BIT OF WATER IN IT.   THEN I SAW THAT THE HEADLINER WAS STAINED IN THE REAR OF THE CAR.    THIS IS A HAZZARD BECAUSE THERE ARE WIRES IN THE WELL FOR THE STEREO SYSTEM AND COULD HAVE CAUSED ELECTRICAL PROBLEMS FOR THE VEHICLE.   THIS NEEDS TO BE ADDRESSED.   IT IS NOT UNDER WARRANTY.   IT IS GOING IN FOR REPAIR END OF JUNE (EARLIEST APPOINTMENT THAT IS AVAILABLE).,05/23/2023,05/23/2023,,False,False,0,0,3VWH17AU9HM
11519371,2017,"Volkswagen Group of America, Inc.",GOLF,FUEL/PROPULSION SYSTEM,"Found vehicle was leaking gas from the passenger rear wheel well throught the liner. Had it inspected by a coworker for the issue and we deemed it was the charcoal canister at first. I ordered a new one and replaced it but concern persisted. Spoke with a former vw technician who got into contact with current technicians who stated to replace the gas tank. Had it inspected at a different location and they found the new charcoal canister, vent valve and purge valve filled with fuel and that they would need to replace them and rediagnose to find if it is one of the valves or a different issue. Decided to see online if others were having the same issue and found that others with the mark 7 golf gti (17)are having the same issues (that a recall was put out for the 2015-16 gtis). This happening is a hazard due to a possible thermal event. The vehicle is at higher risk to catch fire due to this. My vehicle is readily available to be inspected",04/28/2023,03/25/2023,,False,False,0,0,3VW5T7AU3HM
11516400,2017,"Volkswagen Group of America, Inc.",GOLF,STRUCTURE,"2017 VW GTI, incredibly common issue of the sunroof surround cracking and allowing water to leak into the electrical components and headliner of the vehicle. VW does not care to admit fault on this even though there are hundreds of documented cases about this issue. Less than a year out of warranty and now dealing with potential mold issues or worse, an electrical shortage problem that could cause a fire. Not sure how this can be seen in hundreds of cases from VW owners and they haven’t done anything about it. Major issue.",04/10/2023,03/03/2023,,False,False,0,0,3VW547AU3HM
11513185,2017,"Volkswagen Group of America, Inc.",GOLF,VISIBILITY,"The contact owns a 2017 Volkswagen Golf Alltrack. The contact stated that while adjusting the passenger's side rear-view mirror, the mirror glass suddenly detached from the housing, fell on the ground and shattered. The local dealer was not notified of the failure. The vehicle was not diagnosed nor repaired. The manufacturer was contacted, but no assistance was provided. The failure mileage was 92,000.",03/22/2023,03/18/2023,,False,False,0,0,3VWH17AU3HM
11512060,2017,"Volkswagen Group of America, Inc.",GOLF,FUEL/PROPULSION SYSTEM,"There is a problem with the fuel system in the tank region that effects the PCV valve, Charcoal cylinder and fuel tank cause a build up of pressure in the system that causes the vehicle to leak gas vapor and not be able to fill with fuel. There was a similiar issues with the 2015/2016 models and the PCV valve. The vapor build up is extremely dangerous as it could ingnite causing boldily harm or even death.",03/15/2023,03/08/2023,,False,False,0,0,3VW547AU0HM
11510454,2017,"Volkswagen Group of America, Inc.",GOLF,ENGINE,Turbo wastegate actuator arm seized casing turbo failure. Wastegate stuck in the semi-open position.,03/06/2023,02/08/2023,,False,False,0,0,3VWM17AU3HM
11505083,2017,"Volkswagen Group of America, Inc.",GOLF,SUSPENSION,"Front suspension creaking noise.  Front suspension creaking noise during suspension cycles (going over speed bumps or entering on an inclined surface) due to I believe Coil Spring not formed correctly and rubs against the perch of the strut or other issues/manufacturer defects with the front suspension.  See also technical bulletin for 2012-2019 Passat stating similar issues: https://static.nhtsa.gov/odi/tsbs/2019/MC-10155776-9999.pdf  I had originally reported a creaking noise to the dealer service center while my vehicle was still under warranty. The dealer claimed it was not able to recreate the sound, which I believe to be a false statement as it is very easy to recreate as it occurs every time I pull into my driveway or go over a speed bump. I stated this at the time however I suspect they didn’t want to replace under warranty or take ownership of the defect / recall.  My vehicle is available for inspection upon request. I have not sought a second opinion from an independent service center yet.  I believe this poses a safety concern for both myself and many others. It continues to creak because VW refuses to admit there is a problem. Please help, thank you!",02/01/2023,04/12/2018,,False,False,0,0,3VW217AU2HM
11504304,2017,"Volkswagen Group of America, Inc.",GOLF,"ELECTRICAL SYSTEM,AIR BAGS,VEHICLE SPEED CONTROL","This is the second time since November 2022 that our clock spring has failed. While it's broken the driver has no airbag, horn, or usability of controls on steering wheel. This is a huge saftey concern especially driving in winter conditions.",01/29/2023,01/29/2023,,False,False,0,0,3VWH17AU4HM
11502182,2017,"Volkswagen Group of America, Inc.",GOLF,"ELECTRICAL SYSTEM,ENGINE,FUEL/PROPULSION SYSTEM","Car will stutter and stall. Usually after multiple short trips (5 stops and starts) in a short period of time (2 hours).  1 min/1000 gauge is fluttering around 0.75 on gauge when stopped. When car stalls it can be when pulling out at a stop sign. It will stall when gas is applied and then I need to coast around a corner.  Occasionally the car will stall out when driving between 20 and 30 miles per hour.  When this happens it is extremely dangerous because I am driving in traffic and need to pull over to the side of the road. I had this problem fixed at the dealership once before in 2021 and it cost $559.08 then.  I was told at the time that gas sometimes has sediment in it and I should not get gas at grocery store pumps where the price is lower.  I should stick to better gas stations. I now am getting my gas at the same two better places all the time hoping that the problem wouldn’t happen again. The problem started two weeks ago and is following the same pattern.  I scheduled a service appointment again for them to check my car but it never displays any codes and it is difficult for them to recreate the stalling. My car is almost at 85,000 miles when my warranty runs out.",01/17/2023,01/16/2023,,False,False,0,0,3VW4T7AU2HM
11498054,2017,"Volkswagen Group of America, Inc.",GOLF,UNKNOWN OR OTHER,"The sunroof glass exploded while driving. Shattered glass had the potential to fall into the vehicle had the sun shield not been closed. Shattered class could fly out onto the road causing hazards to other motorists. The sunroof has not been inspected yet. No warnings or symptoms prior to failure.   While driving, a loud explosion was heard coming from the top of the car. When inspecting the top of the car it was noticed that the sunroof had been shattered along the seal. No signs of impact from projectiles.",12/19/2022,12/19/2022,,False,False,0,0,3VW117AU1HM
11496908,2017,"Volkswagen Group of America, Inc.",GOLF,SUSPENSION,"Car developed a knocking sound from the front-left which occurred during any movement of the suspension, i.e. from all minor perturbations of the road surface rather than major dynamic actions such as breaking or steering. The dealer diagnosed worn out sway bar bushings. They replaced these (and potentially other suspension components - work details from the invoice can be provided upon request) but discovered during their work that the entire front subframe had failed with a major crack. Details can be seen in the attached photos (taken by the VW dealership - Ourisman of Bethesda, MD). I authorized the replacement of the front subframe with OEM components, at a cost in excess of $2000. I have owned the car from new (first registered in January 2018) and it has ~43,000 miles. The car has never been involved in an accident and has been used as family transport on standard road surfaces / driving conditions.",12/10/2022,11/28/2022,,False,False,0,0,3VWH17AU1HM
11496535,2017,"Volkswagen Group of America, Inc.",GOLF,"POWER TRAIN,ELECTRICAL SYSTEM","This is related to VW recal 37M2. My VIN is not in the recall list, but it has the exact same issue with the shifter assembly. The car does not recognize when the transmission is placed in Park. Unable to lock doors",12/08/2022,12/05/2022,,False,False,0,0,3VW447AU1HM
11495771,2017,"Volkswagen Group of America, Inc.",GOLF,UNKNOWN OR OTHER,There is a piece of trim near the gear selector in the interior that separated to reveal a sharp edge that caused a severe cut on my hand.,12/02/2022,12/01/2022,,False,False,1,0,3VW447AU6HM
11493720,2017,"Volkswagen Group of America, Inc.",GOLF,"ENGINE,FUEL/PROPULSION SYSTEM","My car started sputtering randomly while I was driving and loosing power. Then when I tried to gas up my car, the car wouldn’t accept the gas. When I got home, gas started overflowing out of the tank all into my garage. It also soaked the whole wheel well with gas. There was no check engine line that came on. There is a current recall for this same issue which VW said is a suction pump problem on other GTI’s but not my car. There are tons of over videos on Facebook/YouTube of the exact same thing happening to them. I had the problem fixed at the dealer but it cost 3500 dollars. I still have all the receipts from the repair cost and I would like to be reimbursed since they expanded the recall but my car hasn’t received this recall even though it is the exact same issue.",11/15/2022,07/28/2022,,False,False,0,0,3VW447AU1HM
11493376,2017,"Volkswagen Group of America, Inc.",GOLF,ENGINE,Design flaw on thermostat housing leaks causing coolant loss.  Common issue that is expensive to repair and should be recalled.,11/13/2022,11/06/2022,,False,False,0,0,3VWH17AUXHM
11492055,2017,"Volkswagen Group of America, Inc.",GOLF,FUEL/PROPULSION SYSTEM,"The car start leaking gas, when you try to put gas won’t take any gas, the car was spitting gas from the pipe where you put the gas",11/03/2022,08/28/2022,,False,False,0,0,3VW5T7AU5HM
11485522,2017,"Volkswagen Group of America, Inc.",GOLF,FUEL/PROPULSION SYSTEM,The fuel tank check valve is stuck closed. Gas backs up in the fuel tank neck and spills onto the ground.  The auto cannot be refueled and is now covered in flammable material.  Fuel may also be leaking from the EVAP canister in the passenger real wheel well.,09/20/2022,09/20/2022,,False,False,0,0,3VW547AUXHM
11485047,2017,"Volkswagen Group of America, Inc.",GOLF,FUEL/PROPULSION SYSTEM,"The fuel suction pump failed. This is the same 20Y6 recall from the 2015-16. Symptoms are engine shuddering, and abruptly stalling. Gasoline leaking from the rear passenger wheel area.",09/18/2022,09/16/2022,,False,False,0,0,3vw5t7au8hm
11484804,2017,"Volkswagen Group of America, Inc.",GOLF,STRUCTURE,Driver's door latch failed and often will not latch the door closed.  Door just bounces off the door frame lightly.  Occasionally I've missed that this has happened and started driving with the door unlatched.,09/16/2022,09/01/2022,,False,False,0,0,3vw447au5hm
11484535,2017,"Volkswagen Group of America, Inc.",GOLF,"FUEL SYSTEM, GASOLINE",Fuel will not fill. EVAP system to fail.  Car stalls after trying to fill with gas.,09/14/2022,09/14/2022,,False,False,0,0,3VW447AU8HM
11483955,2017,"Volkswagen Group of America, Inc.",GOLF,ELECTRICAL SYSTEM,Passenger window (front) and locks not working. Suddenly stopped working on my low mileage car. The wire harness had to be replaced. Similar recall for the VW Atlas that would also effect the airbag because of corroded wire contacts. Brought to VW dealer and they determined (after 2 weeks) the wire harness had to be replaced.  Not functioning doors and locks and possible airbags are a huge safety issue.,09/12/2022,08/29/2022,,False,False,0,0,3vwh17au0hm
11480048,2017,"Volkswagen Group of America, Inc.",GOLF,FUEL/PROPULSION SYSTEM,"1. What component or system failed or malfunctioned, and is it available for inspection upon request?  The fuel tank, along with several related valves  2. How was your safety or the safety of others put at risk? The issues with the fuel tank caused gasoline to steadily leak out of the fuel tank. This leak occurred both when the vehicle was stationary and in motion.     3. Has the problem been reproduced or confirmed by a dealer or independent service center? Yes, the issue has been reproduced and confirmed by both an independent repair shop and by a Volkswagen dealership   4. Has the vehicle or component been inspected by the manufacturer, police, insurance representatives or others? The vehicle has been inspected by a Volkswagen dealership  5. Were there any warning lamps, messages or other symptoms of the problem prior to the failure, and when did they first appear? No, there were no warning lights or messages prior to the incident occurring",08/18/2022,07/19/2022,,False,False,0,0,3VW4T7AU3HM
11477257,2017,"Volkswagen Group of America, Inc.",GOLF,AIR BAGS,"Airbags, horn, cruise control and all other functions related to the steering wheel suddenly stopped working. Volkswagen has diagnosed the clock spring is defective and needs to be replaced. I’ve been quoted $712.00 for this repair. The replacement part is also on backorders with no clear indication of when it will arrive. Volkswagen will not supply a loaner car or any rental assistance and insists their customers drive a car without function airbags or a horn. This  is a well known issue for Volkswagen and is a major safety concern for anyone who owns one of their vehicles. It needs to be addressed and fixed ASAP!",08/02/2022,07/29/2022,,False,False,0,0,3VWH17AU6HM
11476600,2017,"Volkswagen Group of America, Inc.",GOLF,"FUEL SYSTEM, GASOLINE","The contact owns a 2017 Volkswagen Golf. The contact stated while driving approximately 25 MPH, the vehicle started jerking with the check engine warning light illuminated. The contact parked the vehicle at her residence and upon exiting the vehicle, she smelled an abnormally strong gasoline odor. The contact inspected the vehicle and saw a pool of gasoline underneath the passenger’s side rear of the vehicle. The contact had the vehicle towed to a dealer, who diagnosed that the breather valve inside the fuel tank had failed. The dealer determined that the fuel tank, fuel lines and charcoal canister needed to be replaced. The vehicle had not been repaired. The manufacturer had been informed of the failure. The failure mileage was approximately 66,000.",07/29/2022,07/20/2022,,False,False,0,0,3VW217AU3HM
11475578,2017,"Volkswagen Group of America, Inc.",GOLF,FUEL/PROPULSION SYSTEM,"I noticed that I was unable to fill the gas tank: the pump kept stopping as though the tank was full and would overflow from the fuel tank. The car was also driving sluggishly, particularly at slower speeds and gear changes. One day later, I noticed fuel pouring out of the right/passenger side rear bumper area. Purchased in 2017 and it only has 40K miles.",07/24/2022,07/24/2022,,False,False,0,0,3VW217AU3HM
11475466,2017,"Volkswagen Group of America, Inc.",GOLF,"POWER TRAIN,UNKNOWN OR OTHER,FUEL/PROPULSION SYSTEM","I am resubmitting a previous complaint as I have learned and experienced more problems with the vehicle since my initial complaint. My 2017 VW GTI only has 57K miles and I have been taking it to the dealer for proper and timely maintenance. My fuel system is showing signs of failure. Based on research I have been doing online ( I could be wrong) it seems the Volkswagen golfs have a part inside the gas tank that fails and starts causing a safety hazard. My gas tank builds up pressure and literally expels gas out from somewhere. I started finding a small pool of fuel behind my car when I park at work or at home. I have since parked my vehicle and will be taking it into the dealer for inspection and repair. I read online that the 2015 models have had a recall for a part called a “suction pump” in the gas tank. I think it is safe to assume that my 2017 is having the same issue as the 2015s. Although my year make and model has not had a recall for the unsafe issue. My car is not safe to drive currently. I cannot put gas into the tank, it throttles down and up sporadically and it literally burps and expels gas from somewhere under in the back of the vehicle and the refueling neck. Please look into this issue as I am not the only person who has experienced this. Thank you.",07/23/2022,07/21/2022,,False,False,0,0,3VW4T7AU4HM
11475400,2017,"Volkswagen Group of America, Inc.",GOLF,"ENGINE,FUEL/PROPULSION SYSTEM",The 20Y6 recall for VW Golfs is exactly what my 2017 VW Golf GTI experienced. I am surprised the 2017 model year is not included. I did not feel safe driving my car with a failing fuel suction pump causing engine issues in traffic. When I finally made it home there was smoke coming out of my exhaust and fuel spilling out of the rear passenger wheel well.,07/22/2022,07/19/2022,,False,False,0,0,3VW547AU0HM
11474307,2017,"Volkswagen Group of America, Inc.",GOLF,FUEL/PROPULSION SYSTEM,"I literally cannot pump gas into my 2017 Volkswagen Golf GTI. The automatic shutoff on the gas pumps are triggered not long after I start pumping gas.if I try to force it, the gas will overflow and spill even though my tank is no where near being full.  I read online about 2015/2016 models having a recall about this same exact issue. I’ve come across many other 2017 GTI owners online who are having the same issue. They say it could be the evap canister or fuel suction pump failing and preventing the gas tank from being filled. I have an appointment with the dealership on Monday to have it checked but I would like to make you all aware that this car is also having the same issues that a previous year did. Thanks",07/16/2022,07/15/2022,,False,False,0,0,3VW4T7AU4HM
11469482,2017,"Volkswagen Group of America, Inc.",GOLF,AIR BAGS,"Air Bag light came on and it was determined that the clock spring failed. This car has only 38,118 miles on the speedometer",06/15/2022,06/02/2022,,False,False,0,0,3vw5t7au1hm
11467619,2017,"Volkswagen Group of America, Inc.",GOLF,"ELECTRICAL SYSTEM,AIR BAGS,BACK OVER PREVENTION","Bought the car from autonation in October 2021 and had condensation wet dog smell. Car was garaged until 4/2022 at which time I noticed headliner stains and water coming into wheel well, called dealer was advised to check drain tubes. I cannot. More rain more issues. Care warning lights all came on including airbag. Car has 38150 miles. VW refusing to cover under recall. Wants me to file insurance claim. Dealer did not acknowledge mold headliner issues until I called back after picking up the car.  PANORAMIC SUNROOF LEAKS. HEADLINER I AND CARPET IS BADLY STAINED WITH VISIBLE MOLD GROWTH. PILLAR STAINING AS WELL. WATER LEAKS FROM DOME LIGHT AND SUNROOF CONTROL BUTTONS. WATER ALSO LEAKS INTO FOOT WELL. TAKEN TO TWO DIFFERENT DEALERSHIP WHO HAVE SAID THAT IT IS LIKELY THE SUNROOF DRAINS ARE BLOCKED BY DEBRIS AND REPAIR WOULD NOT BE COVERED BY WARRANTY. THERE IS NO WAY FOR THE CONSUMER TO ACCESS THE SUNROOF DRAINS TO KEEP THEM CLEAR, PARTICULARLY THE REAR DRAINS, WHICH ENTAILS DISMANTLING PART OF THE CAR. THIS IS A KNOWN ISSUE WITH MANY REPORTED COMPLAINTS BY OWNERS WITH A TECHNICAL SERVICE BULLETIN BEING ISSUED. PLEASE ENCOURAGE AN INVESTIGATION",06/05/2022,05/06/2022,,False,False,0,0,3vwh17au9hm
11467645,2017,"Volkswagen Group of America, Inc.",GOLF,FUEL/PROPULSION SYSTEM,"Unable to fill gas in the tank - pump clicks off after only a couple of seconds.  Upon trying again, car began to ""belch"" up a whole volume of gas - note this without the gas filler inserted.  Also, when driving on the highway, car bucks and surges and feels like it is losing power.  All of these symptoms are identical to reported 2015 and 2016 MY VW Golf and GTI cars for which a recall was issued for a valve installed inside the fuel tank.  I believe my car has the exact same issue but is not covered by the recall - looking at a $4K fix.",06/05/2022,06/05/2022,,False,False,0,0,3VW5T7AU5HM
11466014,2017,"Volkswagen Group of America, Inc.",GOLF,ENGINE,"absurd oil consumption.   I have never experienced a vehicle burning oil like VW golf. The vehicle manual states to check the oil every time filling the gas and it is normal for VW golf to burn oil. That said, I have owned more than ten cars in my lifetime, and I have never experienced an engine burning more than a quart every 700 to 1000 miles. I did not have any issues until ~35K miles. After hitting ~35K, I started experiencing the problem. VW service states to do the oil change every 10K, which if I wait, the engine will be toast. I have topped off at almost 10 to 13 quarts of additional between the oil change, i.e., between 10K change  I am not sure what kind of complaints NHTSA has received, but I find many owners having similar issues doing google search. It seems VW is getting away with significant flaws with their engine burdening VW owners with the cost of additional oil and flawed design engine minimal lifetime. I will appreciate it if your organization looks into this issue and has VW take responsibility.",05/24/2022,05/17/2022,,False,False,0,0,3VW217AU1HM
11465326,2017,"Volkswagen Group of America, Inc.",GOLF,FUEL/PROPULSION SYSTEM,"Vehicle experienced copious amounts of gasoline leaking from behind the right rear tire. Further inspection indicates the fuel is being pumped out through the evap carbon canister. Researching the NTHSA information indicates the problem to be identical to the suction pump issue on both 2015 and 2016 VW GTI models that use the same gas tank (Volkswagen's numbers for this recall are 20Y6 and 20Y5): : NHTSA Campaign Number: 16V647000 Manufacturer Volkswagen Group of America, Inc. Components FUEL SYSTEM, GASOLINE, ENGINE AND ENGINE COOLING Potential Number of Units Affected 110,042  51MB MP4 video file of issue available but system will not allow me to upload video files",05/19/2022,04/19/2022,,False,False,0,0,3vw5t7au7hm
11462854,2017,"Volkswagen Group of America, Inc.",GOLF,UNKNOWN OR OTHER,Whenever you put the car in park and take your foot off the brake the car will roll a little.,04/30/2022,04/30/2022,,False,False,0,0,3vwh17au7hm
11460207,2017,"Volkswagen Group of America, Inc.",GOLF,AIR BAGS,"Clock Spring failure, air bag error, loss of horn and steering wheel button controls such as cruise control.",04/08/2022,04/06/2022,,False,False,0,0,3VW217AU6HM
11458954,2017,"Volkswagen Group of America, Inc.",GOLF,ENGINE,Thermostat Housing Issue and Coolant Loss,03/30/2022,12/01/2021,,False,False,0,0,3VW447AU8HM
11458345,2017,"Volkswagen Group of America, Inc.",GOLF,FUEL/PROPULSION SYSTEM,"About 2 months ago I was driving my car (VW GOLF 2017 / 32,000 miles) and when I parked it I notice that it smelled like gasoline (no warning lamps / messages were displayed). I brushed it off thinking it was another car until it happened again. I took it to an independent service center where they informed me that the car's gasoline tank broke and it could have potentially caused a fire. He also mentioned that he had a few cases just like this one;  The car was only inspected by this mechanic.",03/25/2022,02/17/2022,,False,False,0,0,3VW217AU8HM
11454485,2017,"Volkswagen Group of America, Inc.",GOLF,UNKNOWN OR OTHER,Gear Shift trim piece chrome plating splits and lifts up. This part caused a laceration on my finger from the fingernail to 1st knuckle.   Related Reference :: Service action 347J - Gear Shift Cover Trim::   This applies only to GTI and needs to apply to Golf in general,02/28/2022,02/26/2022,,False,False,1,0,3VWM17AU6HM
11453632,2017,"Volkswagen Group of America, Inc.",GOLF,ENGINE,Yes my concern is the water pump that is made out of plastic which is notorious to fail at low miles. My car only has 64k on it. This water pump was not build well and VW really should designed a better one. To replace this pumps are costly and its guarantee it will not be needed to be fixed again in a short time. My pump will cost me around $ 1700 to repair. These pumps are a ticking time bomb waiting to happen.,02/23/2022,02/02/2022,,False,False,0,0,3vw217Au2hm
11453005,2017,"Volkswagen Group of America, Inc.",GOLF,"SERVICE BRAKES,FORWARD COLLISION AVOIDANCE","Forward collision warning malfunction made the safety feature become safety issues.  I have to turn it off before I drive. Otherwise it automatically preforms hard break/ stop for no reasons, no matter how how fast am I driving, where and when. Even pulling out from parking lot w/ 5/10 mph at midnight when there is absolutely no one and nothing around or on the middle of the highway w/ 60mph in the afternoon.",02/19/2022,01/03/2022,,False,False,0,0,3VW217AU6HM
11449598,2017,"Volkswagen Group of America, Inc.",GOLF,POWER TRAIN,My car started to loose coolant around 50K. This is a common problem for MK7 Golf which is usually caused by failure of the waterpump housing. VW is aware of this issue since 2016 but never addressed this problem. I request a formal investigation of this issue and demand VW to recall the vehicles.,01/31/2022,01/31/2022,,False,False,0,0,3VW447AU2HM
11448469,2017,"Volkswagen Group of America, Inc.",GOLF,FUEL/PROPULSION SYSTEM,"In December 2021, my fuel gauge read empty, so I stopped at a gas station near the Honolulu Airport and VW Honolulu dealership. As I was pumping the gasoline, it began overflowing from the top of the tank, although I had just started pumping. I immediately removed the pump which is when gas began leaking out of the bottom of the tank, like a faucet. Luckily, I was right by the dealership, and was able to make it there without anything dangerous happening. After assessing my vehicle, the VW technicians said there was an internal issue with a faulty fuel tank. They said this issue was not something that I caused. Attached are the invoices and notes provided by the technicians.",01/22/2022,12/10/2021,,False,False,0,0,3VW217AU0HM
11446531,2017,"Volkswagen Group of America, Inc.",GOLF,FUEL/PROPULSION SYSTEM,"Fuel leaking out of rear passenger side bumper close to exhaust. VW Dealer believes related to suction pump failure located in the fuel tank. Same issue as detailed in Safety Recall Code: 20Y6 for 2015 and 2016 VW GTI models, but no recall issued for 2017. Component has not been removed from car and can be inspected when needed.   Fuel leaking out of vehicle near exhaust components while driving - fire risk. Was notified by another motorist while at stop light of rapid fuel leak onto road surface.   Dealer has confirmed issue.  Vehicle inspected by Dealer, but component in question (suction pump from earlier recall) is internal to the fuel tank and requires disassembly. Waiting on feedback from VW corporate.  No warning lights",01/06/2022,12/24/2021,,False,False,0,0,3VW547AU5HM
11446261,2017,"Volkswagen Group of America, Inc.",GOLF,ENGINE,"Leaking water pump at less than 80,000 miles causing engine to overheat and become damaged.",01/04/2022,12/22/2021,,False,False,0,0,3VWH17AU9HM
11442725,2017,"Volkswagen Group of America, Inc.",GOLF,"STEERING,AIR BAGS","Faulty clock spring causing passenger airbag warning and loss of steering wheel controls, ie: horn, volume, cruise…",12/05/2021,12/03/2021,,False,False,0,0,3VW217AU9HM
11442323,2017,"Volkswagen Group of America, Inc.",GOLF,UNKNOWN OR OTHER,"The aluminum trim piece around gear shift has come up from the plastic underneath.  It is the front of the trim next to where there is a charging outlet and small item storage.  When removing my phone one day, I caught my finger on the raised (delaminated) section of the aluminum and sliced my finger open.  I did not need stitches, but did use butterfly closures while it healed.  I removed the part that was sticking up so now the sharp edge is closer to the exposed plastic and not as much of a hazard.  A quick online search shows this is a fairly common problem with many people reporting a cut finger/hand.",12/01/2021,07/13/2021,,False,False,1,0,3VWH17AU5HM
11441821,2017,"Volkswagen Group of America, Inc.",GOLF,FUEL/PROPULSION SYSTEM,"On 10/23/2021 in the process of refueling the vehicle in question the gas pump shut off after only pumping less than a gallon of gas. Repeated attempts yielded the same results. Additionally gas would back up and flow down the over flow tube onto the ground. I tried other pumps on subsequent dates with same result. I was able to get enough gas into the tank, less than a gallon at a time, to drive the vehicle from 10/23/2021 to 11/2/2021 when the vehicle began to buck or act like it would shut off. I was able to drive home and stopped driving the vehicle on 11/2/2021. I contacted the local VW dealer and made an appointment to have the vehicle looked at on 11/16/2021. This problem isn't unique to my vehicle. There have been a lot of VW/AUDI vehicles that experienced the same or similar problems. On 11/16/2021 the dealer verified the problem I described. Dealer could not get flap to open in tank. Dealer removed EVAP canister and fuel sprayed out. Dealer replaced fuel tank, EVAP canister and other related parts. Repairs were completed and $3896.69 later vehicle runs fine. There were no warning lights to warn me of a problem. Of course, when gasoline and gasoline vapors are present there is always the possibility of damage, injury, or death. Consumer stated recall for vins were issued prior to consumer's vehicle but not his.",11/27/2021,10/23/2021,,False,False,0,0,3vw447au1hm
11441191,2017,"Volkswagen Group of America, Inc.",GOLF,AIR BAGS,I was driving to work today play in my steering wheel made a funky crinkling sound and then I had a warning about my airbag and no horn working now after and I didn't hit anything nor was I hit,11/21/2021,11/21/2021,,False,False,0,0,3VW217AU2HM
11441159,2017,"Volkswagen Group of America, Inc.",GOLF,UNKNOWN OR OTHER,"On 8/22/21, the aluminum/plastic trim around the gear shifter boot gave me a deep cut on my pinky finger as I removed my phone from the USB adapter. The bleeding did not stop for several hours even after applying pressure and I'm very lucky that I didn't need stitches!!! That aluminum/plastic trim is RAZOR SHARP!!! This is an extreme safety hazard for drivers and passengers and not to mention children!!! Why  Volkswagen has not issued a recall on this dangerously sharp part is appalling!!!   I take excellent care of my vehicle and normal wear and tear does not equal a razor sharp edge on a gear shifter boot. This is shoddy craftsmanship and UNSAFE for ALL drivers and passengers.  I contacted Volkswagen customer care and they asked me to send pictures of the faulty part and asked me to take it to the nearest dealership so they could assess. The VW dealership assessed the issue and advised they would need to order the part to replace. Volkswagen care agreed to a ""goodwill gesture"" to have the trim replaced free of charge to me. Fast forward to the dealer replacing the part and I receive the car back...THE TRIM IS STILL RAZOR SHARP!!!! What was the point of that exercise? Volkswagen offered zero help when I advised them of this and closed my case. THIS PART NEEDS TO BE RECALLED SO NO CHILDREN (or ANYONE) GET CUT!!! I am extremely disappointed at how Volkswagen handled this and how they have not done THE RIGHT THING and done a recall for this part. There is precedent for this happening on Volkswagen forums all over the internet!!! I at least want to document this complaint to NHTSA and to point out Volkswagen's bad business practice with this.",11/20/2021,08/22/2021,,False,False,1,0,3VW447AU2HM
11438570,2017,"Volkswagen Group of America, Inc.",GOLF,VISIBILITY,"The contact owns a 2017 Volkswagen Golf Alltrack. The contact stated that the sunroof was leaking and allowing water to enter the cabin of the vehicle. The vehicle was not taken to a local dealer. The manufacturer was informed of the failure and informed the contact that they were unable to assist. The failure mileage was approximately 60,000.",10/28/2021,10/04/2021,,False,False,0,0,3VWM17AU5HM
11437456,2017,"Volkswagen Group of America, Inc.",GOLF,STRUCTURE,Chrome trim around the DSG shifter has peeling chrome which is razor sharp. It has cut my hand deeply and is a safety hazard to me and my family.,10/20/2021,07/09/2020,,False,False,1,0,3vwh17au4hm
11436229,2017,"Volkswagen Group of America, Inc.",GOLF,FUEL/PROPULSION SYSTEM,"Safety: Had a charcoal canister saturated with gasoline resulting in a fuel leak; gasoline was dripping down the rear right side of the car via the charcoal filter and soaking the rear fender. Raw fuel was also being pumped into the air intake of the engine (where air is supposed to go). Fuel tank was bulging due to the high pressure and could have cracked.  Other symptoms: Had fuel spillback while refueling, and also could not fill the tank because the handle kept clicking. Car was riding rough and jerking randomly.  Failed component: Dealer determined a faulty suction pump was causing liquid fuel to fill the charcoal canister while the car is running. This is the same part that was previously recalled in earlier 2015-2016 Golfs (NHTSA Safety Recall Code: 20Y6, published December 2016). My 2017 Golf (16k miles) was manufactured April 2017 and sold to me in October 2017. On the 2017 Golf, the suction pump is now molded inside the fuel tank in an inaccessible location and cannot be serviced; the entire fuel tank must be replaced.  Reproduction: The dealer disconnected the vent lines from the fuel tank and proved that liquid fuel was venting out of the fuel tank and into the charcoal canister via the suction pump (see attached invoice).  Inspection: The car was not inspected by the manufacturer, only the dealer.  Warnings: There were no warnings or lights. When I first noticed my car jerking, I ran my OBD-II scanner and found a code ""P0461 Fuel Level Sensor Circuit Range/Performance"" but the car did not report this to the driver (see attached image).  Rectifications: The fuel tank should be recalled, and Volkswagen should release a software update to make the P0461 code trigger a Check Engine Light.",10/10/2021,09/09/2021,,False,False,0,0,3VW217AU5HM
11434613,2017,"Volkswagen Group of America, Inc.",GOLF,FUEL/PROPULSION SYSTEM,"My 2017 golf is 21,000 miles now. A gasoline leak occurred. It seems to be the same symptom as 2016 golf recall according to the report as attached. why 2017 golf is not covered for recall? In fact, gasoline leaked onto the street, which was a very dangerous situation. We can provide a video on this matter.",09/28/2021,09/27/2021,,False,False,0,0,3vw217auxhm
11432701,2017,"Volkswagen Group of America, Inc.",GOLF,"STEERING,SUSPENSION,WHEELS","The vehicle had been making mild clunking noises for some time (at least 2.5 years) during some combinations of turns/bumps.  When took to mechanic in January 2020, the sound would not reproduce during test drive, so problem was not diagnosed.  Clunking sound became more pronounced over time, until on 8/27/21 while driving a neighborhood road, there was a loud clank, as if some metal part came loose.  Then there was very loud clunking, as if a metal part was knocking around loose - more pronounced when turning or going over bumps.  Upon inspection by a mechanic later in the day, the sway bar had come loose due to one of the bolts on the driver side sway bar bracket had come out.  Both this mechanic and later, the Volkswagen dealer mechanic, said this was very odd, since they normally only see sway bar damage when a car has been in an accident.  My car has never been in any kind of accident.  Sway bars  help ensure a vehicle doesn’t roll too much when handling turns. Aside from safety, sway bars help prevent lopsided wheel alignment and work to maintain an overall better grip on the road.  A faulty sway bar puts the vehicle at risk for rolling during turns.  My belief is that there was something faulty about the sway bar mounting bracket or bolt which explains the mild clunking I heard prior to deterioration (more frequent clunking) and ultimate failure (on 8/27/21).  I have a write up of the inspection and repair from the dealer.  I also have photos from the dealer prior to the repair.",09/13/2021,08/27/2021,,False,False,0,0,3VWH17AU5HM
11432063,2017,"Volkswagen Group of America, Inc.",GOLF,ENGINE,"My 2017 VW Golf has been leaking oil and coolant. It was taken to a VW dealership where the problem was diagnosed as a leaking auxiliary bracket gasket behind the thermostat housing. The service advisor told me that the car could randomly undergo a catastrophic loss of power if the component were to totally fail. He advised me not to drive the vehicle due to this possibility and the safety issues involved with abrupt loss of power, especially at highway speeds. I requested that this component be repaired under the VW Powertrain Warranty which is still in force for my vehicle but this coverage has been denied by VW Customer Care.  The car continues to leak but has not yet lost power. I am concerned that this is a major safety issue for my car. The car is available for inspection upon request.",09/07/2021,08/12/2021,,False,False,0,0,3VW217AU0HM
11428661,2017,"Volkswagen Group of America, Inc.",GOLF,ENGINE,"Issues with thermostat housing: the part fails, causing a slow coolant leak. Coolant light eventually comes on.  I bought my car in fall 2016. Issue first occurred and was diagnosed and fixed by dealer under warranty in April 2020. It has now (August 2021) reoccurred and has been diagnosed again by the dealer as the same issue.  This should be a lifetime part. I should not have had to replace this part twice within a little more than a year, on a car that is just about five years old.  Safety issue: possibility of sudden failure/overheating that might leave the driver stranded by the side of the road.  Numerous others have reported this issue occurring repeatedly; please see https://www.reddit.com/r/GolfGTI/comments/drna5m/mk775_thermostat_housing_issue_and_coolant_loss/   VW has also settled a class action on a similar issue on an older generation of cars (Coffeng, et al. v. Volkswagen Group of America, Inc.)   A class action involving the current generation of cars is currently in progress (Zhao, et al., vs. Volkswagen Group of America, Inc., et al.).",08/11/2021,08/05/2021,,False,False,0,0,3VW547AU9HM
11428113,2017,"Volkswagen Group of America, Inc.",GOLF,VISIBILITY/WIPER,"Panoramic sunroof drains leaked water into passenger compartment down the A pillar on the drivers side. Leak was intense and occurred during rain, even light rain or mist. Material covering the A pillar was soaked through, and water droplets were dripping from the pillar onto the driver and dashboard. Water soaked the gauge cluster electronics and airbag contained within the A pillar.   The electronics continued to operate, and water did not immediately cause them to malfunction. No warning lights illuminated. The windshield would become foggy any time there was moisture outside and visibility was severely reduced even when using the defroster.  This occurred for the entire length I owned the vehicle, even after multiple drain cleanings at a dealer/ technician, and inspections at a Volkswagen dealer.  Volkswagen and the dealer I purchased the used vehicle from  were uncooperative in fixing this problem, which began within weeks of my vehicle ownership. Volkswagen dealer service department admitted this is a known issue. I took the vehicle to be inspected and repaired, which did not fix my issue after multiple attempts. I have since sold the vehicle with the known defect at a large loss because I was afraid for my safety and the safety of my family.",08/06/2021,01/16/2021,,False,False,0,0,3VW217AU6HM
11426634,2017,"Volkswagen Group of America, Inc.",GOLF,UNKNOWN OR OTHER,"warning lights sporatically turning on indicating failure to communicate with TPMS, ABS/ Stabilization control (ESC), Airbag and front collision warning (including all other drive safe support, (blind spot and rear alert). All items stop communicating with car and say they are off.  Error happens after heavy rain, leak detected around sunroof. Warning lights / issues disappear after some time.  55000 miles, 2017 VW golf.",07/27/2021,07/09/2021,,False,False,0,0,3VW217AU9HM
11426639,2017,"Volkswagen Group of America, Inc.",GOLF,"ELECTRICAL SYSTEM,STRUCTURE",Front and rear radio speakers are not sealed properly leading to rain leaking into the floor and body of the car. This has been reported significantly and frequently online. VW will fix my car for approximately $4500.,07/27/2021,09/16/2020,,False,False,0,0,3vw217au6hm
11426388,2017,"Volkswagen Group of America, Inc.",GOLF,AIR BAGS,"Heard an odd clicking sound when turning right. Next time driving, turned steering wheel to make wide turn and suddenly several indicator lights came on: transmission error, airbag,  cruise control.  Concerned about airbag safety, and very concerning to have several issues come up instantly.   Will bring vehicle to VW authorized dealership for service, will diagnose/confirm then.",07/25/2021,07/24/2021,,False,False,0,0,3VWH17AU7HM
11425017,2017,"Volkswagen Group of America, Inc.",GOLF,"UNKNOWN OR OTHER,VISIBILITY/WIPER","While driving in light, medium or heavy rain, water makes it into the front and back of the cab of the vehicle.  When it comes in through the front water drips on my wife while driving which is distracting.  When it comes in through the back the humidity builds and fogs the windows which makes it unsafe to drive.  My local VW service center tells me the drain tubes are clogged.  I have taken my vehicle in five times for clogged drain tubes.  Our service advisor Robert Dominguez confirmed the problem.  Our service technician Paul Macfarland inspected the vehicle and components.  There were no warning lamps, messages or other symptoms prior to the failure.",07/15/2021,07/08/2021,,False,False,0,0,3VWH17AU9HM
11407718,2017,"Volkswagen Group of America, Inc.",GOLF,"STRUCTURE,UNKNOWN OR OTHER","LEAKING SUNROOF IS RUINING INTERIOR COMPONENTS, INCLUDING HEADLINER. MULTIPLE FIXES AND SERVICE BULLETINS COVERED UNDER WARRANTY HAVE NOT BEEN SUCCESSFUL. VERY CONCERNED IT'S GOING TO LEAD TO LARGER ELECTRICAL, BODY ROT, AND MOLD ISSUES, NOT TO MENTION COMPLETELY RUINING ANY VALUE THE CAR HAS. MOST RECENT PHOTOGRAPH UPLOADED WAS FOLLOWING A RAINSTORM ON 4/11/2021.",04/12/2021,04/11/2021,,False,False,0,0,3VWH17AU4HM
11406710,2017,"Volkswagen Group of America, Inc.",GOLF,ENGINE,REPLACED MY WATER PUMP 2 TIMES ALREADY. NOW I AM REPLACING THERMOSTAT HOUSING. ALL THIS UNDER 45000 MILES,04/06/2021,04/06/2021,,False,False,0,0,3VW447AU9HM
11405839,2017,"Volkswagen Group of America, Inc.",GOLF,VISIBILITY,"TL* THE CONTACT OWNS A 2017 VOLKSWAGEN GOLF. THE CONTACT TOOK THE VEHICLE TO GANLEY BEDFORD IMPORTS (250 BROADWAY AVE, BEDFORD, OH 44146) WHERE IT WAS DIAGNOSED WITH A SUN ROOF DRAINAGE PIPE FAILURE WHICH RESULTED IN DAMAGES TO THE WIRES AND CONNECTORS FROM THE WATER LEAKING INTO THE VEHICLE. THE WIRES AND CONNECTORS WERE REPLACED, HOWEVER THE FAILURE RECURRED. THE CONTACT STATED THAT THE ELECTRICAL COMPONENTS WERE NOT OPERATING AS DESIGNED. THE MANUFACTURER WAS NOTIFIED OF THE FAILURE AND INFORMED THE CONTACT TO TAKE THE VEHICLE BACK TO THE DEALER FOR ASSISTANCE. THE VEHICLE WAS NOT REPAIRED. THE FAILURE MILEAGE WAS 32,951.",03/31/2021,01/22/2021,,False,False,0,0,3VW217AU8HM
11403092,2017,"Volkswagen Group of America, Inc.",GOLF,FUEL/PROPULSION SYSTEM,UNABLE TO FILL GAS TANK.  FUELING AT PUMP SHUTS OFF AFTER SMALL AMOUNT OF GAS FLOW.  GAS THEN BACK FLOWED OUT OF FUEL TANK NECK ONTO GROUND.  VEHICLE EXHIBITED LOSS OF POWER SYMPTOMS AT MID-RPM ENGINE SPEED PRIOR TO FAILED FUELING ATTEMPT. SIMILAR SYMPTOMS TO 2015-2016 RECALL ON PREVIOUS MODEL VW GOLF GTI; SERVICE # 20Y6.,03/15/2021,03/08/2021,,False,False,0,0,3VW547AU7HM
11397212,2017,"Volkswagen Group of America, Inc.",GOLF,STRUCTURE,"VEHICLE WAS STATIONARY WHILE BEING WASHED. WATER LEAKING INTO THE INTERIOR THROUGH THE HEADLINER ON BOTH THE RIGHT AND LEFT SIDES BEHIND THE PANORAMIC ROOF. CONCERNED FOR MOLD, ELECTRICAL COMPONENT DAMAGE. COULD ALSO BE FURTHER SAFETY ISSUE IF THIS HAPPENS WHEN IN MOTION.",02/21/2021,02/21/2021,,False,False,0,0,3VWH17AU8HM
11396779,2017,"Volkswagen Group of America, Inc.",GOLF,"EXTERIOR LIGHTING,AIR BAGS","SRS WARNING LIGHT FOR UNOCCUPIED PASSENGER SEAT WOULD NOT GO OFF EVEN AFTER RESTARTING THE CAR; IT DID GO OFF WHEN FASTENED THE SEAT BEAT (ON THE EMPTY SEAT).  HEADLIGHTS AND DASH LIGHT SUDDENLY TURNED OFF TWICE; THIS HAS BEEN SEVERAL MONTHS AGO WITH NO REPEAT HOWEVER WITH COVID-19, I' PROBABLY DRIVEN ONLY A FEW HUNDRED MILES IN THE LAST YEAR.",02/18/2021,11/20/2020,,False,False,0,0,3VWH17AUXHM
11394610,2017,"Volkswagen Group of America, Inc.",GOLF,ENGINE,LEAKING THERMOSTAT HOUSING,02/04/2021,02/01/2021,,False,False,0,0,3VW117AU4HM
11394609,2017,"Volkswagen Group of America, Inc.",GOLF,SUSPENSION,REAR SPRING BROKE.  DEALER REPLACED BUT SAID CAR DOESN'T QUALIFY FOR RELATED SAFETY RECALL 42J5 EVEN THOUGH YEAR OF CAR IS LISTED IN RECALL DATE RANGE.,02/04/2021,08/15/2019,,False,False,0,0,3VW117AU4HM
11377939,2017,"Volkswagen Group of America, Inc.",GOLF,VISIBILITY,"TL* THE CONTACT OWNS A 2017 VOLKSWAGEN GOLF ALLTRACK. THE CONTACT STATED THAT WATER ENTERED THE CABIN OF THE VEHICLE THROUGH THE SUN ROOF AND TRAVELED TO THE FRONT DRIVER'S SIDE OF THE VEHICLE. THE CONTACT STATED THAT WATER ENTERED THE ELECTRICAL SYSTEM WHICH WAS A CAUSE FOR CONCERN. THE CONTACT HAD TAKEN THE VEHICLE TO HANOVER VOLKSWAGEN (1850 CARLISLE PIKE, HANOVER, PA 17331) ON THREE SEPARATE OCCASIONS WHERE THE VEHICLE WAS SERVICED UNDER A MANUFACTURER'S RECALL HOWEVER, THE FAILURE PERSISTED. THE MANUFACTURER WAS NOTIFIED OF THE FAILURE AND A CASE WAS FILED. THE VEHICLE HAD YET TO BE REPAIRED. THE FAILURE MILEAGE WAS APPROXIMATELY 50,000.",12/04/2020,06/01/2020,,False,False,0,0,3VWH17AU3HM
11375741,2017,"Volkswagen Group of America, Inc.",GOLF,"STEERING,AIR BAGS,SEAT BELTS",FAILED CLOCKSPRING AT 37500 MILES AND NOT OFFERED WARRANTY REPLACEMENT..I CAN PROVIDE DEALER SERVICE RECORD IF NEEDED,11/21/2020,11/13/2020,,False,False,0,0,3VWH17AU3HM
11352458,2017,"Volkswagen Group of America, Inc.",GOLF,ELECTRICAL SYSTEM,THE MOON ROOF HAS BEEN LEAKING WATER THIS IS THE SECOND TIME THE RADIO BACK UP CAMERA NAVIGATION SYSTEM HAVE NOT BEEN WORKING THERE'S WATER THAT CAME ALL IN THROUGH THE FRONT BY THE WINDSHIELD THE TWO PILLARS AND NOW IT'S HAPPENING IN THE BACK IT WAS PARKED IN MY DRIVEWAY,09/01/2020,04/10/2018,,False,False,0,0,3VWH17AU4HM
11344021,2017,"Volkswagen Group of America, Inc.",GOLF,FUEL/PROPULSION SYSTEM,"WHILE I WAS DRIVING, THE FUEL STARTED TO GET OUT FROM THE BOMB, LEAVING GASOLINA IN THE ROAD WITH A HIGH LEVEL OF RISK FOR A EXPLOSION. WHEN INGET TO THE RED LIGHT, THE CAR TURN OFF IN THE MIDDLE OF THE A VERY TRANSITED ROAD WITH A HIG AMOUN OF FUEL UNDER THE CAR. ADDING THAT THE TEMPERATURE WAS OVER 90 DEGREES. EVEN THOUGH THIS SITUATION HAD HAPPENED TO 3 CARS THAT DAY, THERE IS NO SAFETY RECALL FOR THIS PART OF THE CAR. THERE HACE BEEN MORE FOR THIS CASES BEFORE AND NO ACTION HAD BEEN TAKEN..",08/08/2020,07/30/2020,,False,False,0,0,3VW217AU4HM
11339536,2017,"Volkswagen Group of America, Inc.",GOLF,"ELECTRICAL SYSTEM,STRUCTURE,UNKNOWN OR OTHER","ON OR ABOUT 6.13.2019, MY 2017 VW GOLF ALLTRACK SE LEAKED WATER THROUGH THE LIGHT IN THE ROOF, BEHIND THE VISOR (DRIVER'S SIDE) WHILE STATIONARY. EACH TIME THE HEADLINER WAS STAINED, WATER SAT IN THE LIGHT AND IT LEAKED ALL OVER MY LAP. AS OF 6.11.2020, IT IS STILL LEAKING.  THIS APPEARS TO BE A KNOWN ISSUE AND A CLASS ACTION SUIT IS PENDING. VW CLAIMS THIS IS A REPAIR DEFECT, NOT A MANUFACTURE DEFECT AND ONLY OFFERS TO COVER 75% OF A $12K REPAIR ON A VEHICLE THAT HAS 34K MILES, BEEN MOSTLY GARAGE KEPT OR COVERED AND ALL MAINTENANCE COMPLETED ONLY AT VW DEALERSHIPS. I HAVE FILED SEVERAL COMPLAINTS WITH VW. THEY STATE THAT SINCE VEHICLE IS OUTSIDE OF 3 YEAR WARRANTY (3YR/36K MI), THEY ARE OFFERING GOODWILL. I DO NOT FEEL IT IS FAIR OR RIGHT TO HAVE TO SPEND EVEN $1 TO REPAIR A KNOWN STRUCTURAL DEFECT RELATED TO THE SPOT WELDS AND SUNROOF, WHICH WERE LIKELY THE CAUSE OF EACH AND EVERY LEAK THAT THE CAR HAS EXPERIENCED. ADDITIONALLY, THE CAR LIKES TO SUDDENLY ATTEMPT TO ACTIVATE THE COLLISION WARNINGS FOR NO REASON - AFTER FURTHER RESEARCH, THIS IS A KNOWN ISSUE AS WELL, POSSIBLY RELATED TO WATER DAMAGE. VW OF AMERICA REFUSES TO TAKE ANY ACTION BEYOND THEIR OFFER OF 75% COVERAGE OF COSTS AS GOODWILL ON A CAR THAT WASN'T BUILT RIGHT TO BEGIN WITH AND FRANKLY, IS A RISK TO THE SAFETY OF MY TWO CHILDREN, 4 & 2, AS A SPOT WELD IN THE SUNROOF IS SURELY A SIGN THAT IT'S LIKELY NOT THE ONLY STRUCTURAL DEFECT OR FAILURE OF THE VEHICLE. THIS IS MY 4TH VW AND CLEARLY WILL BE MY LAST.",07/15/2020,06/13/2019,,False,False,0,0,3VWH17AU6HM
11338528,2017,"Volkswagen Group of America, Inc.",GOLF,"STRUCTURE,UNKNOWN OR OTHER","LEAKY SUNROOF TO DO INCORRECT REWORK IN PRODUCTION OF THE WELDING POINTS OF THE SUNROOF FRAME AREA. SPOT WELDS AROUND THE PERIMETER OF THE SUNROOF OPENING MAY BE TOO LARGE.* THIS PREVENTS THE OUTER SUNROOF SEAL FROM PROPERLY ADHERING TO THE BODY OF THE VEHICLE, ALLOWING WATER TO LEAK THROUGH THE SEAL.    INSUFFICIENT CLEANING PROCESS PRIOR TO APPLYING OUTER SUNROOF SEAL. THE SUNROOF FRAME OPENING MAY HAVE BEEN IMPROPERLY CLEANED PRIOR TO APPLICATION OF THE ACRYLIC TAPE ON THE OUTER SUNROOF SEAL. THIS PREVENTS THE OUTER SUNROOF SEAL FROM PROPERLY ADHERING TO THE BODY OF THE VEHICLE, ALLOWING WATER TO LEAK THROUGH THE SEAL.",07/10/2020,07/07/2020,,False,False,0,0,3VWH17AU8HM
11331893,2017,"Volkswagen Group of America, Inc.",GOLF,"FUEL SYSTEM, GASOLINE","TL* THE CONTACT, AN INDEPENDENT MECHANIC WAS CALLING ON BEHALF OF HIS CLIENT WHO OWNS A 2017 VOLKSWAGEN GOLF. THE CONTACT STATED THAT THE VEHICLE WAS LEAKING FUEL ON THE PASSENGER'S SIDE REAR OF THE VEHICLE. THE CONTACT STATED THAT THE VEHICLE LEAKED FUEL WHEN THE VEHICLE WAS HOT. THE CONTACT INFORMED THE VEHICLE OWNER THAT THE FUEL TANK AND CANISTER NEEDED TO BE REPLACED. THE VEHICLE WAS NOT REPAIRED. THE DEALER WAS NOT MADE AWARE OF THE FAILURE. THE VEHICLE OWNER CONTACTED THE MANUFACTURER AND WAS INFORMED THAT THE VEHICLE WAS NO LONGER UNDER WARRANTY. THE OWNER WAS INFORMED BY THE MANUFACTURER THAT HE WOULD RECEIVE A CALLBACK WHICH WAS STILL PENDING. THE FAILURE MILEAGE WAS APPROXIMATELY 35,800.",07/01/2020,03/11/2020,,False,False,0,0,3VW217AU5HM
11322047,2017,"Volkswagen Group of America, Inc.",GOLF,FUEL/PROPULSION SYSTEM,"TL* THE CONTACT OWNS A 2017 VOLKSWAGEN GOLF. THE CONTACT BECAME AWARE THAT THERE WAS FUEL LEAKING FROM THE VEHICLE. THE VEHICLE WAS TAKEN TO AN INDEPENDENT MECHANIC WHERE THE VEHICLE WAS DIAGNOSED THAT THE FUEL TANK, FUEL PUMP ASSEMBLY AND VAPOR CANISTER NEEDED TO BE REPLACED. THE VEHICLE WAS NOT REPAIRED. A DEALER WAS NOT CONTACTED. THE MANUFACTURER WAS NOT NOTIFIED OF THE FAILURE. THE APPROXIMATE FAILURE MILEAGE WAS 35,000.",04/23/2020,04/21/2020,,False,False,0,0,3VW217AU4HM
11318119,2017,"Volkswagen Group of America, Inc.",GOLF,POWER TRAIN,"WITH LESS THAN 17,000 MILES AND WITHIN 2 WEEKS OF HAVING A 3YR/30K SERVICE PERFORMED, CAR SUDDENLY LOCKED UP ON HIGHWAY WHILE TRAVELING OVER 60MPH. DID NOT HAVE ENOUGH TIME TO PULL TO SHOULDER. IN PROCESS ALSO LOCKED UP BREAKS. AFTER 15 MINUTES , FOUND THAT BY HOLDING POWER BUTTON WAS ABLE TO GET WHEELS UNLOCK SO THAT I COULD IDLE TO A SAFER SPOT.   DEALERSHIP DISCOVERED REAL DIFFERENTIAL LEAKING AND HAD FAILED.   DEALERSHIPS WERE UNABLE TO PROVIDE TRAVEL ASSISTANCE/COMPENSATION (RENTAL) OR RETURN OF CAR TO MY AREA EVEN THOUGH I WAS OVER 150-200 MILES FROM HOME, CAR WAS BOUGHT NEW WITH EXTENDED WARRANTY, AND PART DELIVERY AND REPAIR TOOK 10 DAYS/7 BUSINESS DAYS.",03/15/2020,02/28/2020,,False,False,0,0,3VWH17AUXHM
11317776,2017,"Volkswagen Group of America, Inc.",GOLF,SUSPENSION,"THERE ARE LOUD CREAKING/CRUNCHING NOISES COMING FROM ALL 4 CORNERS OF THE VEHICLE. SEARCHING YOUTUBE, IT IS A PREVAILING PROBLEM IN ALLTRACKS. IT SEEMS TO BE DEFECTING BUSHING AT THE TOP OF THE SUSPENSION. IT OCCURS WHEN THERE IS LATERAL COMPRESSION AND OCCURS EVEN AT LOW SPEEDS. THIS IS DANGEROUS AS THE ENTIRE CAR REST ON THESE BUSHING AND COULD CAUSE LOSS OF CONTROL WHEN THESE DEFECTIVE PARTS FAIL CATASTROPHICALLY.",03/12/2020,11/01/2019,,False,False,0,0,3VWH17AU0HM
11317038,2017,"Volkswagen Group of America, Inc.",GOLF,"ELECTRICAL SYSTEM,AIR BAGS","I WAS BACKING OUT OF MY DRIVEWAY AND I FELT SOME SORT OF STRINGY-LIKE METALLIC RESISTANCE AS I TURNED MY STEERING WHEEL (SIMILAR TO A RUBBERBAND HELD TAUT AND BEING PLUCKED). APPROXIMATELY 5 MINUTES LATER, AN AIRBAG AND A TRANSMISSION WARNING APPEARED AND MY HORN AND ALL BUTTONS ON MY STEERING WHEEL STOPPED WORKING. I WAS AT 50,0170+ MILES WHEN THIS OCCURRED. MY VEHICLE IS NOT UNDER RECALL, EVEN THOUGH 400,000 + OTHER VWS HAD THE SAME RECALL...",03/09/2020,03/09/2020,,False,False,0,0,3VWH17AU9HM
11316403,2017,"Volkswagen Group of America, Inc.",GOLF,UNKNOWN OR OTHER,"ABOUT A MONTH OR SO AFTER I GOT THE CAR, IT STARTED MAKING A LOUD SQUEAKING NOISE WHEN TURNING THE STEERING WHEEL TO THE LEFT (AND NOW WHEN YOU TURN IT BACK TO THE RIGHT TO STRAIGHTEN OUT) NOTICEABLE AT VERY SLOW SPEEDS SUCH AS PULLING IN AND OUT OF A PARKING SPACE.  I TOOK IT TO THE RENO VW AND THEY SAID THERE WAS NO NOISE.  I TOOK IT BACK AGAIN MONTHS LATER AND FIRST THEY SAID THERE WAS NO NOISE, AND I ASKED THAT THEY CHECK IT AGAIN.  THEN THEY TRIED TO TELL ME IT WAS FROM MY BIKE RACK WHICH IS ON THE REAR OF MY CAR, ONLY ON IN THE SUMMER, AND THE NOISE IS THERE YEAR ROUND IN THE FRONT OF THE CAR.  THEN THEY GOT ON THE PHONE WITH ""TECH SUPPORT"" AND WERE TOLD IT'S A CLOCK SPRING AND IT'S A NORMAL NOISE.  IN FORTY YEARS OF DRIVING, I HAVE NEVER HEARD SUCH A NOISE.  TWO PEOPLE I KNOW HAVE THE SAME CAR, AND THEIR VEHICLES DO NOT MAKE THIS NOISE.  I SEE THAT VW HAS HAD CLOCK SPRING RECALLS ON SOME OF THEIR OTHER VEHICLES.  MY VEHICLE IS STILL UNDER WARRANTY, AND THIS SHOULD BE FIXED.  THIS IS A POTENTIAL SAFETY ISSUE THAT I WOULD PREFER TO AVOID.",03/05/2020,01/01/2018,,False,False,0,0,3VWH17AU6HM
11292290,2017,"Volkswagen Group of America, Inc.",GOLF,"ELECTRICAL SYSTEM,UNKNOWN OR OTHER,VISIBILITY/WIPER","PURCHASED A USED 2017 VW ALLTRACK APRIL 2 YEARS AGO. PRESENTLY HAS ~30K MILES. CHRISTMAS DAY THIS YEAR, 4 WARNING LIGHTS APPEARED LIT-UP IN THE CONSOLE-AIR-BAG, TIRE PRESSURE, ABS AND TRACTION CONTROL. TOOK IT TO THE DEALERSHIP WHERE IT WAS PURCHASED, AND ADVISED THAT WATER-INTRUSION OCCURRED DUE TO BLOCKED SUN-ROOF DRAINS [WHICH ARE NOT IMMEDIATELY ACCESSIBLE. ADVISED THAT IT WAS NOT CONSIDERED STANDARD MAINTENANCE  AND AN EXPENSIVE REPAIR. ALSO REPAIRED WERE CORRODED WIRING CONNECTORS AND CORRODED WIRES! DEALER ADVISED THAT ONCE CORRECTED 'IT SHOULDN'T BE A PROBLEM AGAIN' WHICH WE DON'T TRUST OR BELIEVE. RESEARCH INDICATES THAT THIS IS A WELL-KNOWN AND WELL-DOCUMENTED PROBLEM. WE ARE VERY FRUSTRATED AND CONCERNED THIS PROBLEM WILL BE CONTINUOUSLY OCCURRING. RUST NEVER SLEEPS",12/31/2019,12/25/2019,,False,False,0,0,3VWH17AUXHM
11291139,2017,"Volkswagen Group of America, Inc.",GOLF,"ELECTRICAL SYSTEM,AIR BAGS",THIS CAR HAS A WELL KNOWN PANORAMIC SUNROOF LEAK THAT CAUSES EXCESS WATER TO ENTER INTERIOR OF VEHICLE AND SOAK BOTH FRONT AND REAR ELECTRONICS. MY VEHICLE HAS THIS PROBLEM CAUSED BY RECENT HEAVY RAINS. CAR IS USED TO TRANSPORT CHILDREN AND AM WORRIED ABOUT MOLD ABOUT FRONT AIR BAGS BEING WATER DAMAGED.,12/24/2019,12/16/2019,,False,False,0,0,3VWH17AU9HM
11290702,2017,"Volkswagen Group of America, Inc.",GOLF,ENGINE,"THERMOSTAT HOUSING AND WATER PUMP, COOLANT LOSS AND LEAK. DEALER REPLACED THERMOSTAT HOUSING MARCH 2019 (24,000MI), 12/22/19 (37,400MI) ANOTHER COOLANT LEAK LIKELY FROM SECOND THERMOSTATE OR ORIGNAL WATER PUMP WHICH WAS SAID NOT TO HAVE BEEN REPLACED. CAR IS WELL MAINTAINED AND CARED FOR PREEMPTIVELY AS A GERMAN CAR SHOULD.",12/22/2019,12/22/2019,,False,False,0,0,3VW217AU3HM
11287740,2017,"Volkswagen Group of America, Inc.",GOLF,STRUCTURE,"SUNROOF SHADE WOULD NOT STAY CLOSED.  REPAIRED TWICE BY DEALERSHIP.  12/7/19 DRIVING ON ROAD (NO TRAFFIC OR VEHICLES NEARBY), SUDDENLY LOUD EXPLOSION SOUND, SUNROOF COMPLETELY SHATTERED, BLEW OUT BASKETBALL SIZE HOLE IN SUNROOF GLASS BEFORE COMPLETELY SHATTERING ENTIRE SUNROOF GLASS.  VEHICLE WAS MOVING ON RURAL PAVED ROAD, NO OTHER VEHICLES ON ROADWAY.  SUNSCREEN PREVENTED GLASS FROM ENTERING DRIVER'S COMPARTMENT.",12/08/2019,12/07/2019,,False,False,0,0,3VW447AU9HM
11282273,2017,"Volkswagen Group of America, Inc.",GOLF,POWER TRAIN,"I NOTICED A VIBRATION AT SPEEDS NEAR AND OVER 80 MPH. I TOOK IT TO THE VW DEALER WHERE I HAD PURCHASED AND THEY FOUND THE BOLTS WHERE THE DRIVER FRONT AXLE CONNECTS TO THE TRANSMISSION OUTPUT SHAFT WERE LOOSE AND BACKING OUT. THEY REPLACED THE BOLTS, BUT I'M STILL HAVING VIBRATION IN THE DRIVELINE. I'M WORRIED WHAT OTHER BOLTS MAY BE LOOSE OR WHAT ASSOCIATED PARTS MAY HAVE BEEN COMPROMISED AS THIS IS POTENTIALLY A VERY DANGEROUS SAFETY SITUATION FOR MYSELF AND ANYONE NEAR MY VEHICLE WERE THE AXLE TO COME APART AT SPEED.",11/25/2019,11/11/2019,,False,False,0,0,3VW5T7AU4HM
11279870,2017,"Volkswagen Group of America, Inc.",GOLF,VISIBILITY,"TL* THE CONTACT OWNED A 2017 VOLKSWAGEN GOLF ALLTRACK. THE CONTACT STATED THAT THE SUN ROOF LEAKED AND CAUSED MOLD TO FORM INSIDE THE VEHICLE. THE VEHICLE WAS TAKEN TO VOLKSWAGEN CLEAR LAKE (281-848-5500, LOCATED AT 15100 GULF FWY, HOUSTON, TX 77034) WHERE IT WAS DETERMINED THAT THE FAILURE RESULTED FROM THE OWNER'S NEGLIGENCE OF PROPER VEHICLE MAINTENANCE. THE MANUFACTURER WAS MADE AWARE OF THE FAILURE AND SUPPORTED THE DEALER'S CLAIM. THE CONTACT WAS INFORMED TO TAKE THE VEHICLE TO THE INSURANCE COMPANY. THE INSURANCE COMPANY TOTALED THE VEHICLE, STATING THAT IT WAS UNSAFE TO DRIVE. THE FAILURE MILEAGE WAS 11,000. THE VIN WAS NOT PROVIDED.",11/13/2019,10/08/2019,,False,False,0,0,
11257402,2017,"Volkswagen Group of America, Inc.",GOLF,STRUCTURE,I AM SEEING WATER STAINS ON MY HEADLINER AROUND THE ENTIRE PANORAMIC SUNROOF.  THERE IS WATER SOAKING THE CARPETS ON THE FRONT AND REAR PASSENGER CARPETS.  THERE IS ALSO A MUSTY SMELL DUE TO THE STANDING WATER THAT HAS BEEN LEAKING FROM THE SUNROOF.,09/23/2019,09/20/2019,,False,False,0,0,3VWH17AU8HM
11234807,2017,"Volkswagen Group of America, Inc.",GOLF,"POWER TRAIN,ENGINE","TL* THE CONTACT OWNS A 2017 VOLKSWAGEN GOLF ALLTRACK. WHEN THE VEHICLE WAS STARTED DURING A RAINSTORM, ALL THE WARNING INDICATORS ILLUMINATED ON THE INSTRUMENT PANEL. UPON RESTARTING THE VEHICLE, IT WOULD NOT ACCELERATE AND HAD TO BE TOWED TO COASTAL VOLKSWAGEN (1 SATURN DRIVE, HANOVER, MA 02339, (781) 871-4600. THE VEHICLE WAS NOT DIAGNOSED OR REPAIRED. THE MANUFACTURER WAS NOTIFIED OF THE FAILURE AND INFORMED THE CONTACT THAT THEY WOULD CHECK TO SEE IF THE VEHICLE'S WARRANTY WOULD COVER THE REPAIRS. THE FAILURE MILEAGE WAS 27,000.",07/25/2019,07/24/2019,,False,False,0,0,3VWH17AU5HM
11231067,2017,"Volkswagen Group of America, Inc.",GOLF,STRUCTURE,"PANORAMIC SUNROOF LEAKS. HEADLINER I AND CARPET IS BADLY STAINED WITH VISIBLE MOLD GROWTH.  PILLAR STAINING AS WELL.  WATER LEAKS FROM DOME LIGHT AND SUNROOF CONTROL BUTTONS.  WATER ALSO LEAKS INTO FOOT WELL. TAKEN TO TWO DIFFERENT DEALERSHIP WHO HAVE SAID THAT IT IS LIKELY THE SUNROOF DRAINS ARE BLOCKED BY DEBRIS AND REPAIR WOULD NOT BE COVERED BY WARRANTY.  THERE IS NO WAY FOR THE CONSUMER TO ACCESS THE SUNROOF DRAINS TO KEEP THEM CLEAR, PARTICULARLY THE REAR DRAINS, WHICH ENTAILS DISMANTLING PART OF THE CAR.  THIS IS A KNOWN ISSUE WITH MANY REPORTED COMPLAINTS BY OWNERS WITH A TECHNICAL SERVICE BULLETIN BEING ISSUED.  PLEASE ENCOURAGE AN INVESTIGATION AND REPARATIONS FROM VW.",07/11/2019,07/01/2018,,False,False,0,0,3VWH17AU8HM
11230797,2017,"Volkswagen Group of America, Inc.",GOLF,"STRUCTURE,UNKNOWN OR OTHER","THIS PAST SPRING I NOTICED THE CAR'S HEADLINER WAS WET AND STAINED.  IT THEN BEGAN TO DRIP COPIOUS AMOUNTS OF WATER INTO THE VEHICLE DURING HEAVY RAINSTORMS.  THE CAR IS ONLY A YEAR AND A HALF OLD AND HAS 20,000 MILES.  BUT THERE ARE WATER STAINS EVERYWHERE AND IT WILL BE A MOLD ISSUE SOON, I'M AFRAID.  TOOK IT TO THE DEALER, THE CAR IS UNDER WARRANTY.  THEY SAID IT'S A MAINTENANCE ISSUE, NOT A WARRANTY ISSUE BECAUSE THE DRAINS THAT RELEASE THE WATER FROM SUNROOF ARE ALL BLOCKED WITH DEBRIS.   DEALER FIRST ASKED ME IF I HAD JUST SIMPLY LEFT THE SUN ROOF OPEN AND WAS VERY PATRONIZING, BY ASKING ME IF THERE WAS JUST A LEAF STUCK UP THERE, CALLING ME HUNNY OVER THE PHONE.  I TOLD HIM NO, SOMETHING WAS WRONG AND WE DROPPED IT OFF.  $600 TO CLEAR DRAINS.  WE REFUSED BECAUSE WE FOUND MANY OTHER PEOPLE EXPERIENCING THE SAME PROBLEM WITH THE SAME CAR AND THERE IS A TECHNICAL SERVICE BULLETIN FOR THE PROBLEM.  WE READ THE VW HELPED COVER THE COSTS FOR MANY PEOPLE SO WE CALLED VW CUSTOMER CARE.  I ASKED FOR A BUYBACK OR FOR THEM TO FIX THE CAR.  THEY CALLED ME BACK SAYING THERE WAS NOTHING THEY COULD DO AND REFUSED TO ADMIT THIS IS A DEFECT IN THE DESIGN OF THE CAR.  EVEN IF I JUST GOT THE DRAINS CLEARED, THERE WAS STILL DAMAGE DONE BY THE ""MAINTENANCE"" NOT BEING TAKEN CARE OF.  ""MAINTENANCE"" THAT WE KNEW NOTHING ABOUT AND THERE IS NOTHING IN THE OWNER'S MANUAL ABOUT CLEARING THE DRAINS UNTIL AROUND 40,000 MILES.   I WAS ASKED IF I PARKED UNDER TREES.  WELL, YEAH, WE CAMP A LOT.  THIS CAR IS ADVERTISED AS AN ADVENTURE CAR.  I ALSO DON'T HAVE THE LUXURY OF PARKING IN A GARAGE.  I'M A TEACHER.  I WORK HARD TO MAKE CAR PAYMENTS, BUT I BOUGHT  BRAND NEW CAR NOT KNOWING I WOULD NEED TO BE SPENDING HUNDRED UPON HUNDREDS OF DOLLARS TO ""MAINTAIN"" SUNROOF DRAINS.  THE CAR IS CURRENTLY AT ANOTHER DEALER AND THEY WANT NUMBERS IN THE THOUSANDS TO FIX THE WATER DAMAGE.",07/10/2019,04/30/2019,,False,False,0,0,3VWH17AU2HM
11229526,2017,"Volkswagen Group of America, Inc.",GOLF,VISIBILITY,"TL* THE CONTACT OWNS A 2017 VOLKSWAGEN GOLF. THE CONTACT STATED THAT THE SUN ROOF WAS LEAKING AND STAINED THE HEADLINER. THE MANUFACTURER STATED THAT THE WARRANTY WAS EXPIRED BY 1,000 MILES; THEREFORE, THE CONTACT WOULD BE RESPONSIBLE FOR THE REPAIR COST. VOLKSWAGEN OF ROCHESTER (20 FARMINGTON RD, ROCHESTER, NH 03867, (603) 332-6242) REMOVED THE SPIDER TRAPS ON THE DRAINS FOR THE SUN ROOF. THE VEHICLE WAS REPAIRED. THE MANUFACTURER WAS NOT CONTACTED. THE FAILURE MILEAGE WAS 36,500.",07/05/2019,06/20/2019,,False,False,0,0,3VWH17AU6HM
11222846,2017,"Volkswagen Group of America, Inc.",GOLF,"AIR BAGS,ELECTRONIC STABILITY CONTROL (ESC),VISIBILITY/WIPER","I HAVE WATER LEAKING FROM THE SUN ROOF COMING DOWN TO THE FLOOR, NOW MY WINDOWS FOG UP WITH ANY PRECIPITATION IN THE INTERIOR OF THE GLASS. ALSO MADE ALL MY SENSORS FAIL, ABS, TRACTION CONTROL, TIRE PRESSURE MONITOR, AND AIRBAGS WERE STATED 'FAILED' UPON ENGINE START. VEHICLE WAS STATIONARY AT OUR HOUSE.",06/27/2019,06/21/2019,,False,False,0,0,3VWH17AU0HM
11219516,2017,"Volkswagen Group of America, Inc.",GOLF,"STRUCTURE,UNKNOWN OR OTHER,VISIBILITY/WIPER",ROOF/SUNROOF LEAKING CAUSING STAINED HEADLINER AND WET CARPETING. VEHICLE SMELLS OF MOLD AND MILDEW AND CAUSES EXCESSIVE CONDENSATION ON WINDSHIELD. VW DEALERSHIP IN FAIR LAWN NJ ATTEMPTED REPAIR BY REPLACING SUNROOF DRAIN TUBES BUT DID NOT RESOLVE THE ISSUE. NEW LEAKS HAVE DEVELOPED AND DEALER SERVICE IS UNCLEAR WHERE OR WHAT IS CAUSING THEM. AS OF 6/12/2019 DEALER IS ATTEMPTING SECOND REPAIR STATING THE SUNROOF FRAME NEEDS TO BE REPLACED. UNSURE IF THIS WILL RESOLVE THE ISSUE,06/12/2019,05/04/2019,,False,False,0,0,3VWH17AU6HM
11210177,2017,"Volkswagen Group of America, Inc.",GOLF,"STEERING,VEHICLE SPEED CONTROL,SERVICE BRAKES","WHILE IN THE NUMBER 2 LANE ON THE FREEWAY, USING CRUISE CONTROL, WE APPROACHED A SEMI TRUCK IN THE NUMBER 3 LANE. WE WERE MOVING MORE QUICKLY THAN THE SEMI TRUCK AND DID NOT CHANGE LANES NOR DID THE SEMI TRUCK. THE FREEWAY WAS STRAIGHT. THE AUTOMATIC BRAKING SYSTEM TURNED ON AND ENGAGED THE BRAKES WHEN OUR CAR REACHES APPROXIMATELY THE REAR AXLE OR IS NEXT TO THE BACK MIDDLE OF THE SEMI TRUCK. BRAKES ENGAGE IN THE SAME FASHION THEY DO AS IF THERE WAS A HAZARD IN FRONT OF US. TO BE CLEAR, NOTHING AT ALL IS IN FRONT OF US, JUST THE SEMI TRUCK TO OUR RIGHT.",05/27/2019,05/27/2019,,False,False,0,0,3VW217AU7HM
11209670,2017,"Volkswagen Group of America, Inc.",GOLF,"ELECTRICAL SYSTEM,SEAT BELTS,SEATS","FOR THE PAST 2+ YEARS, I WILL HAVE HAD THIS CAR 3 YEARS IN NOV.2019, AND FOR THE PAST 2 YRS+ THE DEALER HAS NOT FOUND THE TROUBLE WITH THE DRIVER'S SIDE SEATBELT SENSOR COMING ON FOR NO REASON. IT COMES ON WHILE DRIVING, THE LDRIVER'S SIDE SEATBELT LIGHT COMES ON AND THE SENSOR STARTS BEEPING - THE WORST WAS OVER A HALF HOUR STRAIGHT WHILE DRIVING HOME. IT HAS HAPPENED ON CITY STREETS- CANNOT RECALL IT ON HIGHWAY DRIVING.    IN THE LAST FEW MONTHS THE SEATBELT UNIT WAS REPLACED- BUT THE LIGHTS AND BEEPING HAS RETURNED. I AM NOW THINKING IT MAY BE THE SEAT - SENSOR. NOT THE BELT.  I READ/VIEWED VIDEOS THAT THERE WAS A SHORT IN THE ELECTRICAL OF SOME PEOPLE'S SEATBELT HOUSING, FIXED WITH WELDS.  MOST RECENTLY IT IS HAPPENING MULTIPLE TIMES WHILE DRIVING.  IT HAPPENED 7 TIMES WHILE DRIVING MY CAR FROM WORK TO THE DEALER, <10 MILES CITY STREET DRIVE.  IT HAS NEVER BEEN REPRODUCED AND I DO NOT THINK ANY CODE WAS EVER SCANNED. THIS IS MY FIRST LEASE, AND AS SUCH I ONLY LET THE DEALER TACKLE IT. STILL NOT FIXED AND NOW MUCH, MUCH WORSE, WITH MULTIPLE OCCURRENCES AND NO RHYME OR REASON TO IT.",05/24/2019,05/23/2019,,False,False,0,0,3VW547AUXHM
11197072,2017,"Volkswagen Group of America, Inc.",GOLF,UNKNOWN OR OTHER,FRONT PANEL OF SUNROOF SHATTERED ON TOP OF DRIVER'S HEAD WHILE DRIVING DOWN THE HIGHWAY. THE TOP OF THE ROOF WAS PROTECTED BY A THULE CARGO CARRIER (EMPTY) SO IT COULDN'T HAVE BEEN HIT BY A FOREIGN OBJECT ON THE OUTSIDE.,04/17/2019,04/17/2019,,False,False,0,0,3VWH17AU8HM
11186850,2017,"Volkswagen Group of America, Inc.",GOLF,"ELECTRICAL SYSTEM,AIR BAGS,VISIBILITY/WIPER","PANORAMIC SUNROOF LEAKS AFTER 40+ DAYS AND COUNTING OF REPAIR AT VW DEALERSHIP UNDER WARRANTY. DEALER CAN'T SEEM TO FIND ROOT CAUSE OR NOT CAPABLE OF FINDING MULTIPLE PROBLEMS, OR MAYBE DO NOT WANT TO FIND ROOT CAUSE.  WATER LEAKS INTO CAR AFTER RAIN/SNOW LIMITS VISIBILITY ON WINDSHIELD, ELECTRICAL PROBLEMS ARISE FROM SPEAKERS, DOOR LOCKS AND POWER WINDOWS NOT FUNCTIONING PROPERLY.  LOCATION OF SUNROOF LEAK IS ALSO NEXT TO SIDE AIRBAGS AND ELECTRICAL CONNECTIONS PROBABLY CAUSING PREMATURE DETERIORATION.",03/14/2019,11/07/2018,,False,False,0,0,
11184512,2017,"Volkswagen Group of America, Inc.",GOLF,STRUCTURE,BODY SEAMS NEAR VEHICLE SUNROOF ARE NOT WELDED PROPERLY - RESULTS IN EXCESSIVE WATER LEAKAGE INTO THE CAR AND FOGGING INSIDE THE CAR AT ALL TIMES THAT OBSTRUCTS VISIBILITY,03/06/2019,02/24/2019,,False,False,0,0,3VWH17AU1HM
11181731,2017,"Volkswagen Group of America, Inc.",GOLF,"STRUCTURE,UNKNOWN OR OTHER,VISIBILITY/WIPER","PANORAMIC SUNROOF LEAKS WHEN DRIVING IN THE RAIN. WINDOWS FOG UP, STAINS HEADLINER  AND MOISTURE WILL OVER TIME CAUSE MOLD IN VEHICLE. IN COLD TEMPERATURE FROZEN CONDENSATION OBSERVED INSIDE OF VEHICLE WINDSHIELD AND BACK WINDOW MAKING IT DIFFICULT TO SEE OUT.",02/21/2019,11/04/2018,,False,False,0,0,3VWH17AU6HM
11180563,2017,"Volkswagen Group of America, Inc.",GOLF,FUEL/PROPULSION SYSTEM,"EVAP CANISTER FAILED WITH LESS THAN 40,000 MILES ON THE CAR. I FIRST NOTICED WHEN I WAS PUMPING GAS ONE DAY, I OPENED MY TANK AND HEARD A LOUD WOOSH NOISE LIKE PRESSURE HAD BEEN BUILDING UP INSIDE THE GAS TANK. I THEN WENT TO FILL UP MY TANK AND GOT MAYBE $3 WORTH OF GAS IN THE TANK BEFORE THE PUMP SHUT ITSELF OFF LIKE THE TANK WAS FULL THOUGH IT WASN'T. WAS TOLD IT'S NOT COVERED UNDER WARRANTY BY VOLKSWAGEN, AND EVEN THOUGH THE 15-16 GTI HAD RECALLS FOR THE SAME ISSUE THE PROBLEM WAS SUPPOSED TO BE FIXED FOR THE 17 GTI. I EITHER HAVE A LEMON OR THE PROBLEM HAS CARRIED OVER FOR A 3RD STRAIGHT YEAR.",02/17/2019,02/10/2019,,False,False,0,0,3VW5T7AU5HM
11180256,2017,"Volkswagen Group of America, Inc.",GOLF,"STEERING,ELECTRICAL SYSTEM","TL* THE CONTACT OWNS A 2017 VOLKSWAGEN GOLF. THE CONTACT RECEIVED NOTIFICATION OF NHTSA CAMPAIGN NUMBER: 18V464000 (STEERING, ELECTRICAL SYSTEM). THE PARTS TO DO THE REPAIR WERE UNAVAILABLE. THE CONTACT STATED THAT THE MANUFACTURER EXCEEDED A REASONABLE AMOUNT OF TIME FOR THE RECALL REPAIR. VOLKSWAGEN OF CHERRY HILL (2261 MARLTON PIKE W, CHERRY HILL, NJ 08002, (888) 486-1840) WAS CONTACTED AND CONFIRMED THAT THE PARTS WERE NOT AVAILABLE FOR THE RECALL REMEDY. THE MANUFACTURER WAS MADE AWARE OF THE ISSUE AND WAS NOT ABLE TO CONFIRM WHEN THE PARTS WERE TO BECOME AVAILABLE. THE CONTACT HAD NOT EXPERIENCED A FAILURE. VIN TOOL CONFIRMS PARTS NOT AVAILABLE. *BF  *TR",02/15/2019,01/18/2018,,False,False,0,0,3VW217AU2HM
11175989,2017,"Volkswagen Group of America, Inc.",GOLF,"ELECTRICAL SYSTEM,AIR BAGS,UNKNOWN OR OTHER","MY PANORAMIC SUNROOF HAS HAD AN ISSUE WITH WATER INTRUSION. DECEMBER OF 2017 I TOOK THE CAR INTO VW OF POHANKA, MARYLAN. THEY REPLACED THE HEADLINER, DRAINAGE TUBES, AND SMOOTHED OUT THE WELDS TO TRY AND FIX THE PROBLEM. I NOTICED THAT THE LEAK IS BACK WITH WATER STAINS ON THE A-PILLAR AND OVERHEAD. THE PROBLEM IS WE DO NOT KNOW WHERE THE WATER HAD LEAKED INTO. WE ARE AFRAID THAT THE WATER INTRUSION MAY CAUSE MORE PROBLEMS DOWN THE ROAD AND DO NOT WANT ANY ELECTRICAL ISSUES DUE TO THE WATER LEAK. OUR MAIN CONCERN IS THE DEPLOYMENT OF THE AIRBAGS LOCATED ON THE B-PILLAR AND THE POSSIBLE HEALTH ISSUES OF MOLD AND RUST. THE PROBLEM PERSISTS DURING THE RAIN SEASON.",02/10/2019,02/10/2019,,False,False,0,0,3VWH17AU7HM
11173521,2017,"Volkswagen Group of America, Inc.",GOLF,"STRUCTURE,VISIBILITY/WIPER","PANORAMIC SUNROOF LEAKS WATER INTO INTERIOR, CAUSING CONDENSATION ON ALL INTERIOR GLASS AND MAKING IT DIFFICULT/IMPOSSIBLE TO SEE OUT. THERE IS SO MUCH CONDENSATION THAT AC/DEFROST SETTINGS CANNOT REMOVE IT IN A TIMELY MANNER. IT TAKES SO LONG THAT ONE TRIES TO DRIVE EVEN BEFORE FULL OUTWARD VISION HAS BEEN RESTORED, INCREASING RISK GREATLY.",02/01/2019,11/21/2018,,False,False,0,0,3VWH17AU3HM
11156600,2017,"Volkswagen Group of America, Inc.",GOLF,SUSPENSION,WHEN WE BOUGHT THE CAR IT CAME LIFTED WITH BIGGER WHEELS AND TIRES. THEY DID NOT TELL US IT WAS AFTERMARKET AND NOT COVERED UNDER WARRANTY. IT IS NOT SAFE TO BE ON THE ROAD BECAUSE IT KEEPS BLOWING THE REAR SHOCKS. IT BLOWS THE REAR SHOCKS AND BASICALLY YOUR DRIVING JUST ON COIL SPRINGS . WHICH MEANS LACK OF CONTROL TO THE VEHICLE.IT HAS BEEN ON GOING SINCE WE BOUGHT THE CAR FOR ABOUT 8 MONTHS.,12/06/2018,04/04/2018,,False,False,0,0,3VWH17AU5HM
11155541,2017,"Volkswagen Group of America, Inc.",GOLF,UNKNOWN OR OTHER,INFOTAINMENT SYSTEM RESTARTS EVERY FEW MINUTES DURING OPERATION. THIS IS A SAFETY ISSUE BECAUSE IT IS VERY DISTRACTING WHEN USING THE NAVIGATION SYSTEM WHILE DRIVING AND CAN CAUSE THE DRIVER TO BECOME DISTRACTED.,12/03/2018,12/01/2018,,False,False,0,0,3VWH17AU4HM
11154690,2017,"Volkswagen Group of America, Inc.",GOLF,POWER TRAIN,"THE SUBJECT VEHICLE, VIN: [XXX] A 2018 GOLF ALLTRACK SUDDENLY AND WITHOUT WARNING DOWNSHIFTED AT HIGHWAY SPEEDS CAUSING RAPID DECELERATION.  THIS OCCURRED ON A TWO-LANE RURAL HIGHWAY AND AT ABOUT 60 MPH DOWN TO 40 MPH.  THE YELLOW ""!"" ILLUMINATED WITH A MESSAGE LIKE ""TRANS ERROR, REV UNAVAILABLE, SEE DEALER"".  WHILE I WAS ABLE TO PULL OFF THE ROADWAY SAFELY, THE TWO VEHICLES BEHIND WERE CAUGHT OFF-GUARD BY THE SUDDEN AND RAPID DECELERATION.  I CONFIRMED THE TRANSMISSION WOULD NOT OPERATE IN REVERSE AND THE PADDLE SHIFTERS WERE ALSO NOT ABLE TO CHANGE GEARS.  MAXIMUM ROAD SPEED WAS 41 MPH @ 9100 RPM, SO UNSAFE TO CONTINUE.  THERE WAS NO DEALER IN THE AREA, SO I CYCLED THE KEY OFF THEN RESTARTED THE VEHICLE AND WAS ABLE TO CONTINUE AND OBTAIN SERVICE.  THE DEALER REPORTED THERE WAS AN ""INTERNAL PART FAILURE"" OF THE TRANSMISSION.  HAD THIS CONDITION PRESENTED IN A HIGH TRAFFIC OR ADVERSE WEATHER SITUATION, IT WOULD HAVE LIKELY RESULTED IN A SERIOUS ACCIDENT.    INFORMATION REDACTED PURSUANT TO THE FREEDOM OF INFORMATION ACT (FOIA), 5 U.S.C. 552(B)(6).  *TR",11/29/2018,11/27/2018,,False,False,0,0,3VW117AU3JM
11140311,2017,"Volkswagen Group of America, Inc.",GOLF,UNKNOWN OR OTHER,PURCHASE THE CAR ON APRIL 2018 ON FRIDAY SEPTEMBER 21ST AROUND 3 P.M. I WAS DRIVING ON HIGHWAY SR 14 GOING AROUND 55 60 MILES AN HOUR WHEN SUDDENLY A VERY LOUD EXPLOSION FOLLOWED BY HUNDREDS OF PIECES OF CHARRED GLASS FALLING DOWN FROM THE PANORAMIC SUNROOF THE EXPLOSION WAS SO LOUD THAT FOR A MOMENT I THOUGHT THAT SOMEONE WAS SHOOTING AT MY CAR VOLKSWAGEN CLAIMS THAT DEBRIS ON THE ROAD OR PASSING CARS MAY HAVE CAUSED THE EXPLOSION OF THE SUN ROOF I JUST WANT TO MENTION THAT THERE WERE NO CARS NEAR ME AND AFTER I PULLED OVER AND LOOKED AT THE PANORAMIC SUNROOF TO ME IT LOOKS LIKE THE SUNROOF BLEW UP FROM THE INSIDE OUT VOLKSWAGEN DEALER IT'S NOT WILLING TO ASSUME THE RESPONSIBILITY,10/15/2018,09/21/2018,,False,False,0,0,3VWH17AU9HM
11139439,2017,"Volkswagen Group of America, Inc.",GOLF,STRUCTURE,"TL* THE CONTACT OWNS A 2017 VOLKSWAGEN GOLF ALLTRACK. THE CONTACT STATED THAT THE SUN ROOF WAS BLOCKED AND LEAKED WATER INTO THE VEHICLE WHEN IT RAINED. THE VEHICLE WAS TAKEN TO VOLKSWAGEN OF THE WOODLANDS (855-436-0113, LOCATED AT 16785 INTERSTATE 45 SOUTH, THE WOODLANDS, TX 77385) WHERE IT WAS STATED THAT THE FAILURE WAS DUE TO NEGLIGENCE BY THE CONTACT. THE MANUFACTURER WAS MADE AWARE OF THE FAILURE AND STOOD BY THE DEALER'S RULING. THE VEHICLE WAS NOT REPAIRED. THE FAILURE MILEAGE WAS APPROXIMATELY 23,000. *DT   UPDATED 11/2/18*JB  THE CONSUMER STATED THE MANUFACTURER ADVISED ANY TIME THE VEHICLE WAS DRIVEN THROUGH MUD IT WAS POSSIBLE FOR THE DRAINS TO BECOME BLOCKED, WHICH THE CONSUMER WOULD BE RESPONSIBLE FOR REPAIRING. *JS",10/10/2018,09/27/2018,,False,False,0,0,3VWH17AU4HM
11138732,2017,"Volkswagen Group of America, Inc.",GOLF,VISIBILITY,2017 VOLKSWAGEN GOLF. CONSUMER WRITES WITH CONCERNS REGARDS SUNROOF EXPLOSION.  *AS    THE CONSUMER STATED THE MANUFACTURER REFUSES TO REPAIR THE VEHICLE UNDER WARRANTY CLAIMING THERE MUST HAVE BEEN AN IMPACT FROM OUTSIDE.  *JS,10/09/2018,10/09/2018,,False,False,0,0,
11132017,2017,"Volkswagen Group of America, Inc.",GOLF,WHEELS,"DEFECTIVE TIRE. 8,000 MILES ON TIRE AND A SIDEWALL BUBBLE DEVELOPED ON THE TIRE. PRIOR TO BUBBLE APPEARING, TIRE WAS NOT SUBJECT TO UNUSUAL IMPACT.",09/27/2018,09/17/2018,,False,False,0,0,3VWH17AU8HM
11124316,2017,"Volkswagen Group of America, Inc.",GOLF,FORWARD COLLISION AVOIDANCE,"TL* THE CONTACT OWNS A 2017 VOLKSWAGEN GOLF. THE CONTACT STATED THAT THE FRONT ASSIST WARNING INDICATOR ILLUMINATED AND THE ""FRONT ASSIST NOT AVAILABLE"" MESSAGE WAS DISPLAYED. THE VEHICLE WAS TAKEN TO LIBERTY VOLKSWAGEN (920 S MILWAUKEE AVE, LIBERTYVILLE, IL 60048, (847) 680-8000) WHERE IT WAS DIAGNOSED THAT THE VEHICLE FAILED TO CONNECT TO THE SERVER. THE VEHICLE WAS NOT REPAIRED. THE MANUFACTURER WAS NOT CONTACTED. THE FAILURE MILEAGE WAS 7,200. THE VIN WAS NOT AVAILABLE.",09/04/2018,09/04/2018,,False,False,0,0,
11122026,2017,"Volkswagen Group of America, Inc.",GOLF,UNKNOWN OR OTHER,"SHATTERED SUNROOF FOR 2017 VW GOLF GTI.  SUNROOF SHATTERED FOLLOWING A LOUD NOISE WITH NO OBVIOUS DIRECT CAUSE. THERE WERE NO VEHICLES AHEAD AND NO OVERHEADS OR BRIDGES IN THE AREA. EVENT TOOK PLACE ON AUGUST 16TH, 2018 ON A SUNNY MORNING (75-80F), AT 45-55MPH.  THE ENTIRE SUNROOF CRACKED FOLLOWING THE LOUD NOISE AND SMALL PIECES BEGAN TO SLOWLY FALL ON TOP OF THE SEE-THROUGH FABRIC SUNROOF SHADE THAT WAS CLOSED AT THE TIME OF THE INCIDENT.  LARGER PORTIONS OF THE SUNROOF FELL AS THE VEHICLE RETURNED TO A SAFE LOCATION TO REMOVE THE REMAINING GLASS.  SHATTERING GLASS POSES A SAFETY CONCERN TO DRIVERS AND PASSENGERS OF THE AFFECTED VEHICLES, IN ADDITION TO NEARBY MOTORISTS THAT COULD GET IMPACTED BY THE GLASS DEBRIS AT HIGHER SPEEDS. THE USE OF LAMINATED GLASS COULD PREVENT THIS SAFETY CONCERN TO MOTORISTS.",08/24/2018,08/16/2018,,False,False,0,0,3VW547AU5HM
11121660,2017,"Volkswagen Group of America, Inc.",GOLF,"POWER TRAIN,FUEL/PROPULSION SYSTEM","TRAVELING ALONG A SLIGHTLY HILLY ROAD AT 35MPH WHEN THE ENGINE SUDDENLY SPIKED TO 3000RPM AND THE CAR'S ACCELERATOR PEDAL STOPPED FUNCTIONING. HAD TO APPLY BRAKES AND PULL TO THE SIDE. ONCE CAR REACHED 0MPH IT IDLED AND THE ACCELERATOR PEDAL BEGAN FUNCTIONING AGAIN. TOOK TO VW DEALER SERVICE CENTER NEXT DAY. THEY REPORTED THAT THEY COULD FIND NO PROBLEM CODES. THEY CHANGED OIL, ROATATED TIRES AND RETURNED THE CAR. PROBLEM WAS NOT RESOLVED AND REOCCURED ON AUGUST 8.",08/22/2018,07/27/2018,,False,False,0,0,3VWH17AU8HM
11121667,2017,"Volkswagen Group of America, Inc.",GOLF,"POWER TRAIN,FUEL/PROPULSION SYSTEM",THIS IS THE SECOND RECORDED INSTANCE OF THIS ISSUE. A SIMILAR INCIDENT OCCURRED ON JULY 27. WHILE DRIVING ABOUT 45MPH ON AN INCLINE THE VEHICLE ENGINE SUDDENLY INCREASED TO 3000RPM AND THE ACCELERATOR PEDAL STOPPED RESPONDING. HAD TO APPLY BRAKES AND PULL OVER TO SIDE OF THE ROAD. ONCE VEHICLE REACHED 0MPH IT IDLED AND THE ACCELERATOR PEDAL BEGAN FUNCTIONING NORMALLY AGAIN. TOOK THE VW DEALER SERVICE CENTER THE NEXT DAY. ONCE AGAIN THEY COULD FIND NO PROBLEM CODES. SERVICE CENTER TRIED TO RETURN VEHICLE AGAIN BUT WE PERSISRED. MECHANIC OFFERED TO TEST DRIVE FOR A FEW DAYS TO SEE IF HE COULD RECREATE THE ISSUE BUT IT DID NOT REOCCUR. CONTACTED VW CORPORATE AND REGION CASE MANAGER INFORMED US THAT THEIR TECHNICAL TEAM WOULD WORK WITH THE SERVICE CENTER. AFTER ABOUT A WEEK THEY STILL CONTINUE TO CLAIM THEY CAN FIND NO PROBLEM WITH VEHICLE TO REPAIR.,08/22/2018,08/08/2018,,False,False,0,0,3VWH17AU8HM
11115725,2017,"Volkswagen Group of America, Inc.",GOLF,VISIBILITY/WIPER,"THE CAR IS ONE YEAR OLD, AND THE PANORAMIC SUNROOF IS LEAKING. I CONTACTED VW AND SCHEDULED AN APPOINTMENT. THEY WILL NEED TO HAVE THE CAR IN THE SHOP TO SEE IF IT IS A STRUCTURAL ISSUE. THE WATER IS COMING IN ON THE DRIVER'S SIDE AND ON THE CENTER CONSOLE ABOVE ALL OF THE ELECTRICAL (LIGHTS, SWITCHES FOR SUNROOF, ETC) COMPONENTS.  THE WINDSHIELD STAYS FOGGED UP WHEN DRIVING BECAUSE OF ALL OF THE MOISTURE IN THE CABIN. THIS AFFECTS VISIBILITY. VW SHOULD RECALL THIS VEHICLE TO REPAIR. A RENTAL CAR WILL BE COSTLY, AND VW HAS OFFERED NO LOANER TO ME.",08/04/2018,08/04/2018,,False,False,0,0,3VWH17AU3HM
11115079,2017,"Volkswagen Group of America, Inc.",GOLF,SUSPENSION,"THE FRONT STRUT MOUNTS ON THIS CAR CONTINUALLY GO BAD. AFTER SEVERAL MONTHS OF MIXED CITY AND HIGHWAY (NO OFFROAD) DRIVING, THE STRUTS MAKE A RUMBLE AT LOW SPEEDS ON ANYTHING BUT A FLAT ROAD, AND CAUSE A LOW WHINE WHEN TURNING THE STEERING WHEEL AT LOW SPEEDS (I.E. PARKING, RIGHT TURN ON RED).    THE MOUNTS HAVE BEEN ACKNOWLEDGED REPLACED BY THE DEALER TWICE UNDER WARRANTY AND I AM CURRENTLY ON MY 3RD AND THEY ARE MAKING THE SOUNDS AGAIN. MY CAR IS CURRENTLY AT 23,000 MILES AND HAS THE SAME SYMPTOMS. PREVIOUS FIXES OCCURRED AT  AROUND 9,000 AND 20,000 MILES.",08/01/2018,06/29/2017,,False,False,0,0,3VWH17AU9HM
11113145,2017,"Volkswagen Group of America, Inc.",GOLF,SERVICE BRAKES,BRAKES SEIZED.,07/23/2018,07/19/2018,,False,False,0,0,
11112275,2017,"Volkswagen Group of America, Inc.",GOLF,UNKNOWN OR OTHER,WATER IS LEAKING FROM SUN ROOF. I FOUND STAIN ON THE CEILING HERE AND THERE.,07/18/2018,07/16/2018,,False,False,0,0,3VWH17AU7HM
11104887,2017,"Volkswagen Group of America, Inc.",GOLF,UNKNOWN OR OTHER,"THERE'S A WATER LEAK COMING FROM THE PANORAMIC SUNROOF. THE CAR IS USUALLY GARAGE KEPT BUT I HAD IT PARKED OUTSIDE ONE WEEKEND WHEN WE HAD BAD STORMS AND THAT'S WHEN I NOTICED THE WATER STAINS IN MY HEADLINER AND THE WATER DRIPPING DOWN INTO THE BACK HATCH AREA. THE DEALER HAD TO SEND THE CAR TO A BODY SHOP TO HAVE THEM GRIND DOWN WELDS THAT HAVE CAUSED AN OBSTRUCTION IN THE DRAINAGE SYSTEM. THERE'S STAINS IN THE HEADLINER AND AN ODOR THAT'S COMING FROM IT SO IT APPEARS TO HAVE MOLD. THEY'RE SUPPOSED TO FIX THE LEAK AND INSTALL A NEW HEADLINER BUT I'M ALSO WORRIED OF ANY ELECTRICAL DAMAGE THAT MAY ARISE AS A RESULT. IT'S BEEN ABOUT 4 WEEKS NOW AND THEY ARE STILL TRYING TO REPAIR THIS. I FEEL LIKE THIS HAS BEEN A KNOWN ISSUE AND YET THEY STILL SOLD ME THE CAR EVEN KNOWING THIS COULD BE A POSSIBILITY. I PURCHASED THE CAR IN NOVEMBER 2017 AND I BOUGHT THE CAR TO THE DEALER TO REPAIR IN JUNE 2018. THIS IS MY SECOND VOLKSWAGEN BUT WILL PROBABLY BE MY LAST. I NEED A RELIABLE CAR THAT I CAN DRIVE AND NOT ONE THAT SITS IN A REPAIR SHOP FOR WEEKS NOT KNOWING IF THE ISSUE WILL ACTUALLY BE RESOLVED. FROM OTHER FORUMS I'VE READ, THIS IS A KNOWN MANUFACTURER DEFECT AND MANY OTHERS ARE GOING THROUGH THIS SAME PAINFUL PROCESS.",06/30/2018,06/05/2018,,False,False,0,0,3VWH17AU7HM
11102380,2017,"Volkswagen Group of America, Inc.",GOLF,"ELECTRICAL SYSTEM,AIR BAGS,SEATS","THE SUNROOF LEAKS WATER FROM ALL FOUR COUNTERS INTO THE VEHICLE: HEADLINER, SEATS, CARPET AND DASHBOARD. WARNING SIGNALS/ERRORS MESSAGES: AIR BAG, TRACTION, ENGINE LIGHT. 2500 MILES ON VEHICLE PURCHASED 3/18 NEW. THE VEHICLE WAS PARKED IN A DRIVEWAY DURING A MAJOR RAIN STORM.",06/18/2018,06/09/2018,,False,False,0,0,3VWH17AU9HM
11101498,2017,"Volkswagen Group of America, Inc.",GOLF,"ELECTRICAL SYSTEM,VISIBILITY/WIPER","THE VEHICLE WAS STATIONARY. FOLLOWING RAIN, WATER LEAKED INTO THE CAR FROM THE PANORAMIC ROOF AT THE A-, B-, AND C-PILLARS AND REAR HATCH ON BOTH THE DRIVER AND PASSENGER SIDES OF THE CAR. WATER DRIPPED FROM THE DASH ONTO THE FRONT FOOT WELLS. WATER ENTERING THE PILLARS COULD COME INTO CONTACT WITH PILLAR-MOUNTED AIRBAGS AND WITH ELECTRICAL CONTROLS AND SYSTEMS MOUNTED IN THE DASH.",06/12/2018,05/25/2018,,False,False,0,0,3VWH17AU8HM
11097329,2017,"Volkswagen Group of America, Inc.",GOLF,VISIBILITY/WIPER,"SUNROOF LEAKING CAUSES EXCESSIVE MOISTURE INTERIOR OF VEHICLE SPECIFICALLY  ON WINDSHIELD AND INSIDE OF WINDOWS. WINDSHIELD FOGGING PROBLEM ON START UP AND IS EXASPERATED IN HEAVY RAIN WHILE DRIVING HIGHWAY SPEEDS, MORE MOISTURE GETS INTO CAR.  SUNROOF DRAIN HOLES ARE NOT CLOGGED AS VEHICLE IS LESS THAN 4 MONTHS OLD.  WATER EVIDENCE IS SEEN AS STAINS DOWN BOTH 'A' PILLARS AND HEADLINER ABOVE PASSENGER AND DRIVER FRONT SIDE WINDOWS.",05/22/2018,05/18/2018,,False,False,0,0,3VWH17AU6HM
11093635,2017,"Volkswagen Group of America, Inc.",GOLF,"STRUCTURE,UNKNOWN OR OTHER","2017 VW GOLF ALLTRACK:  HAVE HAD THIS CAR FOR FOUR MONTHS NOW AND JUST HAD THREE DAYS WORTH OF RAIN HERE IN MICHIGAN.  THE FRONT OF THE HEADLINER IS COMPLETELY SOAKED ON BOTH A-PILLARS AND AROUND THE OVERHEAD CONSOLE OF THE VEHICLE.  DEALERSHIP SAID IT WAS MORE THAN LIKELY WELDS THAT DIDN'T GET SMOOTHED DOWN AND THEREFORE PINCH THE TUBES THAT DRAIN THE TROUGH IN THE SUNROOF AREA NOT ALLOWING IT TO FLOW BACK INTO THE OPENING IN THE CAR.  IN OTHER WORDS, VW SOLD ME A CAR WITH A KNOWN DEFECT!  NOW I HAVE TO TURN MY CAR IN FOR SOME UNKNOWN AMOUNT OF TIME, HAVE THEM TEAR THE INSIDE APART, TAKE THE CAR TO A BODY SHOP AND HAVE THE BODY SHOP GRIND THE WELDS DOWN SMOOTH, THEN INSTALL A NEW HEADLINER IN THE CAR.  THAT'S ALL GREAT (NOT REALLY), BUT WATER IS INCREDIBLY DESTRUCTIVE, SO WHAT ABOUT THE WATER THAT'S RUN DOWN THE A-PILLARS AND GOTTEN IN TO THE INSULATION IN THE DOORS?  OR THE WATER THAT RAN LIKE A FAUCET OUT OF MY OVERHEAD CONSOLE THIS MORNING WHEN I STARTED DRIVING THAT DUMPED ALL OVER MY ELECTRONICS AND TRANSMISSION COLUMN?  WHAT ABOUT THE POSSIBILITY OF WATER THAT WON'T BE LOOKED FOR IN THIS APPARENT FIX OF A KNOWN PROBLEM THAT THEN TURNS INTO BLACK MOLD THAT I AND MY FAMILY BREATH EVERY DAY FOR THE LIFE OF THE CAR?!  THIS HAS TO BE CORRECTED AS THERE IS NO WAY THIS CAR SHOULD HAVE BEEN SOLD TO ME AND MY FAMILY WITH A KNOWN DEFECT.",05/14/2018,05/14/2018,,False,False,0,0,
11083743,2017,"Volkswagen Group of America, Inc.",GOLF,SERVICE BRAKES,"JUNE 16,2017 , I PUT THE CAR IN REVERSE AND ATTEMPTED TO LEAVE THE PARKING SPACE. ALL WHEEL BRAKES WERE LOCKED/THE CAR STALLED. 2-3 MINUTES LATER, THEY FREED UP.  ON FEB.15,2018 WHILE WAITING IN TRAFFIC ON RT.580 IN DUNEDIN, THEY LOCKED UP AGAIN. 2-3 MINUTES LATER, THEY FREED UP AND I SHUT OFF MY EMERGENCY FLASHERS. MARCH 28 ,2018 , DITTO IN MY DRIVEWAY AFTER JUST BACKING OUT OF THE GARAGE. TWO VW DEALERS ON MAR.22 AND AGAIN ON APRIL 5, THEIR COMPUTERS COULD FIND NO PROBLEMS WITH THE BRAKING SYSTEM. MY SCAN OF THE INTERNET ALL POINTED TO THE MASTER CYLINDER AS THE PROBLEM.  *JS *JS",04/07/2018,03/28/2018,,False,False,0,0,3VWM17AU3HM
11081299,2017,"Volkswagen Group of America, Inc.",GOLF,EXTERIOR LIGHTING,LOW AND HIGH BEAM LAMPS ARE INADEQUATE AND DO NOT SUFFICIENTLY ILLUMINATE THE ROAD. MUCH DIMMER THAN ANY CAR I HAVE EVER DRIVEN. VW NEEDS TO ADDRESS THIS LIGHTING ISSUE.,03/26/2018,01/01/2018,,False,False,0,0,3VW217AU4HM
11067286,2017,"Volkswagen Group of America, Inc.",GOLF,STRUCTURE,"THE PROBLEM PRESENTS ITSELF AS TICKING/CLICKING/CRACKING NOISE COMING FROM THE TOP OF THE DRIVER'S SIDE B-PILLAR WHEN THE BODY OF THE CAR FLEXES, FOR EXAMPLE WHEN DRIVING OVER UNEVEN ROAD (EVEN AT PARKING LOT SPEED).   AFTER THE DEALERSHIP TRIED TO ADDRESS IT BY REPLACING INTERIOR PANELS AND APPLYING FOAM, THEY WERE ADVISED BY THE MANUFACTURER THAT THE ISSUE IS RELATED TO A WELD JOINT, AND 'PERFORMED ADJUSTMENT TO PILLAR SEAM' (AS LISTED ON THE SERVICE RECORD). THIS FAILED TO ADDRESS THE ISSUE, SO AFTER A VISIT FROM A VW REPRESENTATIVE THEY TRIED 'PEENIG OVER' THE SEAM, BUT THE NOISE IS STILL PRESENT.  MY CONCERN IS THAT ANY ISSUE RELATED TO A STRUCTURAL COMPONENT OF THE CAR, SUCH AS THE B-PILLAR TO ROOF/DOOR FRAME JOINT, POTENTIALLY COMPROMISES THE STRUCTURAL INTEGRITY AND SAFETY OF THE CAR.",02/06/2018,09/27/2017,,False,False,0,0,3VW5T7AU8HM
11066846,2017,"Volkswagen Group of America, Inc.",GOLF,VEHICLE SPEED CONTROL,"TAKATA RECALL HAVING AN ISSUE WITH ACC OR ADAPTIVE CRUISE CONTROL, INFO SCREEN SAYS ACC NOT AVAILABLE, THIS IS SECOND TIME HAPPENING, FIRST TIME DEALER SAID IT JUST NEEDS CALIBRATION, IT JUST HAPPENED AGAIN. THE CAR IS STILL UNDER WARRANTY, ONCE IT EXPIRES AND IT HAPPENED AGAIN, IT WILL BE OUT OF POCKET EXPENSE. PLEASE TAKE ACTION TO THIS MATTER, MULTIPLE PEOPLE BEEN HAVING SAME ISSUE.",02/04/2018,02/03/2018,,False,False,0,0,3VW447AU1HM
11066587,2017,"Volkswagen Group of America, Inc.",GOLF,ENGINE,"VEHICLE HAD 300 MILES ON ENGINE WHEN LOW OIL PRESSURE INDICATOR REGISTERED.  CAUSE WAS METAL SHAVINGS IN OIL, ACCORDING TO MANUFACTURER AS TOLD TO DEALER.  MANUFACTURER INSTRUCTED DEALER TO REPLACE ENGINE AND ALL ASSOCIATED PARTS LUBRICATED BY ENGINE OIL AND SEND NON-FUNCTIONING ENGINE TO MANUFACTURER'S RESEARCH AND DEVELOPMENT FACILITY; STATED THAT PROBLEM HAS HAPPENED, ALBEIT INFREQUENTLY, TO OTHER LIKE ENGINES.  WARRANTY COVERED ALL COSTS.  I HAVE INVOICES FOR AUTO PURCHASE AND REPAIR.",02/02/2018,11/07/2017,,False,False,0,0,3VW217AU7HM
11064526,2017,"Volkswagen Group of America, Inc.",GOLF,VISIBILITY/WIPER,WAS DRIVING ON THE FREE WAY WHEN SUDDENLY HEARD A LOUD BANG THAT SOUNDED LIKE A FUN SHOT. IMMEDIATELY I HEARD A CRACK AND PIECES OF GLASS FROM MY SUNROOF STARTED FALLING INTO MY CAR. UPON FURTHER INSPECTION THERE WAS NO ROCKS OR ANYTHING IN THE CAR. FURTHERMORE THE GLASS SEEMED TO BE PUSHED OUTWARD TOWARD THE OUTSIDE WHICH MADE ME THINK IT EXPLODED FROM DEFECT.,01/23/2018,01/23/2018,,False,False,0,0,3VW217AU4HM
11063855,2017,"Volkswagen Group of America, Inc.",GOLF,EXTERIOR LIGHTING,"LOW BEAM AND HIGH BEAMS.  THIS HAS GOT TO BE THE WORST VEHICLE I HAVE EVERY HAD, WITH REGARDS TO ITS HEADLIGHTS AND MY AND MY FAMILY'S SAFETY DRIVING AT NIGHT.    THE RANGE OF LIGHT IS SO INADEQUATE WHEN DRIVING AT NIGHT THAT I AM ALMOST FEARFUL FOR MYSELF AND FAMILY.  I LIVE IN A RURAL MIDWEST AREA WHERE DEER A PREVELANT, AND AM SO CAUTIOUS AND FEARFUL DRIVING AT NIGHT IN MY NEW CAR.    I DO LOVE ALMOST LL OTHER THINGS ABOUT THE GOLF ALLTRACK, BUT DO HOPE THE NHTSA CAN STEP IN AN MAKE VW CHANGE OUT THE HEADLIGHTS BEFORE CONSUMER'S ARE KILLED FROM NOT BEING ABLE O SE AT NIGHT.",01/20/2018,11/06/2017,,False,False,0,0,3VWH17AU6HM
11058284,2017,"Volkswagen Group of America, Inc.",GOLF,SERVICE BRAKES,"WHEN VEHICLE IS IN MOTION, THERE IS CONSTANT BRAKE NOISE AND SQUEALING AT LOW SPEEDS (UNDER 25MPH) WHICH BECOMES LOUDER WHEN TURNING LEFT OR RIGHT; BRAKING DISTANCE IS LONGER WHEN THE VEHICLE IS COLD.  DEALERSHIP RESURFACING AND REPLACING PADS AND ROTORS DOES NOT ALLEVIATE THE PROBLEM.",01/03/2018,10/01/2017,,False,False,0,0,3VWH17AU1HM
11043590,2017,"Volkswagen Group of America, Inc.",GOLF,"STRUCTURE,UNKNOWN OR OTHER","ON 10/17/17 AT 6:30 PM, I WAS DRIVING VERY SLOWLY IN SLOW TRAFFIC IN TOWN WHEN A MAN DRIVING IN BACK OF ME WAS LOOKING DOWN SLIGHTLY TO THE RIGHT AND DISTRACTED (WAS ON HIS PHONE ALTHOUGH HE SAID HE FELL ASLEEP) WHEN HE HIT THE BACK (REAR-ENDED) MY CAR.  I HAD MY SEAT BELT ON.  MY HEAD AND BODY THRUSTED FORWARD AND BACK AND MY HEAD HIT THE LOWER PART OF THE HEAD REST HARD BECAUSE THE HEAD REST AND SEAT ARE TOO TALL (I'M SHORT) AND THE HEADREST DOESN'T FIT MY HEAD.  I SUFFERED A CONCUSSION, WHIPLASH, AND SIGNIFICANT PAIN.  THIS IS THE 2ND ACCIDENT WHICH WAS EXACTLY THE SAME AS THE 1ST ACCIDENT ON 6/21/17 WHICH I PREVIOUSLY REPORTED TO YOU, VW OF AMERICA, AND DIRITO BROTHERS IN WALNUT CREEK.  I SUFFERED A 2ND CONCUSSION AND WHIPLASH.  BOTH TIMES, THE OTHER PARTY WAS AT FAULT AND BOTH PARTIES ADMITTED THEY WERE AT FAULT AND I DID NOTHING WRONG BOTH TIMES.  I REQUESTED THAT VW RECALL THESE HEADRESTS AND SEATS AND REPLACE THEM WITH HEADRESTS AND SEATS THAT ARE ADJUSTABLE AND FIT PROPERLY FOR SHORT PEOPLE.   MY REQUEST WAS DENIED DESPITE THIS BEING A SAFETY CONCERN WHICH CAUSED MY VEHICLE DAMAGE AND MY BODY WAS INJURED.  I, AM, AGAIN, RESPECTFULLY REQUESTING A RECALL SO MY HEADREST AND SEAT WILL FIT PROPERLY AND I WILL BE AT REDUCED RISK FOR INJURY WHEN THERE IS AN ACCIDENT.   BOTH TIMES, I FILED CLAIMS WITH MY STATE FARM INSURANCE CO.  I RECEIVED MEDICAL TREATMENT BOTH TIMES.",11/05/2017,10/17/2017,,True,False,1,0,3VW217AU8HM
11019841,2017,"Volkswagen Group of America, Inc.",GOLF,"POWER TRAIN,ENGINE,FUEL/PROPULSION SYSTEM","VEHICLE IS A 2017 VW GOLF ALLTRACK S WITH A 6-SPEED MANUAL TRANSMISSION; LESS THAN 2 WEEKS OLD WITH ~400 MILES ON ODOMETER AND A LITTLE OVER 1/4 TANK OF 87-OCTANE GASOLINE. ISSUE OCCURRED AT APPROXIMATELY 10PM ON AUGUST 25TH, 2017.     VEHICLE WAS ACCELERATING AWAY FROM A RED LIGHT AT A HIGHWAY INTERSECTION CROSSING ON A SLIGHT DOWNHILL GRADE. MANUAL TRANSMISSION WAS SHIFTED FROM 1ST INTO 2ND GEAR DURING ACCELERATION, AND THE VEHICLE PROMPTLY LOST ENGINE POWER, POWER STEERING AND BRAKES NEAR THE MIDDLE OF THE INTERSECTION. MY WIFE COASTED THE VEHICLE ACROSS THE INTERSECTION AND WAS ABLE TO MOVE IT TO THE SIDE OF THE ROAD WITH THE HELP OF PASSING MOTORISTS WHO WERE KIND ENOUGH TO STOP AND HELP. THE ""ENGINE"" LIGHT AND ""EPC"" LIGHT WERE BOTH ILLUMINATED ON THE DASH. DURING THE 45 MINUTE WAIT FOR A TOW TRUCK, MULTIPLE ATTEMPTS WERE MADE TO RESTART THE VEHICLE. THE ENGINE WOULD TURN OVER AND SOMETIMES ""CATCH"", BUT WOULD NOT START OR IDLE. HEADLIGHTS, BLINKERS, WIPERS, ETC. REMAINED FUNCTIONAL THROUGHOUT THE ORDEAL. VEHICLE WAS TOWED TO THE VW DEALERSHIP AND REMAINS THERE FOR DIAGNOSTICS. THERE IS NO IDENTIFICATION OF A CAUSE FOR THIS ISSUE AT THE MOMENT.    IT IS WORTH NOTING THAT THIS ISSUE IS A MAJOR SAFETY CONCERN FOR MY FAMILY AND MOTORISTS AROUND US: A NEW VEHICLE SUDDENLY AND UNEXPECTEDLY LOOSING POWER AND ALL CONTROL FEATURES IS ENTIRELY UNACCEPTABLE, AND COULD VERY EASILY LEAD TO A SERIOUS ACCIDENT.",08/26/2017,08/25/2017,,False,False,0,0,3VWM17AU8HM
11003718,2017,"Volkswagen Group of America, Inc.",GOLF,UNKNOWN OR OTHER,"ON 6/21/17, A SUV CAR REAR-ENDED MY VEHICLE WHILE I WAS TRAVELING IN TOWN ABOUT 4-6 MPH BECAUSE I HAD SLOWED DOWN AND WAS PREPARING TO STOP FOR AN AMBER LIGHT.  WHEN THE PERSON HIT MY CAR, MY HEAD AND UPPER BODY WERE VIOLENTLY THRUST FORWARD AND BACK AS MY HEAD HIT NEAR THE BOTTOM AREA OF MY HEADREST.  I HAVE A CONCUSSION AND WHIP LASH.  MY CAR HAS REAR-END AND SIDE DAMAGE.  SHORTLY AFTER I PURCHASED MY NEW CAR IN SEPT. 2016, I COMPLAINED ABOUT MY CONCERN TO THE DEALER, DIRITO BROTHERS IN WALNUT CREEK, CA AND SPOKE TO:  [XXX], SALESPERSON, [XXX], OWNER, [XXX], THE SERVICE MANAGER, AND [XXX], SERVICE CONSULTANT AND TOLD THEM SINCE THE SEAT IS TOO TALL, THE HEADREST DOESN'T GO DOWN ENOUGH TO CRADLE MY HEAD IN THE MIDDLE OF THE HEADREST.  I TOLD THEM I WAS AFRAID IF I WAS INVOLVED IN AN ACCIDENT, MY HEAD COULD POSSIBLY HIT AT OR NEAR THE BOTTOM PART OF THE HEADREST AND I COULD POSSILBLY BE INJURED (WHICH IS EXACTLY WHAT HAPPENED).  MY NAME IS [XXX], PH # IS [XXX], EMAIL IS [XXX], AND MY MILEAGE IS 14,739.  I FILED A COMPLAINT WITH VW OF AMERICA, CASE #[XXX] ON 6/30/17.  I TOLD THEM MY MAIN CONCERN WAS SAFETY AND FOR THE PROBLEM TO BE RESOLVED TO PREVENT INJURIES OF THEIR CUSTOMERS IN FUTURE ACCIDENTS.  I SUGGESTED A RECALL AND POSSIBLE COMPENSATION.  TODAY, VW STAFF, [XXX] CONTACTED ME AND TOLD ME THERE WAS NOTHING THEY WOULD DO SINCE THE NHTSA (YOUR AGENCY) SAID VW HEADRESTS MEET AND EXCEED FEDERAL SAFETY STANDARDS.  WHEN I ASKED TO SPEAK TO A SUPERVISOR, [XXX] PLACED ME ON-HOLD AND WHEN SHE RETURNED TO THE PHONE, SHE SAID THE SUPERVISORS WERE ALL IN A MEETING, AND THERE WAS NOTHING ELSE THEY COULD DO.  VW OF AMERICA REFUSED TO TAKE RESPONSIBILITY FOR MY AND OTHERS' SAFETY AND SHOWED NO CONCERN.  THIS IS THE 3RD GOLF VW I'VE OWNED AND I'VE NEVER HAD THIS PROBLEM PREVIOUSLY WITH HEADRESTS.    INFORMATION REDACTED PURSUANT TO THE FREEDOM OF INFORMATION ACT (FOIA), 5 U.S.C. 552(B)(6).  *TR",07/07/2017,06/21/2017,,True,False,1,0,3VW217AU8HM
10972264,2017,"Volkswagen Group of America, Inc.",GOLF,"ELECTRICAL SYSTEM,ENGINE","TL* THE CONTACT OWNS A 2017 VOLKSWAGEN GOLF. THE CONTACT STATED THAT THE CHECK ENGINE INDICATOR ILLUMINATED. THE VEHICLE WAS TAKEN TO DEALER WHERE IT WAS DIAGNOSED THAT THE VEHICLE HAD MISFIRED IN ALL CYLINDERS; HOWEVER, THEY WERE UNABLE TO DUPLICATE THE FAILURE. THE DEALER CLEARED THE SYSTEM AND WARNING SENSORS AND ADVISED THE CONTACT TO ALLOW THE VEHICLE TO WARM UP BEFORE DRIVING. IN ADDITION, THE FAILURE RECURRED TWO WEEKS LATER. THE VEHICLE WAS TAKEN BACK TO THE DEALER WHERE IT WAS DIAGNOSED THAT IT NEEDED A SOFTWARE UPDATE; HOWEVER, AN UPDATE WAS NOT AVAILABLE AT THE TIME. THE FAILURE OCCURRED A TOTAL OF THREE TIMES. THE MANUFACTURER WAS MADE AWARE OF THE FAILURES. THE FAILURE MILEAGE WAS 1,300.   ..UPDATED 05/15/17 *BF      *CN",04/13/2017,03/09/2017,,False,False,0,0,WVWWF7AU9HW
10950307,2017,"Volkswagen Group of America, Inc.",GOLF,SEATS,2017 VW ALLTRACK S    DRIVER SEAT BASE BOLSTER DIGS INTO LEFT LEG.  I HAVE OWNED PREVIOUS VW'S AND NEVER HAD A PROBLEM LIKE THIS.  VW NOR DEALER WOULD DO ANYTHING.  VERY DISAPPOINTING.,02/08/2017,02/01/2017,,False,False,0,0,3VWH17AU9HM
10944077,2017,"Volkswagen Group of America, Inc.",GOLF,FUEL/PROPULSION SYSTEM,"WHILE TRAVELING AT HIGHWAY SPEEDS THE VEHICLE FLASHED THE EPC WARNING LIGHT AND SUDDENLY LOST ALL POWER AND RAPIDLY DECELERATED. THE CAR HAD TO COAST OFF THE HIGHWAY AND WOULD NOT RESPOND TO THROTTLE INPUT ONCE STOPPED. CAR WAS TURNED OFF AND ON WHICH RESULTED IN ""LIMP"" MODE BUT CAR WAS UNSAFE TO DRIVE ON THE ROAD. HAD CAR TOWED TO DEALER AND WAS DIAGNOSED WITH A FAULTY FUEL INJECTOR. CAR HAS 700 MILES ON IT.",01/10/2017,01/07/2017,,False,False,0,0,3VW217AUXHM
11704994,2018,"Volkswagen Group of America, Inc.",GOLF,UNKNOWN OR OTHER,"Sunroof Glass Implosion While Driving (2018 Volkswagen Golf) While driving my 2018 Volkswagen Golf at normal highway speed, my sunroof suddenly and violently imploded without any warning or external impact. The sound was extremely loud—similar to a gunshot or an explosion—and initially I believed something had struck the vehicle or that a large object had landed on the sunroof.Glass shattered and fell into the interior of the vehicle, sending shards throughout the cabin. The incident was extremely frightening and caused me to momentarily lose focus while driving. I narrowly avoided a potential car accident due to the sudden noise, falling glass, and shock of the event. There were no visible objects, debris, or overpasses that could explain the breakage, and no other vehicles were involved. This appears to be a spontaneous sunroof glass failure. The incident poses a serious safety risk, as it could easily lead to a crash or cause injury to occupants. I am reporting this issue to raise awareness and request investigation, as spontaneous sunroof implosions while driving are dangerous and should not occur under normal driving conditions.",12/15/2025,12/14/2025,,False,False,0,0,3VWG17AU0JM
11661666,2018,"Volkswagen Group of America, Inc.",GOLF,ENGINE,Volkswagen Wastegate Turbo Failure / design flaw and  “wrongfully and intentionally” concealed a defect from consumers that could cause their vehicle’s engine turbocharger to fail prematurely at any time. Drivers have been unfairly forced to pay thousands out of pocket to repair and my estimate from a VW. dealer is: $4199.21 and I had to pay a $200 diagnostic fee. This is a major safety issue for the vehicle will lag and not accelerate. There is a class action lawsuit filed and settled but I cannot get Volkswagen to help me.,05/18/2025,05/18/2025,,False,False,0,0,3VWH17AUXJM
11625316,2018,"Volkswagen Group of America, Inc.",GOLF,STRUCTURE,"There is an issue with the gear shift cover trim.  The piece that goes around the gear shift has a chrome coating that has been pealing off.   Over multiple occasions that pealed off piece of metal has cut my finger causing bleeding.  There seems to be a recall on the DSG GTI for this, but not the MT.  I am having the same exact issue as the DSG and the replacement part is the exact same (likely same original part).  The safety issue is that this has cut my finger multiple times with bleeding and can be quite painful.  I called VW and was told my car was not part of the DSG recall 34J7/34L9, but clearly it has the same issue. Here is the case number from that call: VW Customer CARE [XXX] INFORMATION REDACTED PURSUANT TO THE FREEDOM OF INFORMATION ACT (FOIA), 5 U.S.C. 552(B)(6)",11/14/2024,11/14/2024,,False,False,1,0,3VW547AU7JM
11602381,2018,"Volkswagen Group of America, Inc.",GOLF,FUEL/PROPULSION SYSTEM,Cannot fill gas tank. Recall issued February 2024 no remedy available still.  24V110,07/15/2024,07/15/2024,,False,False,0,0,3VW547AUXJM
11600571,2018,"Volkswagen Group of America, Inc.",GOLF,FUEL/PROPULSION SYSTEM,"I have a recall for the jet pump in the fuel tank of my vehicle. I have had fuel leaking from my charcoal canister. The vehicle is at the dealership right now, and they have confirmed this. Yet they will not make a repair on it and have been without my vehicle for over a week now. I am stuck in limbo with no date when anything will be done. I am unable to drive my vehicle due to he leak as it is unsafe and a fire hazard. The vehicle will also cut off while driving and will not start, even though it says there is still fuel in it. This should be due to the leak, and the dealer will do nothing to fix my problem until they are notified by Volkswagen themselves. This is ridiculous as i am without a vehicle, which i am still paying a loan on and insurance every month. Yet i have called Volkswagen and have been offered no solution on this matter. I have been told to wait for the recall, but this issue has been known about since February. Am i just supposed to wait indefinitely for a solution while i can't work or drive anywhere, while i continue to pay for this vehicle? I need a solution and Volkswagen to fix my issue and to be help responsible.",07/09/2024,06/29/2024,,False,False,0,0,3VW447AU4JM
11570664,2018,"Volkswagen Group of America, Inc.",GOLF,STEERING,There is a peeling plastic/metal chrome  trim piece on the steering wheel that cause a finger laceration.,02/07/2024,02/06/2024,,False,False,0,0,3VW447AU2JM
11565903,2018,"Volkswagen Group of America, Inc.",GOLF,"STEERING,SUSPENSION,ELECTRICAL SYSTEM","I was coming back from work and was driving on the highway at around 80 mph. All of a sudden, literally out of nowhere, the car started shaking violently, and the steering wheel was shaking super fast violently (vibrating) and was very heavy and hard to move. Also, the D started flashing. I was struggling to control the car. I noticed that the Abs light, steering light, suspension light for DCC, and a whole bunch of other lights except the engine light.  The car was in custom mode. Sport steering and sport Suspension, Normal for powertrain.   All windows and sunroof were fully open, and music was playing.  When all this occurred, I could hear outside the car something that sounded like metal tinging or metal contact. idk. This was while the car was still moving.  When I pulled over, all the lights went away. I turned off the car for a few minutes and turned it back on. The lights did not come back, and it drove like nothing ever happened.    The car is currently at VW Dealership awaiting a response from VW helpline (VTA) as of 1/17/24.    I have been doing research on this issue and I have found multiple VW GTI/R owners who are currently and/or have experienced this issue.   A Golf R (Model year 2018) owner with about 19.5k miles said ""The real problem was the electric power assist motor, the part that controls how heavy the steering is when you change modes. But it can't be serviced. So the whole thing has to be swapped. It needed the entire power steering rack assembly replaced"". He took this to a VW dealership and was covered under warranty.   I strongly believe VW needs to release a recall for this as it is very dangerous to happen while driving especially at highway speeds like it did to me and many others.",01/17/2024,01/07/2024,,False,False,0,0,3VW447AU2JM
11565501,2018,"Volkswagen Group of America, Inc.",GOLF,FORWARD COLLISION AVOIDANCE,"Second occurrence of this issue approximately two years apart, unresolved and unaddressed by manufacturer. Driving during evening on lit city street at night traveling in lane of traffic. In normal course of driving (~25 mph) vehicle applied full brakes with no advance notice in the middle of road. Forward Collision Assist had been activated by what appeared to be a patch of ice on the road ahead. Full braking while driving posed significant risk of rear collision due to automated full brake application without input or forewarning to the driver.",01/15/2024,01/14/2024,,False,False,0,0,3VWH17AUXJM
11544849,2018,"Volkswagen Group of America, Inc.",GOLF,EXTERIOR LIGHTING,"Hello my left front headlamp failed. Initially both my headlights were sweaty/foggy, which started early 2021 but no light present. This is a safety issue especially when driving at night. It is available for inspection. The vehicle was inspected at the dealer Galpin VW. AFS light came on when system failed.",09/15/2023,08/21/2023,,False,False,0,0,3VW547AU6JM
11538196,2018,"Volkswagen Group of America, Inc.",GOLF,FUEL/PROPULSION SYSTEM,"During refueling after low fuel indicator, fuel tank was not able to accept any fuel. During a second attempt, vehicle accepted 0.25 gallons but all of this fuel came gushing out of the tank from the inlet and from the passenger side rear wheel well. Fuel kept leaking for another 20miles until vehicle was taken to the Rochester Hills, MI VW dealership. The vehicle continued to leak fuel at the dealership and I was requested to park outside due to the risk of a fire. During this 20mile trip, engine was very hesitant and spluttered and almost stalled. No warning lights on dash. My personal safety was at risk since any ignition source would cause a fire due to this fuel leak, vehicle did not show any warning lights besides low fuel. VW dealership information was that the fuel tank suction jet pump needs replacement. No information was shared if the component will be sent to the manufacturer for inspection. No information how this new pump will not cause a repeat event.",08/13/2023,08/11/2023,,False,False,0,0,3VW547AU5JM
11530629,2018,"Volkswagen Group of America, Inc.",GOLF,"ELECTRICAL SYSTEM,FUEL/PROPULSION SYSTEM","I have owned the 2018 VW GTI since new.  With 105,000 miles, following a 30 minute highway drive, the EPC light came on and the vehicle entered limp mode.  After turning car off, letting it sit 5 minutes, and restarting, EPC light went off and no limp mode.  Drove car daily for another week with no observed issues until appointment. Brought car to dealer.  They identified the fuel injector wiring harness was faulty and needed to be replaced, and fuel injector #3 was dirty and needed to be replaced, at total cost of $1,756. Online search turned up VWP-23-03, a FUEL INJECTOR WIRING HARNESS LIMITED WARRANTY EXTENSION up to 10 years or 120,000 miles for similar VW cars: 2018-2019 Tiguan 2018-2019 Beetle 2018-2020 Passat So the same exact part, on thousands of other VW models produced at the same time, is covered by a warranty extension.  The dealer declined to cover this repair.  VW Customer Care declined to cover this repair or offer partial coverage.   The car has been repaired by dealer (harness was shorted). I am not asking for special treatment.  I am looking for fairness.  If VW has identified a given component as defective on three different models, and the same component fails on my GTI, then VW should also cover the GTI under the Warranty Extension.",07/06/2023,06/26/2023,,False,False,0,0,3VW547AU3JM
11508588,2018,"Volkswagen Group of America, Inc.",GOLF,UNKNOWN OR OTHER,We were driving on the highway when the sunroof exploded.  There were 4 of us in the car and none of us recalls anything striking the sunroof. Glass exploded wverywhere.,02/22/2023,02/22/2023,,False,False,0,0,3VWM17AU9JM
11500614,2018,"Volkswagen Group of America, Inc.",GOLF,EXTERIOR LIGHTING,"Headlights don't turn on immediately upon ignition start. Error message appears on infotainment and dashboard. The temporary fix, Turned off the vehicle and locked the car, and tried again and it worked just fine.   I took the car for regular service when I had mentioned to them that my headlights were acting up. they told me they found no fault codes and could not do anything about it. I spoke to a manager and they told me to take pictures if it happens again, so I did.  (The picture in the dark) The headlights would not turn on once again in evening in the Auto setting and I had to cycle the car off and on to get them working properly again. Once turned on the driver-side headlight is now a yellow color similar to a halogen light.   (The picture in the daytime) Last week I went to warm up the car for 3-5 minutes and when I returned to the vehicle I noticed the driver-side headlight DRL was not Illuminated. I went into the vehicle and saw that there was an error message on the infotainment screen regarding the headlights. I cycled the car on and off and the vehicle went back to ""normal""  These issues happen on both headlights but is more persistent on the driver side headlight on my vehicle.I mentioned this on a Facebook group to ask if anyone has experienced this and many people are/did, unfortunately, experience this issue, even as far back as the 2015 Model years.   Many people mentioned that they went to the dealership(s) and they would not cover the headlight under warranty as according to them it's impossible to have both headlights inoperable at the same time.  I am lucky to have a good dealership to where to they actually are replacing the entire headlight assembly on the driverside. But i am worried even with a new headlight assembly, in a few years it will happen again.  If this would have happened while driving at nighttime I would’ve not had any visibility whatsoever.   Please recall the LED headlights in these vehicles",01/07/2023,09/01/2022,,False,False,0,0,3VW447AU2JM
11490647,2018,"Volkswagen Group of America, Inc.",GOLF,POWER TRAIN,Received a low coolant warning and then checked the coolant level. Coolant was low and was topped off. One week later the issue recurred as the coolant level and dropped below minimum levels again. Thermostat housing had a slow leak which was discovered by the dealer. This seems to be a flaw in the design of the thermostat housing as multiple owners are reporting the same issue with the same flaw in the thermostat housing.,10/24/2022,10/24/2022,,False,False,0,0,3VW547AU5JM
11484494,2018,"Volkswagen Group of America, Inc.",GOLF,"POWER TRAIN,ENGINE","Vehicle intermittently stalls when coming to a stop in traffic while in gear.  Has occurred on multiple separate occasions, but cannot be easily re-produced.  When vehicle stalls it can be difficult to restart while in traffic and occurs without warning creating safety hazard.  Usually there are no codes stored by the computer when this occurs, but check engine light has been noticed.  Vehicle has been brought to dealership 3 different times for same issue.  Upon first visit starter was replaced. Upon 2nd visit an oxygen sensor was replaced. Upon 3rd visit no further action was taken and I was told by dealer vehicle tested normal with no further repairs being authorized.",09/14/2022,04/09/2021,,False,False,0,0,3VW447AU5JM
11476551,2018,"Volkswagen Group of America, Inc.",GOLF,FUEL/PROPULSION SYSTEM,Fuel leaking from charcoal canister next to exhaust can lead to fire. Fuel leaking on to ground by passenger side rear wheel. Strong smell of gasoline outside and inside car. Caused dizziness while driving can harm children. No warning or any lights other then strong odour of gasoline from inside/outside of vehicle   Similar to safety recall 20Y6  Parts requested for repair by dealer -EVAP can system -Fuel Tank,07/29/2022,07/28/2022,,False,False,0,0,3VW447AU0JM
11469462,2018,"Volkswagen Group of America, Inc.",GOLF,UNKNOWN OR OTHER,I was driving west on I-80 and my sunroof exploded/shattered. There was no rock to be found anywhere.,06/15/2022,06/15/2022,,False,False,0,0,3VWH17AU8JM
11459292,2018,"Volkswagen Group of America, Inc.",GOLF,FORWARD COLLISION AVOIDANCE,"Had forward collision assist (turned on by default at engine start) turned on. When entering an intersection, vehicle stopped short to a full stop right in front of a metal plate on the road in the intersection. Had there been a vehicle behind me, the system may have needlessly caused a collision.",04/01/2022,03/28/2022,,False,False,0,0,3VWH17AUXJM
11440068,2018,"Volkswagen Group of America, Inc.",GOLF,TIRES,"UNKNOWN  We have Hankook Ventus S1 Noble 2   225/40R18 tires on our 2018 VW GTI that came OEM, and are the same on the car as when we took possession of the car from the dealer in 2018. The front right tire, has two substantial cracks and one section where a more open gap occurred in the exterior sidewall. In this latter section, it is very near the tire's tread. We have less than 14,000 miles on this vehicle, as we are retired and did not drive much to begin with, but even less after the Pandemic occurred.   Additional Details (below) - I first saw the tire issues on 11/10/2021, but the tire has not yet failed. Per Hankook's earlier recall, I am concerned that the cracks/opening are precursors to failure while in use.",11/10/2021,11/10/2021,,False,False,0,0,3VW447AU4JM
11413606,2018,"Volkswagen Group of America, Inc.",GOLF,UNKNOWN OR OTHER,TRIM ON CENTER CONSOLE ABOVE SHIFTER AND BELOW CENTER CUBBY IS RAZOR SHARP AND HAS CUT MY HAND DEEPLY TWICE WHILE PARKED AND CLEANING INTERIOR SINCE PURCHASING THE CAR.,04/23/2021,04/22/2021,,False,False,1,0,3VWG17AU4JM
11395424,2018,"Volkswagen Group of America, Inc.",GOLF,FORWARD COLLISION AVOIDANCE,AUTOMATIC EMERGENCY BRAKING SYSTEM ENGAGES WITHOUT CAUSE OR WARNING.  AT BOTH SLOW AND MODERATE SPEEDS WITH NO OBSTACLE IN FRONT OF CAR.  RISK OF CAUSING A REAR-END ACCIDENT VERY HIGH.  DEALERSHIP RAN DIAGNOSTIC AND FOUND NOTHING.  RECOMMENDS DISABLING SYSTEM IF ISSUE PERSISTS.,02/09/2021,02/08/2021,,False,False,0,0,3VWH17AU9JM
11390636,2018,"Volkswagen Group of America, Inc.",GOLF,FUEL/PROPULSION SYSTEM,"RIGHT FRONT (PASSENGER) SIDE HAS A VERY LOUD CONSISTENT RATTLING NOISE AT AROUND 2000-3500 ENGINE RPM RANGE. READING ALONE AND CONFIRMING WITH OTHER OWNERS OF THE SAME VEHICLE, IT IS A LOOSE FUEL LINE GOING UNDER THE FRONT PASSENGER SIDE RATTLING AGAINST THE CHASSIS. COULD BE A HIGH RISK, NOT SURE, CHECK AND ADVISE.",01/29/2021,01/03/2020,,False,False,0,0,3VW447AU4JM
11385067,2018,"Volkswagen Group of America, Inc.",GOLF,"SUSPENSION,POWER TRAIN,LANE DEPARTURE","SO WHAT HAPPEN WAS EVER SINCE I GOT MY 2018 GOLF GTI AUTOBAHN DSG, I'VE EXPERIENCED ISSUES WITH THE TRANSMISSION, IT JERKS WHEN SLOWING DOWN FROM 2ND GEAR TO FIRST AND SOMETIMES FROM 4TH THROUGH 1ST. I TOOK IN THE CAR TO THE DEALERSHIP AND THEY SAID NOTHING WAS WRONG I TOOK IT TO THEM MULTIPLE TIMES AND THEY STILL SAID NOTHING IS WRONG HOWEVER I HAVE SHOWED THEM PROOF THAT THERE IS SOMETHING WRONG WITH THE CAR, I HAVE A SCANNER TOOL AND IT SHOWS THAT I HAVE MULTIPLE CODES FOR TRANSMISSION AND OTHER STUFF AS WELL. THE CAR HAS 7600 MILES WHICH IS BASICALLY BRAND NEW CONSIDERING ITS 2YRS OLD. ALSO WHEN REVERSING THE TRANSMISSION MAY DISENGAGE REPEATEDLY, THIS HAPPENS MOSTLY WHEN REVERSING ON AN INCLINE, HOWEVER THE INCLINE IS AS LITTLE AS 1.5-2%.THE LANE DEPARTURE KEEP FEATURE IS DANGEROUS, LET ME EXPLAIN WHY. WHEN DRIVING ON A ROAD THAT DOESN'T HAVE VISIBLE LINES THE SYSTEM MAY JERK THE STEERING WHEEL HARD TO ONE SIDE DEPENDING ON ROAD CONDITIONS, IF A DRIVER DOESN'T HAVE A GOOD GRIP OF THE STEERING WHEEL, THERE IS A HIGH RISK OF A CRASH. THE SUSPENSION IN THIS CAR IS AMAZING BUT WHEN IT WAS NEW, NOW IT FEELS LIKE THE CAR HAS NO STABILITY AND DOES NOT ABSORB BUMPS IN THE ROAD.MY 2013 TOYOTA COROLLA LE DOES A BETTER JOB AT ABSORBING BUMPS THAN MY 2018 GTI WITH ADAPTIVE DAMPENING. MY CAR USED TO FEEL LIKE A SUPER EXPENSIVE MERCEDES-BENZ OR BMW WHEN IT CAME TO SUSPENSION COMFORT BUT NOW ITS JUST NOT THE SAME AT ALL.SO THE OTHER DAY THIS CRAZY DRIVER SLAMMED ON HIS/HERS BRAKES AND THE AUTOMATIC BRAKING SYSTEM ENGAGED WHICH IS GOOD CAUSE NO ACCIDENTS HAPPENED, HOWEVER THE CAR HAD A HARD TIME ACCELERATING AFTER, IT FELT LIKE THE FRONT BRAKES WERE STILL ENGAGED, BUT AFTER 1 LONG MINUTE THE CAR STARTED MOVING AGAIN NORMALLY UNTIL YOU TRY TO REVERSE AND THEN IT STARTED JERKING REPEATEDLY WHILE GOING IN REVERSE.THIS CAR NEEDS TO BE RECALLED ESPECIALLY THE 6 SPEED DSG TRANSMISSION",12/26/2020,12/26/2020,,False,False,0,0,3VW447AU2JM
11384548,2018,"Volkswagen Group of America, Inc.",GOLF,"POWER TRAIN,ENGINE",COOLANT LEAK NOTICED UNDERNEAT THE ENGINE. IT RUN DOWN TO THE OIL PAN DRIPPING ON THE DRIVE WAY. TOOK THE CAR TO THE DEALERSHIP FOR DIAGNOSIS. THEY SAID LEAK IS COMING FROM THE THERMOSTAT HOUSING. MILEAGE IS NOW 73700. VW POWERTRAIN WARRANTY COVERS UP TO 72000.,12/22/2020,12/21/2020,,False,False,0,0,3VW447AU6JM
11281526,2018,"Volkswagen Group of America, Inc.",GOLF,STRUCTURE,"IMMEDIATELY AFTER BEGINNING TO LEAVE WORK ON NOVEMBER 13, 2019, I NOTICED THE SUNROOF ON MY 2018 VW GOLF WAS SHATTERING AND CRUMBLING AWAY, STARTING TOWARD THE FRONT AND CENTER OF THE SUNROOF. THE INITIAL BREAK MUST HAVE OCCURRED EITHER AS IT WAS SITTING IN THE PARKING LOT AT WORK, OR IMMEDIATELY AFTER BEGINNING TO DRIVE, AT NO MORE THAN 20MPH, BECAUSE I NOTICED IT ON THE DRIVEWAY LEADING AWAY FROM MY WORKPLACE. THE WEATHER WAS ABOUT 30 DEGREES FAHRENHEIT WITH NO PRECIPITATION AND THERE WAS NO ROAD DEBRIS INVOLVED. OVER THE NEXT FEW DAYS, I TRIED TO LIMIT MY USE OF THE CAR (I SECURED A RENTAL CAR THROUGH MY INSURANCE FOR A FEW DAYS) BUT THE AREA OF BROKEN GLASS EXPANDED SIGNIFICANTLY ANYWAY. TO DATE, VW HAS NOT ACCEPTED ANY RESPONSIBILITY FOR THIS UNDER WARRANTY EVEN THOUGH THE CAR WAS BOUGHT NEW, I AM THE ONLY OWNER, AND IT ONLY HAD ABOUT 20,300 MILES ON IT AT THE TIME OF THE INCIDENT. THEY SUGGESTED I GO THROUGH MY INSURANCE FOR THE REPAIR. THE REPAIR IS IN PROGRESS BUT I AM TOLD BY THE GLASS SHOP THAT IS HANDLING IT THAT ONE OF THE TWO SUNROOF ACTUATORS ACTUALLY APPEARS DAMAGED BY THE FLEXING AND BREAKING OF THE GLASS AND THIS IS MAKING IT DIFFICULT TO REMOVE THE ORIGINAL SUNROOF PANEL.",11/21/2019,11/13/2019,,False,False,0,0,3VWB17AU0JM
11269976,2018,"Volkswagen Group of America, Inc.",GOLF,"STRUCTURE,VISIBILITY/WIPER",WATER LEAK FROM THE PANORAMIC ROOF. HEADLINER AND A PILLAR IS WET AND WILL BE REPLACED. WINDSHIELD FOGGED AND HAD CONDENSATION.,10/21/2019,10/20/2019,,False,False,0,0,3VWM17AU8JM
11265296,2018,"Volkswagen Group of America, Inc.",GOLF,STRUCTURE,PANORAMIC MOONROOF LEAKING AROUND EDGES AND STAINING HEADLINER AND UPHOLESTRY,10/01/2019,10/01/2019,,False,False,0,0,3VWH17AU2JM
11220197,2018,"Volkswagen Group of America, Inc.",GOLF,VEHICLE SPEED CONTROL,"TL* THE CONTACT OWNS A 2018 VOLKSWAGEN GOLF. ON SEVERAL OCCASIONS, WHILE DRIVING, THE VEHICLE ACCELERATED WITHOUT WARNING. THE CONTACT TOOK THE VEHICLE TO SUNTRUP VOLKSWAGEN (LOCATED AT 6000 S LINDBERGH BLVD, ST LOUIS, MO 63123, (314) 892-8200) FOUR TIMES, BUT THEY WERE UNABLE TO DUPLICATE THE FAILURE. DIAGNOSTICS REVEALED A FAULTY VALVE, WHICH WAS REPLACED. THE VEHICLE WAS NOT REPAIRED. THE CONTACT ALSO STATED THAT THE VEHICLE WOULD ALSO ACCELERATE WHILE ON AN INCLINE. THE MANUFACTURER WAS NOTIFIED OF THE FAILURE. THE APPROXIMATE FAILURE MILEAGE WAS 16,000. *BF  CONSUMER STATED VOLKSWAGEN IS UNDER NO OBLIGATION TO HONOT THEIR WARRANTY AS LONG AS THEY MAINTAIN THAT MY CAR IS OPERATING NORMALLY.   'PARTS OF THIS DOCUMENT HAVE BEEN REDACTED TO PROTECT PERSONALLY IDENTIFIABLE INFORMATION PURSUANT TO THE FREEDOM OF INFORMATION ACT (FOIA), 5 U.S.C. 552(B)(6).'*JB",06/14/2019,12/28/2018,,False,False,0,0,3VWB17AU2JM
11185500,2018,"Volkswagen Group of America, Inc.",GOLF,FUEL/PROPULSION SYSTEM,"AFTER CAR HAS BEEN DRIVEN LONG ENOUGH TO BE COMPLETELY WARMED UP AND THEN PARKED, ON RE-ENTERING THE CAR AND BEFORE STARTING IT, THERE IS A STRONG ODOR OF GASOLINE NOTICEABLE TO THE DRIVER AND FRONT-SEAT PASSENGER. ONCE THE ENGINE HAS BEEN STARTED AND THE VENTILATION FAN HAS RUN, THE ODOR DISSIPATES; THE ODOR IS NOT COMING THROUGH THE VENTILATION SYSTEM. THE DEALER'S SERVICE DEPARTMENT FOUND ONE ENGINE FUEL LINE CONNECTION WHICH APPEARED TO BE LEAKING AND REPLACED THAT FUEL LINE, BUT THE PROBLEM REMAINS. THIS HAS BEEN AN ONGOING PROBLEM STARTING SHORTLY AFTER WE BOUGHT THE CAR IN JULY 2018.",03/09/2019,09/01/2018,,False,False,0,0,3VWH17AU5JM
11183961,2018,"Volkswagen Group of America, Inc.",GOLF,UNKNOWN OR OTHER,"LESS THAN ONE YEAR INTO OWNERSHIP, THE CAR HAS EXPERIENCED A PANORAMIC SUNROOF LEAK ON BOTH THE DRIVERS SIDE AND PASSENGER SIDE FRONT AREA NEAR THE A-PILLAR AND THE SUNVISOR. THERE HAVE BEEN MULTIPLE REPORTED INCIDENTS ALL OVER VARIOUS SOURCES ON THE INTERNET. THE SUNROOF, VISOR AND DOME LIGHT AREA IS EXACTLY THE SAME DESIGN AS THE 2018 TIGUAN THAT HAS NOW BEEN RECALLED DUE TO SUNROOF LEAKS CAUSING SHORT CIRCUITS ON THE DOME LIGHT THUS CAUSING A FIRE. THE FEAR WE HAVE IS THAT THIS IS A LOW VOLUME CAR SO IT'S NOT GETTING THE SAME EXPOSURE VS. THE TIGUAN WHICH IS A HIGH VOLUME CAR AND MANY MORE ARE ON THE ROAD. IN ADDITION, THIS FOLLOWS-UP ON SEVERAL COMPLAINTS MADE OF THE SAME ISSUE ON THE 2017 ALLTRACK MODEL.",03/04/2019,01/20/2019,,False,False,0,0,3VWH17AU6JM
11183564,2018,"Volkswagen Group of America, Inc.",GOLF,SERVICE BRAKES,"THE ""FRONT ASSIST"" SYSTEM ON A 2018 VW GOLF R IS PRONE TO MAKING UNSAFE ABRUPT STOPS IN TRAFFIC.    IF A LEADING CAR MAKES AN ABRUPT STOP, THE FRONT ASSIST SYSTEM APPLIES INSTANT HEAVY BRAKING EVEN WHEN THE DRIVER IS ALREADY BRINGING THE CAR TO A SMOOTH STOP AT A SAFE DISTANCE.  THIS DOUBLE-BRAKING RESULTS IN UNEXPECTED SKIDDING AND RISKS A REAR-END COLLISION WITH FOLLOWING CARS.    THE MANUAL OVERRIDE TO FRONT ASSIST IS PRESSING HARD ON THE GAS PEDAL.  THIS ACTION CAN'T BE PERFORMED WHEN THE DRIVER IS ALREADY BRINGING THE CAR TO A STOP.",03/01/2019,03/01/2019,,False,False,0,0,WVWWF7AU6JW
11181349,2018,"Volkswagen Group of America, Inc.",GOLF,UNKNOWN OR OTHER,"OVER TIME, A BUILD-UP OF SILICATE ON THE SHIFT LEVER MICRO SWITCH CONTACTS CAN MAKE IT POSSIBLE TO REMOVE THE KEY FROM THE IGNITION SWITCH WITHOUT THE SHIFT LEVER BEING IN THE ""P"" PARK POSITION. THIS MAKES THE VEHICLE NONCOMPLIANT WITH 49 CFR 571.114 STANDARD NO. 114 THEFT PROTECTION AND ROLLAWAY PREVENTION. IF THE IGNITION KEY IS REMOVED WITHOUT THE SHIFT LEVER BEING IN THE ""P"" PARK POSITION, THERE IS A RISK THAT THE VEHICLE MAY ROLL AWAY, RESULTING IN A CRASH THAT COULD INJURE PEOPLE AND DAMAGE PROPERTY.    RECALL STILL NOT FIXED PARTS SUPPOSED TO BE AVAILABLE BEGINNING OF JANUARY VW HAS STILL NOT RELEASED",02/20/2019,02/20/2019,,False,False,0,0,3VWG17AUXJM
11128345,2018,"Volkswagen Group of America, Inc.",GOLF,SERVICE BRAKES,"I HAD TO BRAKE HARD AS THE PERSON IN FRONT OF ME ON THE OFFRAMP STOPPED SHORT. I THINK SOMEONE CUT THE DRIVER IN FRONT OF ME OFF, OR PEOPLE WERE JUST HAVING TROUBLE MERGING. THE ANTI-LOCK BRAKES DID NOT WORK, THE CAR FISH-TAILED FROM RIGHT TO LEFT. I LET UP ON THE BRAKES AND THE CAR STRAIGHTENED OUT AND I DIDN'T GET KILLED BUT IT WOULD HAVE BEEN A BAD ACCIDENT. THANKFULLY THE GUY BEHIND ME WAS ABLE TO STOP. THIS IS A CAR I BOUGHT LAST WEEK. THERE IS SOMETHING WRONG WITH THE BRAKES. EVEN MY 10 YEAR OLD CAR WOULD HAVE ACTIVATED ANTI-LOCK.",09/09/2018,09/09/2018,,False,False,0,0,3VW447AU1JM
11110481,2018,"Volkswagen Group of America, Inc.",GOLF,ENGINE,"AFTER RESTARTING HOT ENGINE AFTER A BRIEF STOP, CAR MIGHT STUMBLE DURING FIRST ATTEMPT TO ACCELERATE, FOR EXAMPLE TRYING TO ENTER TRAFFIC FROM A PARKING LOT.  THIS HAS HAPPENED SEVERAL TIMES AND HAS BEEN CAUSE FOR ALARM. THE ENGINE IS RUNNING BUT FEELS AS IF IT IS NOT.  THIS IS NOT NORMAL TURBO LAG AND THE PROBLEM CLEARS AFTER THE FIRST INSTANCE.  I REPORTED THIS TO THE DEALER AND THEIR RESPONSE IS THAT THEY CAN'T DUPLICATE AND THERE ARE NO DIAGNOSTIC CODES SET.",07/10/2018,07/10/2018,,False,False,0,0,3VW447AU0JM
11709174,2019,"Volkswagen Group of America, Inc.",GOLF,POWER TRAIN,"The transmission lurches and studders at stops with roughly 60K miles on it. The dealer believes it to be the mechatronic unit. I am put at risk because the car begins to move, stops, and then begins again moving. Cars behind me may believe I am accelerating from a stop and rear end me.  There are no warning lamps, messages, or anything whatsoever, the issue generates no codes for dealer techs to diagnose.",01/06/2026,12/19/2025,,False,False,0,0,3VWH17AU1KM
11677470,2019,"Volkswagen Group of America, Inc.",GOLF,UNKNOWN OR OTHER,I am currently stationed in the United Kingdom and the VW dealership is stating that they are unable to complete the needed recall because it is an imported vehicle?! Not sure how something that important can just be shrugged off because I am in a different country.,07/31/2025,07/30/2025,,False,False,0,0,3VWG57AU9KM
11653958,2019,"Volkswagen Group of America, Inc.",GOLF,AIR BAGS,"The contact owns a 2019 Volkswagen Golf. The contact stated that while the vehicle was parked, the contact attempted to start the vehicle and the air bag warning light illuminated. The contact attempted to contact the dealer; however, the vehicle was not diagnosed. The contact stated that an independent mechanic was contacted, and the vehicle was scheduled to be taken to be diagnosed. The vehicle was not repaired. The manufacturer was not made aware of the failure. The failure mileage was approximately 75,038.",04/10/2025,04/10/2025,,False,False,0,0,3VW5T7AUXKM
11636066,2019,"Volkswagen Group of America, Inc.",GOLF,"POWER TRAIN,ENGINE,FUEL/PROPULSION SYSTEM","When I take my foot off the brake to accelerate, the car jerks backward and shudders. It feels as though it’s about to stall. When pressing the gas pedal, the car also has delayed acceleration. Both of these issues create dangerous driving conditions. The car hesitates when accelerating from a stopped position, nearly causing me to be rear-ended at traffic lights on multiple occasions. I’ve also experienced a couple of close calls while making right turns on red, as the car hesitates and won’t accelerate immediately. I feel unsafe driving the vehicle.  Have had the car to one independent mechanic, the sister dealership of where it was purchased from, and two VW dealerships. They have acknowledged an issue as they have replaced the motor mounts and mounting plate. It did not resolve the issue. The car does operate as designed.  There are no fault codes or engine lights so they have advised me to continue driving until it gets worse. It is unsafe to drive since there is an issue with accelerating.  The service team at Mossy VW replicated the backward jerking motion during a test drive and confirmed that the vehicle is exhibiting a delayed throttle response. While the mechanic submitted a Volkswagen Technical Assistance (VTA) request, he reiterated that no repairs could be performed without a fault code.",01/15/2025,11/26/2024,,False,False,0,0,3VWH17AU7KM
11609117,2019,"Volkswagen Group of America, Inc.",GOLF,FUEL/PROPULSION SYSTEM,This has been an open recall for 5 years and the manufacturer will not fix it.  This  could lead to vehicle fires and injuries..  It is not acceptable that Volkswagen can just ignore these safety recalls!,08/17/2024,08/17/2024,,False,False,0,0,3VWG57AU7KM
11587310,2019,"Volkswagen Group of America, Inc.",GOLF,FORWARD COLLISION AVOIDANCE,"When driving down the road doing about 35 mph with no car close in front of me my forward collision sensor went off without warning and initiated sharp braking which almost caused the car behind me to run into me.  My car jolted like I’d been hit (I hadn’t) and the red warning light lit up the dashboard.  The person behind me was able to brake in time and didn’t hit me.  I don’t think my brake lights engaged.  It was terrifying and incredibly unsafe and I’m lucky I wasn’t on a highway or there wasn’t anyone following too closely behind.  Very, very dangerous situation.",05/06/2024,05/06/2024,,False,False,0,0,3VW6T7AU6KM
11584895,2019,"Volkswagen Group of America, Inc.",GOLF,FORWARD COLLISION AVOIDANCE,"When driving over train tracks the automatic emergency brakes engaged and the forward collision detection beeping alarm sounded. This has happened over 5 times since I have owned the car. Many times the forward collision alarm will go off without engaging the brakes, seemingly without cause. Only when passing over train tracks do the emergency brakes bring the vehicle to a stop or to an extreme slowdown.   I have a video of the incident if you would like it, but no way to upload on this website. You can hear the emergency brake and alarm going off with nothing in front of my car.",04/24/2024,04/24/2024,,False,False,0,0,3VWG57AUXKM
11581354,2019,"Volkswagen Group of America, Inc.",GOLF,SERVICE BRAKES,"Purchased vehicle brand new from Seacoast VW in Greenland, NH in March of 2020. In February of 2022 with just 12804 miles on this vehicle I had them check a problem with noisy rear brakes. I was informed that the rear brakes were delaminating and needed replacement for around $800. As this was beyond the 12 month warranty that this charge was not to be covered. After much negotiation I agreed to pay 20% of the parts & labor charge and they would pick up the remaining 80% as a one time goodwill because I was a loyal VW customer. The excuse that was given to me at that time is that I didn't drive enough miles & rust on the rotor caused the delamination. Jump forward to April 2024 I again was told my rear brakes were delaminating and would not pass the NH state safety inspection. The service consultant was very surprised that they had already replaced the rear brakes in 2022! I was again told this was because I did not drive enough. I then called VW Customer Care phone number that the dealer provided to see if VW would provide some financial relief. The woman who answered the phone was very polite and understood my frustration that brakes would fail after only 12000 miles but after checking with her supervisor informed me that VW would not help with this Safety problem. I then asked her if I was the only one who has experienced this problem And she emphatically stated that I was not the only complaint for this problem and even suggested that I keep all of my records for possible reimbursement in a future recall due to the significant number of complaints that VW has had with this problem. This is a severe safety problem that VW is trying to sweep under the rug and needs to be investigated so VW bears the cost of this and not the many customers that have so far had to bear the expense that is an actual design flaw!",04/05/2024,04/05/2024,,False,False,0,0,3VWW57AU6KM
11573196,2019,"Volkswagen Group of America, Inc.",GOLF,SERVICE BRAKES,"I was making my final trip of my move from Minneapolis to the Denver area and was on [XXX] traveling West in the right lane. The truck ahead was moving from the right lane to the left to give room to a car stopped on the right shoulder. There was another car in the left lane so I couldn’t move to the left. The truck was soon blocking much of the left lane so the car in the left lane was slowing as I slowed. I then applied my brakes and the pedal went all the way to the floor without actuating the brakes! Fortunately, by then there was room between the truck and the car on the shoulder and I was able to miss both as I sailed by.  Pumping the brake pedal restored the brake function. Thinking that I must be low on brake fluid, I pulled off the highway at the next large service station. The brake fluid reservoir was full. I continued to my new home and at my first opportunity I went to the nearest VW dealership and left it for several days to be checked. No error codes so they did nothing. VW customer service arranged for another dealership to check it out. No error codes and not able to reproduce the problem so they did nothing. About a month later I was one a trip on a very hilly rout. Costing down a steep section I applied the brakes as I started to be more than 10 mph over the speed limit. The pedal went about 80% to the floor! But there was braking this time. Pumping the pedal restored normal brake function. VW customer serviced had arranged for yet one more dealership to look at the car. Again, not surprisingly, they couldn’t reproduce the problem and no error codes so they did nothing.  I consider this to be a significant safety problem. As VW would not fix the problem, even as the car is still under warranty, I replaced the master cylinder at my own expense and have  taken the car on a 2500 mile trip with no sign of the braking problem I have more confidence in the car. INFORMATION REDACTED PURSUANT TO THE FREEDOM OF INFORMATION ACT (FOIA), 5 U.S.C. 552(B)(6)",02/21/2024,08/27/2023,,False,False,0,0,3VWM17AU2KM
11562500,2019,"Volkswagen Group of America, Inc.",GOLF,ELECTRICAL SYSTEM,"The contact owns a 2019 VW Golf. The contact received notification of NHTSA Campaign Number: 23V604000(Electrical System) however, the part to do the recall repair was unavailable. The local dealer was contacted and it was confirmed that the part was not available. The contact stated that the manufacturer exceeded a reasonable amount of time for the recall repair. The manufacturer was made aware of the issue. The contact had not experienced the failure. The VIN tool confirms parts not available.",12/29/2023,12/29/2023,,False,False,0,0,3VWG57AU1KM
11549494,2019,"Volkswagen Group of America, Inc.",GOLF,UNKNOWN OR OTHER,"Driving on the interstate with no cars near me and my sunroof exploded and showered me with glass. VW is claiming that it was hit and it was not. The car is my daily driver, and I inspect it daily.  The plastic insert was cracked (also an issue with this model)and mentioned by me on a previous service visit at Baxter Volkswagen of Omaha, but it was not investigated by Baxter and then the service advisor gave no explanation as to why it was not looked at.  A month a half later the sunroof exploded.",10/11/2023,09/26/2023,,False,False,0,0,3VW6T7AU1KM
11549292,2019,"Volkswagen Group of America, Inc.",GOLF,UNKNOWN OR OTHER,"I was driving and the spring from the grab handle (driver side) popped out and hit me by my left eyebrow. At home, I tried to compare the driver side grab handle with the front passenger grab handle to see if I can fix it. As I grabbed the handle and the spring became loose and it is now sideways (picture) In addition, according to my repair log, my GTI was serviced to repair the right side rear passenger grab handle on 18 Jan 2020. I have a service appointment tomorrow 11 Oct 2023 to repair the grab handles and a check engine light.",10/10/2023,09/19/2023,,False,False,0,0,3VW6T7AU2KM
11545891,2019,"Volkswagen Group of America, Inc.",GOLF,ELECTRICAL SYSTEM,"Several times now, my 2019 VW Golf Alltrack S while driving has flashed a warning saying ""ignition switched off"" and then ""check starter system"". I can still apply the brakes, steer, and accelerate, but various electrical systems stopped working, including the speedometer. I've brought it to a VW dealer, but they said they couldn't find an issue. Several places online say that this is an ignition switch issue and that it was fixed once they replaced the ignition switch.",09/21/2023,09/21/2023,,False,False,0,0,3VWM17AU5KM
11544677,2019,"Volkswagen Group of America, Inc.",GOLF,ELECTRICAL SYSTEM,"* ""Starter system faulty"", currently the supposedly damaged part has already been replaced   * When this fault appears, all the vehicle's electrical instruments stop working, lights, radio, air conditioning, reversing camera, security systems, but the vehicle's engine remains on, this happens a few minutes after starting the car and the cabin. is above 90 degrees temperature.   * part 5Q1.905.865 is defective under high temperatures.   * No, but you can search for information on the Internet with the part number 5q1 905 865 and you will find hundreds of complaints from VOLKSWAGEN vehicle owners with this same problem.   * The warning appears on the dashboard screen and in 3 seconds all the vehicle's electronic instruments turn off but the engine continues to run",09/15/2023,04/01/2021,,False,False,0,0,3VW5T7AU6KM
11541513,2019,"Volkswagen Group of America, Inc.",GOLF,"VISIBILITY,AIR BAGS","The contact owns a 2019 Volkswagen Golf. The contact stated while starting the vehicle, the check engine warning light and the air bags warning light illuminated. The vehicle was taken to the dealer and the contact stated that the vehicle was experiencing the failure listed in NHTSA Campaign Number: 21V892000 (Visibility, Air Bags) however, neither the VIN nor the model vehicle was included. The vehicle was not repaired. The manufacturer was not contacted. The failure mileage was approximately 40,000. The VIN was not available.",08/29/2023,07/14/2023,,False,False,0,0,
11539008,2019,"Volkswagen Group of America, Inc.",GOLF,"ELECTRICAL SYSTEM,ENGINE,FUEL/PROPULSION SYSTEM","While driving, all vehicle gauges and HVAC suddenly stopped working. Car beeped, and screen said ""pull over safely"" (or something like that), and then said ""Check starter system"". Turned car off, and then eventually it turned back on. Same thing happened again, but I was able to continue driving (engine kept running), with no HVAC, no speedometer, no tachometer, nothing. I don't know if turn signals or exterior lights were working.",08/16/2023,08/16/2023,,False,False,0,0,3VWM17AU6KM
11539035,2019,"Volkswagen Group of America, Inc.",GOLF,ELECTRICAL SYSTEM,"After being in hot sunlight all day(95+ degrees), car started and about three minutes into drive the engine and all electronics died while going approximately 15mph, warning display flashed up on center lcd display that ignition was off, please pull over, and then to check the starter.  The power steering turned off so I had very limited steering.  The car would not restart, took about 5 minutes of waiting and had to remove the key and reinsert it before it would start again.  I was only going 15mph on an empty residential road, so no damage, but if it happened on a busy highway it might have resulted in a crash.  Dealer could not reproduce the fail, but read codes that showed the ignition switch was faulty, and they replaced that.  The car was at the dealership to look at another issue(the blind spot monitor lights not turning off), and I picked it up from the dealership minutes before this ignition switch issue occurred. They found no issues or error codes with the blind spot monitoring or any other electrical system, the ignition switch issue only occurred after the car was sitting outside in direct sunlight for 5 hours.  I believe the heat was the issue, I have found multiple online forum posts where owners of 2019 VWs of different models have the same issue on hot days.",08/16/2023,06/01/2023,,False,False,0,0,3VWM17AU7KM
11531201,2019,"Volkswagen Group of America, Inc.",GOLF,VISIBILITY/WIPER,Windshield cracked while it was parked. Four people were in the car on a trip from Reno to San Francisco. No one heard or saw anything hit the windshield before they stopped for breakfast. When they came back to the car they found that the windshield had a crack about 12 inches long.  There was no sign of a stone or other object that might have caused the crack. there was no chip in the glass either.,07/09/2023,05/07/2023,,False,False,0,0,3VWH17AU9KM
11530947,2019,"Volkswagen Group of America, Inc.",GOLF,"ELECTRICAL SYSTEM,VEHICLE SPEED CONTROL,VISIBILITY/WIPER","On July 5, 2023 the electronics in our 2019 VW Golf Alltrack S, stopped working, while that car was been driven on a highway. The following was no longer operational, (while the car was still in motion): gauges such as speedometer, tachometer, fuel indicator and engine temperature; controls such as turn signals, wipers, dashboard and car indicator lights, also the infotainment system, used at that time for driving directions, was no longer operating. The car engine was still running; however, safely pulling to the side of the road was hardly possible, as the turn signals and lights no longer worked. After the car was stopped and the engine was turned off and on few times, the above-listed electronics started working again. Prior to this incident, the car has been driven daily and has not been parked for an extended period of time; it also has been serviced in accordance with the manufacturer requirements. A few weeks prior to this incident, the car was serviced / inspected by an authorized VW dealer. The same dealer examined the car, next day after the incident, and determined that a faulty ignition was the cause of the issues. Replacing that part (under warranty) required few days, as an incorrect part was ordered by the dealer. The loss of key controls and gauges mentioned above, and required for a safe vehicle operation, created a dangerous situation, which should be investigated, in order to determine if design issues exist and require further actions, to prevent such incidents.",07/07/2023,07/05/2023,,False,False,0,0,3VWM17AUXKM
11521144,2019,"Volkswagen Group of America, Inc.",GOLF,ENGINE,"The engine completely failed while driving normally and lost power while on the highway, doing highway speeds. I had no power to safely exit the highway and it became extremely dangerous for surrounding traffic as I had to slow down. The problem has been confirmed by a Volkswagen dealer. Yes the vehicle has been inspected by Volkswagen. No warning lights or check engine lights prior to the failure",05/09/2023,05/05/2023,,False,False,0,0,3VW5T7AU9KM
11510411,2019,"Volkswagen Group of America, Inc.",GOLF,"SEATS,LANE DEPARTURE","Driver seats frame is loose, have been waiting for part since October/2022, they said that I can take over a year. Strong Volkswagen technician told me that is not safe to drive the car because if I get in accident I can get smashed once the seat is not safely locked in place. The strong vw service manager told me that the solution is sale the car for someone who doesn’t know about the problem. The car is under the warranty bumper to bumper.",03/06/2023,10/15/2022,,False,False,0,0,3VW6T7AUXKM
11509555,2019,"Volkswagen Group of America, Inc.",GOLF,ELECTRICAL SYSTEM,"The contact owns 2019 Volkswagen Golf. The contact stated that while a complete stop, the Auto Start/Stop feature failed to engage and a message advising to manually start the vehicle by turning the ignition key was displayed. The contact stated that as he attempted to turn the ignition key, the key was stuck and the key fob fractured, causing the vehicle to go into Safe Mode. The anti-theft warning light was illuminated. The contact was able to push the vehicle to the side of the road with the assistance of bystanders. The vehicle was towed the contact’s residence.  The contact notified the dealer of the failure and ordered a new key. The vehicle was not diagnosed nor repaired. The manufacturer was not notified of the failure. The failure mileage was approximately 50,000.",02/28/2023,02/27/2023,,False,False,0,0,3VWG57AU7KM
11504407,2019,"Volkswagen Group of America, Inc.",GOLF,WHEELS,"This vehicle has experienced cracked front rims on two separate occasions resulting in sudden air pressure loss to the tire and an emergency stop and a ruined tire.  Additionally, this car has worn the front tires aggressively ever since new.  There is an existing recall on 2019 Alltracks that is the result of improperly machined front wheel bearings and has resulted in a number of incidents surrounding the front wheels and the drivability issues.  This recall apparently doesn't impact my vehicle, but seeing that VW recommends not driving the vehicle until the repairs are made and with the issues that appear similar to the recall, I am concerned that recall should be expanded.",01/30/2023,01/25/2023,,False,False,0,0,3VWH17AU3KM
11500632,2019,"Volkswagen Group of America, Inc.",GOLF,"UNKNOWN OR OTHER,ENGINE",Faulty/unreliable water pump resulted in sudden coolant leak and subsequently overheating the engine. This seems to be a common problem when looking at reports/discussion from other owners of this vehicle online. It’s a known issue that the stock water pump is bad.,01/07/2023,01/01/2023,,False,False,0,0,3VW5T7AU0KM
11491552,2019,"Volkswagen Group of America, Inc.",GOLF,SUSPENSION,"GTI has an overly squeaky front suspension. Suspension is 100% stock and unmodified. Searching online yields many Golf owners experiencing the same issues (in the USA and worldwide). People say to lube up the suspension with grease, but this could cause a safety issue if it gets on the brakes. Volkswagen claims this is normal, but I've owned nine Volkswagen vehicles and this is the first one that's ever had this issue. This sound has been ongoing since the vehicle had 10,000 miles on the odo; the vehicle now has 60,000 miles.",10/31/2022,10/31/2022,,False,False,0,0,3VW6T7AU6KM
11489503,2019,"Volkswagen Group of America, Inc.",GOLF,"SERVICE BRAKES,FORWARD COLLISION AVOIDANCE","I was driving during the afternoon on a local road at approximately 30 mph.  When I approached a traffic light with car brake lights showing ahead of me, I gently tapped my brakes in anticipation of possibly needing to slow down or stop.  Instead of an expected gradual slowing of the vehicle, I was surprised when the brakes seemed to grab and the car stopped abruptly as if I had stepped down hard on the brake pedal.   Fortunately, the situation appeared to return to normal in an instant when I let up on the brakes.  The incident has not reoccurred.",10/17/2022,10/01/2022,,False,False,0,0,3VWH17AU2KM
11464370,2019,"Volkswagen Group of America, Inc.",GOLF,"ELECTRICAL SYSTEM,AIR BAGS,ENGINE","Multi-system failure - multi incidents; Dealership has confirm and 'corrected' but several electrical/engine issues persist.  Vehicle has been inspected by three VW dealerships (Royal Motor Sales in San Francisco, Serramonte, CA and Kalispell VW in Montana).  Several issues were observed while driving - multiple system failure warnings, and also engine failure multiple times. The last time the engine failed while driving 75 miles an hour and there was no where to pull off nor shoulders.",05/12/2022,04/02/2019,,False,False,0,0,3vwh17au7km
11455944,2019,"Volkswagen Group of America, Inc.",GOLF,SERVICE BRAKES,The plastic button for the hand brake/ parking brake pops out of the handle which then causes the brake to release. VW has replaced the part under warranty 2 times since I purchased the vehicle. In my case the second time it happened the car popped out of gear and struck 2 cars across the street from my driveway. Dealer states its a common issue. But Volkswagen has done nothing to correct the issue other than replacing the hand brake repeatedly on the cars. It's a major safety issue in my opinion. And I feel they need to come up with a permanent solution rather than replacing with a new faulty part. I have since sold the car back to the dealer as I don't trust that the hand brake on the car won't fail again.,03/09/2022,11/27/2021,,True,False,0,0,3vwm17auxkm
11443870,2019,"Volkswagen Group of America, Inc.",GOLF,FORWARD COLLISION AVOIDANCE,"11/2021 @ 5927 miles - sunny day, no vehicle in front, without warning AEB lit up, flashing and automatic brakes engaged, vibration felt, bringing car to near stop for no reason. Speed approx 35 mph on flat, straight roadway, approx 4 lanes heading one direction. Could have been rear-ended since car stopped suddenly. No prior occurrence. VW Case #05016886 created by VW upon contacting. Recommended VW service inspection. VW service stated Fault C113B00 for hill descent button, which this model doesn’t have hill descent option. VW technician reconfigured the ABS module to rectify error.",12/15/2021,11/29/2021,,False,False,0,0,3VWG57AU2KM
11431238,2019,"Volkswagen Group of America, Inc.",GOLF,"VEHICLE SPEED CONTROL,ENGINE,FUEL/PROPULSION SYSTEM","The car idles rough during initial cold start up, intermittently hesitates during acceleration and feels like it misfires during cruising. My dealer found that the ignition timing was retarded by 5º and told me to use better gas, citing a VW field service action (https://static.nhtsa.gov/odi/tsbs/2020/MC-10176770-0001.pdf). The problem persisted after they treated the fuel. The car has never thrown a code causing the check engine light to turn on, and so the dealer has declined to investigate further. My records show the car was only filled with premium fuel, using VW recommended brands (BP, Exxon, Mobil, Shell) in the 2,000 miles prior to the service appointment and was only filled with regular fuel twice (due to the Colonial Pipeline shutdown) since the car was delivered new from the dealer.",08/31/2021,08/06/2021,,False,False,0,0,3VW5T7AU0KM
11428235,2019,"Volkswagen Group of America, Inc.",GOLF,VEHICLE SPEED CONTROL,"Intermittent warning light on dash indicating, ""Cruise control system malfunction"".The owner's manual says to have the system checked by Volkswagen. The dealer said the vehicle is operating normally. I first noticed this the day after service action code 24FX was completed on 4/8/21. I noticed this four more times since.",08/08/2021,04/08/2021,,False,False,0,0,3VW6T7AU5KM
11421493,2019,"Volkswagen Group of America, Inc.",GOLF,UNKNOWN OR OTHER,"I experienced two leaks inside my car due to a VW manufacturer defect with sun roof drain tubes.  The first time it happened my car was three months old.  At 20 months it happened again causing extensive staining in the interior of my car.  No where in my maintenance schedule was I told to clean out drains.  The dealer is saying I'm liable because the drain clogging was environmental.  I say the drains should not be clogging this much on a new car.  There are numerous instances of leaks and vehicle buy-backs for VW Alltracks, as well as other VWs for this.  I paid the dealer $250 to unclog the drains because I have no choice but now I'm out of luck with the replacement of the headliner.  The dealer admitted it's no where written that unclogging those drains is required.",06/19/2021,06/14/2021,,False,False,0,0,3VWH17AU2KM
11407230,2019,"Volkswagen Group of America, Inc.",GOLF,POWER TRAIN,COOLANT LEAKING FROM THERMOSTAT HOUSING WATERPUMP MODULE CAUSING ENGINE ISSUES.  COMMON ISSUE ON THE VW EA888 GEN 3 ENGINE.,04/09/2021,04/07/2021,,False,False,0,0,3VWM17AU8KM
11386904,2019,"Volkswagen Group of America, Inc.",GOLF,ELECTRICAL SYSTEM,"KEY FOB LEFT ON TOP OF CAR WHILE TRYING TO PUT CAR SEAT IN, WHICH ALLOWED CAR TO START (PUSH TO START) AND MOVE, HOWEVER KEYS FELL OFF CAR DURING MOVEMENT.  WHEN DONE WHILE PARKED THIS WILL NORMALLY LEAD TO A BEEPING SOUND AND A WARNING THAT THERE IS NO LONGER A KEY IN PROXIMITY, AND TWO BIG YELLOW LIGHTS COME UP ON THE DASHBOARD.  HOWEVER, AS THE KEY FELL OFF THE ROOF WHEN THE CAR WAS ALREADY IN GEAR/MOVING, NO WARNING SOUND OR DASHBOARD LIGHT CAME UP (CAR ACTED AS IF EVERYTHING WAS NORMAL EVEN THOUGH THERE WAS NO LONGER A KEY IN RANGE).  THIS LED TO A SET OF LOST KEY FOB/HOUSE KEYS AND BEING STRANDED ONCE PARKED.",01/07/2021,01/02/2021,,False,False,0,0,3VWM17AU4KM
11341069,2019,"Volkswagen Group of America, Inc.",GOLF,UNKNOWN OR OTHER,AUTONOMOUS EMERGENCY BRAKING SYSTEM DOES NOT WORK IN EMERGENCY SITUATION - DID NOT DEPLOY IN A REAR-END COLLISION SITUATION.,07/23/2020,06/29/2020,,True,False,0,0,3VWW57AUXKM
11323353,2019,"Volkswagen Group of America, Inc.",GOLF,POWER TRAIN,"ISSUE WITH AUTOMATIC DSG TRANSMISSION AFTER 3 DAYS OF OWNERSHIP AND 182 MILES ON THE ODOMETER.  ISSUE FIRST HAPPENED WHILE ACCELERATING FROM A STOP AT A TRAFFIC LIGHT AFTER IT TURNED GREEN.  AFTER SHIFTING FROM 1ST TO 2ND THE CAR LOST POWER, FREE REV'D AND AFTER APPROXIMATELY 5 SECONDS WAS ABLE TO ENGAGE 2ND GEAR QUITE ROUGHLY.  PRESENTED AN ERROR MESSAGE THAT STATED ""TRANSMISSION IN EMERGENCY MODE: REVERSE NOT AVAILABLE.""  PULLED INTO A PARKING LOT UNDER IT'S OWN POWER AND POWER CYCLED THE IGNITION.  ERROR CLEARED, NO WARNING LIGHTS AT THAT POINT.  HAPPENED AGAIN A FEW HOURS LATER WHILE DRIVING AT 40 MPH, A SERIES OF SUDDEN JERKS AND AN ABRUPT LOSS OF POWER, TRANSMISSION APPEARED TO BE IN NEUTRAL.  CEL AND OTHER WARNING LIGHTS ILLUMINATED.  ONCE THE CAR SLOWED IT ENGAGED FIRST GEAR AND LIMP MODE.  IT WAS ONLY POSSIBLE TO DRIVE AT ABOUT 10 MPH IN THIS STATE.  IT WAS QUITE ABRUPT DECELERATION IN A NORMAL TRAFFIC PATTERN AND WAS DIFFICULT TO AVOID GETTING REAR-ENDED AND PULLING OVER SAFELY.  SCAN TOOL ERROR CODES ATTACHED.  INDICATES CLUTCH 2 OPENING AND CLOSING UNINTENTIONALLY.  *TR",05/05/2020,05/03/2020,,False,False,0,0,3VWH17AU0KM
11322344,2019,"Volkswagen Group of America, Inc.",GOLF,STRUCTURE,SUNROOF LEAKS INTO CABIN CAUSING HEADLINER STAINS AND WATER DAMAGE TO HEADLINER. VW IS NOT TAKING CARE OF THE ISSUE PROPERLY AND I HAVE BEEN WITHOUT MY CAR FOR 29 DAYS NOW.,04/27/2020,04/01/2020,,False,False,0,0,3VWM17AU3KM
11310540,2019,"Volkswagen Group of America, Inc.",GOLF,"STRUCTURE,UNKNOWN OR OTHER","HELLO. I PURCHASED A NEW VW GOLF ALLTRACK SE FROM OPEN ROAD VW MANHATTAN ON 2/3/2020. THE NEXT DAY, I STARTED NOTICING RATTLING NOISES FROM THE DRIVER SIDE HEADLINER WHEN CAR IS IN MOTION OVER BUMPS AND CORNING AROUND SOFT SHOULDERS. THE DEALERSHIP NOTICED THE SOUND AND ATTEMPTED TO REPAIR THE ISSUE ON 2/17/2020 WITH LUBRICATION. THE CAR WAS RETURNED TO ME AND UNFORTUNATELY THE RATTLING SOUNDS PERSISTS.",02/21/2020,02/04/2020,,False,False,0,0,3VWM17AU1KM
11308999,2019,"Volkswagen Group of America, Inc.",GOLF,STRUCTURE,"VEHICLE WAS DELIVERED BRAND NEW WITH A LEAKING PANORAMIC SUNROOF. THE DEALERSHIP ATTEMPTED TO REPAIR IT BY GRINDING DOWN BAD WELDS, REPLACING THE SUNROOF ASSEMBLY AND HEADLINER TO NO AVAIL. VEHICLE WAS BOUGHT BACK BY VOLKSWAGEN USA. THIS IS A WIDESPREAD PROBLEM WITH THESE VEHICLES AND VOLKSWAGEN NEEDS TO COME UP WITH A FIX THAT'S FREE TO OWNERS REGARDLESS OF WARRANTY BEING ACTIVE, IN OTHER WORDS AN OFFICIAL RECALL, UNTIL THEN DO NOT GET STUCK WITH ONE OF THESE CARS.",02/13/2020,10/01/2019,,False,False,0,0,3VWM17AU8KM
11307370,2019,"Volkswagen Group of America, Inc.",GOLF,ENGINE,ENGINE STALLED WHILE STOPPED AT A STOP SIGN IN MY NEIGHBORHOOD ON NEW CAR. START/STOP FEATURE WAS DISABLED AND I WAS RETURNING HOME.  THE ENGINE WAS WARMED UP. THE VEHICLE DISPLAY INFORMED ME TO PUT THE VEHICLE IN PARK AND RESTART THE VEHICLE MANUALLY.  THIS GTI HAS THE DSG AUTO TRANSMISSION.,02/05/2020,02/05/2020,,False,False,0,0,3VW6T7AU4KM
11306451,2019,"Volkswagen Group of America, Inc.",GOLF,"POWER TRAIN,ENGINE","ENGINE HESITATE, STUMBLE AND JERK FROM STOP TO THE FIRST 5 GEARS AND MAKE WHINING  NOISE. BRAND NEW CAR! SCARY DO DRIVE AND DANGEROUS. HAVE THE CAR FOR ABOUT 2 WEEKS, 1,500 MILES.",02/01/2020,01/29/2020,,False,False,0,0,3VWG57AU6KM
11298397,2019,"Volkswagen Group of America, Inc.",GOLF,ENGINE,ENGINE STALLS REPEATEDLY WHILE SLOWING TO A STOP,01/10/2020,01/09/2020,,False,False,0,0,3VW6T7AU9KM
11281274,2019,"Volkswagen Group of America, Inc.",GOLF,"STEERING,ENGINE,FUEL/PROPULSION SYSTEM","2019 GTI 6MT STALLS. THE ISSUE PRESENTS ITSELF SLOWING DOWN TO A STOP, WHERE THE ENGINE WILL SOFT STALL AND REQUIRE RESTARTING.  THIS HAS HAPPENED WHEN STOPPED AT A LIGHT, AS WELL AS WHEN IN MOTION, COASTING TO A STOP.  IT HAS HAPPENED ON THE HIGHWAY, IN HEAVY TRAFFIC, AS WELL AS PARKING IN A PARKING SPOT.  THE UNSAFE CONDITION IS WHEN IN HEAVY TRAFFIC, IN RUSH HOUR ON RT 287 (MAJOR HIGHWAY) COASTING TO A STOP, THE ENGINE DIES AND I LOOSE CONTROL OF THE STEERING WHEEL CONTROL AND ACCELERATION.  THE START STOP BUTTON NEEDS TO BE PUSHED TO GET THE CAR TO START UP AGAIN.  THE CAR IS BRAND NEW AND HAS ROUGHLY 650 MILES ON IT.",11/20/2019,11/15/2019,,False,False,0,0,3VW5T7AU5KM
11278695,2019,"Volkswagen Group of America, Inc.",GOLF,VISIBILITY/WIPER,THE DRIVER'S SIDE REARVIEW MIRROR DEVELOPED A STRESS CRACK WHICH MAY AFFECT VISIBILITY. THE ISSUE WAS NOT CAUSED BY ROAD DEBRIS. VEHICLE WAS IN MOTION ON HIGHWAY.,11/07/2019,10/30/2019,,False,False,0,0,3VWW57AU4KM
11270430,2019,"Volkswagen Group of America, Inc.",GOLF,ENGINE,"I HAD SOME ENGINE STALL PROBLEMS WITH THE VEHICLE WHEN FIRST PURCHASED. THE ENGINE WOULD CUT OFF QUIETLY WHILE AT A STOP LIGHT AND BEGINNING TO DEPRESS THE CLUTCH WHILE IN NEUTRAL. HAPPENED IN HEAVY TRAFFIC ON THE HIGHWAY AND IN STOP-AND-GO CITY TRAFFIC. I BROUGHT IT BACK TO THE DEALERSHIP AND THEY CLAIM TO HAVE RESET THE ENGINE CONTROL MODULE. UPON A FEW DAY AFTER RETURN, THE ENGINE CUT OFF WHILE THE CLUTCH WAS DEPRESSED IN THE MIDDLE OF A TURN.",10/23/2019,10/23/2019,,False,False,0,0,3VW5T7AU8KM
11268502,2019,"Volkswagen Group of America, Inc.",GOLF,POWER TRAIN,"TL* THE CONTACT OWNS A 2019 VOLKSWAGEN GOLF. WHILE DRIVING IN FIRST AND SECOND GEARS, THE VEHICLE SUDDENLY STALLED. THE FAILURE OCCURRED ON MULTIPLE OCCASIONS AND ALSO OCCURRED WHILE THE TRANSMISSION WAS NOT IN GEAR WITH THE CLUTCH PEDAL DEPRESSED. THE VEHICLE WAS TAKEN TO THE LOCAL DEALER, BUT THE FAILURE COULD NOT BE DUPLICATED. THE MANUFACTURER WAS NOTIFIED OF THE FAILURE AND PROVIDED CASE NUMBER: 190719047. THE CONTACT INDICATED THAT THE FAILURES WERE RELATED TO NHTSA INVESTIGATION NUMBER: DP19-003. THE FAILURE MILEAGE WAS 100.",10/15/2019,06/01/2019,,False,False,0,0,3VW5T7AU3KM
11268696,2019,"Volkswagen Group of America, Inc.",GOLF,ENGINE,"TL* THE CONTACT OWNS A 2019 VOLKSWAGEN GOLF. THE CONTACT PURCHASED THE VEHICLE A FEW DAYS AGO. WHILE DRIVING, THE VEHICLE STALLED TWICE WITHOUT WARNING. THE CONTACT ACTIVATED THE ECO AND NORMAL MODES, BUT THE VEHICLE FAILED TO START. THE CONTACT ALSO DEPRESSED THE ACCELERATOR PEDAL TO SEE IF THE VEHICLE WOULD START, BUT WAS UNSUCCESSFUL. THE CONTACT HAD TO MANUALLY START THE VEHICLE WITH THE KEY AND WAS ABLE TO DRIVE. THE CONTACT CALLED NORM REEVES VOLKSWAGEN SUPERSTORE (20 AUTO CENTER DR, IRVINE, CA 92618, (949) 830-7300) AND WAS INFORMED TO SCHEDULE AN APPOINTMENT OR TAKE THE VEHICLE TO A LOCAL DEALER. THE VEHICLE WAS NOT TAKEN TO A DEALER OR AN INDEPENDENT MECHANIC FOR DIAGNOSTIC TESTING. THE MANUFACTURER WAS NOT MADE AWARE OF THE FAILURE. THE FAILURE MILEAGE WAS APPROXIMATELY 320.",10/15/2019,10/06/2019,,False,False,0,0,3VW6T7AU9KM
11265704,2019,"Volkswagen Group of America, Inc.",GOLF,"POWER TRAIN,ENGINE","TL* THE CONTACT OWNS A 2019 VOLKSWAGEN GOLF. WHILE DRIVING FREQUENTLY AT VARIOUS SPEEDS AND ATTEMPTING TO STOP THE VEHICLE, THE CLUTCH ENGAGED ON ITS OWN. THERE WERE NO WARNING INDICATORS ILLUMINATED. THE VEHICLE WAS TAKEN TO LOW COUNTRY VOLKSWAGEN (1001 JOHNNIE DODDS BLVD, MT PLEASANT, SC 29464, (843) 881-8555) WHO STATED THAT THE CAUSE OF THE FAILURE WAS UNDETERMINED. THE VEHICLE WAS NOT DIAGNOSED OR REPAIRED. THE MANUFACTURER WAS CONTACTED AND DID NOT ASSIST. THE FAILURE MILEAGE WAS 800. THE VIN WAS INVALID.",10/02/2019,07/31/2019,,False,False,0,0,3VW5P7AU0KN
11255801,2019,"Volkswagen Group of America, Inc.",GOLF,"POWER TRAIN,ELECTRICAL SYSTEM,UNKNOWN OR OTHER","PURCHASED 2019 GTI RABBIT EDITION 6MT. SOON AFTER PURCHASE, VEHICLE BEGAN STALLING UNEXPECTEDLY WHEN COMING TO A STOP WHEN CAR IS IN NEUTRAL. HAS HAPPENED WHEN CLUTCH IS EITHER DEPRESSED OR NOT. SOMETIMES CAR HAS STALLED WHEN FULLY STOPPED. IN THIS CASE THE CAR STARTS IDLING ROUGHLY AND SHUDDERS BEFORE STALLING. CAR STARTS UP AGAIN WITH NO WARNING LIGHTS ILLUMINATED. CALL HAS STALLED 6+ TIMES SINCE PURCHASE. CAR HAS ALSO EXHIBITED EXCESSIVE VIBRATION COMING FROM THE ENGINE SINCE PURCHASE. DEALERS HAVE NOT REALLY BEEN HELPFUL; THEY EITHER DENY THAT THERE IS A PROBLEM OR SAY THAT THE WHEELS/TIRES NEED BALANCING, HOWEVER BALANCING AND REPLACING THE TIRES DID NOT FIX THE ISSUE. I AM POSITIVE THIS IS RELATED TO THE STALLING ISSUES. ALSO, THE GEAR NUMBER INDICATOR SOMETIMES SHOWS THAT THE CAR IS A A DIFFERENT GEAR THAN WHAT IS CURRENTLY SELECTED (I.E., CAR IS IN 4TH BUT GEAR INDICATOR INCORRECTLY SHOWS THE CAR IS IN 2ND). I HAVE SEEN THAT OTHER OWNERS HAVE THESE SAME EXACT ISSUES WHICH MEANS THAT THESE ARE MANUFACTURING DEFECTS IN THE VEHICLE. THIS IS A SAFETY ISSUE BECAUSE THE CAR COULD STALL AT ANYTIME MAKING IT HARDER TO CONTROL OR STOP, ESPECIALLY IN AN EMERGENCY.",09/16/2019,04/12/2019,,False,False,0,0,3VW5T7AU9KM
11254728,2019,"Volkswagen Group of America, Inc.",GOLF,"STEERING,POWER TRAIN","TL* THE CONTACT OWNS A 2019 VOLKSWAGEN GOLF. WHILE THE VEHICLE WAS STATIONARY AT A STOP SIGN, IT STALLED, SHUT OFF, AND THE STEERING WHEEL SEIZED. WHEN THE VEHICLE WAS RESTARTED, IT RESUMED NORMAL OPERATION. RIVERSIDE VOLKSWAGEN (8330 INDIANA AVE D, RIVERSIDE, CA 92504, (951) 509-2100) WAS CALLED AND STATED THAT THEY WOULD ATTEMPT TO DUPLICATE THE FAILURE. THE VEHICLE WAS NOT DIAGNOSED OR REPAIRED. THE MANUFACTURER WAS MADE AWARE OF THE FAILURE. THE FAILURE MILEAGE WAS 40.",09/11/2019,09/10/2019,,False,False,0,0,3VW5T7AU2KM
11254088,2019,"Volkswagen Group of America, Inc.",GOLF,ENGINE,"TL* THE CONTACT OWNS A 2019 VOLKSWAGEN GOLF. WHILE DRIVING 5-15 MPH, THE VEHICLE SEIZED WITHOUT WARNING. THE CONTACT VEERED TO THE SHOULDER OF THE ROAD, MANUALLY RESTARTED THE ENGINE, AND THE VEHICLE RESUMED NORMAL OPERATION. THE VEHICLE WAS TAKEN TO SUNTRUP VOLKSWAGEN (6000 S LINDBERGH BLVD, ST. LOUIS, MO 63123, (314) 892-8200) TO BE DIAGNOSED, BUT THE CAUSE OF THE FAILURE COULD NOT BE DETERMINED. THE VEHICLE WAS NOT REPAIRED AND THE FAILURE RECURRED MULTIPLE TIMES. THE MANUFACTURER WAS NOT MADE AWARE OF THE FAILURES. THE FAILURE MILEAGE WAS APPROXIMATELY 75,000.",09/09/2019,09/05/2019,,False,False,0,0,3VW5T7AU7KM
11252435,2019,"Volkswagen Group of America, Inc.",GOLF,ENGINE,"TL* THE CONTACT OWNS A 2019 VOLKSWAGEN GOLF. WHILE STOPPED AT A STOP LIGHT, THE VEHICLE STALLED WITHOUT WARNING. THE VEHICLE WAS TAKEN TO MCKENNA VOLKSWAGEN (18711 BEACH BLVD, HUNTINGTON BEACH, CA 92648, (888) 355-5733), BUT THEY WERE UNABLE TO DUPLICATE THE FAILURE. THE VEHICLE WAS NOT DIAGNOSED OR REPAIRED. THE MANUFACTURER WAS NOT CONTACTED. THE FAILURE MILEAGE WAS 900.",08/30/2019,07/18/2019,,False,False,0,0,3VW5T7AU6KM
11245869,2019,"Volkswagen Group of America, Inc.",GOLF,"POWER TRAIN,ENGINE","I WAS PULLING UP TO A RED LIGHT, CLUTCHED IN, SHIFTED TO NEUTRAL AND NOTICED MY STEERING HAD LOCKED. I RESTARTED THE CAR, IT STUMBLED, AND THEN DIED. RESTARTED AGAIN, IT STUMBLED AND THEN DIED. RESTARTED AGAIN, IT STUMBLED, AND THEN DIED. RESTARTED AGAIN, AND THEN THE LIGHT HAD TURNED SO I GAVE IT THROTTLE TO KEEP IT FROM STALLING AND THEN GOT GOING. ONCE MOVING I DID NOT HAVE ANY DRIVEABILITY ISSUES. IT HAD ABOUT A 1/4 TANK OF 93 OCTANE FUEL AND I HAD JUST DRIVEN A FEW MILES ON SOME CITY BACKROADS. DURING THE STALL THE GAUGE GEAR INDICATOR SHOWED 5>4 WHEN IN NEUTRAL MEANING THE CAR THOUGHT IT WAS IN 5TH GEAR.",08/22/2019,08/21/2019,,False,False,0,0,3VW5T7AU4KM
11245936,2019,"Volkswagen Group of America, Inc.",GOLF,POWER TRAIN,"2019 VW GTI RABBIT EDITION 6SPD MANUAL.  INTERMITTENTLY, WHEN APPROACHING A STOP LIGHT OR TRAFFIC STOPPING, THE CAR IN NEUTRAL, OR WITH THE CLUTCH FULLY DEPRESSED, THE ENGINE WILL STALL.  THE CAR WILL RESTART.  SOMETIMES AFTER THIS HAPPENS, THE CAR WILL HAVE A STRANGE EXHAUST SOUND THAT REMINDS ME OF A CAR THAT IS RUNNING ON NOT ALL OF THE CYLINDERS, OR HAS AN AFTERMARKET CAMSHAFT.  IF THE CAR IS SHUT OFF FOR A SHORT PERIOD OF TIME AND THEN RESTARTED, THIS EXHAUST SOUND WILL DISAPPEAR.    WHEN THE CAR STALLS, ALL POWER STEERING ASSIST CEASES.  THIS STALLING ONLY SEEMS TO HAPPEN WHILE STOPPING AND IS RANDOM.  SOME DAYS, IT WILL DO IT 4-5 TIMES IN A 11 MILE TRIP AND SOME DAYS, NOT AT ALL.",08/22/2019,08/20/2019,,False,False,0,0,3VW5T7AU7KM
11243518,2019,"Volkswagen Group of America, Inc.",GOLF,ENGINE,"TL* THE CONTACT OWNS A 2019 VOLKSWAGEN GOLF GTI. THE CONTACT STATED THAT ON SEVERAL OCCASIONS WHILE STOPPED AT A TRAFFIC LIGHT, THE VEHICLE STALLED. THE CONTACT WAS ABLE TO RESTART THE VEHICLE. THE VEHICLE WAS TOWED TO HARPER VOLKSWAGEN LOCATED AT 9901 KINGSTON PIKE, KNOXVILLE, TN 37922, (865) 691-0393, TO BE DIAGNOSED. THE MECHANIC WAS UNABLE TO RETRIEVE A FAULT CODE OR TO DUPLICATE THE FAILURE. THE CONTACT STATED THAT ON THE FIFTH OCCASION OF HAVING THE VEHICLE TAKEN TO THE DEALER, THE CONTACT WAS INFORMED THAT THE VEHICLE HAD SHIFTED TO ECONOMY MODE WHICH CAUSED THE VEHICLE TO SHUT OFF. ON ONE OCCASION, THE VEHICLE WAS STRUCK IN THE REAR BY ANOTHER VEHICLE WHILE ATTEMPTING TO DRIVE OFF FROM A TRAFFIC LIGHT. THERE WAS NO INJURY SUSTAINED IN THE REAR END COLLISION. THE CONTACT STATED THAT THE SERVICE TECH CALLED THE MANUFACTURER TO INFORM THEM OF THE FAILURE WITH THE VEHICLE. THE MANUFACTURER'S RESPONSE WAS STILL PENDING. THE VEHICLE WAS NOT REPAIRED. THE APPROXIMATE FAILURE MILEAGE WAS 2,604.",08/13/2019,05/06/2019,,True,False,0,0,3VW5T7AU0KM
11235282,2019,"Volkswagen Group of America, Inc.",GOLF,POWER TRAIN,"COMING UP TO A STOP WITH THE VEHICLE IN NEUTRAL, WHETHER HAVING THE CAR IN NEUTRAL OR USING THE CLUTCH PEDAL, THE VEHICLE WILL STALL. THIS OCCURS IN ANY SCENARIO SUCH AS EXITING A HIGHWAY AND COMING TO A STOP, OR PULLING INTO A PARKING SPACE, OR INCHING FORWARD IN TRAFFIC. IT ALWAYS OCCURS IN THE FINAL MOMENTS OF COMING TO A STOP. JULY 23 2019 IS THE FIRST DATE OF OCCURRENCE. SINCE THEN IT HAS OCCURRED RANDOMLY HAPPENING ONCE IN A DAY OR 9 TIMES IN ONE DAY.",07/27/2019,07/23/2019,,False,False,0,0,3VW5T7AUXKM
11232051,2019,"Volkswagen Group of America, Inc.",GOLF,UNKNOWN OR OTHER,"CAR IS STALLING AND TRANSMISSION IS NOT SHIFTING PROPERLY. HAVE HAD IN THE DEALERSHIP MULTIPLE TIMES, TOTALING OVER 5 DAYS IN SHOP. 4 DAYS FIRST TIME, AT THE DEALERSHIP TWICE TODAY (JULY 15, 2019)    STALL OCCURS AFTER SITTING IN TRAFFIC OR STOP-GO DRIVING. WHEN COMING TO A STOP, WILL SHUTTER AND COME TO A STALL.",07/15/2019,07/12/2019,,False,False,0,0,3VW6T7AU8KM
11229984,2019,"Volkswagen Group of America, Inc.",GOLF,"POWER TRAIN,ENGINE","AS I AM BRAKING TO A STOP WITH THE CLUTCH FULLY DEPRESSED (AT A RED STOP LIGHT OR TO MAKE A LEFT TURN), THE CAR QUIETLY AND COMPLETELY STALLS OUT AND SHUTS DOWN. THE DASH LIGHTS REMAIN ON. I CAN RESTART THE CAR. THIS SEEMS TO OCCUR RANDOMLY BUT OCCURRED 3 TIMES YESTERDAY AFTERNOON. NO ENGINE CHECK LIGHT.",07/08/2019,07/07/2019,,False,False,0,0,3VW5T7AU6KM
11229842,2019,"Volkswagen Group of America, Inc.",GOLF,"UNKNOWN OR OTHER,ENGINE",THE CAR STALLS FREQUENTLY WHEN IDLE AND STOPPED AT LIGHT OR OTHER AND NEEDS TO BE RESTARTED FROM THE PUSH START BUTTON AND ONLY HAS LESS THAN 1000 MILES   IF STARTED SOON AFTER BUYING IT AND CALLED DEALER BUT COULD NOT FIND THE GOOD TIME FOR APPT,07/06/2019,03/28/2019,,False,False,0,0,3VW5T7AUXKM
11228619,2019,"Volkswagen Group of America, Inc.",GOLF,UNKNOWN OR OTHER,SUNROOF SPONTANEOUSLY SHATTERED WITH NO IMPACT WHILE DRIVING ON A HIGHWAY,07/01/2019,06/29/2019,,False,False,0,0,3VWG57AU5KM
11228804,2019,"Volkswagen Group of America, Inc.",GOLF,ENGINE,"ENGINE STALLS.  INTERMITTENT.  PROBLEM RELATES TO 2019 GTI (S MODEL) WITH 6-SPEED MANUAL TRANSMISSION.  WHEN FULLY WARM OR HOT, THE ENGINE RANDOMLY STALLS WITH TRANSMISSION IN NEUTRAL AND WHEN BRAKING TO A STOP, USUALLY WITH THE CLUTCH DEPRESSED AND USUALLY AT SPEEDS FROM 10-0 MPH.  THE ENGINE STALLS ARE GENTLE WITH NO STUTTERING OR SHAKING.  EXAMPLE:  COMING TO A STOP AT A STOP SIGN OR IN HEAVY TRAFFIC, THE ENGINE QUIETLY DIES WITHOUT WARNING.  ENGINE RESTARTS AND RUNS NORMALLY THEREAFTER UNTIL THE NEXT UNEXPECTED STALLING EVENT.  VEHICLE PURCHASED NEW IN MAY OF 2019.  FIRST STALL AT 250-300 MILES.  MOST RECENT STALL ON 6/30/19 AT 1150 MILES.  NO ""CHECK ENGINE"" WARNING APPEARS ON DASHBOARD.  NO ERROR CODES SHOW UP VIA OBD-2 DIAGNOSTIC SCAN.  92 OCTANE CHEVRON GAS USED EXCLUSIVELY. OWNER HAS DECADES OF EXPERIENCE DRIVING MANUAL TRANSMISSIONS WITH NO ISSUES UNTIL NOW - DOUBTFUL THIS IS OPERATOR ERROR.  VW DEALER IS FRIENDLY, BUT BAFFLED.",07/01/2019,06/30/2019,,False,False,0,0,3VW5T7AU3KM
11228856,2019,"Volkswagen Group of America, Inc.",GOLF,FUEL/PROPULSION SYSTEM,THIS IS A 6MT 4 DOOR SE VW GTI 2019 WITH 1500 MILES AND 6 WEEK OF OWNERSHIP. THE VEHICLE RANDOMLY STALLS AT LOW SPEED WHEN BREAKING APPROX 5 MPH OR EVEN WHEN STATIONARY AFTER COMING TO A HALT.  HAPPENS WHEN THE CAR IS IN NEUTRAL OR WHEN THE CLUTCH IS FULLY DEPRESSED.  THIS IS NOT A CASE OF WRONG GEAR OR NOT FULLY DEPRESSING THE CLUTCH.  IT HAS HAPPENED A COUPLE OF DOZEN TIMES BOTH WITH MYSELF AND MY WIFE DRIVING SO NOT THE DRIVER AT FAULT.  HAPPENS WHEN THE ENGINE IS AT TEMPERATURE BUT NOT AT FIRST START UP.  THIS ISSUE IS BECOMING DANGEROUS AS RECENTLY IT PUT THE CAR INTO THE PATH OF ONCOMING TRAFFIC AND PREVIOUSLY NEARLY GETTING REAR ENDED DUE TO SUDDEN STALL.    CONSISTENT STALLING AS WE TURN INTO OUR DRIVE WAY - LESS THAN 5 MPH CLUTCH DEPRESSED AND TURNING RIGHT.  SOFT STALL - ENGINE JUST CUTS OUT V A ROUGH STALL YOU WOULD EXPECT WHEN TRYING TO PULL AWAY IN THIRD GEAR.    MOST RECENT DATE OF OCCURRENCE ENTERED BELOW.,07/01/2019,07/01/2019,,False,False,0,0,3VW5T7AU3KM
11228558,2019,"Volkswagen Group of America, Inc.",GOLF,ENGINE,IN SOME SITUATIONS WHEN COMING TO A STOP WITH THE CLUTCH DEPRESSED THE ENGINE WILL SHUT OFF QUIETLY. DOES NOT HAPPEN EVERY TIME I COME TO A STOP BUT HAS SEVERAL TIMES.,06/30/2019,06/30/2019,,False,False,0,0,3VW5T7AU1KM
11218942,2019,"Volkswagen Group of America, Inc.",GOLF,"POWER TRAIN,ELECTRICAL SYSTEM,ENGINE","2019 GOLF GTI SE 6MT PURCHASED WITH 12 MILES. ENGINE RANDOMLY STALLS IN NEUTRAL WHEN ROLLING TO STOP WITH CLUTCH FULLY DISENGAGED AFTER HAVING DOWNSHIFTED TO EITHER SECOND OR FIRST GEAR. THIS HAS HAPPENED (3) TIMES SINCE PICKING UP THE BRAND NEW CAR (4) DAYS AGO. THE ELECTRONIC DISPLAY THAT SHOWS WHICH GEAR YOU ARE IN HAS ALSO REPORTED THE WRONG GEAR ONCE (SO FAR). THIS IS AN ISSUE AFFECTING *MANY* 2019 GOLF GTI OWNERS. HERE ARE SOME NOTES OF THE ISSUE SO FAR:    - 6-8-19 @ 1AM (131 MILES)  - NO CEL  - CLUTCH WAS OUT AND CAR WAS IN NEUTRAL COMING TO STOPLIGHT IN LEFT TURN LANE. GOING LESS THAN 5MPH WHEN CAR DIED. SEEMED LIKE IT HAPPENED WHEN THE TACH WAS AT IDLE-RANGE. RESTARTED WITH BUTTON.    - 6-8-19 @ 10:56PM (225 MILES)  - NO CEL  - PULLING UP TO DRIVEWAY. CAR DIED AT LESS THAN 2MPH GOING UP A VERY SLIGHT HILL WHEN CLUTCH WAS DEPRESSED TO GO INTO FIRST FROM NEUTRAL. WAS GOING *VERY SLOW* WHEN THIS HAPPENED. RESTARTED WITH BUTTON.    - 6-9-19 @ 3:30PM (276 MILES)  - NO CEL  - BROTHER WAS DRIVING WITH ME IN THE PASSENGER SEAT. PULLING UP TO STOP SIGN IN HIS NEIGHBORHOOD AND HE WAS IN NEUTRAL WITH CLUTCH OUT SLOWING TO A STOP AND THE CAR SOFTLY DIED AGAIN. RESTARTED WITH BUTTON.    - 6-9-19 @ 11:44PM (418 MILES)  - NO CEL  - DRIVING UP A STREET IN A NEIGHBORHOOD GOING 20-25MPH IN 2ND GEAR AND THE DISPLAY BETWEEN MY TACH AND SPEEDO SAID I WAS IN 3RD AND SHOULD SHIFT INTO 4TH. WHEN I CRESTED THE HILL AND HIT THE BRAKES TO SLOW DOWN FOR A PART OF THE STREET THAT WAS DAMAGED, THE GEAR DISPLAYED SWITCHED TO 2ND (WHICH IS WHAT I WAS IN AND HADN'T CHANGED).    THESE ISSUES ARE VERY WELL DOCUMENTED BY DRIVERS IN ENTHUSIAST FORUMS SUCH AS REDDIT AND GOLFMK7.COM. YOU CAN ALSO FIND VIDEOS OF THE ISSUE ON YOUTUBE:    HTTPS://WWW.REDDIT.COM/R/GOLFGTI/COMMENTS/B9CPB7/POSSIBLE_2019_6MT_STALL_ISSUE_YOUR_FEEDBACK/    HTTPS://WWW.GOLFMK7.COM/FORUMS/SHOWTHREAD.PHP?P=776852#POST776852",06/10/2019,06/08/2019,,False,False,0,0,3VW5T7AU4KM
11217288,2019,"Volkswagen Group of America, Inc.",GOLF,ENGINE,"BRAND NEW PURCHASED 2 DAYS AGO ON 5/30/19 WITH 24 MILES ON IT. IT'S A 6 SPEED MANUAL TRANSMISSION AND WHEN APPROACHING A STOP EITHER IN GEAR WITH CLUTCH DEPRESSED OR IN NEUTRAL, CAR WILL STALL AND NEED TO BE RESTARTED. DANGEROUS, SAFETY IS A CONCERN. IT'S A VERY SUBTLE STALL AND YOU REALLY HAVE TO BE PAYING ATTENTION OR BAD THINGS WILL HAPPEN. HAPPENING MORE OFTEN NOW, VEHICLE NOW HAS 122 MILES AND GOING BACK TO DEALER FOR MORE TESTING. INITIAL TESTING AT DEALER WAS ABLE TO DUPLICATE PROBLEM 1 DAY AFTER PURCHASE. IT'S NOW 2 DAYS OLD! BUILD DATE WAS 3/2019. IT APPEARS TO ME TO BE SLOW SPEED COASTING, CLUTCH NOT ENGAGED IN NEUTRAL TO A STOP OR CLUTCH ENGAGED IN GEAR COASTING TO A STOP.",06/01/2019,05/31/2019,,False,False,0,0,3VW5T7AU1KM
11210260,2019,"Volkswagen Group of America, Inc.",GOLF,ENGINE,2019 MANUAL TRANSMISSION GTI'S STALL WHEN COMING TO A STOP IN TRAFFIC.,05/28/2019,04/24/2019,,False,False,0,0,3VW5T7AU3KM
11208702,2019,"Volkswagen Group of America, Inc.",GOLF,ENGINE,"ENGINE STALLS AS CAR COMES TO A FULL STOP IN NORMAL STREET TRAFFIC:  BRAKING WITH TRANSMISSION IN NEUTRAL, CLUTCH ENGAGED OR DISENGAGED, NEAR-STATIONARY OR FULL-STATIONARY; BRAKING WITH TRANSMISSION IN GEAR AND CLUTCH FULLY DISENGAGED, NEAR-STATIONARY OR FULL-STATIONARY.",05/20/2019,05/19/2019,,False,False,0,0,3VW5T7AU8KM
11206028,2019,"Volkswagen Group of America, Inc.",GOLF,ENGINE,"VEHICLE WITH MANUAL TRANSMISSION, ENGINE STALLS AT LOW SPEEDS IN NEUTRAL. BRAND NEW CAR, ONLY 100 MILES.",05/07/2019,05/03/2019,,False,False,0,0,3VW5T7AU3KM
11205657,2019,"Volkswagen Group of America, Inc.",GOLF,"ENGINE,FUEL/PROPULSION SYSTEM","WHEN COMING TO A STOP, UNDER 5 MPH. THE CAR STARTS TO DROP RPMS AND THEN IT WILL STALL.",05/06/2019,05/05/2019,,False,False,0,0,3VW5T7AU2KM
11205774,2019,"Volkswagen Group of America, Inc.",GOLF,ENGINE,"AFTER DRIVING THE CAR FOR 30 OR SO MINUTES ON BOTH CITY AND HIGHWAY STREETS, MY NEW GLI WITH 800 MILES ON THE ODOMETER WILL INTERMITTENTLY STALL WHEN COMING TO A STOP. THIS ENGINE STALL HAPPENS WHEN THE CLUTCH IS TO THE FLOOR AND IN GEAR AND SOMETIMES WITH THE CLUTCH OUT AND IN NEUTRAL. IT IS A VERY GENTLE STALL - NOTHING LIKE THE LURCHING THAT OCCURS DURING A TYPICAL STALL, IN FACT THERE HAVE BEEN TIMES WHEN I DIDN'T NOTICE THE ENGINE DIED. AFTER THE OCCURRENCE OF THE FIRST STALL IT USUALLY CONTINUES TO HAPPEN AT EACH SUBSEQUENT STOP FOR THE REST OF THAT PARTICULAR DRIVING TRIP. THE CAR RETURNS TO NORMAL AFTER SITTING FOR ALONG PERIOD OF TIME. THIS ISSUE HAS HAPPENED ON THREE SEPARATE OCCASIONS OVER THE FIRST MONTH OF OWNERSHIP.",05/06/2019,05/04/2019,,False,False,0,0,3VW5T7BU0KM
11204292,2019,"Volkswagen Group of America, Inc.",GOLF,"UNKNOWN OR OTHER,ENGINE",I HAVE A WHITE GTI RABBIT WITH A MANUFACTURE DATE OF 10/18. VEHICLE ENGINE STALLS WHEN COMING TO A STOP. THIS OCCURS WITH THE VEHICLE IN NEUTRAL REGARDLESS OF WHETHER OR NOT THE CLUTCH IS DEPRESSED AND HAPPENS DURING CITY DRIVING. THE VEHICLE EXHIBITED THIS PROBLEM AROUND 3000 MILES AND HAS OCCURRED SEVERAL TIMES SINCE.  IT DOES THIS EVERY SO OFTEN IN AN UNPREDICTABLE MANNER AND AM UNABLE TO REPEAT IT. ALSO NOTICED THAT THE GEAR SELECTOR ON THE DASH ACTS ERRATICALLY WHEN THIS HAPPENS SOMETIMES SHOWING 4-2 OR 4-3 OR 2-3 BEFORE THE STALL OCCURS.  NO DASH LIGHTS COME ON. THERE ARE NO CHECK ENGINE LIGHTS.  VEHICLE REQUIRES A RESTART BY PUSHING THE START BUTTON BEFORE DRIVING AGAIN. AM AFRAID THAT THIS WILL HAPPEN DURING FREEWAY DRIVING.,04/28/2019,04/20/2019,,False,False,0,0,3VW5T7AU9KM
11204142,2019,"Volkswagen Group of America, Inc.",GOLF,"POWER TRAIN,ENGINE","ENGINE SOFT SHUT-OFF WHEN IN NEUTRAL (MANUAL TRANSMISSION) OR WITH THE CLUTCH TO THE FLOOR, WHILE SHIFTING TO NEUTRAL, AND COMING TO A STOP. CITY STREET. THIS OCCURRED 3 SUCCESSIVE TIMES OVER A SHORT, 5 MINUTE TRIP HOME ON CITY STREETS. EVERY DOWNSHIFT, WITH GEAR NEUTRAL OR DISENGAGED, THE ENGINE SHUTS OFF JUST AS OR AFTER COMING TO A STOP. THERE IS NO ""STALL SHUDDER"" FROM THE ENGINE, AND IT JUST REVS FROM 1K RPM TO 0 WHEN STOPPED OR WHILE STOPPING, IN NEUTRAL. THE VEHICLE HAD BEEN WARMED UP TO OPERATING TEMPERATURE. THE DASHBOARD GEAR REPORTER ALSO MISREPORTED THE CURRENT GEAR AT THIS TIME: REPORTED 3RD WHEN IN 2ND, OR 3RD-TO-5TH WHEN IN 3RD. AGAIN AT LOW SPEEDS, AND LOW REVS THAT WOULD NOT BE APPROPRIATE FOR AN UPSHIFT. VEHICLE BOUGHT NEW THIS WEEK, CURRENTLY AT 100 MILES ON THE ODOMETER.",04/27/2019,04/27/2019,,False,False,0,0,3VW5T7AUXKM
11203618,2019,"Volkswagen Group of America, Inc.",GOLF,UNKNOWN OR OTHER,"ON SEVERAL OCCASIONS SINCE ABOUT APRIL 8,2019 MY NEW GTI STALLED WHILE I WAS DRIVING. WHEN THE CAR STALLS IT DOES SO WITHOUT WARNING. THE STALL OCCURS AS IF THE CAR SIMPLY TURNED OFF. ON A FEW OCCASIONS THE CAR STALLED WHEN I STOPPED AT A STOP SIGN OR WHEN I DROVE ONTO MY DRIVEWAY. TWICE THE CAR STALLED IN BUMPER TO BUMPER TRAFFIC ON I580 NEAR SAN FRANCISCO. BOTH OF THOSE STALLS CAME AT A MOMENT WHEN VEHICLES FOLLOWING ME NEARLY COLLIDED WITH ME BECAUSE TRAFFIC BEGAN TO MOVE BUT MY CAR STALLED AND FOR A MOMENT DID NOT MOVE IN SYNC WITH TRAFFIC.  THE STALLING SEEMS TO HAPPEN MORE AS I COME TO A STOP. IT HAS BEEN HAPPENING MORE FREQUENTLY OVER THE LAST FEW DAYS ALSO. I REALIZED THERE IS IN FACT AN ISSUE SO I CONTACTED THE DEALERSHIP WHERE I PURCHASED THE CAR. I HAVE AN APPOINTMENT IN 1 WEEK SO THEY CAN HOPEFULLY ADDRESS THIS ISSUE. I WILL NOT BE DRIVING THE CAR UNTIL THE DEALERSHIP CLEARS IT AS SAFE TO OPERATE.   THE CAR IS A 2019 VW GTI 6 SPEED MANUAL SHIFT.  THE STALLS STARTED WHEN THE CAR HAD ABOUT 400 MILES, TODAY IT STALLED FOR ABOUT THE 8TH OR 9TH TIME AND HAS ABOUT 1125 MILES.  I AM VERY EXPERIENCED OPERATING A MANUAL TRANSMISSION AND I KNOW THAT THE STALLING IS A VEHICLE ISSUE AND NOT OPERATOR ERROR.",04/25/2019,04/23/2019,,False,False,0,0,3VW5T7AU9KM
11197188,2019,"Volkswagen Group of America, Inc.",GOLF,ENGINE,"VEHICLE DIED WHEN STOPPING AT RED LIGHT AT A HIGH TRAFFIC CITY INTERSECTION, CLUTCH WAS ALL THE DOWN.  ALSO, DIED TWICE IN REVERSE WHILE PARKING IN DRIVEWAY AT SLOW ROLL WHILE CLUTCH WAS COMPLETELY DEPRESSED.",04/18/2019,04/15/2019,,False,False,0,0,3VW5T7AU9KM
11196841,2019,"Volkswagen Group of America, Inc.",GOLF,ENGINE,ENGINE STALLS AT CRAWL SPEEDS/COMING TO A COMPLETE STOP WITH THE CLUTCH PEDAL FULLY DEPRESSED. HAS HAPPENED THRICE SINCE PURCHASE. FIRST EPISODE WITH ODO AT AROUND 100 MILES. SECOND AROUND 350 MILES.LATEST EPISODE 4/16/19 AT 556 MILES.  THE STALL IS VERY QUIET LIKE IF THE CAR HAS AN AUTO STOP START FUNCTION AND IS ONLY NOTICED WHEN PUSHING ON THE GAS PEDAL TO GET MOVING AGAIN.  HAS NEVER HAPPENED WHEN COASTING IN NEUTRAL WITH THE CLUTCH LET OUT.  HAS NOT HAPPENED AT HIGHER SPEEDS BUT HAVE NOT DRIVEN MANY HIGHWAY MILES.  STARTS RIGHT UP AGAIN WITH NO TROUBLE ON PUSHING THE STOP/START BUTTON.  NO TROUBLE WITH THE GEAR INDICATOR AS SOME OTHER OWNERS OF THE SAME MODEL HAVE STATED ON ONLINE FORUMS.,04/17/2019,04/16/2019,,False,False,0,0,3VW5T7AU3KM
11196007,2019,"Volkswagen Group of America, Inc.",GOLF,ENGINE,IT'S A 2019 RABBIT EDITION GTI AND THE ENGINE STALLS AT A STOP IN NEUTRAL POSITION AT NORMAL RUNNING TEMPERATURE. MANY OWNERS OF THE GTI RABBIT MK7.5 ARE EXPERIENCE THE SAME PROBLEM AND THERE'S NO WARNING LIGHTS ON THE PANEL THAT INDICATES THE CAR SHOULD BE SERVICE. I HAVE EXPERIENCE THIS PROBLEM ONLY AFTER A FULL STOP NOT RUNNING!,04/13/2019,04/12/2019,,False,False,0,0,3VW5T7AU6KM
11195494,2019,"Volkswagen Group of America, Inc.",GOLF,POWER TRAIN,"I PURCHASED A 2019 GOLF GTI RABBIT EDITION (URANO GREY) W/ MANUAL TRANSMISSION ON 2/23/2019. ON 2/27, MY CAR STALLS WHEN I AM STATIONARY ON FLAT TERRAIN, WAITING FOR THE GREEN LIGHT AT THE INTERSECTION, WITH MY CLUTCH ALL THE WAY IN.  I RESTARTED THE ENGINE WITHOUT RELEASING THE CLUTCH. THE REVS GOES UP TO 800, STAYS THERE FOR A SECOND, AND THE CAR STALLS AFTERWARDS. I DID ANOTHER TWO RESTARTS AFTER THAT, WHICH GAVE ME THE SAME RESULT.  THE WAY I GET OUT OF THIS SITUATION IS TO APPLY A LITTLE THROTTLE WHEN WAITING, RAISING THE REV TO AROUND 1100.  THIS ISSUE NEVER OCCURRED AFTERWARDS, BUT I BELIEVE THERE IS A POTENTIAL DEFECT IN POWER TRAIN OR ENGINE.",04/10/2019,02/27/2019,,False,False,0,0,3VW5T7AU7KM
11194804,2019,"Volkswagen Group of America, Inc.",GOLF,"POWER TRAIN,ENGINE",VEHICLE STALLS WHEN COMING TO A STOP WITH CLUTCH DEPRESSED.  GEAR INDICATOR WILL INDICATE WRONG GEAR.,04/08/2019,04/08/2019,,False,False,0,0,3VW5T7AUXKM
11194200,2019,"Volkswagen Group of America, Inc.",GOLF,"ENGINE,FUEL/PROPULSION SYSTEM",THE CAR COMING SLOWING DOWN TO A STOP WILL SHUT (STALL) OFF AND REQUIRE RESTARTING.  SECONDARY ISSUE WHERE THE TRANSMISSION GEAR SELECTION INDICATOR WILL SHOW THE WRONG GEAR SELECTED.    HTTPS://WWW.YOUTUBE.COM/WATCH?V=56OMNOQSI-C,04/05/2019,04/02/2019,,False,False,0,0,3VW5T7AUXKM
11193937,2019,"Volkswagen Group of America, Inc.",GOLF,ENGINE,"I HAVE A NEW 2019 VW GOLF GTI RABBIT WITH 500 MILES, I'VE HAD A PROBLEM WITH THE CAR STALLING AS I COME TO A STOP. IT'S HAPPENED MULTIPLE TIMES, ALL WHILE SLOWLY COMING TO A STOP. IT'S QUIET AND DON'T EVEN NOTICE UNTIL I TRY TO ACCELERATE",04/04/2019,04/04/2019,,False,False,0,0,3VW5T7AU1KM
11193940,2019,"Volkswagen Group of America, Inc.",GOLF,"ENGINE,FUEL/PROPULSION SYSTEM",VEHICLE IS STALLING WHILE COMING UP TO A STOP AT LOW SPEEDS.  I FULLY ENGAGE THE CLUTCH AND THEN IT STALLS.  IT FEELS MORE OF AN ENGINE SHUTDOWN THAN A STALL; I SAY THIS BECAUSE IT IS A VERY QUIET AND GENTLE SHUTDOWN.  YOU CANT EVEN TELL IT HAPPENED UNTIL YOU SEE THE RPM'S DROP TO ZERO.,04/04/2019,04/04/2019,,False,False,0,0,3VW5T7AU7KM
11717877,2020,"Volkswagen Group of America, Inc.",GOLF,"FUEL SYSTEM, GASOLINE","The contact owns a 2022 Volkswagen Golf. The contact stated that while driving at various speeds, the check engine warning light remained illuminated. The vehicle was taken to an independent mechanic, and it was determined that there was a leak in the evaporative emissions system after scanning the vehicle and retrieving DTC: P0456. The contact associated the failure with NHTSA Campaign Number: 24V110000 (Fuel System, Gasoline). The local dealer was contacted; however, the vehicle was not diagnosed or repaired because the VIN was not included in the recall. The vehicle was not diagnosed or repaired. The manufacturer was made aware of the failure. The failure mileage was approximately 17,000.",02/13/2026,09/05/2025,,False,False,0,0,3VWG57AU7LM
11621140,2020,"Volkswagen Group of America, Inc.",GOLF,VEHICLE SPEED CONTROL,"While driving with the cruise control set to 55 mph, the car began an uncommanded acceleration.  When I looked down on the dashboard display I noticed that the cruise control target speed was set to 95 mph.  I switched of the cruise control and resumed manual control of the speed.  When I switch the cruise control back on I observed the target speed rapidly increase from the intended 55 mph to 95 mph accompanied by moderate vehicle acceleration.  I again switched off the cruise control and resumed manual control of the speed.  Sometime later during the drive a cruise control error message appeared on the dashboard.  Subsequently the problem was identified as a faulty cruise control switch (part number 5G0-959-442-AE-ICX).  The switch was replaced and the fault has not reoccurred over a few hundred miles of driving.   While this malfunction can be overridden using the normal cruise control disconnect procedures, uncommanded acceleration poses a safety risk to driver and other motorists or pedestrians.",10/21/2024,10/01/2024,,False,False,0,0,3VW6T7AU9LM
11616969,2020,"Volkswagen Group of America, Inc.",GOLF,UNKNOWN OR OTHER,"The sunroof exploded while driving without warning and with no impact. The sliding cloth cover was closed at the time, so thankfully little to no glass entered the car, but it was very loud and, had the cover been open, would have filled the car with glass. The sunroof has since been fixed through my insurance, but it took 8-9 months to get completely fixed, and the local VW dealership refused to work on it and had no recommendations.",09/28/2024,05/21/2023,,False,False,0,0,3VW6T7AU7LM
11558354,2020,"Volkswagen Group of America, Inc.",GOLF,ELECTRICAL SYSTEM,"I turn my vehicle on and immediately and presented with a message on the dashboard display: ""SOS Emergency Call Function Not Available: See Dealer."" indicating that the emergency call function of the vehicle is not working and inaccessible. The problem was reproduced/observed by my Volkswagen dealer and was inspected/confirmed to be defective.   There was no indication before this warning message that there was an issue with the emergency call function in the vehicle. Without this safety feature, I am unable to make an emergency call if I/my family are in an accident putting us and others in danger.   The original issue was reported to my Volkswagen dealer in September, 2023 and I was told the part is ""on backorder"" with no promised date when it would become available. The part involved is number J949 - Emergency Call and Communication Unit.",12/04/2023,09/15/2023,,False,False,0,0,3VW5T7AU5LM
11352157,2020,"Volkswagen Group of America, Inc.",GOLF,"ELECTRICAL SYSTEM,EXTERIOR LIGHTING,ENGINE","I PURCHASED A VW GOLF 2020 ON AUGUST 18TH, WHAT HAPPENED TO ME A WEEK LATER NOT ONLY DISAPPOINTED ME BUT ALSO SACRED ME. I DROVE THE CAR ON THE STREET AT THE SPEED ABOUT 25MPH, THE VEHICLE SUDDENLY DIED! I TRIED TO CONTROL THE VEHICLE, I STEPPED ON THE BRAKE AND PEDAL, IT DIDN'T RESPOND AT ALL. IT SHOWED ""DRIVE MANNUALLY' AND THEN SEVERAL LIGHTS WERE ON, EPC, ENGINEER CHECKING LIGHT ETC, LIGHTS WERE OFF A FEW SECONDS LATER. FORTUNATELY, THERE WERE NO CARS BEHIND ME AND NOT ON THE FREEWAY! AT THAT MOMENT, THE CAR WAS OUT OF CONTROL, I LET IT MOVE FORWARD THEN PULLED UP. A MINUTE LATER, I RESTARTED THE VEHICLE, IT WAS BACK TO THE NORMAL. I DROVE IT TO THE DEALER TO FIND OUT THE PROBLEM. I TOLD WHAT HAPPENED AND ALSO I FELT IT LACK OF POWER, SOMETIME IT RESPOND SLOWLY. HOWEVER, AFTER SEVERAL HOURS, I WAS TOLD NOTHING WRONG WAS BEEN DETECT AND THEY COULD NOT DO ANYTHING WITH IT, SINCE THE COMPUTER DIDN'T TELL THERE WERE ANY ISSUES. ALSO I WAS TOLD TAT A MECHANIC TEST DRIVE ABOUT TEN MILES NOT TO DUPLICATE WHAT HAPPENED TO ME. SO I HAD NO CHOICE BUT TO DRIVE IT HOME. HOWEVER, I STOPPED AT THE STOP SIDE, THE VEHICLE WAS KIND OF DEAD AGAIN! MY CAR STOPPED THERE AND COULD NOT MOVE FOR A FEW SECONDS, A GUY BEHIND ME PRESSED THE HONK. I WAS SO SACARY THAT I WAS AFRAID OF DRIVE HOME VIA THE FREEWAY!  I BROUGHT THE CAR BACK TO THE DEALER AGAIN, I TOLD THEM I DON'T FEEL SAFE TO DRIVE IT AT ALL UNLESS YOU FIGURE IT OUT WHAT'S WRONG WITH IT. I TOLD THE MECHANIC THAT I USED TO DRIVE GOLF 2011 FOR FIVE YEARS, MY EXPERIENCE TOLD ME THERE ARE SOMETHING NOT RIGHT WITH THIS CAR, IT LACKS OF POWER AND DOESN'T RESPOND PROPERLY FOR GAS PEDAL AND I CAN SENSE IT CLEARLY.  HOWEVER, HE SAID HE MIGHT NOT DO ANYTHING IF THE COMPUTER DOESN'T TELL HIM WHAT ISSUES IT HAS. I LEFT THE CAR FOR THEM TO DUPLICATE THE PROBLEM WHILE DRIVING.",08/30/2020,08/26/2020,,False,False,0,0,3VWG57AU6LM
11343773,2020,"Volkswagen Group of America, Inc.",GOLF,ELECTRONIC STABILITY CONTROL (ESC),"THIS VEHICLE HAS PROXIMITY ALERT AUTOMATIC BRAKING. I EMERGENCY STOPPED THE VEHICLE WHEN THERE WAS ABSOLUTELY NO REASON TO, NO HAZARD IN FRONT OF ME. I AM WORKING WITH THE DEALER AND VW TO TRY AND GET THIS DANGEROUS FEATURE PERMANENTLY DISABLED. I WAS NEARLY REAR ENDED BY A TRUCK BECAUSE IT EMERGENCY STOPPED THE CAR FOR NO REASON.",08/06/2020,08/06/2020,,False,False,0,0,3VWG57AUXLM
11603172,2021,"Volkswagen Group of America, Inc.",GOLF,EXTERIOR LIGHTING,"Headlight lens assembly of both headlights is cracking excessively. Upon review of online forums, this is happening frequently to many consumers. This impacts headlight output and looks to be manufacturing defect.   Recently reported to dealer who indicated they have seen many of these recently and so far most have been handled by warranty but they would take pictures and submit. If this is known mfg defect why are their not proactive remedy/replacement?",07/18/2024,07/07/2023,,False,False,0,0,3VW5T7AU6MM
11569730,2021,"Volkswagen Group of America, Inc.",GOLF,SERVICE BRAKES,I was almost rear ended because Hill hold assist did not disengage quickly.  I’ve driven manual transmission for over 40 years and find this hill hold dangerous!,02/03/2024,02/03/2024,,False,False,0,0,3VW5T7AUXMM
11567687,2021,"Volkswagen Group of America, Inc.",GOLF,UNKNOWN OR OTHER,"The last few months my schedule changed and I'm driving in the dark now.  The auto dimming mirror does not function as expected, it is too slow in response to prevent glare and blinding from vehicles behind me.  By the time the mirror decides to dim I'm already blinded from the glare and can no longer see what is in front of me.  Also, since it does not dim to the edge I still get blinded from the glare around the perimeter of the mirror (there is no way to adjust this to prevent it).  Since this mirror is also ""rimless"" (no plastic cover on the edge) the polished edge causes light refraction thereby blinding me in daylight.  Currently the only way to prevent glare from the mirror is point it down to the floor rendering useless and dangerous.",01/25/2024,01/25/2024,,False,False,0,0,3VW5T7AUXMM
11502342,2021,"Volkswagen Group of America, Inc.",GOLF,"ELECTRICAL SYSTEM,AIR BAGS,SERVICE BRAKES","Faulty door wiring harness leading driver side blinkers to stop working, windows randomly rolling down, rear collision detector errors, engine start/stop errors.",01/18/2023,01/01/2023,,False,False,0,0,3VW6T7AU8MM
11475447,2021,"Volkswagen Group of America, Inc.",GOLF,"STEERING,ELECTRICAL SYSTEM",red power steering system light turned on and flashed/beeped 3X. steering wheel locked up and I could not turn. I was on the freeway in the far right lane and managed to force push the steering wheel to the right and slowly merge over to the shoulder.  Volks in Kearny Mesa confirmed issue with steering gear after inspection on 6/21/2022. The steering gear needs to be replaced as the first step. No symptoms prior to malfunction. I could have died if I was in any other lane as there was a lot of cars on the freeway. I got lucky.,07/23/2022,06/15/2022,,False,False,0,0,3VWG57AU2MM
11579671,2023,"Volkswagen Group of America, Inc.",GOLF,"ELECTRICAL SYSTEM,EXTERIOR LIGHTING","Back up camera not working due to infotainment system not working.  Dealer is aware, says they are waiting for a software update.",03/27/2024,01/01/2024,,False,False,0,0,WVW9A7CD8PW
11569945,2023,"Volkswagen Group of America, Inc.",GOLF,"ELECTRICAL SYSTEM,ENGINE,FUEL/PROPULSION SYSTEM","While driving, Front Safety System Light came on. Additionally, Drive System light came on and car would not go over 25-30 mph.",02/05/2024,01/12/2024,,False,False,0,0,WVW9A7CD3PW
11559395,2023,"Volkswagen Group of America, Inc.",GOLF,"ELECTRICAL SYSTEM,FORWARD COLLISION AVOIDANCE","Infotainment system fails to start/load. Infotainment screen provides multiple error messages such and “component protection active”  and/ or “you can activate this function at dealer” and subsequently becomes inoperable, including multiple safety related features:  Back up/ rear view camera freezes image or does not turn on at all.   Autonomous emergency braking (front assist) fail light comes on.  Park distance control fail light comes on.   Have been to the VW dealer on two different occasions for these issues specifically and the systems and problems not resolved.  They reset/ updated the infotainment system at 1st visit.  System failed again/ unresolved.  Took back to dealer and they called VW corporate for help.  Picked up from 2nd visit and systems promptly failed again.   Online search suggests common, unresolved problem. Thank you for aiding consumers in resolving these safety issues",12/10/2023,10/18/2023,,False,False,0,0,WVW9A7CD8PW
11552167,2023,"Volkswagen Group of America, Inc.",GOLF,UNKNOWN OR OTHER,The infotainment of the car with the navigation gave wrong directions and almost drove me into a canyon rather than the street. I took it to the dealership and left it there for two days and the problem was still there.,10/27/2023,10/17/2023,,False,False,0,0,WVW2A7CD7PW
11547917,2023,"Volkswagen Group of America, Inc.",GOLF,"ELECTRICAL SYSTEM,FORWARD COLLISION AVOIDANCE",Having consistent issues with safety features and infotainment system that locks up with errors.  Since new my VW Gti has been experiencing drivers' assistants' issues. At times the backup camera does not work. At times the the whole infotainment system will have various different errors that prevent any of the safety features to be turned on. The errors don't easily go away unless turning off the car and trying to restart it all.,10/03/2023,09/14/2023,,False,False,0,0,WVW9A7CDXPW
11542557,2023,"Volkswagen Group of America, Inc.",GOLF,POWER TRAIN,"The vehicle has a manual transmission and is equipped with a hill start assist feature. This holds the brake on a hill so the clutch and gear may be engaged and keep the car from rolling back. The feature in this vehicle does not release the brake when the vehicle starts moving forward and holds it for a set amount of time based on hill gradient. This had led to stalling of the vehicle, as the clutch and gear engagement process is completed before the brakes are released. This can be dangerous in traffic situations, especially in intersections.",09/05/2023,08/02/2023,,False,False,0,0,WVW2A7CD0PW
11540744,2023,"Volkswagen Group of America, Inc.",GOLF,SERVICE BRAKES,"All 2022 & 2023 Volkswagen GTI & R models with manual transmissions are impacted by this safety issue.  When making a stop on any amount of road grade/hill, the vehicle brakes fully engage and will not disengage when removing your foot from the brake pedal, or by engaging or disengaging the clutch, or by applying throttle.  Upon releasing the brake pedal, there is a programmed waiting period of 2-3 seconds where the brakes remain fully engaged, and the vehicle is unable to move regardless of the driver input.  Once the waiting period expires, the vehicle begins an uncontrolled roll-back and the driver is able to engage or release the clutch and apply throttle for forward movement.  During this waiting period, after the brake pedal is released, any vehicle input will cause a stall.  During this waiting period the vehicle brake lights have turned off so drivers behind you believe you have begun forward movement, and they are likely to rearend your vehicle.  If you re-apply the brake pedal, the waiting period resets, and you must go through the 2-3 second waiting period again.  This feature creates a danger of entering or crossing traffic because the driver cannot 'time' when they will have the ability to move the vehicle, it also creates a danger of stalling the vehicle on a hill or while entering traffic.  While in traffic on an uphill gradient, the feature continually engages the brakes and creates waiting periods; this is the case even on an uphill gradient while on an interstate causing continual extended stops.  The feature cannot be turned off by the driver.  VW Dealerships are unable to turn off the feature.  Aftermarket tuning companies are unable to disable this feature.  Please cross check your records as this is not an isolated safety complaint regarding these vehicles.  Previous model years had an option to turn on a hill-assist feature that held the vehicle from a roll back.  The 2022-2023 model year feature creates a roll back and prevents driver inputs.",08/25/2023,08/25/2023,,False,False,0,0,WVWSA7CD4PW
11523930,2023,"Volkswagen Group of America, Inc.",GOLF,"ELECTRICAL SYSTEM,VISIBILITY/WIPER,BACK OVER PREVENTION","The problem is Component Protection, When the car goes into Component Protection you lose A/C and defrost, crash protection, It has been see by a Volkswagen dealer.",05/26/2023,11/19/2022,,False,False,0,0,WVWHA7CDXPW
11498915,2023,"Volkswagen Group of America, Inc.",GOLF,"ELECTRICAL SYSTEM,BACK OVER PREVENTION","Vehicles infotainment system does not turn on at startup - several error messages for safety features by most importantly, rear camera does not work when infotainment system screen is down and requires the dealer to activate it or fully black screen. Took to VW three times and they cannot determine the issue. Says it’s a software issue, but also showing “low voltage” warnings in computer diagnostics.   Audi, owned by Volkswagen, just issued a recall for infotainment systems disabling rear cameras due to low voltage issues. The symptoms are identical to the VW issues. This is Audi recall internally coded 91Ei and it impacted many makes and models. I believe the components are possibly shared and the recall needs to extend to the GTI as well.   Contacted VW and they have been unresponsive to me.   I have video of the issue that shows the issue in more detail.   Also attached the work order from VW that noted “low voltage”.",12/26/2022,12/16/2022,,False,False,0,0,WVWHA7CD7PW
11498753,2023,"Volkswagen Group of America, Inc.",GOLF,BACK OVER PREVENTION,"2023 GTI’s rear camera, cross traffic sensors and parking sensors not functioning as Infotainment system controls these systems, and is consistently blacking out and showing errors. Had VW in for several services and dealer told me it’s a VW Software issue. Hence, this issue is likely systemic. Considering it renders the backup camera intermittently non functional I consider this a big safety problem. VW needs to address this issue immediately and issue a TSB or a fix. Many owners having same issue. Taken vehicle to two dealer and they have told me it is a Volkswagen  technology issue and is unsolvable unless VW fixes the software. Contacted Volkswagen - no response.",12/24/2022,12/16/2022,,False,False,0,0,WVWHA7CD7PW
11493796,2023,"Volkswagen Group of America, Inc.",GOLF,ENGINE,"This car should be under an active recall for 2022/2023 Volkswagen GTI/R due to insecurely installed radiator. But it's not listed somehow.  The radiator was loose and caused rupture in coolant hose, and loss of coolant.",11/16/2022,11/15/2022,,False,False,0,0,WVWSA7CD5PW
